# FluxKernel CAD tessellation; metres
v -0.0067418231582409976 0.0026115356326511757 0.0068000000000000525
v -0.0068576637723409654 0.0024135205287589313 0.0068000000000002538
v -0.0069650421507763171 0.0022107902019252988 0.0068000000000008227
v -0.0070352427242128491 0.0020656280732842197 0.0068000000000009364
v -0.0071051996812787196 0.0019084043541854438 0.0068000000000003735
v -0.0071698848646821745 0.0017489362601740175 0.0068000000000000074
v -0.0072291501629696267 0.0015873804834404383 0.0068000000000000092
v -0.0072828570077646503 0.0014239016226297596 0.0068000000000001809
v -0.0073308769758312544 0.0012586722880699442 0.0068000000000002642
v -0.0073730924862129826 0.0010918732226188443 0.0068000000000001332
v -0.0074093975924478242 0.00092369343812981407 0.0067999999999998643
v -0.0074396988698589355 0.00075433036753595121 0.0067999999999997021
v -0.0074639163979211753 0.00058399003255296873 0.0067999999999998929
v -0.0074819848377034592 0.00041288722700069756 0.0068000000000004099
v -0.0074938546043869202 0.00024124571574321796 0.0068000000000005547
v -0.0074984488332904501 0.00012122271326518862 0.0067999999999994983
v -0.0074999998646356246 1.1324674313960651e-06 0.0067999999999962491
v 0.0074999999999999989 -1.2788591065671135e-13 0.0068000000233274125
v 0.0074967054216538665 2.5732194248980789e-05 0.0069459345254231251
v 0.0074866673025352484 5.1747636210147577e-05 0.0070934754284468094
v 0.0074696618115935014 7.801530083454112e-05 0.0072424467572749481
v 0.0074454768857175604 0.00010450190000111824 0.0073926597255918576
v 0.0074139140508903889 0.00013117193492878421 0.007543913009805699
v 0.0073747902572678242 0.00015798776593411434 0.0076959931446641695
v 0.0073279397081396974 0.00018490970439561844 0.0078486750448097647
v 0.0072732156610509384 0.00021189612753340161 0.0080017226557275827
v 0.0072104921779520686 0.00023890361630806911 0.0081548897358088845
v 0.007139665800177092 0.000265887116402982 0.0083079207693268192
v 0.0070606571233736018 0.00029280012188460778 0.0084605520080260326
v 0.0069734122472914868 0.00031959488074335127 0.0086125126368026671
v 0.0068779040756197585 0.00034622262110992947 0.0087635260566411403
v 0.0067741334418826111 0.0003726337965293777 0.0089133112756321926
v 0.0066621300387875266 0.00039877834826648685 0.0090615843965809132
v 0.0065419531303667873 0.00042460598222397923 0.0092080601874877811
v 0.0064136920287573441 0.00045006645768951384 0.0093524537191142908
v 0.0062774663204922133 0.00047510988480111186 0.0094944820519932173
v 0.006133425830680047 0.00049968702734382172 0.0096338659536738397
v 0.0059817503173598251 0.00052374960727339217 0.0097703316257615105
v 0.0058226488925499182 0.00054725060721408239 0.0099036124194679821
v 0.0056563591709647872 0.00057014456710429253 0.010033450517972388
v 0.0054831461519371655 0.00059238787117014361 0.010159598563929279
v 0.0053033008446393892 0.00061393902149564574 0.010281821210962149
v 0.0051171386511225814 0.00063475889462827405 0.01039989657894597
v 0.0049249975258654983 0.0006548109779075127 0.010513617594292975
v 0.0047272359343317385 0.00067406158252550938 0.010622793198279669
v 0.0045242306363707969 0.00069248003071527243 0.010727249408643842
v 0.004316374323076317 0.00071003881490253713 0.010826830222179668
v 0.0041040731378636126 0.00072671372714054789 0.010921398348798819
v 0.003814812686612476 0.00074753656228827977 0.011039490515205048
v 0.0034820951408221315 0.00076899124655699217 0.011161166076043835
v 0.0031430552634802767 0.00078832110783541793 0.0112707911668879
v 0.0027991577511359738 0.00080550393203734287 0.011368239805393966
v 0.0024518530239829453 0.00082053468340055049 0.011453483432335317
v 0.0021025596435514742 0.00083342476947459389 0.011526586743140348
v 0.0017526483572131628 0.00084420104303500074 0.011587702027466708
v 0.0014034280627910182 0.00085290458550276284 0.011637062269630398
v 0.00105613389656701 0.00085958932000339652 0.011674973282872812
v 0.00071191755831898009 0.00086432050334185996 0.01170180515692552
v 0.00037183990236802969 0.00086717314511677997 0.011717983292361506
v 0.00018505535675135022 0.00086797655182596644 0.011722539638225072
v 4.592425496802575e-19 0.00086824088833465166 0.011724038765061038
v 0.0074999999999999989 -1.2788591065671135e-13 0.0068000000233274125
v 0.0074967054216538665 2.5732194248980789e-05 0.0069459345254231251
v 0.0074866673025352484 5.1747636210147577e-05 0.0070934754284468094
v 0.0074696618115935014 7.801530083454112e-05 0.0072424467572749481
v 0.0074454768857175604 0.00010450190000111824 0.0073926597255918576
v 0.0074139140508903889 0.00013117193492878421 0.007543913009805699
v 0.0073747902572678242 0.00015798776593411434 0.0076959931446641695
v 0.0073279397081396974 0.00018490970439561844 0.0078486750448097647
v 0.0072732156610509384 0.00021189612753340161 0.0080017226557275827
v 0.0072104921779520686 0.00023890361630806911 0.0081548897358088845
v 0.007139665800177092 0.000265887116402982 0.0083079207693268192
v 0.0070606571233736018 0.00029280012188460778 0.0084605520080260326
v 0.0069734122472914868 0.00031959488074335127 0.0086125126368026671
v 0.0068779040756197585 0.00034622262110992947 0.0087635260566411403
v 0.0067741334418826111 0.0003726337965293777 0.0089133112756321926
v 0.0066621300387875266 0.00039877834826648685 0.0090615843965809132
v 0.0065419531303667873 0.00042460598222397923 0.0092080601874877811
v 0.0064136920287573441 0.00045006645768951384 0.0093524537191142908
v 0.0062774663204922133 0.00047510988480111186 0.0094944820519932173
v 0.006133425830680047 0.00049968702734382172 0.0096338659536738397
v 0.0059817503173598251 0.00052374960727339217 0.0097703316257615105
v 0.0058226488925499182 0.00054725060721408239 0.0099036124194679821
v 0.0056563591709647872 0.00057014456710429253 0.010033450517972388
v 0.0054831461519371655 0.00059238787117014361 0.010159598563929279
v 0.0053033008446393892 0.00061393902149564574 0.010281821210962149
v 0.0051171386511225814 0.00063475889462827405 0.01039989657894597
v 0.0049249975258654983 0.0006548109779075127 0.010513617594292975
v 0.0047272359343317385 0.00067406158252550938 0.010622793198279669
v 0.0045242306363707969 0.00069248003071527243 0.010727249408643842
v 0.004316374323076317 0.00071003881490253713 0.010826830222179668
v 0.0041040731378636126 0.00072671372714054789 0.010921398348798819
v 0.003814812686612476 0.00074753656228827977 0.011039490515205048
v 0.0034820951408221315 0.00076899124655699217 0.011161166076043835
v 0.0031430552634802767 0.00078832110783541793 0.0112707911668879
v 0.0027991577511359738 0.00080550393203734287 0.011368239805393966
v 0.0024518530239829453 0.00082053468340055049 0.011453483432335317
v 0.0021025596435514742 0.00083342476947459389 0.011526586743140348
v 0.0017526483572131628 0.00084420104303500074 0.011587702027466708
v 0.0014034280627910182 0.00085290458550276284 0.011637062269630398
v 0.00105613389656701 0.00085958932000339652 0.011674973282872812
v 0.00071191755831898009 0.00086432050334185996 0.01170180515692552
v 0.00037183990236802969 0.00086717314511677997 0.011717983292361506
v 0.00018505535675135022 0.00086797655182596644 0.011722539638225072
v 4.592425496802575e-19 0.00086824088833465166 0.011724038765061038
v 0.0049050332076478577 -1.6288589949065013e-11 0.0030000000000000001
v 0.0051853396818988019 -3.4236145800751892e-18 0.0031707789667220253
v 0.0054573058500870467 5.3100292722537956e-19 0.0033542975662485281
v 0.0056939573722586097 -9.1658117909388898e-19 0.0035305833989781577
v 0.0058995559588290213 -1.2427866155261509e-19 0.0036984114695481902
v 0.0060973548260402979 8.496897024157278e-19 0.0038750404854786956
v 0.0062865013125963654 -1.9194889182108698e-18 0.0040605371357214926
v 0.0064485720530028717 -4.8033631208747874e-18 0.0042350825699451373
v 0.0065872080737846466 2.3634385201562976e-18 0.0043983090102310239
v 0.0067184099311460958 3.8992600725897359e-15 0.004567282552558268
v 0.0068415808898195938 1.5624798960611772e-13 0.0047418905812272412
v 0.0069561036158582246 1.5092182527591319e-12 0.0049219703802030265
v 0.0070512572462522747 6.7404057413812287e-12 0.0050885361932402314
v 0.0071300864898772203 1.3624119478296936e-11 0.0052419109912582905
v 0.0072021256832634859 3.6949963639612774e-12 0.0053983959894702751
v 0.0072670373943011001 -7.2227720745669458e-13 0.0055577513545608083
v 0.0073245038973172947 2.0399798721503364e-12 0.0057197045660402684
v 0.0073742351739910558 3.7172070545947997e-12 0.0058839574758084512
v 0.0074159730701844383 1.1993940760799298e-13 0.0060501855751187118
v 0.0074494959374811192 -4.2647264822226953e-12 0.0062180372338414645
v 0.0074746237594321826 -1.0775379757927875e-12 0.0063871329120270279
v 0.0074899502251294476 7.195767764197365e-12 0.0065400458343303014
v 0.0074974877930572576 1.35372850356083e-12 0.0066699959953318766
v -7.5245052177101671e-05 0.0041901789102568041 0.0030000000000000001
v 0.00023084183829673663 0.0041863282826201031 0.0030000000000000001
v 0.00053644720627782447 0.0041673140481869831 0.0030000000000000001
v 0.00081043440889831935 0.0041372001859902186 0.0030000000000000001
v 0.001055662029057275 0.0040995271641999769 0.0030000000000000001
v 0.0012991425771561298 0.0040517953923951532 0.0030000000000000001
v 0.0015404218016071014 0.0039939530556766158 0.0030000000000000001
v 0.0017790258349147908 0.0039259410308244008 0.0030000000000000001
v 0.0020144461887717071 0.0038476980129449364 0.0030000000000000001
v 0.0022124122993292285 0.0037727952000980781 0.0030000000000000001
v 0.0023838997128062143 0.0037007388875070534 0.0030000000000000001
v 0.0025527733930877719 0.0036228354575896307 0.0030000000000000001
v 0.0027187678645840653 0.0035390621229118612 0.0030000000000000001
v 0.0028816028270238418 0.0034494001154578018 0.0030000000000000001
v 0.0030409826596493232 0.003353835992529339 0.0030000000000000001
v 0.0031965939669666068 0.0032523644331657847 0.0030000000000000001
v 0.0033481077973058588 0.0031449884520952081 0.0030000000000000001
v 0.0034951752021520968 0.0030317242901333409 0.0030000000000000001
v 0.0036374282057537299 0.0029126037878208738 0.0030000000000000001
v 0.0037744813584862616 0.0027876764369989351 0.0030000000000000001
v 0.0039059331156766977 0.0026570116117037843 0.0030000000000000001
v 0.0040313625305833543 0.0025207066722733058 0.0030000000000000001
v 0.0041503327282500467 0.0023788906894010903 0.0030000000000000001
v 0.0042623956163372733 0.0022317265114921896 0.0030000000000000001
v 0.0043670959268534738 0.00207941528214734 0.0030000000000000001
v 0.0044546531488463261 0.0019381345015623264 0.0030000000000000001
v 0.0045277646731217876 0.0018077578252066633 0.0030000000000000001
v 0.0045952390678747294 0.001674509224729812 0.0030000000000000001
v 0.0046568466306904444 0.0015385863643981069 0.0030000000000000001
v 0.0047123691769922543 0.0014002073778136255 0.0030000000000000001
v 0.0047616038384948982 0.0012596083025442988 0.0030000000000000001
v 0.0048043610070874114 0.0011170593625545373 0.0030000000000000001
v 0.004840474902060873 0.00097284704940800242 0.0030000000000000001
v 0.0048698061407195818 0.00082727174134744066 0.0030000000000000001
v 0.0048922435383962825 0.00068064792928926884 0.0030000000000000001
v 0.0049077062437704591 0.00053330447677476459 0.0030000000000000001
v 0.0049161462242363757 0.00038558447262537868 0.0030000000000000001
v 0.0049175507438630603 0.00023782555646775856 0.0030000000000000001
v 0.0049135645330127386 0.00011872156824320229 0.0030000000000000001
v 6.6647125652879527e-05 0.0042844981798704296 0.0030748355553826935
v 0.00020387769096929135 0.0043797719988342898 0.0031567113259776173
v 0.00032300258295928086 0.0044660281251030489 0.0032364189200801384
v 0.00042641352315208312 0.0045438479648653189 0.0033130356093723384
v 0.00052606293281378107 0.0046216777748655322 0.0033943095828152512
v 0.00062174620086387637 0.0046992986823079291 0.0034802216887944337
v 0.00071326599825138361 0.0047764771876345428 0.0035707345803205315
v 0.00080043369508822593 0.0048529658873677651 0.0036657906465374875
v 0.00088307193582104785 0.0049285059149114553 0.0037653111395209151
v 0.00096101651627438205 0.005002828782268323 0.0038691958656422516
v 0.001034117658875951 0.0050756595364994782 0.0039773218276568873
v 0.0011022418840336641 0.0051467199191162823 0.0040895447998628397
v 0.0011652756560885937 0.005215735000631245 0.0042057051490714814
v 0.0012231131616589532 0.005282424161584749 0.0043256071280183099
v 0.0012756669264108729 0.0053465143591278387 0.0044490348580724813
v 0.0013228674418028002 0.0054077448585832062 0.0045757562217009782
v 0.0013646604547842502 0.0054658694122496883 0.0047055229808105909
v 0.0014010045871555462 0.0055206583979401846 0.0048380708430548237
v 0.0014318692847808021 0.0055719009169830939 0.0049731194761792269
v 0.0014572330968342798 0.0056194068514560025 0.0051103724704665834
v 0.0014770822852481311 0.0056630088804590743 0.0052495172493310796
v 0.0014914098320505632 0.0057025645554551647 0.0053902253332521795
v 0.0015002167109734136 0.0057379623232996103 0.0055321710200898098
v 0.0015035091988811753 0.0057691610026503332 0.0056752318069107355
v 0.0015012650756033592 0.0057961254654545526 0.005819300629557031
v 0.0014934408147139681 0.0058188037024591403 0.0059641413789821686
v 0.0014799898368303749 0.0058371518903285943 0.0061094419703740417
v 0.0014608729630863539 0.0058511471890669792 0.0062548423723486875
v 0.0014360599054915326 0.0058607960866909276 0.0063999782613077209
v 0.0014055318335277186 0.0058661338068793107 0.0065444820274260084
v 0.001369283973139974 0.0058672236438422508 0.006687983983607395
v 0.0013273271676958029 0.0058641558098356571 0.0068301199978229206
v 0.0012796919862601594 0.0058570458771373974 0.0069705284733620415
v 0.0012264292945692735 0.0058460326485843331 0.0071088590283683575
v 0.0011676116253813648 0.0058312754996649348 0.0072447760021735813
v 0.0011033351350490288 0.0058129517251929701 0.0073779592428181405
v 0.0010337202338827852 0.0057912535175552735 0.0075081072536410491
v 0.00095890820903344459 0.0057663838829340704 0.0076349454580332153
v 0.00090123072360375042 0.0057463910505767537 0.0077251150321700256
v 0.00083913127284873342 0.0057242536478161882 0.0078158818761722114
v 0.00077435631616851847 0.0057006307006112061 0.0079044645217175268
v 0.0007069929785517374 0.0056756135737199591 0.0079907844179792128
v 0.0006371330948952245 0.0056492930857578345 0.008074771873817126
v 0.00056487315024128916 0.0056217591135600759 0.0081563653557508303
v 0.00049031221395316987 0.0055930993777583626 0.0082355124772465708
v 0.00041355170203732282 0.0055633993174464234 0.0083121695372346555
v 0.00033469555153018787 0.005532741952054515 0.0083863002057503154
v 0.00025384991409462486 0.0055012077129020882 0.0084578749948709658
v 0.00017112291021986509 0.0054688743339942059 0.0085268707518361461
v 8.662444414647607e-05 0.0054358168021889641 0.0085932701745022582
v 4.6607962431099991e-07 0.0054021073668386651 0.0086570613492667672
v -0.00011679799013317116 0.0053562672753081457 0.0087380475974257899
v -0.00025162136612587766 0.0053036735286577132 0.0088235681629974493
v -0.00038908824665900485 0.0052502192693690561 0.0089031664022512034
v -0.00052881131647534107 0.0051961001000598549 0.00897689762889675
v -0.00067024464587806757 0.0051415597235550253 0.0090447617862452201
v -0.00081264906578346161 0.0050869030482602051 0.0091067219319389409
v -0.00095505904292509497 0.0050325082629933101 0.0091627259274020198
v -0.0010962340369450262 0.0049788446266682699 0.0092127243961473496
v -0.0012275120453492246 0.0049291698715660135 0.0092545543007717963
v -0.0013534162590630844 0.0048817269896544932 0.0092906499237953247
v -0.0015910016692036216 0.0047926994780309786 0.0093485919913876923
v -0.0018014994360881496 0.0047143198558522413 0.009389396964222382
v -0.0019874992197498448 0.0046454044117262882 0.0094176200771377803
v -0.0021485073103815924 0.0045859732537376872 0.0094363256790888483
v -0.0022989841580603166 0.0045305896320853864 0.0094491272143869195
v -0.0024607169132357032 0.00447120520300456 0.009457940453497668
v -0.0026422992385849242 0.004404665865915286 0.0094618191645272024
v -0.0028474333255845432 0.0043296028918286015 0.0094586238478073376
v -0.0030735790124537853 0.0042468895365280921 0.0094458213539938257
v -0.0033152905729293644 0.0041583983985452495 0.0094213228223394962
v -0.003567544071866983 0.0040657865754260411 0.0093836409913260112
v -0.0038237006181790121 0.003971262094556019 0.0093323296528252803
v -0.0040800462541528987 0.0038759386443361376 0.0092672175080225124
v -0.0043090908287100336 0.0037899134443146291 0.0091966960318198114
v -0.0045128562550473339 0.0037124972362646046 0.0091234717089805975
v -0.0047135770567698623 0.0036352099411238038 0.0090409133993303338
v -0.0049105045446558044 0.0035581540884384298 0.0089489346362709322
v -0.0051029669437122026 0.0034813919322245882 0.0088474052302584313
v -0.0052902206334277928 0.0034050021193434625 0.0087362073999339655
v -0.0054536188669474725 0.0033366502461738847 0.0086277835976881125
v -0.0055959663485748833 0.0032755292572502906 0.0085233992599662578
v -0.0057333265463712525 0.0032148569642921447 0.0084125498683543989
v -0.0058651635282636946 0.0031547139294656294 0.0082952348292174276
v -0.0059909134063697326 0.0030951902226987759 0.0081714746253084974
v -0.0060983966453704722 0.0030422308873370323 0.0080546159283207668
v -0.0061901384175668765 0.0029951317499038515 0.0079450515461405163
v -0.0062767901521749263 0.0029486393281352732 0.0078313946888621897
v -0.006357972825070602 0.0029028433642567359 0.0077137679778649468
v -0.0064333050830608736 0.0028578413872620617 0.0075923276276981316
v -0.0065024117507341255 0.0028137364518681729 0.0074672608811719244
v -0.0065589838004460879 0.0027748983048544599 0.0073517814668543112
v -0.006605124869722933 0.0027407079380489963 0.0072456426167081091
v -0.0066465616480579437 0.0027073053968312204 0.007137568828287132
v -0.0066831310921567797 0.0026747541200987097 0.0070277277393284172
v -0.0067146846750758982 0.0026431188865414339 0.0069163042858802993
v -0.0067289457616693934 0.0026271922995099385 0.0068583206407282181
v -0.0067620792245629089 0.0025831125877312467 0.0066905349624680841
v -0.0067774053283116715 0.0025557173698466003 0.0065802235079352707
v -0.0067877480881741491 0.0025294085816042629 0.0064692980487639521
v -0.0067930124551987088 0.0025048271698345733 0.0063606517592990431
v -0.0067936109859352452 0.0024827823019253361 0.0062585315321585181
v -0.0067900058271967234 0.0024617039161811422 0.0061561390997226422
v -0.0067852284110607062 0.0024481216045299432 0.0060873665283279078
v -0.006777648822989815 0.0024334843407244479 0.006010479985934309
v -0.0067677154538359659 0.0024194390384531922 0.0059336627458349972
v -0.0067554437695813109 0.0024059995282318799 0.0058569886139726215
v -0.0067408544330473446 0.0023931781208093371 0.0057805286207459729
v -0.0067239729396660229 0.002380985686862209 0.0057043510587199316
v -0.0067048292705917051 0.0023694317310529881 0.0056285215203136446
v -0.0066834575631529855 0.0023585244604523159 0.0055531029354665652
v -0.0066598957986437725 0.0023482708473265153 0.0054781556092819575
v -0.0066341855074531879 0.0023386766862913025 0.005403737259647331
v -0.0066063714915341933 0.0023297466458326267 0.005329903054831291
v -0.0065765015642110566 0.0023214843141956057 0.0052567056510561538
v -0.006544626307326099 0.0023138922396424974 0.0051841952300456327
v -0.0064990987240455267 0.002304814621349452 0.0050886654840155178
v -0.0064438950426753371 0.0022960305725198216 0.0049828842701020734
v -0.0063846477296144741 0.0022887544146685374 0.0048790029722555646
v -0.0063215456703167444 0.0022829786989834191 0.0047771289006971968
v -0.0062547793349974311 0.0022786928683614831 0.0046773559381740708
v -0.0061845381431941526 0.0022758836329381006 0.0045797637462073968
v -0.006111008768767804 0.0022745354947422982 0.0044844187575757552
v -0.0060343739879034491 0.0022746312504943176 0.0043913756947822407
v -0.0059548117478645168 0.0022761523787529006 0.0043006784779584615
v -0.0058724934393626802 0.0022790794878330021 0.0042123605634815132
v -0.0057875847815670413 0.0022833926245706365 0.004126447759394772
v -0.0057002453118911063 0.002289071526537598 0.0040429588731079385
v -0.0056106278224569072 0.0022960958741641167 0.0039619062876738642
v -0.0055188777982971551 0.0023044455427229989 0.0038832965364018557
v -0.0054251391586960509 0.0023141001766839799 0.0038071357576677837
v -0.0052972929128483094 0.0023289687914117905 0.003709396346979546
v -0.005149886598845921 0.0023483722121035644 0.0036046197954995008
v -0.0049990669204139273 0.0023705514543172707 0.0035052991896586737
v -0.0048452046649876028 0.0023954488332510507 0.0034114013790273704
v -0.0046886501004242201 0.002423009112184286 0.0033228903353673561
v -0.004529733124355657 0.0024531796192886132 0.0032397275385639807
v -0.004368763397619488 0.0024859104525707569 0.003161872548627204
v -0.0042060305471881493 0.0025211547430930821 0.0030892837555063671
v -0.0040958871000766747 0.0025462133213955285 0.0030434689774842508
v -0.0039851526937781543 0.002572372281456656 0.0030000000000000001
v -0.0049050332065421181 -4.1486070412322106e-12 0.0030000000000000001
v -0.0049134600044016541 0.00011674896226762244 0.0030000000000000001
v -0.0049174898374554146 0.00023374816566730072 0.0030000000000000001
v -0.00491742625888746 0.00033453975902722379 0.0030000000000000001
v -0.0049147053652248973 0.00042232053908554466 0.0030000000000000001
v -0.0049095062574624369 0.00050999905466505224 0.0030000000000000001
v -0.0049018369335636627 0.00059750475179770883 0.0030000000000000001
v -0.0048917094275951565 0.00068476856283757948 0.0030000000000000001
v -0.0048791396831753793 0.00077172290059537754 0.0030000000000000001
v -0.0048641474269235678 0.00085830165247300955 0.0030000000000000001
v -0.0048467560419086109 0.00094444017459811944 0.0030000000000000001
v -0.0048269924410979433 0.0010300752859586368 0.0030000000000000001
v -0.0047970037328561839 0.0011433658766641891 0.0030000000000000001
v -0.004758391374464749 0.0012694402190663156 0.0030000000000000001
v -0.0047147397238367049 0.0013938768046951385 0.0030000000000000001
v -0.0046661871418664123 0.0015165034455133569 0.0030000000000000001
v -0.0046128821920680633 0.0016371587304011563 0.0030000000000000001
v -0.0045549820161750109 0.0017556946748939466 0.0030000000000000001
v -0.0044926497112469229 0.0018719771190542783 0.0030000000000000001
v -0.0044260527189336216 0.0019858854436223799 0.0030000000000000001
v -0.0043553612520563336 0.0020973121196582981 0.0030000000000000001
v -0.0042807470248523837 0.0022061619888892599 0.0030000000000000001
v -0.0042023821063492672 0.0023123513944993145 0.0030000000000000001
v -0.0041204419109043258 0.0024158025050278853 0.0030000000000000001
v -0.0040538050006956317 0.0024949595281232419 0.0030000000000000001
v -0.0075000000001505997 4.0412476171726793e-14 0.0067999999999841469
v -0.0074961813797354993 -2.2594945007254878e-16 0.0066397263725076388
v -0.0074847293769220603 -5.2760952634118198e-18 0.0064796157121913053
v -0.0074656849769467234 3.724302391152637e-17 0.0063200354829905181
v -0.0074391337452819201 2.4117803339580362e-17 0.0061613398978430439
v -0.0074052011045606268 8.1994274811607884e-18 0.0060038602332612816
v -0.0073640480110328463 3.0322555295025919e-18 0.0058479055231873299
v -0.0073158669688703562 5.2652803858633259e-18 0.0056937632228851471
v -0.0072608783823197316 9.1231604501799742e-18 0.0055416998428698076
v -0.0071993272457036355 1.2936824227207096e-17 0.0053919615528738446
v -0.0071314801712703798 1.7733647748103475e-17 0.0052447747558507004
v -0.0070576198098688762 1.7080562271695052e-17 0.0051003412178099606
v -0.006978017356992031 7.3080489001696069e-18 0.0049587986078605886
v -0.0068929513361797841 5.7692415738026376e-18 0.0048202724905339438
v -0.0068027024891794416 9.6272074883984469e-18 0.0046848710769131054
v -0.0067075482417444853 7.7121411801057277e-18 0.0045526810866188669
v -0.0066077600505131473 -2.1780294255793496e-18 0.0044237693723978679
v -0.0065036021021410307 -1.5633123468849564e-18 0.0042981860468319965
v -0.0063953319192351834 5.983813619930307e-18 0.0041759682079391472
v -0.006283189048801297 1.0522618385808162e-17 0.0040571305338537806
v -0.0061674028331901781 1.065879212018721e-17 0.0039416778824528688
v -0.0060481930147784054 8.4839770846090339e-18 0.0038296073780523924
v -0.0059257692001778908 6.681576076738822e-18 0.0037209090365668404
v -0.0057578801851533501 7.1933519040123304e-18 0.0035811941400966372
v -0.0055631437406217519 9.7511879708025498e-18 0.0034310755014922067
v -0.0053627495188303172 9.7235899990393306e-18 0.003288332836219281
v -0.0051572251488693245 6.2988697833641041e-18 0.0031528530840793582
v -0.0050319139785607895 4.7949724081161602e-18 0.0030751603865695151
v -0.0067418231585289513 -0.0026115356329615355 0.0068000000000000846
v -0.0068577097166777927 -0.0024134380770989465 0.0068000000000005357
v -0.0069651269187161729 -0.0022106215246107527 0.0068000000000023016
v -0.007035590269851939 -0.002064880284379057 0.0068000000000028021
v -0.0071055499882745933 -0.0019075803843564803 0.0068000000000008514
v -0.0071702328418214965 -0.0017480349703915946 0.0067999999999996544
v -0.0072294905615561192 -0.0015864010112755244 0.0067999999999998175
v -0.0072831844497740668 -0.0014228433878957943 0.0068000000000005747
v -0.0073311859821014206 -0.0012575349981817565 0.0068000000000009485
v -0.0073733775048949934 -0.0010906568776743771 0.0068000000000004689
v -0.0074096530279458899 -0.00092239833572106699 0.0067999999999994532
v -0.0074399191124877679 -0.00075295710729624801 0.006799999999998833
v -0.0074640958545111836 -0.00058253952044835496 0.0067999999999995373
v -0.0074821179633854313 -0.00041136067937395102 0.0068000000000014368
v -0.0074939359357892544 -0.00023964466311965805 0.0068000000000018367
v -0.0074984836325369128 -0.00011985539009466617 0.0067999999999976491
v 0.0013367344147932054 -0.0058651516328134768 0.0067999999999999883
v 0.001255506829748279 -0.0058846701667274086 0.0069433356194420091
v 0.0011687793038370675 -0.0058992434731914237 0.0070842286294648532
v 0.0010768590335718728 -0.005908945292301529 0.0072224274203553443
v 0.00098003927456877856 -0.0059138700693400163 0.0073576958690287145
v 0.00087859870110703958 -0.0059141307078548399 0.0074898130778209811
v 0.00077280107660104402 -0.0059098562603874206 0.0076185732640634612
v 0.00066289518256724262 -0.00590118958660691 0.0077437857674701981
v 0.00054908742467821097 -0.0058882814090636514 0.007865303684043182
v 0.00043125010055625434 -0.0058712373645721178 0.0079832981221123166
v 0.00030988859585183968 -0.0058502534098249549 0.0080972831543812129
v 0.00018522342746545424 -0.0058255077578320538 0.008207094400032906
v 5.7454953635391434e-05 -0.005797182425301234 0.0083125937810245559
v -7.3223019860572009e-05 -0.005765463211237231 0.0084136561209863271
v -0.00020662267674906808 -0.0057305379884058901 0.0085101692252966005
v -0.0003425616097195991 -0.0056925950007566239 0.0086020339468118271
v -0.00048086137601584597 -0.005651821641240477 0.0086891632884628003
v -0.00062134772881913467 -0.0056084030893377981 0.0087714822800212307
v -0.00076384991133252771 -0.0055625210374396425 0.008848927560358405
v -0.00090820002821630523 -0.0055143528771994963 0.0089214465054116947
v -0.0010542329717842377 -0.0054640707930167596 0.0089889966895534117
v -0.0012017861582446375 -0.0054118409523703156 0.0090515452435832502
v -0.001350699100329574 -0.0053578230903699835 0.0091090679150647343
v -0.0015008141349983153 -0.0053021697507274626 0.0091615485926947095
v -0.0016519751943338764 -0.00524502635465195 0.0092089780443906193
v -0.0018040278522346704 -0.0051865309637355046 0.0092513531938591444
v -0.0019568196866962227 -0.0051268140087137141 0.0092886764390119649
v -0.0021101994068799495 -0.0050659985830661339 0.0093209546475078505
v -0.0022639966357142324 -0.0050042086556695807 0.0093481952216945968
v -0.0024171834160634006 -0.0049419126120809689 0.0093703014084768419
v -0.0025947986040081757 -0.0048688008185664884 0.0093897281050992851
v -0.0028403242728745138 -0.004766266720304271 0.0094057117821649567
v -0.003045531703269939 -0.0046793214752545737 0.009409429692792461
v -0.0032943414927537871 -0.0045724152480484045 0.0094021171451494669
v -0.0035236884246790268 -0.0044724228267231329 0.0093837541846616534
v -0.0037729046973134883 -0.0043621367711448537 0.0093508537671986702
v -0.0040017182611139807 -0.0042592864890646188 0.0093083548387586368
v -0.0041905249912309464 -0.0041731697534916666 0.0092640296657420934
v -0.0044170608647149893 -0.0040681900685306987 0.0091991849289973799
v -0.0046162149227457856 -0.0039742208655684352 0.0091309752065777301
v -0.0048156518995803206 -0.0038783088387645864 0.00905130152184868
v -0.0050162377472491738 -0.0037797174158493933 0.0089585978094074859
v -0.0051921590058272467 -0.0036911803388123827 0.0088657737993154562
v -0.0053630917670494929 -0.0036029494674116817 0.0087639846023576835
v -0.0055283713182734057 -0.0035151565928012787 0.0086531821449787674
v -0.0056716935284634451 -0.0034366380635751466 0.0085457323736256811
v -0.0057958026659698306 -0.0033664720363236018 0.0084427683731389206
v -0.0059148366753307806 -0.0032968751558078804 0.0083338905857689525
v -0.0060283301056031748 -0.0032279506365948682 0.0082191397126829668
v -0.0061357815565648583 -0.0031598194593179807 0.0080985966263836008
v -0.0062268889337026411 -0.0030992905091002674 0.0079852546065569286
v -0.0063040129315328113 -0.0030455449099155035 0.0078794163669170265
v -0.0063762185432290151 -0.0029925776740423061 0.0077700617119446256
v -0.0064432132312189196 -0.00294047726205023 0.0076573227658145856
v -0.0065047068538307933 -0.0028893369658900343 0.0075413568861555612
v -0.0065604154762876074 -0.0028392546852383065 0.0074223489164985989
v -0.0066100655652235963 -0.0027903326960539432 0.0073005135933063335
v -0.0066493631064420853 -0.002747375436721529 0.0071886285460431749
v -0.0066802239235426381 -0.0027096400923633779 0.007086264783875011
v -0.0067066917927592886 -0.0026728426215447188 0.0069824838531787597
v -0.0067259714206841792 -0.0026417974913298145 0.006891650937879557
v 0.007496196644786378 -0.00018980256376182941 0.006799999999958335
v 0.0074847792570267345 -0.00037955240404391298 0.0068000000000003284
v 0.0074657552605290403 -0.00056895002079998286 0.0068000000000002668
v 0.0074391619489707498 -0.00075766738929276768 0.0068000000000001263
v 0.0074050635347679989 -0.00094539077910195651 0.0068000000000000291
v 0.0073635486484382694 -0.001131821968923323 0.0067999999999999979
v 0.0073147281241658464 -0.0013166778006521679 0.0068000000000000074
v 0.0072587329625579252 -0.0014996897604416847 0.0068000000000000222
v 0.0071957124705875871 -0.0016806035867352241 0.0068000000000000187
v 0.0071258325787199516 -0.0018591789052714159 0.0068000000000000014
v 0.0070492743352177471 -0.0020351888910611383 0.006799999999999997
v 0.0069662325776225723 -0.0022084199573352797 0.0068000000000000317
v 0.0068769147814081374 -0.0023786714714622852 0.0068000000000001002
v 0.0067815400855991415 -0.0025457554981587961 0.0068000000000001176
v 0.0066803250772332918 -0.0027095166320574176 0.0068000000000000586
v 0.0065734824342274971 -0.0028698256682926871 0.0068000000000000196
v 0.0064612341798900609 -0.0030265554582849228 0.0068000000000000014
v 0.0063438024398689034 -0.0031795937007949213 0.0067999999999999988
v 0.0062214082859497815 -0.0033288420605043865 0.0068000000000000022
v 0.0060942705802870395 -0.0034742152871306054 0.0068000000000000022
v 0.005962604820347943 -0.0036156403353346479 0.006799999999999997
v 0.0058266221760011842 -0.003753055317378423 0.0067999999999999962
v 0.0056865305328799957 -0.003886407231556129 0.0067999999999999962
v 0.0055425304274753558 -0.0040156545388864142 0.0067999999999999962
v 0.0053948166116044548 -0.0041407637887131126 0.006799999999999997
v 0.0052435785808499433 -0.0042617082229213362 0.0067999999999999988
v 0.0050367627415772278 -0.0044164541904576403 0.0067999999999999979
v 0.0047975171391080838 -0.0045816097678611587 0.0067999999999999944
v 0.0045518510512747943 -0.0047372847999707802 0.0067999999999999901
v 0.0043002975606710883 -0.0048834773779125439 0.0067999999999999892
v 0.0040433663245410438 -0.0050201977121188826 0.0067999999999999909
v 0.0037815368420860461 -0.0051474694575188483 0.0067999999999999944
v 0.0035152635834939557 -0.0052653246064227029 0.0067999999999999866
v 0.0032449764031762048 -0.0053738015510056258 0.0067999999999999805
v 0.0029710832466364359 -0.0054729424176046476 0.0067999999999999892
v 0.0026939729458877754 -0.0055627910577918226 0.0067999999999999927
v 0.0024140161538030885 -0.0056433917245982141 0.0067999999999999875
v 0.002131569802251453 -0.0057147875364830878 0.0067999999999999866
v 0.001846976412414481 -0.0057770200812383762 0.0067999999999999883
v 0.0015924641144559612 -0.005824677540412688 0.0067999999999999892
v -0.0074999999460163107 4.1928517769923857e-14 0.006800602692288364
v -0.0074999999794361843 4.4139290861000547e-07 0.0067999999999850099
v -0.0074999998776045717 2.5940533874249393e-14 0.0068009075006644926
v -0.0074962046019825578 -3.9471944537325918e-15 0.0069597858511667877
v -0.0074849091815269086 -5.0261012858323823e-16 0.0071184946603649255
v -0.0074661533504664064 -5.0816327757548215e-17 0.007276685212660618
v -0.0074400185298332542 5.3306892753306656e-18 0.0074340198414880859
v -0.0074066253462071437 -4.9203828029684721e-17 0.0075901743593677811
v -0.0073661308192744654 -3.0850157286628022e-17 0.0077448394875277663
v -0.0073187226941871858 -5.646116856327766e-18 0.0078977307493720665
v -0.0072646160532842258 4.0575993223116974e-18 0.0080485853443067138
v -0.0072040471509523737 -7.1900838264338161e-18 0.0081971673675356131
v -0.0071372688191287375 -3.2285712449066652e-17 0.0083432675089535925
v -0.0070645461102854931 -4.3284427896381757e-17 0.0084867018374764069
v -0.0069861506786611325 -1.4284471910551706e-17 0.0086273137413910364
v -0.0069023569942310587 4.0569116243004732e-18 0.0087649723194523112
v -0.0068134391450907 1.5711127858685807e-18 0.0088995694635507824
v -0.006719668053947611 8.8984530124593565e-19 0.0090310183849584055
v -0.0066213088859120176 1.654267446986713e-17 0.0091592519873222276
v -0.0065186186795650599 1.598208417897702e-17 0.0092842210551954286
v -0.0064118461295712727 -1.6842109207533697e-18 0.0094058911282035636
v -0.0063012293314506128 -4.2384567075474359e-18 0.0095242419058487529
v -0.0061869960518306406 -2.8186356296788726e-18 0.0096392642640041465
v -0.0060693631702733557 -1.1926673429006641e-17 0.009750958951242384
v -0.0059485360792575831 -1.1547772505722871e-17 0.0098593353679739884
v -0.0057828000598156987 -5.1228443584486267e-20 0.0099987034174016283
v -0.0055905088896481591 -1.7164390342443163e-18 0.010148542520878582
v -0.0053925811469723627 -1.7411101738114204e-17 0.010291114429730432
v -0.0051895359393916299 -1.233471048985699e-17 0.010426529425732595
v -0.0049818492806671692 3.5447348140624956e-18 0.010554905882541109
v -0.0047699578493332834 -3.8548199302498724e-18 0.010676367469115444
v -0.0045542642936628672 -2.3605491330074023e-18 0.010791039005741668
v -0.0043351419535901329 2.2704679846704545e-18 0.01089904401738514
v -0.0041129394390517163 -2.5445609829576517e-18 0.011000502912365555
v -0.0038879876391779049 1.6025715504171355e-17 0.011095530786599849
v -0.0035843291472519986 3.6254493706467009e-17 0.011212416746055441
v -0.0032385036721569844 2.1363265568591436e-19 0.01133076641698303
v -0.0028893025839034189 8.6613799332284296e-19 0.011435485609161161
v -0.0025381185816948566 1.6870188440145131e-17 0.011526809277977014
v -0.0021868365441097977 3.6262170287625321e-18 0.011604921557725075
v -0.0018385234154372522 6.527648242034685e-19 0.011669929702596319
v -0.0014983329750086311 -5.3884843811674486e-18 0.011721933113016286
v -0.0011747622931633794 2.2106406356204925e-18 0.011761190985253493
v -0.00078839318257556607 5.6997833060206117e-18 0.01179536416443621
v -0.00042376292531387186 9.168846965536938e-19 0.01181516992564194
v -7.9163068783902227e-05 -2.6953097906028923e-18 0.011822914646923767
v 0.00027716287671529673 -5.4979950066323655e-18 0.01181976327854244
v 0.00067392456782521145 -1.9903587423084497e-18 0.011802874206150419
v 0.0011258272163723528 1.3268878819336604e-18 0.011766277944452437
v 0.0016217890914324417 1.7318393427260724e-17 0.011704348517072957
v 0.0019218964151263191 1.0230080445991769e-17 0.011655468912576411
v 0.0023142773703948554 1.4491649921922385e-18 0.01157807026414398
v 0.0027084736907408073 -1.0662111751102542e-18 0.011484206948941941
v 0.0031014381995761115 3.4020202863142351e-18 0.011373582005638016
v 0.0034909679717947503 5.5495354954216678e-18 0.01124586695591641
v 0.0038753818460220478 6.4215689592336193e-18 0.011100637630718554
v 0.0042530910153031143 1.3150151747798129e-19 0.010937422152833149
v 0.0045859780479212643 -3.8621430418259254e-18 0.010774715410402388
v 0.004878810153512333 -7.7262951958335407e-18 0.010615113097023565
v 0.005164210002232968 -1.5675082237731347e-18 0.010442710667512898
v 0.0054410828375362286 -2.0461079521552373e-18 0.010257191800400594
v 0.0056819644843164102 6.7220922250206379e-18 0.010078762652095889
v 0.005891178674155389 6.6130342168863795e-18 0.0099087230884495198
v 0.0060923763219679515 1.1903086865226692e-18 0.0097296093005852201
v 0.0062846727690879156 2.3217578564369911e-18 0.0095413442341433924
v 0.0064493285257748957 1.8770997106939149e-17 0.0093640639579392736
v 0.006590054152040753 2.5513408455424048e-17 0.0091981859180674166
v 0.0067230942328031862 6.1832183823645285e-18 0.0090263833403745278
v 0.0068478252419799067 -3.5578215287859989e-18 0.0088487726316707517
v 0.0069635993500984459 5.6636292059851957e-18 0.0086655271149107191
v 0.0070595897696937981 4.7132579306003408e-18 0.0084959850478203303
v 0.0071389164671327816 4.1359548009738616e-18 0.0083398451551514874
v 0.0072111861054499045 8.7790076203240135e-18 0.008180548328001077
v 0.0072760572287530311 -8.8257383375329915e-18 0.0080183344924162382
v 0.0073332062841539036 4.2836797360148718e-17 0.0078534794920186099
v 0.0073823343003538711 1.305897004041998e-16 0.0076862969428166741
v 0.0074231746741008674 8.0100262832961769e-17 0.0075171360511435848
v 0.007452657162120826 4.8057284680307906e-15 0.0073635144607290537
v 0.0074731842675898191 9.9399124655871078e-14 0.007224395385721805
v 0.0074879445313071353 8.8998160670069653e-13 0.0070846962752062074
v 0.0074968896689738386 4.96420420956626e-12 0.0069446515018552046
v 0.007499222587633885 -2.0038101759032766e-12 0.0068723234007159618
v 0.0089999999999999993 0 0.0030000000000000001
v 0.0089925010306170037 0.00032650815728258283 0.0030000000000000001
v 0.008970016619032857 0.00065247220908188546 0.0030000000000000001
v 0.0089325842341173526 0.00097734895663248531 0.0030000000000000001
v 0.0088802662546056954 0.0013005970130936871 0.0030000000000000001
v 0.0088131498651482267 0.0016216777057369313 0.0030000000000000001
v 0.0087313469110226419 0.001940055973610307 0.0030000000000000001
v 0.0086349937117508168 0.0022552012591842583 0.0030000000000000001
v 0.0085242508339308121 0.0025665883924926281 0.0030000000000000001
v 0.0083993028236626684 0.002873698466295651 0.0030000000000000001
v 0.0082603578990138194 0.0031760197008065148 0.0030000000000000001
v 0.0081076476030366804 0.003473048296540457 0.0030000000000000001
v 0.0079414264179165847 0.0037642892738651928 0.0030000000000000001
v 0.0077619713408930927 0.0040492572978536052 0.0030000000000000001
v 0.0075695814226613631 0.0043274774870641309 0.0030000000000000001
v 0.0073645772690228255 0.0045984862049010793 0.0030000000000000001
v 0.0071473005066155929 0.0048618318322360956 0.0030000000000000001
v 0.0069181132136149842 0.0051170755200032857 0.0030000000000000001
v 0.0066773973163528188 0.0053637919205138098 0.0030000000000000001
v 0.0064255539528609981 0.0056015698962712905 0.0030000000000000001
v 0.0061630028044000005 0.0058300132051068015 0.0030000000000000001
v 0.0058901813960862198 0.0060487411604917421 0.0030000000000000001
v 0.0056075443677836498 0.0062573892659281939 0.0030000000000000001
v 0.0053155627164748987 0.0064556098223596016 0.0030000000000000001
v 0.005014723011374094 0.0066430725075895761 0.0030000000000000001
v 0.0047055265830896207 0.0068194649267432281 0.0030000000000000001
v 0.0043884886881879323 0.0069844931328537528 0.0030000000000000001
v 0.0040641376505506106 0.0071378821167067162 0.0030000000000000001
v 0.0037330139809555627 0.0072793762651257622 0.0030000000000000001
v 0.0033956694763495172 0.0074087397869360304 0.0030000000000000001
v 0.0030526663003128222 0.0075257571058954496 0.0030000000000000001
v 0.0027045760462488925 0.0076302332199390923 0.0030000000000000001
v 0.0023519787848594498 0.0077219940261379688 0.0030000000000000001
v 0.00199546209749287 0.0078008866108306898 0.0030000000000000001
v 0.0016356200969765047 0.0078667795044445547 0.0030000000000000001
v 0.0012730524375647082 0.0079195629005813905 0.0030000000000000001
v 0.0009083633156524119 0.0079591488390030763 0.0030000000000000001
v 0.00054216046291951216 0.0079854713522117832 0.0030000000000000001
v 0.00017505413358392247 0.0079984865753807022 0.0030000000000000001
v -0.00019234391254902561 0.0079981728194520457 0.0030000000000000001
v -0.00055942142954614903 0.007984530607280502 0.0030000000000000001
v -0.00092556670561608158 0.0079575826727619359 0.0030000000000000001
v -0.0012901695824888279 0.0079173739229487644 0.0030000000000000001
v -0.0016526224722064728 0.0078639713632151654 0.0030000000000000001
v -0.0020123213696306218 0.0077974639855967823 0.0030000000000000001
v -0.0023686668589793015 0.007717962620491064 0.0030000000000000001
v -0.0027210651127159802 0.0076255997519653045 0.0030000000000000001
v -0.003068928881126125 0.0075205292969802153 0.0030000000000000001
v -0.0034116784709322346 0.0074029263488969068 0.0030000000000000001
v -0.0037487427113165324 0.0072729868856947176 0.0030000000000000001
v -0.0040795599057415191 0.0071309274433861355 0.0030000000000000001
v -0.0044035787679822256 0.0069769847551730355 0.0030000000000000001
v -0.0047202593408103297 0.006811415356945562 0.0030000000000000001
v -0.0050290738957992007 0.0066344951597810632 0.0030000000000000001
v -0.0053295078127504206 0.0064465189901554889 0.0030000000000000001
v -0.0056210604372762488 0.0062478000986334499 0.0030000000000000001
v -0.0059032459151089414 0.0060386696378556901 0.0030000000000000001
v -0.0061755940017465876 0.0058194761106938608 0.0030000000000000001
v -0.0064376508460862519 0.0055905847894922138 0.0030000000000000001
v -0.0066889797467385324 0.0053523771073640215 0.0030000000000000001
v -0.0069291618797631934 0.0051052500225570781 0.0030000000000000001
v -0.0071577969966131498 0.0048496153569475339 0.0030000000000000001
v -0.0073745040911237011 0.0045858991097644198 0.0030000000000000001
v -0.0075789220344355595 0.0043145407476884974 0.0030000000000000001
v -0.0077707101767935608 0.0040359924725084399 0.0030000000000000001
v -0.0079495489152182439 0.0037507184675547485 0.0030000000000000001
v -0.0081151402261042931 0.0034591941241671827 0.0030000000000000001
v -0.0082672081618582784 0.0031619052494847337 0.0030000000000000001
v -0.0084054993107481202 0.0028593472568783232 0.0030000000000000001
v -0.0085297832191979384 0.0025520243403753151 0.0030000000000000001
v -0.0086398527758245608 0.0022404486344516101 0.0030000000000000001
v -0.0087355245565757401 0.0019251393605914757 0.0030000000000000001
v -0.0088166391303948748 0.0016066219620373236 0.0030000000000000001
v -0.0088830613249029529 0.0012854272281713119 0.0030000000000000001
v -0.0089346804516548649 0.00096209040998793832 0.0030000000000000001
v -0.0089714104905948156 0.00063715032813163694 0.0030000000000000001
v -0.0089931902334033729 0.00031114847498577426 0.0030000000000000001
v -0.008999983385497316 -1.537188769064056e-05 0.0030000000000000001
v -0.0089917786265122958 -0.00034186663407479963 0.0030000000000000001
v -0.0089685896291675192 -0.00066779168103184858 0.0030000000000000001
v -0.008930455036481013 -0.00099260389479550234 0.0030000000000000001
v -0.0088774383973734359 -0.0013157619960665972 0.0030000000000000001
v -0.0088096280607677796 -0.0016367274620212886 0.0030000000000000001
v -0.0087271370283613942 -0.0019549654237257558 0.0030000000000000001
v -0.0086301027663156938 -0.0022699455574619258 0.0030000000000000001
v -0.0085186869761773899 -0.0025811429684788781 0.0030000000000000001
v -0.0083930753254129343 -0.002888039065697217 0.0030000000000000001
v -0.0082534771380052604 -0.0031901224259087641 0.0030000000000000001
v -0.0081001250456284382 -0.0034868896460314431 0.0030000000000000001
v -0.00793327459998148 -0.0037778461819991263 0.0030000000000000001
v -0.0077532038469273722 -0.0040625071728884795 0.0030000000000000001
v -0.0075602128631469864 -0.0043403982489094561 0.0030000000000000001
v -0.0073546232560800047 -0.0046110563219129682 0.0030000000000000001
v -0.0071367776279861739 -0.0048740303570984122 0.0030000000000000001
v -0.0069070390050200011 -0.0051288821246350388 0.0030000000000000001
v -0.0066657902322703163 -0.005375186929944634 0.0030000000000000001
v -0.0064134333357727894 -0.0056125343214285545 0.0030000000000000001
v -0.0061503888525586293 -0.0058405287744597145 0.0030000000000000001
v -0.005877095129855835 -0.0060587903504997183 0.0030000000000000001
v -0.0055940075946108742 -0.0062669553302427466 0.0030000000000000001
v -0.0053015979945480809 -0.006464676819731085 0.0030000000000000001
v -0.0050003536120314931 -0.0066516253284322818 0.0030000000000000001
v -0.0046907764520391767 -0.00682748931831457 0.0030000000000000001
v -0.004373382405603231 -0.0069919757230055756 0.0030000000000000001
v -0.0040487003901095615 -0.0071448104361691396 0.0030000000000000001
v -0.0037172714678900343 -0.0072857387682864483 0.0030000000000000001
v -0.0033796479445758411 -0.0074145258710802244 0.0030000000000000001
v -0.0030363924487146069 -0.0075309571288747403 0.0030000000000000001
v -0.0026880769941850006 -0.0076348385162394563 0.0030000000000000001
v -0.0023352820269712761 -0.0077259969213203036 0.0030000000000000001
v -0.0019785954578862351 -0.007804280434319793 0.0030000000000000001
v -0.0016186116828545219 -0.007869558600645218 0.0030000000000000001
v -0.0012559305923888779 -0.0079217226383031004 0.0030000000000000001
v -0.0008911565719100131 -0.0079606856191775984 0.0030000000000000001
v -0.00052489749457599059 -0.0079863826138907891 0.0030000000000000001
v -0.00015776370829951523 -0.0079987708000034304 0.0030000000000000001
v 0.00020963298135880147 -0.0079978295333758866 0.0030000000000000001
v 0.00057668033072625692 -0.0079835603825702938 0.0030000000000000001
v 0.00094276667828395813 -0.007955987126236656 0.0030000000000000001
v 0.0013072819639626013 -0.0079151557134872017 0.0030000000000000001
v 0.0016696187457695335 -0.0078611341873250605 0.0030000000000000001
v 0.0020291732120529533 -0.0077940125712548328 0.0030000000000000001
v 0.0023853461877163772 -0.0077139027192640432 0.0030000000000000001
v 0.0027375441327065707 -0.0076209381294254338 0.0030000000000000001
v 0.0030851801311110381 -0.0075152737214307635 0.0030000000000000001
v 0.0034276748692167866 -0.007397085578426792 0.0030000000000000001
v 0.0037644576009005074 -0.0072665706535837019 0.0030000000000000001
v 0.0040949670987413958 -0.0071239464418849209 0.0030000000000000001
v 0.0044186525892716527 -0.006969450617685293 0.0030000000000000001
v 0.0047349746708061202 -0.0068033406386415916 0.0030000000000000001
v 0.0050434062123215556 -0.0066258933166753846 0.0030000000000000001
v 0.0053434332318876105 -0.0064374043566832314 0.0030000000000000001
v 0.00563455575318566 -0.0062381878637629146 0.0030000000000000001
v 0.0059162886386881714 -0.0060285758197768761 0.0030000000000000001
v 0.0061881623981101261 -0.0058089175301251515 0.0030000000000000001
v 0.0064497239707853177 -0.0055795790416497022 0.0030000000000000001
v 0.0067005374806636854 -0.0053409425326401763 0.0030000000000000001
v 0.0069401849626715799 -0.0050934056759576246 0.0030000000000000001
v 0.0071682670592244967 -0.004837380976337474 0.0030000000000000001
v 0.0073844036857315725 -0.0045732950829761136 0.0030000000000000001
v 0.0075882346639828731 -0.0043015880785466087 0.0030000000000000001
v 0.0077794203223639042 -0.0040227127458283734 0.0030000000000000001
v 0.0079576420618971879 -0.003737133813172902 0.0030000000000000001
v 0.0081226028871675768 -0.0034453271800629539 0.0030000000000000001
v 0.0082740279012466084 -0.0031477791240557386 0.0030000000000000001
v 0.0084116647637910782 -0.0028449854904316939 0.0030000000000000001
v 0.0085352841115525057 -0.0025374508658992444 0.0030000000000000001
v 0.0086446799405966619 -0.0022256877377325205 0.0030000000000000001
v 0.008739669949596296 -0.0019102156397432701 0.0030000000000000001
v 0.0088200958436249251 -0.0015915602865101625 0.0030000000000000001
v 0.0088858235979454546 -0.001270252697308225 0.0030000000000000001
v 0.00893674368135405 -0.00094682831119833547 0.0030000000000000001
v 0.0089727712387070516 -0.00062182609475141669 0.0030000000000000001
v 0.0089931902334033694 -0.00031114847498587824 0.0030000000000000001
v -0.0049050332065421181 -4.1486070412322106e-12 0.0030000000000000001
v -0.0049134600048232413 -0.0001167489701761698 0.0030000000000000001
v -0.0049174898375735528 -0.00023374817324262599 0.0030000000000000001
v -0.0049174262588061943 -0.00033453976384823804 0.0030000000000000001
v -0.0049147053650190767 -0.00042232054364481 0.0030000000000000001
v -0.0049095062571469471 -0.00050999905895945604 0.0030000000000000001
v -0.0049018369331535255 -0.00059750475582484662 0.0030000000000000001
v -0.004891709427105477 -0.00068476856659573028 0.0030000000000000001
v -0.0048791396826212939 -0.00077172290408348144 0.0030000000000000001
v -0.0048641474263201954 -0.00085830165569064794 0.0030000000000000001
v -0.004846756041271002 -0.00094444017754549757 0.0030000000000000001
v -0.0048269924404410374 -0.0010300752886365672 0.0030000000000000001
v -0.0047970037321965033 -0.0011433658789851457 0.0030000000000000001
v -0.0047583913738327164 -0.001269440220990408 0.0030000000000000001
v -0.0047147397232639781 -0.0013938768062293247 0.0030000000000000001
v -0.0046661871413836058 -0.0015165034466661886 0.0030000000000000001
v -0.0046128821917045797 -0.0016371587311827533 0.0030000000000000001
v -0.0045549820159589277 -0.0017556946753158492 0.0030000000000000001
v -0.0044926497112049123 -0.001871977119129265 0.0030000000000000001
v -0.0044260527190908734 -0.0019858854433643476 0.0030000000000000001
v -0.0043553612524365433 -0.0020973121190820706 0.0030000000000000001
v -0.0042807470254777324 -0.0022061619880104455 0.0030000000000000001
v -0.0042023821072403921 -0.0023123513933342287 0.0030000000000000001
v -0.0041204419120802818 -0.0024158025035934711 0.0030000000000000001
v -0.0040538050013020268 -0.0024949595274215645 0.0030000000000000001
v -0.0039851526937781569 -0.0025723722814566543 0.0030000000000000001
v -0.0049134600044016541 0.00011674896226762244 0.0030000000000000001
v -0.0049174898374554146 0.00023374816566730072 0.0030000000000000001
v -0.00491742625888746 0.00033453975902722379 0.0030000000000000001
v -0.0049147053652248973 0.00042232053908554466 0.0030000000000000001
v -0.0049095062574624369 0.00050999905466505224 0.0030000000000000001
v -0.0049018369335636627 0.00059750475179770883 0.0030000000000000001
v -0.0048917094275951565 0.00068476856283757948 0.0030000000000000001
v -0.0048791396831753793 0.00077172290059537754 0.0030000000000000001
v -0.0048641474269235678 0.00085830165247300955 0.0030000000000000001
v -0.0048467560419086109 0.00094444017459811944 0.0030000000000000001
v -0.0048269924410979433 0.0010300752859586368 0.0030000000000000001
v -0.0047970037328561839 0.0011433658766641891 0.0030000000000000001
v -0.004758391374464749 0.0012694402190663156 0.0030000000000000001
v -0.0047147397238367049 0.0013938768046951385 0.0030000000000000001
v -0.0046661871418664123 0.0015165034455133569 0.0030000000000000001
v -0.0046128821920680633 0.0016371587304011563 0.0030000000000000001
v -0.0045549820161750109 0.0017556946748939466 0.0030000000000000001
v -0.0044926497112469229 0.0018719771190542783 0.0030000000000000001
v -0.0044260527189336216 0.0019858854436223799 0.0030000000000000001
v -0.0043553612520563336 0.0020973121196582981 0.0030000000000000001
v -0.0042807470248523837 0.0022061619888892599 0.0030000000000000001
v -0.0042023821063492672 0.0023123513944993145 0.0030000000000000001
v -0.0041204419109043258 0.0024158025050278853 0.0030000000000000001
v -0.0040538050006956317 0.0024949595281232419 0.0030000000000000001
v -0.0039851526937781543 0.002572372281456656 0.0030000000000000001
v -0.0041053425016647814 0.0026292582519829213 0.0030000000000000001
v -0.0042116682871394156 0.002685962211055467 0.0030000000000000001
v -0.0043053591045496119 0.0027416892876160706 0.0030000000000000001
v -0.0043966225618558147 0.0028020614577474873 0.0030000000000000001
v -0.0044761989002120219 0.002860518397798426 0.0030000000000000001
v -0.0045453313878002811 0.0029165754826316419 0.0030000000000000001
v -0.0046052056849197314 0.0029698907943078315 0.0030000000000000001
v -0.0046569310292407006 0.0030202438243261149 0.0030000000000000001
v -0.0047063602023414879 0.0030728819614133508 0.0030000000000000001
v -0.0047532159942043671 0.0031278158328838356 0.0030000000000000001
v -0.0047929351906910618 0.0031792059295001067 0.0030000000000000001
v -0.0048265018521069887 0.0032270189525541769 0.0030000000000000001
v -0.0048578221518427566 0.0032762823531902866 0.0030000000000000001
v -0.0048867166193998866 0.0033269534261282764 0.0030000000000000001
v -0.0049104993179050873 0.0033737184469415961 0.0030000000000000001
v -0.0049299901543756498 0.0034167046046404601 0.0030000000000000001
v -0.0049475640921065661 0.0034604816648456244 0.0030000000000000001
v -0.0049631261566041559 0.0035049849030881074 0.0030000000000000001
v -0.0049765879502637993 0.0035501426456033911 0.0030000000000000001
v -0.0049878689110349084 0.0035958761067836345 0.0030000000000000001
v -0.004996897673703665 0.0036420992323579495 0.0030000000000000001
v -0.0050030475132567141 0.0036840416078200216 0.0030000000000000001
v -0.0050069506288625085 0.0037220036682193724 0.0030000000000000001
v -0.0050092870442513442 0.0037601093933879249 0.0030000000000000001
v -0.0050100433458046805 0.0037982984416112284 0.0030000000000000001
v -0.0050092132340931704 0.0038365080818299818 0.0030000000000000001
v -0.005006797337738172 0.0038746815568734268 0.0030000000000000001
v -0.005002803081831605 0.0039127593854005388 0.0030000000000000001
v -0.0049972446158280028 0.0039506830699274371 0.0030000000000000001
v -0.0049901423791261718 0.0039883966462958198 0.0030000000000000001
v -0.0049815226759369067 0.0040258466881664999 0.0030000000000000001
v -0.0049714172501507167 0.0040629823115129523 0.0030000000000000001
v -0.0049598628602055472 0.0040997551791148411 0.0030000000000000001
v -0.0049469005240569798 0.0041361204295478366 0.0030000000000000001
v -0.0049325740095979235 0.0041720390698172238 0.0030000000000000001
v -0.0049169297169340508 0.0042074758293530181 0.0030000000000000001
v -0.0049000158871397607 0.0042423995168874599 0.0030000000000000001
v -0.0048818820399747715 0.0042767828302160095 0.0030000000000000001
v -0.0048625784639812989 0.0043106021357289526 0.0030000000000000001
v -0.0048421557453750931 0.0043438372585699117 0.0030000000000000001
v -0.0048206643357303096 0.0043764712834212611 0.0030000000000000001
v -0.0047981541584582324 0.0044084903659164483 0.0030000000000000001
v -0.0047746742540798453 0.0044398835546792205 0.0030000000000000001
v -0.0047502730374232843 0.0044706419165357831 0.0030000000000000001
v -0.0047163906764666136 0.0045106495141469249 0.0030000000000000001
v -0.0046765484192598022 0.0045542854250762875 0.0030000000000000001
v -0.0046350106102361751 0.0045964727132397666 0.0030000000000000001
v -0.0045919060460603905 0.0046372198862977589 0.0030000000000000001
v -0.0045473564575044282 0.0046765388149852417 0.0030000000000000001
v -0.0045014763569375038 0.004714444424399662 0.0030000000000000001
v -0.0044543728920012574 0.0047509543902668153 0.0030000000000000001
v -0.0044061457054702094 0.0047860888401847212 0.0030000000000000001
v -0.0043568868012974901 0.0048198700598455022 0.0030000000000000001
v -0.0042897478298254124 0.0048628486443158606 0.0030000000000000001
v -0.0042124224087806764 0.0049084522323362342 0.0030000000000000001
v -0.0041333890275126036 0.0049512443077469265 0.0030000000000000001
v -0.0040512431097397281 0.0049920713258941995 0.0030000000000000001
v -0.0039659957941142717 0.0050308960793824693 0.0030000000000000001
v -0.0038791081238760804 0.0050670920950497108 0.0030000000000000001
v -0.0037907545275954763 0.0051006946997644515 0.0030000000000000001
v -0.0037010935448968376 0.0051317407715328108 0.0030000000000000001
v -0.0036102784721561997 0.0051602647798947169 0.0030000000000000001
v -0.0035184339879187035 0.0051863055860126069 0.0030000000000000001
v -0.0033945657511223163 0.0052172271066753982 0.0030000000000000001
v -0.0032535704369016337 0.0052469104318505783 0.0030000000000000001
v -0.0031111454860784367 0.005271279442907245 0.0030000000000000001
v -0.0029675858790500138 0.0052904105517983914 0.0030000000000000001
v -0.0028231598705292238 0.0053043633336810787 0.0030000000000000001
v -0.0026781102622527126 0.005313179577798908 0.0030000000000000001
v -0.00253265541393961 0.005316881504437803 0.0030000000000000001
v -0.002387007321776013 0.005315469622590897 0.0030000000000000001
v -0.0022414107891433523 0.0053089245174070838 0.0030000000000000001
v -0.0020960819588463752 0.0052972058150783053 0.0030000000000000001
v -0.0019512499371061596 0.0052802507495246552 0.0030000000000000001
v -0.0018071613150242446 0.0052579740508989911 0.0030000000000000001
v -0.0016640814788702212 0.0052302664898641856 0.0030000000000000001
v -0.0015222962294253119 0.0051969920381580714 0.0030000000000000001
v -0.0013821235317193919 0.0051579863942464886 0.0030000000000000001
v -0.0012439412464618339 0.0051130610653376263 0.0030000000000000001
v -0.0011361185592921256 0.0050731061852335307 0.0030000000000000001
v -0.0010357087199223377 0.0050316379674060288 0.0030000000000000001
v -0.00093711694823253187 0.0049864979191419226 0.0030000000000000001
v -0.00084061575077460813 0.0049375681903664126 0.0030000000000000001
v -0.00074651723881690878 0.0048847256356225627 0.0030000000000000001
v -0.00065518339514081042 0.0048278471290050693 0.0030000000000000001
v -0.00057568541537680157 0.0047731036161650304 0.0030000000000000001
v -0.00050662255346050353 0.0047208873573196175 0.0030000000000000001
v -0.00044020979466558751 0.0046658283228513085 0.0030000000000000001
v -0.00037676279036232213 0.004607889036478856 0.0030000000000000001
v -0.00032248711648673838 0.0045532679629757362 0.0030000000000000001
v -0.00027617007735947896 0.0045021112424841799 0.0030000000000000001
v -0.00023247932124657265 0.0044490859561887707 0.0030000000000000001
v -0.00019559528443252125 0.0043998009985118016 0.0030000000000000001
v -0.0001645246503673539 0.0043542187130888796 0.0030000000000000001
v -0.00013559760742396708 0.0043075140621560747 0.0030000000000000001
v -0.0001089483205791657 0.0042597487229802484 0.0030000000000000001
v -9.1464179607555097e-05 0.0042251947343900625 0.0030000000000000001
v -7.5245052177101671e-05 0.0041901789102568041 0.0030000000000000001
v 0.00023084183829673663 0.0041863282826201031 0.0030000000000000001
v 0.00053644720627782447 0.0041673140481869831 0.0030000000000000001
v 0.00081043440889831935 0.0041372001859902186 0.0030000000000000001
v 0.001055662029057275 0.0040995271641999769 0.0030000000000000001
v 0.0012991425771561298 0.0040517953923951532 0.0030000000000000001
v 0.0015404218016071014 0.0039939530556766158 0.0030000000000000001
v 0.0017790258349147908 0.0039259410308244008 0.0030000000000000001
v 0.0020144461887717071 0.0038476980129449364 0.0030000000000000001
v 0.0022124122993292285 0.0037727952000980781 0.0030000000000000001
v 0.0023838997128062143 0.0037007388875070534 0.0030000000000000001
v 0.0025527733930877719 0.0036228354575896307 0.0030000000000000001
v 0.0027187678645840653 0.0035390621229118612 0.0030000000000000001
v 0.0028816028270238418 0.0034494001154578018 0.0030000000000000001
v 0.0030409826596493232 0.003353835992529339 0.0030000000000000001
v 0.0031965939669666068 0.0032523644331657847 0.0030000000000000001
v 0.0033481077973058588 0.0031449884520952081 0.0030000000000000001
v 0.0034951752021520968 0.0030317242901333409 0.0030000000000000001
v 0.0036374282057537299 0.0029126037878208738 0.0030000000000000001
v 0.0037744813584862616 0.0027876764369989351 0.0030000000000000001
v 0.0039059331156766977 0.0026570116117037843 0.0030000000000000001
v 0.0040313625305833543 0.0025207066722733058 0.0030000000000000001
v 0.0041503327282500467 0.0023788906894010903 0.0030000000000000001
v 0.0042623956163372733 0.0022317265114921896 0.0030000000000000001
v 0.0043670959268534738 0.00207941528214734 0.0030000000000000001
v 0.0044546531488463261 0.0019381345015623264 0.0030000000000000001
v 0.0045277646731217876 0.0018077578252066633 0.0030000000000000001
v 0.0045952390678747294 0.001674509224729812 0.0030000000000000001
v 0.0046568466306904444 0.0015385863643981069 0.0030000000000000001
v 0.0047123691769922543 0.0014002073778136255 0.0030000000000000001
v 0.0047616038384948982 0.0012596083025442988 0.0030000000000000001
v 0.0048043610070874114 0.0011170593625545373 0.0030000000000000001
v 0.004840474902060873 0.00097284704940800242 0.0030000000000000001
v 0.0048698061407195818 0.00082727174134744066 0.0030000000000000001
v 0.0048922435383962825 0.00068064792928926884 0.0030000000000000001
v 0.0049077062437704591 0.00053330447677476459 0.0030000000000000001
v 0.0049161462242363757 0.00038558447262537868 0.0030000000000000001
v 0.0049175507438630603 0.00023782555646775856 0.0030000000000000001
v 0.0049135645330127386 0.00011872156824320229 0.0030000000000000001
v 0.0049050332076478577 -1.6288589949065013e-11 0.0030000000000000001
v -7.5245052177101495e-05 -0.0041901789102568024 0.0030000000000000001
v 0.00023084183691526156 -0.0041863282826717042 0.0030000000000000001
v 0.00053644720352270922 -0.0041673140484272597 0.0030000000000000001
v 0.00081043440492254044 -0.0041372001865181323 0.0030000000000000001
v 0.0010556620240025224 -0.004099527165082893 0.0030000000000000001
v 0.0012991425710474637 -0.0040517953937248847 0.0030000000000000001
v 0.001540421794476032 -0.0039939530575458749 0.0030000000000000001
v 0.0017790258268000473 -0.0039259410333268401 0.0030000000000000001
v 0.0020144461797198384 -0.0038476980161751225 0.0030000000000000001
v 0.0022124122904080643 -0.0037727952036695068 0.0030000000000000001
v 0.0023838997032448184 -0.0037007388917184173 0.0030000000000000001
v 0.0025527733829242422 -0.0036228354624951117 0.0030000000000000001
v 0.0027187678538609845 -0.0035390621285657335 0.0030000000000000001
v 0.002881602815788508 -0.0034494001219143181 0.0030000000000000001
v 0.0030409826479541658 -0.0033538359998424791 0.0030000000000000001
v 0.0031965939548693686 -0.003252364441389093 0.0030000000000000001
v 0.0033481077848702759 -0.0031449884612812732 0.0030000000000000001
v 0.0034951751894482432 -0.0030317243003333467 0.0030000000000000001
v 0.0036374281928581776 -0.002912603799084177 0.0030000000000000001
v 0.0037744813454822913 -0.0027876764493725403 0.0030000000000000001
v 0.0039059331026546885 -0.0026570116252315748 0.0030000000000000001
v 0.0040313625176414134 -0.0025207066869945925 0.0030000000000000001
v 0.0041503327154933742 -0.002378890705350278 0.0030000000000000001
v 0.004262395603878184 -0.0022317265286975379 0.0030000000000000001
v 0.004367095914810987 -0.0020794153006298433 0.0030000000000000001
v 0.0044546531372856241 -0.0019381345212052771 0.0030000000000000001
v 0.0045277646620847959 -0.0018077578458965198 0.0030000000000000001
v 0.0045952390574490777 -0.0016745092464631631 0.0030000000000000001
v 0.0046568466209653946 -0.0015385863871653783 0.0030000000000000001
v 0.004712369168057568 -0.0014002074015997514 0.0030000000000000001
v 0.0047616038304410984 -0.0012596083273257661 0.0030000000000000001
v 0.0048043610000041807 -0.0011170593883000647 0.0030000000000000001
v 0.0048404748960356025 -0.00097284707607993965 0.0030000000000000001
v 0.0048698061358366119 -0.00082727176890147274 0.0030000000000000001
v 0.0048922435347360177 -0.00068064795767421081 0.0030000000000000001
v 0.0049077062414083694 -0.00053330450593227455 0.0030000000000000001
v 0.0049161462232418813 -0.00038558450249045258 0.0030000000000000001
v 0.0049175507442987126 -0.00023782558697260235 0.0030000000000000001
v 0.0049135645346683795 -0.00011872159967708639 0.0030000000000000001
v -0.004105342501665033 -0.002629258251983057 0.0030000000000000001
v -0.0042116682871399516 -0.0026859622110557623 0.0030000000000000001
v -0.0043053591045503648 -0.0027416892876165329 0.0030000000000000001
v -0.0043966225618567861 -0.0028020614577481682 0.0030000000000000001
v -0.0044761989002131651 -0.0028605183977993128 0.0030000000000000001
v -0.0045453313878015475 -0.0029165754826327127 0.0030000000000000001
v -0.0046052056849210966 -0.0029698907943090953 0.0030000000000000001
v -0.0046569310292421569 -0.0030202438243275916 0.0030000000000000001
v -0.0047063602023429832 -0.0030728819614150192 0.0030000000000000001
v -0.0047532159942058148 -0.0031278158328856141 0.0030000000000000001
v -0.0047929351906924539 -0.0031792059295019924 0.0030000000000000001
v -0.0048265018521083227 -0.0032270189525561667 0.0030000000000000001
v -0.0048578221518440186 -0.0032762823531923713 0.0030000000000000001
v -0.0048867166194010636 -0.0033269534261304557 0.0030000000000000001
v -0.0049104993179061749 -0.0033737184469438486 0.0030000000000000001
v -0.0049299901543766317 -0.00341670460464274 0.0030000000000000001
v -0.0049475640921074369 -0.003460481664847938 0.0030000000000000001
v -0.0049631261566049183 -0.0035049849030904644 0.0030000000000000001
v -0.0049765879502644533 -0.0035501426456057885 0.0030000000000000001
v -0.0049878689110354479 -0.003595876106786057 0.0030000000000000001
v -0.004996897673704084 -0.0036420992323603846 0.0030000000000000001
v -0.0050030475132570185 -0.0036840416078224654 0.0030000000000000001
v -0.0050069506288627089 -0.0037220036682218301 0.0030000000000000001
v -0.0050092870442514422 -0.0037601093933904029 0.0030000000000000001
v -0.005010043345804677 -0.0037982984416137159 0.0030000000000000001
v -0.0050092132340930672 -0.0038365080818324329 0.0030000000000000001
v -0.0050067973377379742 -0.0038746815568758172 0.0030000000000000001
v -0.0050028030818313153 -0.0039127593854028633 0.0030000000000000001
v -0.0049972446158276255 -0.0039506830699296966 0.0030000000000000001
v -0.0049901423791257138 -0.0039883966462980142 0.0030000000000000001
v -0.0049815226759363741 -0.0040258466881686258 0.0030000000000000001
v -0.004971417250150119 -0.0040629823115150027 0.0030000000000000001
v -0.0049598628602048889 -0.0040997551791168195 0.0030000000000000001
v -0.0049469005240562625 -0.0041361204295497439 0.0030000000000000001
v -0.004932574009597155 -0.0041720390698190592 0.0030000000000000001
v -0.0049169297169332363 -0.0042074758293547797 0.0030000000000000001
v -0.0049000158871389072 -0.0042423995168891495 0.0030000000000000001
v -0.0048818820399738842 -0.004276782830217628 0.0030000000000000001
v -0.004862578463980383 -0.0043106021357304999 0.0030000000000000001
v -0.0048421557453741547 -0.0043438372585713862 0.0030000000000000001
v -0.0048206643357293529 -0.0043764712834226645 0.0030000000000000001
v -0.0047981541584572645 -0.0044084903659177841 0.0030000000000000001
v -0.0047746742540788712 -0.0044398835546804894 0.0030000000000000001
v -0.0047502730374223059 -0.0044706419165369852 0.0030000000000000001
v -0.0047163906764656266 -0.0045106495141480508 0.0030000000000000001
v -0.004676548419258803 -0.0045542854250773396 0.0030000000000000001
v -0.0046350106102351742 -0.0045964727132407467 0.0030000000000000001
v -0.0045919060460593974 -0.004637219886298667 0.0030000000000000001
v -0.0045473564575034498 -0.0046765388149860795 0.0030000000000000001
v -0.0045014763569365453 -0.0047144444244004305 0.0030000000000000001
v -0.0044543728920003215 -0.0047509543902675179 0.0030000000000000001
v -0.0044061457054692986 -0.004786088840185364 0.0030000000000000001
v -0.0043568868012966071 -0.0048198700598460886 0.0030000000000000001
v -0.0042897478298245754 -0.0048628486443163775 0.0030000000000000001
v -0.0042124224087799018 -0.0049084522323366749 0.0030000000000000001
v -0.0041333890275118846 -0.0049512443077473038 0.0030000000000000001
v -0.0040512431097390255 -0.0049920713258945317 0.0030000000000000001
v -0.0039659957941136185 -0.0050308960793827547 0.0030000000000000001
v -0.0038791081238754768 -0.0050670920950499528 0.0030000000000000001
v -0.0037907545275949238 -0.0051006946997646527 0.0030000000000000001
v -0.0037010935448963428 -0.0051317407715329747 0.0030000000000000001
v -0.003610278472155757 -0.0051602647798948478 0.0030000000000000001
v -0.0035184339879183063 -0.0051863055860127136 0.0030000000000000001
v -0.0033945657511219836 -0.0052172271066754771 0.0030000000000000001
v -0.0032535704369013882 -0.0052469104318506286 0.0030000000000000001
v -0.0031111454860782831 -0.005271279442907271 0.0030000000000000001
v -0.0029675858790499431 -0.0052904105517983984 0.0030000000000000001
v -0.0028231598705292333 -0.0053043633336810779 0.0030000000000000001
v -0.0026781102622528206 -0.0053131795777989071 0.0030000000000000001
v -0.0025326554139398203 -0.0053168815044378048 0.0030000000000000001
v -0.0023870073217762407 -0.0053154696225909065 0.0030000000000000001
v -0.0022414107891435887 -0.0053089245174071011 0.0030000000000000001
v -0.0020960819588466241 -0.0052972058150783305 0.0030000000000000001
v -0.0019512499371064159 -0.0052802507495246899 0.0030000000000000001
v -0.0018071613150245037 -0.0052579740508990379 0.0030000000000000001
v -0.0016640814788704882 -0.0052302664898642472 0.0030000000000000001
v -0.0015222962294255881 -0.0051969920381581452 0.0030000000000000001
v -0.0013821235317196623 -0.005157986394246571 0.0030000000000000001
v -0.0012439412464620952 -0.0051130610653377173 0.0030000000000000001
v -0.0011361185592925753 -0.0050731061852337085 0.0030000000000000001
v -0.001035708719922698 -0.0050316379674061841 0.0030000000000000001
v -0.00093711694823281875 -0.0049864979191420623 0.0030000000000000001
v -0.00084061575077481825 -0.0049375681903665236 0.0030000000000000001
v -0.00074651723881706024 -0.0048847256356226521 0.0030000000000000001
v -0.00065518339514094822 -0.0048278471290051613 0.0030000000000000001
v -0.00057568541537692788 -0.0047731036161651249 0.0030000000000000001
v -0.0005066225534606152 -0.0047208873573197111 0.0030000000000000001
v -0.00044020979466568612 -0.0046658283228513979 0.0030000000000000001
v -0.00037676279036241223 -0.0046078890364789444 0.0030000000000000001
v -0.00032248711648686339 -0.0045532679629758698 0.0030000000000000001
v -0.00027617007735962468 -0.0045021112424843482 0.0030000000000000001
v -0.00023247932124672679 -0.0044490859561889728 0.0030000000000000001
v -0.00019559528443269003 -0.0043998009985120453 0.0030000000000000001
v -0.00016452465036752691 -0.0043542187130891528 0.0030000000000000001
v -0.00013559760742412201 -0.0043075140621563436 0.0030000000000000001
v -0.00010894832057929873 -0.0042597487229805034 0.0030000000000000001
v -9.1464179607617113e-05 -0.0042251947343901908 0.0030000000000000001
v 0.0049050332076478577 -1.6288589949065013e-11 0.0030000000000000001
v 0.0051853396818988019 -3.4236145800751892e-18 0.0031707789667220253
v 0.0054573058500870467 5.3100292722537956e-19 0.0033542975662485281
v 0.0056939573722586097 -9.1658117909388898e-19 0.0035305833989781577
v 0.0058995559588290213 -1.2427866155261509e-19 0.0036984114695481902
v 0.0060973548260402979 8.496897024157278e-19 0.0038750404854786956
v 0.0062865013125963654 -1.9194889182108698e-18 0.0040605371357214926
v 0.0064485720530028717 -4.8033631208747874e-18 0.0042350825699451373
v 0.0065872080737846466 2.3634385201562976e-18 0.0043983090102310239
v 0.0067184099311460958 3.8992600725897359e-15 0.004567282552558268
v 0.0068415808898195938 1.5624798960611772e-13 0.0047418905812272412
v 0.0069561036158582246 1.5092182527591319e-12 0.0049219703802030265
v 0.0070512572462522747 6.7404057413812287e-12 0.0050885361932402314
v 0.0071300864898772203 1.3624119478296936e-11 0.0052419109912582905
v 0.0072021256832634859 3.6949963639612774e-12 0.0053983959894702751
v 0.0072670373943011001 -7.2227720745669458e-13 0.0055577513545608083
v 0.0073245038973172947 2.0399798721503364e-12 0.0057197045660402684
v 0.0073742351739910558 3.7172070545947997e-12 0.0058839574758084512
v 0.0074159730701844383 1.1993940760799298e-13 0.0060501855751187118
v 0.0074494959374811192 -4.2647264822226953e-12 0.0062180372338414645
v 0.0074746237594321826 -1.0775379757927875e-12 0.0063871329120270279
v 0.0074899502251294476 7.195767764197365e-12 0.0065400458343303014
v 0.0074974877930572576 1.35372850356083e-12 0.0066699959953318766
v 0.0074999999999999989 -1.2788591065671135e-13 0.0068000000233274125
v -7.5245052177101495e-05 -0.0041901789102568024 0.0030000000000000001
v 0.00023084183691526156 -0.0041863282826717042 0.0030000000000000001
v 0.00053644720352270922 -0.0041673140484272597 0.0030000000000000001
v 0.00081043440492254044 -0.0041372001865181323 0.0030000000000000001
v 0.0010556620240025224 -0.004099527165082893 0.0030000000000000001
v 0.0012991425710474637 -0.0040517953937248847 0.0030000000000000001
v 0.001540421794476032 -0.0039939530575458749 0.0030000000000000001
v 0.0017790258268000473 -0.0039259410333268401 0.0030000000000000001
v 0.0020144461797198384 -0.0038476980161751225 0.0030000000000000001
v 0.0022124122904080643 -0.0037727952036695068 0.0030000000000000001
v 0.0023838997032448184 -0.0037007388917184173 0.0030000000000000001
v 0.0025527733829242422 -0.0036228354624951117 0.0030000000000000001
v 0.0027187678538609845 -0.0035390621285657335 0.0030000000000000001
v 0.002881602815788508 -0.0034494001219143181 0.0030000000000000001
v 0.0030409826479541658 -0.0033538359998424791 0.0030000000000000001
v 0.0031965939548693686 -0.003252364441389093 0.0030000000000000001
v 0.0033481077848702759 -0.0031449884612812732 0.0030000000000000001
v 0.0034951751894482432 -0.0030317243003333467 0.0030000000000000001
v 0.0036374281928581776 -0.002912603799084177 0.0030000000000000001
v 0.0037744813454822913 -0.0027876764493725403 0.0030000000000000001
v 0.0039059331026546885 -0.0026570116252315748 0.0030000000000000001
v 0.0040313625176414134 -0.0025207066869945925 0.0030000000000000001
v 0.0041503327154933742 -0.002378890705350278 0.0030000000000000001
v 0.004262395603878184 -0.0022317265286975379 0.0030000000000000001
v 0.004367095914810987 -0.0020794153006298433 0.0030000000000000001
v 0.0044546531372856241 -0.0019381345212052771 0.0030000000000000001
v 0.0045277646620847959 -0.0018077578458965198 0.0030000000000000001
v 0.0045952390574490777 -0.0016745092464631631 0.0030000000000000001
v 0.0046568466209653946 -0.0015385863871653783 0.0030000000000000001
v 0.004712369168057568 -0.0014002074015997514 0.0030000000000000001
v 0.0047616038304410984 -0.0012596083273257661 0.0030000000000000001
v 0.0048043610000041807 -0.0011170593883000647 0.0030000000000000001
v 0.0048404748960356025 -0.00097284707607993965 0.0030000000000000001
v 0.0048698061358366119 -0.00082727176890147274 0.0030000000000000001
v 0.0048922435347360177 -0.00068064795767421081 0.0030000000000000001
v 0.0049077062414083694 -0.00053330450593227455 0.0030000000000000001
v 0.0049161462232418813 -0.00038558450249045258 0.0030000000000000001
v 0.0049175507442987126 -0.00023782558697260235 0.0030000000000000001
v 0.0049135645346683795 -0.00011872159967708639 0.0030000000000000001
v 0.0013367344147932054 -0.0058651516328134768 0.0067999999999999883
v 0.0013768433760768318 -0.0058673408428609681 0.0066599371442850339
v 0.0014114298934279979 -0.0058654910617860836 0.0065186200365251771
v 0.0014404859348886388 -0.0058595211325288051 0.0063763978375653649
v 0.0014640183935146274 -0.0058493753992871229 0.0062336227113903749
v 0.0014820469799512711 -0.0058350245856340667 0.0060906437502859217
v 0.0014946018689320879 -0.0058164662740509262 0.0059478062865351289
v 0.0015017213550460181 -0.0057937253825904407 0.0058054512370085843
v 0.0015034498432122084 -0.0057668442426155727 0.0056638643624691478
v 0.0014998281176668183 -0.0057358744469789618 0.0055232734277383322
v 0.0014908748117312912 -0.0057008447052155986 0.0053837576896105382
v 0.0014765843000720735 -0.0056618006799659141 0.0052454580944662358
v 0.0014569571616608046 -0.0056188510285485726 0.0051086875911259709
v 0.0014319995088581915 -0.0055721297816138235 0.0049737505697487628
v 0.0014017236802211757 -0.0055217946671597519 0.0048409403298937956
v 0.0013661497271169562 -0.0054680258787612231 0.004710538922810802
v 0.0013253065108162286 -0.0054110238733342791 0.0045828150385032306
v 0.0012792335036859548 -0.005351007051009527 0.0044580226332478576
v 0.0012279824895862 -0.0052882097372127729 0.0043364006661475857
v 0.0011716181592095578 -0.0052228782443988243 0.0042181695853505535
v 0.0011102197037026994 -0.0051552685433808743 0.0041035315952223607
v 0.0010438821630686106 -0.0050856436271988674 0.0039926705772326456
v 0.0009727152255328762 -0.0050142686476528676 0.0038857484892849637
v 0.00089684413960932502 -0.0049414092385484908 0.0037829066669604009
v 0.00081640887871589716 -0.00486732751292537 0.0036842655716993519
v 0.00073156326511741854 -0.0047922802396663912 0.0035899243748505364
v 0.00064247344042141761 -0.0047165153067721989 0.0034999618209029673
v 0.00054931674693114009 -0.0046402705915873175 0.0034144370131659468
v 0.00045227899904867936 -0.0045637711956545111 0.0033333897192696286
v 0.00035155313959372791 -0.0044872287132486973 0.0032568422377249519
v 0.00024733814223534329 -0.0044108407444451818 0.0031848014226456972
v 0.00013983720938508265 -0.0043347904154419992 0.0031172599981449485
v 3.3630738864900145e-05 -0.0042621854849799069 0.0030565775789929733
v 0.007496196644786378 -0.00018980256376182941 0.006799999999958335
v 0.0074847792570267345 -0.00037955240404391298 0.0068000000000003284
v 0.0074657552605290403 -0.00056895002079998286 0.0068000000000002668
v 0.0074391619489707498 -0.00075766738929276768 0.0068000000000001263
v 0.0074050635347679989 -0.00094539077910195651 0.0068000000000000291
v 0.0073635486484382694 -0.001131821968923323 0.0067999999999999979
v 0.0073147281241658464 -0.0013166778006521679 0.0068000000000000074
v 0.0072587329625579252 -0.0014996897604416847 0.0068000000000000222
v 0.0071957124705875871 -0.0016806035867352241 0.0068000000000000187
v 0.0071258325787199516 -0.0018591789052714159 0.0068000000000000014
v 0.0070492743352177471 -0.0020351888910611383 0.006799999999999997
v 0.0069662325776225723 -0.0022084199573352797 0.0068000000000000317
v 0.0068769147814081374 -0.0023786714714622852 0.0068000000000001002
v 0.0067815400855991415 -0.0025457554981587961 0.0068000000000001176
v 0.0066803250772332918 -0.0027095166320574176 0.0068000000000000586
v 0.0065734824342274971 -0.0028698256682926871 0.0068000000000000196
v 0.0064612341798900609 -0.0030265554582849228 0.0068000000000000014
v 0.0063438024398689034 -0.0031795937007949213 0.0067999999999999988
v 0.0062214082859497815 -0.0033288420605043865 0.0068000000000000022
v 0.0060942705802870395 -0.0034742152871306054 0.0068000000000000022
v 0.005962604820347943 -0.0036156403353346479 0.006799999999999997
v 0.0058266221760011842 -0.003753055317378423 0.0067999999999999962
v 0.0056865305328799957 -0.003886407231556129 0.0067999999999999962
v 0.0055425304274753558 -0.0040156545388864142 0.0067999999999999962
v 0.0053948166116044548 -0.0041407637887131126 0.006799999999999997
v 0.0052435785808499433 -0.0042617082229213362 0.0067999999999999988
v 0.0050367627415772278 -0.0044164541904576403 0.0067999999999999979
v 0.0047975171391080838 -0.0045816097678611587 0.0067999999999999944
v 0.0045518510512747943 -0.0047372847999707802 0.0067999999999999901
v 0.0043002975606710883 -0.0048834773779125439 0.0067999999999999892
v 0.0040433663245410438 -0.0050201977121188826 0.0067999999999999909
v 0.0037815368420860461 -0.0051474694575188483 0.0067999999999999944
v 0.0035152635834939557 -0.0052653246064227029 0.0067999999999999866
v 0.0032449764031762048 -0.0053738015510056258 0.0067999999999999805
v 0.0029710832466364359 -0.0054729424176046476 0.0067999999999999892
v 0.0026939729458877754 -0.0055627910577918226 0.0067999999999999927
v 0.0024140161538030885 -0.0056433917245982141 0.0067999999999999875
v 0.002131569802251453 -0.0057147875364830878 0.0067999999999999866
v 0.001846976412414481 -0.0057770200812383762 0.0067999999999999883
v 0.0015924641144559612 -0.005824677540412688 0.0067999999999999892
v 0.0031387331670699424 -0.0038079729150385126 0.0033502949039181011
v 0.0054373095956902189 -0.00036789668896386479 0.0033346085379004674
v 0.005548835363093885 -0.00037772147230068009 0.0034155521298400555
v 0.0055460859198754155 -0.00045439096922729206 0.0034161853654494337
v 0.005656667695092682 -0.00046593018366886964 0.0035004653415013974
v 0.0056519384254877913 -0.00054287148606711776 0.0035011313523566406
v 0.0057505389980387657 -0.00055468431611783043 0.0035799857559659469
v 0.0057438483494494747 -0.00063170586122330099 0.0035806509442676427
v 0.0058317206936458277 -0.00064350965554986299 0.0036541685306676012
v 0.0058231013235741542 -0.00072044239769810043 0.0036548013376247702
v 0.0059100332616119997 -0.00073332954978402062 0.0037308271786747212
v 0.0058994933791393818 -0.00081010742047278659 0.0037314005057415061
v 0.0074728031573642007 -0.00028363206065723745 0.0064304197200933961
v 0.007457378115842299 -0.00037705156497967496 0.0063495326024608136
v 0.0074805338604683001 -0.00028299846042750723 0.0065127605420124352
v 0.0074385641859081716 -0.00046980289115983517 0.0062697038688337937
v 0.0074669173583075546 -0.00037628210148898299 0.0064309438660218095
v 0.007449853187647573 -0.00046891720638632156 0.0063501309856275291
v 0.0074294337615411704 -0.00056084151070174388 0.0062703533644974151
v 0.007416454762161389 -0.00056182642977139553 0.0061909561246835066
v 0.0073627184264734155 -0.00074349475556026456 0.0060367609126159259
v 0.0073911424932135003 -0.00065307139286104412 0.0061133050766109176
v 0.0073449411819578826 -0.00074473355828541315 0.0059605997438090148
v 0.0074057514985386283 -0.00065200155820733889 0.0061916340370994812
v 0.0073312704437256525 -0.00083306031371986784 0.0059613255749654866
v 0.0073098088937872509 -0.00083452388539003483 0.0058780149820833677
v 0.0073788978090411055 -0.00074235168304289864 0.006113989310802718
v 0.0072946560731343346 -0.00092188527043584559 0.0058787076942366226
v 0.007268767032251656 -0.00092362379428069985 0.0057877450433918261
v 0.0072521651724560621 -0.0010099874620250822 0.0057883904991468818
v 0.0072242009073042396 -0.001011854218473658 0.0056990928230265204
v 0.0037225186531009572 -0.003426649454333722 0.003346667771618953
v 0.0036383646636523 -0.0034897492603195531 0.003348058920350947
v 0.0039340469058327839 -0.0035278328225604298 0.0035340591982225902
v 0.004020805680959182 -0.0034583559160925362 0.003532244318593657
v 0.003553660327427642 -0.0035504298159908599 0.003349289595299967
v 0.0038467484301505672 -0.0035946651029980848 0.0035357410886316409
v 0.0041413052179987211 -0.00361385083030591 0.0037283770443227973
v 0.004231096799408026 -0.0035404629229675287 0.0037263188086364206
v 0.0034684206971286537 -0.003608767950250454 0.0033503455918696295
v 0.0033310650256115726 -0.0041467585156881037 0.0037369148287801045
v 0.0027672012068054594 -0.0039993014823730636 0.00335136962911311
v 0.0026644504127618144 -0.0040448573136729615 0.003350339620786976
v 0.0025429366019004873 -0.0040953445702723267 0.003348741149840277
v 0.0050762265401736988 -0.0043206347517392744 0.0058884194729374112
v 0.0051469737764468192 -0.0042067495780038515 0.005667079329818696
v 0.0050643050931061407 -0.004271309788642038 0.0056683707554416431
v 0.0052291823042598488 -0.0041404510845923564 0.0056657313291601724
v 0.0022435755506934529 -0.0047053091613967002 0.0038477253701893373
v 0.0022835785932133535 -0.0047385988151014743 0.0039027087599196922
v 0.0034867061289841129 -0.0044383282225007401 0.0041485371662158786
v 0.0049923724250547172 -0.0043831193363841822 0.0058895259027640983
v 0.0014265154973877238 -0.0045182816276961605 0.0034188198397231808
v 0.0014657439016534063 -0.004560786566209416 0.0034685353967523532
v 0.0049081395907542595 -0.0044439467108835923 0.0058905580930181667
v 0.0012542965426184272 -0.004503885930687325 0.0033723687827310923
v 0.0012947688158894471 -0.0045462856731212 0.0034203273844611109
v 0.0048235454246907065 -0.0045031578599638508 0.005891506616551561
v 0.0010814865443353006 -0.0044859227641399551 0.0033273625585705522
v 0.0023312697481453633 -0.0048848656384994768 0.0041104752382370687
v 0.0011232081826489688 -0.0045281988061693472 0.0033735233755642362
v 0.0023676494175129846 -0.0049149802342302509 0.0041683024657394752
v 0.0024014818877736463 -0.0049454921194938993 0.0042275833895170064
v 0.002432791007394275 -0.004976306850011469 0.0042882663827592737
v 0.0036052460932013675 -0.0046807778956475705 0.0045776376971287253
v 0.0047382189455229965 -0.0045989676373187219 0.0061110217592468142
v 0.0047386023302679915 -0.0045607941231339943 0.0058923628717553241
v 0.0046525089979902717 -0.004654636912279228 0.0061118773737185664
v 0.0024702583359013197 -0.0050977023743170235 0.0045034048712175104
v 0.0045664961517858675 -0.0047088183456372758 0.0061126397188821912
v 0.0024975263284471327 -0.0051248066498206773 0.0045663107368083752
v 0.0025222297983109906 -0.0051519777431445436 0.0046304418508782332
v 0.0044513462454215252 -0.0047788117599985719 0.0061134969312581196
v 0.0025443933932723138 -0.005179129864533406 0.0046957339800521311
v 0.0036873951315621531 -0.0048737934738639936 0.005016768083160681
v 0.0044406316849201315 -0.00480650757613834 0.0063374556702398086
v 0.0025707511080142521 -0.0052753217106472792 0.0049151949980559819
v 0.0025886520698062141 -0.0052983772626113736 0.0049819837078396122
v 0.0043102058698111867 -0.0048815135978594821 0.0063385272567639938
v 0.0026040014189817138 -0.005321224390604608 0.0050497206347942403
v 0.0041791591792287273 -0.0049535065983819853 0.0063393077811898391
v 0.0037499999999999994 -0.0051172111917146572 0.0058976976009173874
v 0.0040474657511209008 -0.0050225995442729696 0.0063397778821984519
v 0.0026208055324962432 -0.0053964706299979709 0.0052704229877978438
v 0.0037348309072982944 -0.0050184963078158586 0.0054589007611594307
v 0.0026318402943919252 -0.0054150925154229836 0.005339028293896932
v 0.0039150930921780487 -0.005088895560105838 0.0063399208106016706
v 0.002640328848965031 -0.0054333620574935739 0.0054083494975178609
v 0.0037819989755323294 -0.0051524900066863858 0.006339722197015769
v 0.0026462817392469981 -0.005451225864654464 0.0054783032619043649
v 0.0036481340874167231 -0.0052134694476742268 0.0063391698163955002
v 0.0035134420481046894 -0.0052719119705624705 0.0063382533854837338
v 0.0026520807588569038 -0.0055023785018973054 0.0056977603401545326
v 0.0026537614251042141 -0.0055159812105002818 0.0057678795954787853
v 0.0033778602908257791 -0.0053278870571787703 0.0063369643771369159
v 0.0026529013495693258 -0.0055291358211211452 0.0058385779408718433
v 0.0032413213606731096 -0.0053814553079093571 0.0063352959081330205
v 0.002649475811396451 -0.0055417301716075562 0.0059092599596968194
v 0.0021118177575064232 -0.0057284146082221153 0.0063632685666217288
v 0.0019679808319811357 -0.0057608999672741842 0.0063645482071668213
v 0.006285551951985208 -0.00037891498202344021 0.0040581711167407535
v 0.0063619011448960861 -0.00038432839152282281 0.0041392078072477051
v 0.0063603882029858736 -0.00042318715039623561 0.0041397281006623566
v 0.0053632236498882754 -0.0010673999878202554 0.0033490737295291972
v 0.005344867932308801 -0.0011417897883476242 0.003349290168357865
v 0.0070606661405286661 -0.00049243806189209702 0.0051314699691551975
v 0.0071055972405908345 -0.00049251029918544989 0.0052208259975790178
v 0.0071486217245426264 -0.00049286463713452849 0.0053121320170577847
v 0.0071856156926000184 -0.00049338943643502571 0.0053959951139546918
v 0.0072383747777392078 -0.00045167123435546538 0.0055170665390607996
v 0.0072174302418502338 -0.00049400217746867897 0.0054728465480190858
v 0.0072868732378049998 -0.00040922832079334103 0.0056403438558373402
v 0.0072676535451224105 -0.0004521390726059087 0.0055952453942340269
v 0.0073294555178017966 -0.00036613704941420666 0.0057610555817847898
v 0.0073134932289973661 -0.00040956354435089313 0.0057197815551267009
v 0.0074111549582995548 -0.00084656349067137435 0.0064599198768596836
v 0.0073938861162258932 -0.00093961506159416378 0.0064599482055912576
v 0.00735712366455779 -0.0010791984052312522 0.0063848957278162801
v 0.0073749434890307943 -0.0010316200645075465 0.0064599663810848531
v 0.0073418659013091241 -0.0011251651684420145 0.0063441476344680784
v 0.0073252111878570024 -0.0011709731875401536 0.0062996199133487727
v 0.0073018215934777054 -0.0012625779237949539 0.0062996421073693567
v 0.007276849820647812 -0.0013530535171288533 0.0062996278686333141
v 0.0072503471625946286 -0.0014423909908456737 0.0062995603569400739
v 0.0043266792423460173 -0.0028939422243779793 0.0033442764713076676
v 0.0072223638117044223 -0.0015305841568257457 0.0062994235800518609
v 0.0072155649900699755 -0.0015331696009059986 0.0062557769240897537
v 0.0040661998214528341 -0.0029949383113422137 0.0032552526826649833
v 0.004254003835709912 -0.002969100042212939 0.003345159028726525
v 0.0041803313467033039 -0.0030417662379376171 0.0033459164613546064
v 0.0039847414182483379 -0.0041440021398752771 0.0041398223620265334
v 0.0039323199973593827 -0.0041785213668120175 0.0041414984284476779
v 0.0058635339077167045 -0.0036962370784472541 0.0062242318693171176
v 0.0057916845240014144 -0.0037679386611386796 0.0062243548410300265
v 0.005719160219011003 -0.0038380611870333296 0.0062244218867041554
v 0.005572189743389507 -0.0039737131946588041 0.0062243410688746477
v 0.0054900220709030601 -0.0040580601639891127 0.0063359564619657506
v 0.0056459876656173519 -0.0039066406266521948 0.0062244210115893709
v 0.0044066259054583749 -0.004610128986455699 0.0053375054004676133
v 0.0044651260119557626 -0.0044778209631821751 0.0051131069893908887
v 0.0044200825683330027 -0.0045074321070229196 0.0051145430848540171
v 0.0043752464732039788 -0.0045363912567679063 0.0051159124049988272
v 0.0054139818773908171 -0.0041226307298034854 0.0063360698776809875
v 0.0053374007755633019 -0.0041857482476404988 0.006336083535495576
v 0.0044281107932883342 -0.0046728740852363549 0.0055587461364646233
v 0.0052602902934191257 -0.0042474499164322143 0.0063359884400217455
v 0.0051826592576991017 -0.0043077718892301923 0.0063357763033846789
v 0.0067539058071006781 -0.00046609666535766468 0.0046267380476052314
v 0.0067298454858215461 -0.0009557149582174755 0.0046832253826625493
v 0.0063555069434397017 -0.00089499236019206861 0.0041941509679527976
v 0.0062854926487883791 -0.0013864741622211367 0.0042468658849236646
v 0.0058518390149526374 -0.00127962975933621 0.0037807310925196281
v 0.0057348544976374635 -0.0017639768967420699 0.0038297837767825031
v 0.0052545863309200972 -0.001600277668983035 0.0033936561731967999
v 0.0057183210628600619 -0.0018032666175315209 0.0038301815392854793
v 0.0052472635381210792 -0.0016187512890818976 0.0033938216832302311
v 0.0052395560052704623 -0.0016374672318956083 0.0033938669201991809
v 0.0057007737356355691 -0.001843098997515006 0.0038303192342352887
v 0.0052075480580684287 -0.0017123696944253664 0.0033940610069087074
v 0.0056641993133382234 -0.001922771716707755 0.0038306106288916596
v 0.0071646029087263467 -0.00075037594514246251 0.0054158108267879654
v 0.0051908344531125692 -0.0017498360254460208 0.0033941673107961757
v 0.0056459753113006347 -0.0019614826107911486 0.0038309952186351575
v 0.0051826882260625606 -0.00176805638707593 0.0033943287330722022
v 0.0051741826514128588 -0.0017864313629314189 0.0033943694135867048
v 0.0056268010830220292 -0.0020005416489681854 0.0038311201101571667
v 0.0070193681313181844 -0.00099390827446519119 0.0051882371424016461
v 0.0069122498492577072 -0.0015112151794831853 0.0052423876614331472
v 0.0051390123988104275 -0.0018599227362693588 0.0033945523643427321
v 0.0055870123441803176 -0.0020786101728618618 0.0038313948366760892
v 0.0051207363281564828 -0.0018966553778992886 0.0033946573244432753
v 0.0055671516768668735 -0.0021166796567214309 0.0038317684545514439
v 0.0051117916796405202 -0.0019145906152125507 0.0033948158240502211
v 0.0051025173089527497 -0.0019325975277982501 0.0033948518511695146
v 0.0055464138245939687 -0.0021549140515252918 0.0038318799526220115
v 0.0050643043177134219 -0.0020045719504272422 0.0033950228506789411
v 0.0055035402469633486 -0.002231279002841547 0.0038321362933482275
v 0.0066398593418309938 -0.0014630742400529851 0.0047375365834621472
v 0.0064785629124572055 -0.0019811247320650361 0.0047906901576401347
v 0.0050445270657796882 -0.0020405195204546631 0.0033951257968196794
v 0.0054820982218384178 -0.0022686528983225178 0.0038325010434320963
v 0.005034809963178742 -0.0020581417930226431 0.0033952824663006677
v 0.005024797359681238 -0.0020757561892976416 0.0033953137823671859
v 0.0054598621113865625 -0.0023060167582642688 0.0038325987076604701
v 0.0049836660764198794 -0.0021461184399070863 0.0033954721693300579
v 0.0054140368785436117 -0.0023805896331135297 0.0038328352420667075
v 0.0049624511323172193 -0.00218123491100378 0.0033955725073736395
v 0.0053910695960710884 -0.0024172208238547764 0.0038331931126993129
v 0.0061446662236812194 -0.0018906723300108877 0.0042988707965605178
v 0.0049519881730844383 -0.0021985197934714564 0.0033957283597168572
v 0.0049400804454737077 -0.0022176105192662564 0.0033957559174295398
v 0.0053647666880560531 -0.0024576788500169991 0.0038332820451717074
v 0.0061266987196552233 -0.0019318060961195475 0.0042992689654652435
v 0.0064399699227825841 -0.0020660778497153939 0.0047913568754068495
v 0.0061175309639612532 -0.0019523745928887019 0.0042994691797808874
v 0.006107982461963677 -0.0019732348086681059 0.0042995298941600965
v 0.004891162718285518 -0.0022938057773392194 0.0033959143462787647
v 0.0053105515927033085 -0.0025383428523248134 0.0038335201076701406
v 0.006088505182645817 -0.0020149522018500549 0.0042996545234380793
v 0.006398375384957457 -0.002152248307681388 0.0047914506546440265
v 0.0048659315801642556 -0.0023317929949326155 0.003396024157339497
v 0.0052859764082053623 -0.0025741609653561507 0.0038338787085431076
v 0.0060685195447653965 -0.0020566613757509958 0.0042997841269990997
v 0.0048546715065712334 -0.0023487046139419369 0.0033961834427374453
v 0.004843423318681029 -0.0023653577562821109 0.0033963117093471331
v 0.0052612454309368646 -0.002609399205374314 0.0038341778406472534
v 0.0060488376042710104 -0.0020971612511636439 0.0043001636221803845
v 0.0063563555216538357 -0.0022358309678273975 0.0047920735918133275
v 0.0060388158879879483 -0.0021174056627572889 0.0043003556544183542
v 0.0048147527111604424 -0.0024064797273791612 0.0033963702926531961
v 0.005197511072288493 -0.0026962901704938062 0.0038343936882804974
v 0.0060284458482237398 -0.0021378457175750473 0.00430040768019693
v 0.0060073357243942563 -0.0021787082970292169 0.0043005172655223144
v 0.0063115087963619126 -0.0023201798687531514 0.0047921318782615137
v 0.0059857312615594974 -0.0022195434372684277 0.0043006349200598367
v 0.0047555873887401342 -0.0024883839120623222 0.0033965725210725068
v 0.0051646950102214699 -0.0027395294020835779 0.0038345467205263299
v 0.0047404165221995994 -0.0025087838233906795 0.0033966417149887619
v 0.0072406150441389448 -0.0012737681046141468 0.0059795934565337414
v 0.0059643911470354223 -0.0022593484741630161 0.004300997918571435
v 0.0062661782244769204 -0.0024022753387329928 0.0047927153332621344
v 0.0059535440795681549 -0.0022792386174916262 0.0043011828097008382
v 0.0059423856312859824 -0.0022992342936605653 0.0043012257588591228
v 0.0059197096242457094 -0.0023391944489617798 0.0043013193883823684
v 0.0062182170109270941 -0.002484714455271628 0.0047927360550507623
v 0.0071030980548674695 -0.0015335132102765605 0.0057514772295718221
v 0.0069122764799301522 -0.002062301159755683 0.0058018956665224853
v 0.0058965542100018007 -0.0023791090606605212 0.0043014239981979899
v 0.0058736131682280319 -0.002418166921613838 0.0043017726224783403
v 0.0061696928827037686 -0.0025652234125166568 0.00479328427577334
v 0.0058619697689279368 -0.0024376769350721106 0.0043019513839434803
v 0.0069343267922506993 -0.0017889425065553595 0.0055229790666020059
v 0.0058500568582472686 -0.0024572067263799874 0.0043019849745903095
v 0.005825883446673198 -0.0024962222793285024 0.0043020619480955875
v 0.006118756988274885 -0.0026456752238717151 0.0047932658860601173
v 0.0058012463164641478 -0.0025351753095935914 0.0043021526287312607
v 0.0067342233919630195 -0.0020373349233686043 0.0052949524965665998
v 0.0057767619983719034 -0.0025734408291089102 0.0043024889234799385
v 0.0060671563900552439 -0.0027245127135701788 0.0047937830225229872
v 0.0067144512174461797 -0.0020806682780386589 0.005295157876466147
v 0.0068714760325555603 -0.0021497424678444351 0.0058019486945836167
v 0.0057643514201806663 -0.0025925484449720289 0.0043026625268810844
v 0.0057503196950369241 -0.0026136873112289332 0.0043026869431322078
v 0.0066941801550017659 -0.0021239939924014867 0.0052953638917879022
v 0.0068503322795892031 -0.0021934419990854962 0.0058019750042223135
v 0.0066838570362677523 -0.0021456524922391696 0.0052954673911534958
v 0.0057218427562342501 -0.00265589568222625 0.0043027502661729337
v 0.0060073529209824965 -0.0028115136897106136 0.0047937114854591503
v 0.0066731786932687203 -0.0021676365689850294 0.005295422113322513
v 0.0068282622451126583 -0.0022378036492494572 0.0058017022620676416
v 0.0056928145641229489 -0.0026980065429916336 0.0043028337689631152
v 0.0066514337927761763 -0.0022115901541063486 0.0052953335694552591
v 0.0056667261643108422 -0.0027354130804851428 0.004303164351139901
v 0.00595260144297265 -0.0028885572161761932 0.0047942088280747705
v 0.0066299585435935105 -0.0022542191591472614 0.0052955117446624473
v 0.0067841259868052653 -0.0023237863300481923 0.0058016991397164853
v 0.0056535183378174977 -0.0027540848561487976 0.0043033361287410738
v 0.0056403514080571957 -0.0027724765420376819 0.0043034717592088439
v 0.00660799342401815 -0.0022968218268740572 0.0052956937612564387
v 0.0067613280167268053 -0.0023667292204642408 0.0058017021903524011
v 0.0056136995141945218 -0.0028091941241201943 0.0043037563714983379
v 0.0058967555690397164 -0.0029641766186180776 0.0047946095321005112
v 0.0065968267869687984 -0.002318111807379359 0.0052957864613993912
v 0.0065853416955280984 -0.0023396275969395507 0.0052957303982444212
v 0.0067376855169218978 -0.0024101250760298304 0.0058014086860257537
v 0.005579792886560804 -0.0028545566870439814 0.0043038144523749261
v 0.0058246689863318598 -0.0030573621115906327 0.0047945467596123377
v 0.0065619940671193724 -0.0023826304912230849 0.0052956227172923477
v 0.0055452361668502518 -0.0028997686151647239 0.0043039023397859226
v 0.0065388733311226984 -0.0024244990072604484 0.005295775974499645
v 0.0066903280642327569 -0.0024945434521585642 0.0058013540539569837
v 0.0055277143581243379 -0.0029223156219819893 0.0043039578836450085
v 0.0050763047539935224 -0.0033651119189088336 0.0042429607756009919
v 0.006515272927498963 -0.0024663232631966501 0.0052959361559975857
v 0.0066659348648171503 -0.002536678010109828 0.0058013359845132065
v 0.0065032925979562747 -0.0024872173389512528 0.0052960190913779607
v 0.0064910352137958838 -0.0025082442042688008 0.0052959517757190395
v 0.0066407886027331315 -0.0025790708045548439 0.0058010207672640687
v 0.0047285108053174334 -0.0031560358571780293 0.0037775917876191685
v 0.0064661543764210272 -0.0025502559685954152 0.0052958238871627598
v 0.0064414460084490331 -0.0025913165002014299 0.0052959545124368892
v 0.0065903243332493819 -0.0026618362244339709 0.0058009192807354816
v 0.0071512494953895047 -0.0017873424364679552 0.0065264454894320206
v 0.0064162691484670837 -0.0026323156562270047 0.0052960950155528843
v 0.0065643944637012695 -0.002703119311374774 0.0058008822282585842
v 0.0064035048993396045 -0.0026527907916470942 0.005296169214997315
v 0.0063905100487900782 -0.0026733106941241847 0.0052960903300750149
v 0.0065378134723817587 -0.0027444767571217191 0.0058005446731100446
v 0.006364166154068992 -0.0027142960861607831 0.0052959414637817719
v 0.007015896899335493 -0.0020597274111348678 0.0063027520804821036
v 0.0063379277666255392 -0.0027545082222338343 0.0052960517171439306
v 0.0064843556144170414 -0.0028255144015781287 0.005800400958844985
v 0.0069956838722525817 -0.0021034214614490112 0.0063025617211396436
v 0.0063112328608641681 -0.0027946426871370031 0.0052961746697247408
v 0.006456946806772626 -0.0028659098066281937 0.0058003470421347974
v 0.0062977141906486074 -0.002814679398878063 0.0052962411467270508
v 0.006282501465864127 -0.0028368756554712133 0.005296138128577741
v 0.0064258955048700364 -0.0029106325204960814 0.0057999427956964382
v 0.0069537989449530904 -0.0021907666046678625 0.0063021760563086084
v 0.0069430226355355305 -0.0022125905775349148 0.0063020791872965476
v 0.0062516547212698283 -0.0028811864887380973 0.0052959456137486897
v 0.0069319305447367689 -0.00223475750862216 0.0063018336206581045
v 0.0062238723832434206 -0.0029204956928296664 0.0052960402048870207
v 0.0063694639300978968 -0.0029898483960723319 0.0057997645699759664
v 0.0069100891322258955 -0.0022777273583081551 0.0063016123939698999
v 0.0061956462993318449 -0.0029597110450345831 0.0052961503048614854
v 0.0063405872296990731 -0.0030293096283602961 0.0057996975709735154
v 0.0061813669395584482 -0.0029792821692043248 0.0052962114032865234
v 0.0061671519551924946 -0.002998564980382925 0.0052962357603636304
v 0.006311640060712091 -0.003068143906561468 0.0057995673519931415
v 0.0068649734455069229 -0.0023635711711064225 0.0063011745558225083
v 0.0061383985771817987 -0.0030370550858592779 0.0052962970156377465
v 0.0068533951485896622 -0.0023850088164315024 0.0063010666308796117
v 0.0068415394751558259 -0.0024066900923460787 0.0063008109468765238
v 0.0061092143618349968 -0.0030754410049169019 0.0052963755924849976
v 0.0062524616061859937 -0.0031454932040770409 0.0057993559331799569
v 0.0068181247512162542 -0.002448885644738324 0.0063005613251832021
v 0.0060722460956520391 -0.0031229107007675538 0.0052961627330039215
v 0.0062147737954709389 -0.0031932734683036753 0.0057989261288970617
v 0.0060535138408481627 -0.0031465800470808223 0.0052960672732231774
v 0.0055922179088249502 -0.0036257755478539804 0.0052288374325108345
v 0.0067698916495899592 -0.0025331301034919635 0.006300075916775537
v 0.0067575403563109081 -0.0025541573819038211 0.0062999580129118977
v 0.0067449546789264229 -0.0025753360695903648 0.0062996917932501718
v 0.0053650389885054658 -0.003521083983817461 0.0047301120449376021
v 0.0048374466052677123 -0.003951973844958153 0.0046714692529592275
v 0.0067200214692517074 -0.0026167154942893949 0.0062994162613185557
v 0.0066687832123378688 -0.0026992791813533878 0.0062988878912703982
v 0.0045599047965050174 -0.00377516077910352 0.0041877518173549034
v 0.006655687518866321 -0.0027198762179580899 0.0062987610832662723
v 0.0066424054368139415 -0.0027405377415061971 0.0062984840792856042
v 0.0066160078789865174 -0.0027810658802576872 0.0062981851150637072
v 0.0065618748712810773 -0.00286188081119425 0.0062976187684457155
v 0.0065480628061771618 -0.0028820314495885168 0.006297486264454223
v 0.0065325759525749726 -0.0029043781943175846 0.0062971686207833003
v 0.0065047462223564506 -0.0029440178391959989 0.0062968627354324999
v 0.0064477845939706234 -0.003023014654286154 0.0062963115657430737
v 0.0064332730318686065 -0.0030427019158695075 0.0062961869333741684
v 0.006418841793858307 -0.0030621043984403531 0.0062960301619361244
v 0.0063896627799433703 -0.0031008318552436533 0.0062957328223780138
v 0.0063300400228491647 -0.0031779623361201858 0.0062952054478859999
v 0.006311166664970046 -0.0032018171988740639 0.0062948960680912543
v 0.0057577317663323468 -0.0036826007702162535 0.0057295616079772434
v 0.0050607918967349721 -0.0040725848657455453 0.0051673108020377796
v 0.0042480054127045719 -0.004341153499461012 0.004620183491171298
v 0.0013367344147932054 -0.0058651516328134768 0.0067999999999999883
v 0.001255506829748279 -0.0058846701667274086 0.0069433356194420091
v 0.0011687793038370675 -0.0058992434731914237 0.0070842286294648532
v 0.0010768590335718728 -0.005908945292301529 0.0072224274203553443
v 0.00098003927456877856 -0.0059138700693400163 0.0073576958690287145
v 0.00087859870110703958 -0.0059141307078548399 0.0074898130778209811
v 0.00077280107660104402 -0.0059098562603874206 0.0076185732640634612
v 0.00066289518256724262 -0.00590118958660691 0.0077437857674701981
v 0.00054908742467821097 -0.0058882814090636514 0.007865303684043182
v 0.00043125010055625434 -0.0058712373645721178 0.0079832981221123166
v 0.00030988859585183968 -0.0058502534098249549 0.0080972831543812129
v 0.00018522342746545424 -0.0058255077578320538 0.008207094400032906
v 5.7454953635391434e-05 -0.005797182425301234 0.0083125937810245559
v -7.3223019860572009e-05 -0.005765463211237231 0.0084136561209863271
v -0.00020662267674906808 -0.0057305379884058901 0.0085101692252966005
v -0.0003425616097195991 -0.0056925950007566239 0.0086020339468118271
v -0.00048086137601584597 -0.005651821641240477 0.0086891632884628003
v -0.00062134772881913467 -0.0056084030893377981 0.0087714822800212307
v -0.00076384991133252771 -0.0055625210374396425 0.008848927560358405
v -0.00090820002821630523 -0.0055143528771994963 0.0089214465054116947
v -0.0010542329717842377 -0.0054640707930167596 0.0089889966895534117
v -0.0012017861582446375 -0.0054118409523703156 0.0090515452435832502
v -0.001350699100329574 -0.0053578230903699835 0.0091090679150647343
v -0.0015008141349983153 -0.0053021697507274626 0.0091615485926947095
v -0.0016519751943338764 -0.00524502635465195 0.0092089780443906193
v -0.0018040278522346704 -0.0051865309637355046 0.0092513531938591444
v -0.0019568196866962227 -0.0051268140087137141 0.0092886764390119649
v -0.0021101994068799495 -0.0050659985830661339 0.0093209546475078505
v -0.0022639966357142324 -0.0050042086556695807 0.0093481952216945968
v -0.0024171834160634006 -0.0049419126120809689 0.0093703014084768419
v -0.0025947986040081757 -0.0048688008185664884 0.0093897281050992851
v -0.0028403242728745138 -0.004766266720304271 0.0094057117821649567
v -0.003045531703269939 -0.0046793214752545737 0.009409429692792461
v -0.0032943414927537871 -0.0045724152480484045 0.0094021171451494669
v -0.0035236884246790268 -0.0044724228267231329 0.0093837541846616534
v -0.0037729046973134883 -0.0043621367711448537 0.0093508537671986702
v -0.0040017182611139807 -0.0042592864890646188 0.0093083548387586368
v -0.0041905249912309464 -0.0041731697534916666 0.0092640296657420934
v -0.0044170608647149893 -0.0040681900685306987 0.0091991849289973799
v -0.0046162149227457856 -0.0039742208655684352 0.0091309752065777301
v -0.0048156518995803206 -0.0038783088387645864 0.00905130152184868
v -0.0050162377472491738 -0.0037797174158493933 0.0089585978094074859
v -0.0051921590058272467 -0.0036911803388123827 0.0088657737993154562
v -0.0053630917670494929 -0.0036029494674116817 0.0087639846023576835
v -0.0055283713182734057 -0.0035151565928012787 0.0086531821449787674
v -0.0056716935284634451 -0.0034366380635751466 0.0085457323736256811
v -0.0057958026659698306 -0.0033664720363236018 0.0084427683731389206
v -0.0059148366753307806 -0.0032968751558078804 0.0083338905857689525
v -0.0060283301056031748 -0.0032279506365948682 0.0082191397126829668
v -0.0061357815565648583 -0.0031598194593179807 0.0080985966263836008
v -0.0062268889337026411 -0.0030992905091002674 0.0079852546065569286
v -0.0063040129315328113 -0.0030455449099155035 0.0078794163669170265
v -0.0063762185432290151 -0.0029925776740423061 0.0077700617119446256
v -0.0064432132312189196 -0.00294047726205023 0.0076573227658145856
v -0.0065047068538307933 -0.0028893369658900343 0.0075413568861555612
v -0.0065604154762876074 -0.0028392546852383065 0.0074223489164985989
v -0.0066100655652235963 -0.0027903326960539432 0.0073005135933063335
v -0.0066493631064420853 -0.002747375436721529 0.0071886285460431749
v -0.0066802239235426381 -0.0027096400923633779 0.007086264783875011
v -0.0067066917927592886 -0.0026728426215447188 0.0069824838531787597
v -0.0067259714206841792 -0.0026417974913298145 0.006891650937879557
v -0.0067418231585289513 -0.0026115356329615355 0.0068000000000000846
v 0.0013768433760768318 -0.0058673408428609681 0.0066599371442850339
v 0.0014114298934279979 -0.0058654910617860836 0.0065186200365251771
v 0.0014404859348886388 -0.0058595211325288051 0.0063763978375653649
v 0.0014640183935146274 -0.0058493753992871229 0.0062336227113903749
v 0.0014820469799512711 -0.0058350245856340667 0.0060906437502859217
v 0.0014946018689320879 -0.0058164662740509262 0.0059478062865351289
v 0.0015017213550460181 -0.0057937253825904407 0.0058054512370085843
v 0.0015034498432122084 -0.0057668442426155727 0.0056638643624691478
v 0.0014998281176668183 -0.0057358744469789618 0.0055232734277383322
v 0.0014908748117312912 -0.0057008447052155986 0.0053837576896105382
v 0.0014765843000720735 -0.0056618006799659141 0.0052454580944662358
v 0.0014569571616608046 -0.0056188510285485726 0.0051086875911259709
v 0.0014319995088581915 -0.0055721297816138235 0.0049737505697487628
v 0.0014017236802211757 -0.0055217946671597519 0.0048409403298937956
v 0.0013661497271169562 -0.0054680258787612231 0.004710538922810802
v 0.0013253065108162286 -0.0054110238733342791 0.0045828150385032306
v 0.0012792335036859548 -0.005351007051009527 0.0044580226332478576
v 0.0012279824895862 -0.0052882097372127729 0.0043364006661475857
v 0.0011716181592095578 -0.0052228782443988243 0.0042181695853505535
v 0.0011102197037026994 -0.0051552685433808743 0.0041035315952223607
v 0.0010438821630686106 -0.0050856436271988674 0.0039926705772326456
v 0.0009727152255328762 -0.0050142686476528676 0.0038857484892849637
v 0.00089684413960932502 -0.0049414092385484908 0.0037829066669604009
v 0.00081640887871589716 -0.00486732751292537 0.0036842655716993519
v 0.00073156326511741854 -0.0047922802396663912 0.0035899243748505364
v 0.00064247344042141761 -0.0047165153067721989 0.0034999618209029673
v 0.00054931674693114009 -0.0046402705915873175 0.0034144370131659468
v 0.00045227899904867936 -0.0045637711956545111 0.0033333897192696286
v 0.00035155313959372791 -0.0044872287132486973 0.0032568422377249519
v 0.00024733814223534329 -0.0044108407444451818 0.0031848014226456972
v 0.00013983720938508265 -0.0043347904154419992 0.0031172599981449485
v 3.3630738864900145e-05 -0.0042621854849799069 0.0030565775789929733
v -7.5245052177101495e-05 -0.0041901789102568024 0.0030000000000000001
v -0.0039851526937781569 -0.0025723722814566543 0.0030000000000000001
v -0.004105342501665033 -0.002629258251983057 0.0030000000000000001
v -0.0042116682871399516 -0.0026859622110557623 0.0030000000000000001
v -0.0043053591045503648 -0.0027416892876165329 0.0030000000000000001
v -0.0043966225618567861 -0.0028020614577481682 0.0030000000000000001
v -0.0044761989002131651 -0.0028605183977993128 0.0030000000000000001
v -0.0045453313878015475 -0.0029165754826327127 0.0030000000000000001
v -0.0046052056849210966 -0.0029698907943090953 0.0030000000000000001
v -0.0046569310292421569 -0.0030202438243275916 0.0030000000000000001
v -0.0047063602023429832 -0.0030728819614150192 0.0030000000000000001
v -0.0047532159942058148 -0.0031278158328856141 0.0030000000000000001
v -0.0047929351906924539 -0.0031792059295019924 0.0030000000000000001
v -0.0048265018521083227 -0.0032270189525561667 0.0030000000000000001
v -0.0048578221518440186 -0.0032762823531923713 0.0030000000000000001
v -0.0048867166194010636 -0.0033269534261304557 0.0030000000000000001
v -0.0049104993179061749 -0.0033737184469438486 0.0030000000000000001
v -0.0049299901543766317 -0.00341670460464274 0.0030000000000000001
v -0.0049475640921074369 -0.003460481664847938 0.0030000000000000001
v -0.0049631261566049183 -0.0035049849030904644 0.0030000000000000001
v -0.0049765879502644533 -0.0035501426456057885 0.0030000000000000001
v -0.0049878689110354479 -0.003595876106786057 0.0030000000000000001
v -0.004996897673704084 -0.0036420992323603846 0.0030000000000000001
v -0.0050030475132570185 -0.0036840416078224654 0.0030000000000000001
v -0.0050069506288627089 -0.0037220036682218301 0.0030000000000000001
v -0.0050092870442514422 -0.0037601093933904029 0.0030000000000000001
v -0.005010043345804677 -0.0037982984416137159 0.0030000000000000001
v -0.0050092132340930672 -0.0038365080818324329 0.0030000000000000001
v -0.0050067973377379742 -0.0038746815568758172 0.0030000000000000001
v -0.0050028030818313153 -0.0039127593854028633 0.0030000000000000001
v -0.0049972446158276255 -0.0039506830699296966 0.0030000000000000001
v -0.0049901423791257138 -0.0039883966462980142 0.0030000000000000001
v -0.0049815226759363741 -0.0040258466881686258 0.0030000000000000001
v -0.004971417250150119 -0.0040629823115150027 0.0030000000000000001
v -0.0049598628602048889 -0.0040997551791168195 0.0030000000000000001
v -0.0049469005240562625 -0.0041361204295497439 0.0030000000000000001
v -0.004932574009597155 -0.0041720390698190592 0.0030000000000000001
v -0.0049169297169332363 -0.0042074758293547797 0.0030000000000000001
v -0.0049000158871389072 -0.0042423995168891495 0.0030000000000000001
v -0.0048818820399738842 -0.004276782830217628 0.0030000000000000001
v -0.004862578463980383 -0.0043106021357304999 0.0030000000000000001
v -0.0048421557453741547 -0.0043438372585713862 0.0030000000000000001
v -0.0048206643357293529 -0.0043764712834226645 0.0030000000000000001
v -0.0047981541584572645 -0.0044084903659177841 0.0030000000000000001
v -0.0047746742540788712 -0.0044398835546804894 0.0030000000000000001
v -0.0047502730374223059 -0.0044706419165369852 0.0030000000000000001
v -0.0047163906764656266 -0.0045106495141480508 0.0030000000000000001
v -0.004676548419258803 -0.0045542854250773396 0.0030000000000000001
v -0.0046350106102351742 -0.0045964727132407467 0.0030000000000000001
v -0.0045919060460593974 -0.004637219886298667 0.0030000000000000001
v -0.0045473564575034498 -0.0046765388149860795 0.0030000000000000001
v -0.0045014763569365453 -0.0047144444244004305 0.0030000000000000001
v -0.0044543728920003215 -0.0047509543902675179 0.0030000000000000001
v -0.0044061457054692986 -0.004786088840185364 0.0030000000000000001
v -0.0043568868012966071 -0.0048198700598460886 0.0030000000000000001
v -0.0042897478298245754 -0.0048628486443163775 0.0030000000000000001
v -0.0042124224087799018 -0.0049084522323366749 0.0030000000000000001
v -0.0041333890275118846 -0.0049512443077473038 0.0030000000000000001
v -0.0040512431097390255 -0.0049920713258945317 0.0030000000000000001
v -0.0039659957941136185 -0.0050308960793827547 0.0030000000000000001
v -0.0038791081238754768 -0.0050670920950499528 0.0030000000000000001
v -0.0037907545275949238 -0.0051006946997646527 0.0030000000000000001
v -0.0037010935448963428 -0.0051317407715329747 0.0030000000000000001
v -0.003610278472155757 -0.0051602647798948478 0.0030000000000000001
v -0.0035184339879183063 -0.0051863055860127136 0.0030000000000000001
v -0.0033945657511219836 -0.0052172271066754771 0.0030000000000000001
v -0.0032535704369013882 -0.0052469104318506286 0.0030000000000000001
v -0.0031111454860782831 -0.005271279442907271 0.0030000000000000001
v -0.0029675858790499431 -0.0052904105517983984 0.0030000000000000001
v -0.0028231598705292333 -0.0053043633336810779 0.0030000000000000001
v -0.0026781102622528206 -0.0053131795777989071 0.0030000000000000001
v -0.0025326554139398203 -0.0053168815044378048 0.0030000000000000001
v -0.0023870073217762407 -0.0053154696225909065 0.0030000000000000001
v -0.0022414107891435887 -0.0053089245174071011 0.0030000000000000001
v -0.0020960819588466241 -0.0052972058150783305 0.0030000000000000001
v -0.0019512499371064159 -0.0052802507495246899 0.0030000000000000001
v -0.0018071613150245037 -0.0052579740508990379 0.0030000000000000001
v -0.0016640814788704882 -0.0052302664898642472 0.0030000000000000001
v -0.0015222962294255881 -0.0051969920381581452 0.0030000000000000001
v -0.0013821235317196623 -0.005157986394246571 0.0030000000000000001
v -0.0012439412464620952 -0.0051130610653377173 0.0030000000000000001
v -0.0011361185592925753 -0.0050731061852337085 0.0030000000000000001
v -0.001035708719922698 -0.0050316379674061841 0.0030000000000000001
v -0.00093711694823281875 -0.0049864979191420623 0.0030000000000000001
v -0.00084061575077481825 -0.0049375681903665236 0.0030000000000000001
v -0.00074651723881706024 -0.0048847256356226521 0.0030000000000000001
v -0.00065518339514094822 -0.0048278471290051613 0.0030000000000000001
v -0.00057568541537692788 -0.0047731036161651249 0.0030000000000000001
v -0.0005066225534606152 -0.0047208873573197111 0.0030000000000000001
v -0.00044020979466568612 -0.0046658283228513979 0.0030000000000000001
v -0.00037676279036241223 -0.0046078890364789444 0.0030000000000000001
v -0.00032248711648686339 -0.0045532679629758698 0.0030000000000000001
v -0.00027617007735962468 -0.0045021112424843482 0.0030000000000000001
v -0.00023247932124672679 -0.0044490859561889728 0.0030000000000000001
v -0.00019559528443269003 -0.0043998009985120453 0.0030000000000000001
v -0.00016452465036752691 -0.0043542187130891528 0.0030000000000000001
v -0.00013559760742412201 -0.0043075140621563436 0.0030000000000000001
v -0.00010894832057929873 -0.0042597487229805034 0.0030000000000000001
v -9.1464179607617113e-05 -0.0042251947343901908 0.0030000000000000001
v -0.0041816076584144241 -0.0025266279371227709 0.0030788986743039569
v -0.0043759926478649132 -0.0024843946018438022 0.0031652372019048808
v -0.0045678453378709431 -0.0024457471487670584 0.0032590849060011367
v -0.00475666835576461 -0.0024107660009365351 0.0033605124931320803
v -0.0049419233175677811 -0.0023795376704038055 0.0034695878676617867
v -0.005123030412222826 -0.0023521541475422206 0.0035863744232028103
v -0.0052993680826280689 -0.0023287124964835363 0.0037109298558794918
v -0.0054702725562049198 -0.0023093147465779026 0.0038433055533841297
v -0.0056188474670432155 -0.0022954037081464977 0.0039691582070927886
v -0.0057478159579534361 -0.0022858291189764 0.0040878509349866789
v -0.0058718173751183128 -0.0022791088179216147 0.004211656549638362
v -0.0059903696257033838 -0.0022753046581268778 0.004340522127672366
v -0.0061029632218357393 -0.0022744771317413917 0.0044743637595374194
v -0.0061987601377358186 -0.0022763249050780409 0.0045989748328724243
v -0.0062801433889454316 -0.002280120720582431 0.004714385013124555
v -0.0063566317801231689 -0.0022859622627801118 0.0048327664762061419
v -0.0064279170439341298 -0.0022938691091474337 0.0049539794794605648
v -0.0064936907509711046 -0.0023038550780933292 0.0050778562033127689
v -0.006553649046593505 -0.0023159269867240495 0.0052041989735236872
v -0.0066074974047194675 -0.0023300831195447774 0.0053327769186504283
v -0.0066505069069341099 -0.0023445966304073457 0.0054501925688004004
v -0.0066846366317097495 -0.002359081941344984 0.0055570586825940665
v -0.0067143002700988238 -0.0023748984689614563 0.0056648792575132584
v -0.0067393898658952038 -0.0023920247004908181 0.0057734750342340602
v -0.0067598141580980011 -0.0024104335836573581 0.0058826545791309378
v -0.0067755013992718653 -0.002430093087810324 0.0059922195019460559
v -0.0067864006330614892 -0.0024509661362657302 0.0061019651365703115
v -0.0067924828374811737 -0.0024730105953359653 0.0062116813682370009
v -0.0067937420216552568 -0.0024961803814907641 0.0063211588351588886
v -0.006792071522437668 -0.0025112980817251981 0.0063897578922384448
v -0.0067875985307465055 -0.0025298970338204093 0.0064714058157776602
v -0.0067804293518447852 -0.0025491056024879695 0.0065528300465376313
v -0.0067705741955918263 -0.0025689035814206607 0.0066339433802903745
v -0.0067580500686139095 -0.0025892698389948072 0.0067146599092193157
v -0.0067503087008790432 -0.0026003271190088895 0.0067574041438290084
v -0.00073223304703363132 -0.005133974596215559 0.0031339745962155612
v -0.0016702318384035411 -0.0053512626435018845 0.0030757524394202551
v -0.0015889733002948266 -0.0056158971328402457 0.0032831574393398966
v -0.00055911703106289188 -0.0053773302393795696 0.0033470812457834852
v -0.0026359820733051053 -0.0054069775274214549 0.003060823681267612
v -0.0026492986899182393 -0.0056770681311634963 0.0032667667197389745
v -0.003523444025401582 -0.0053207660754616996 0.003083923970198544
v -0.0026609606752343563 -0.0059279330532485833 0.0035006156135337745
v -0.0015178113898964801 -0.0058619838798146962 0.0035182866412968839
v -0.0036236690872793781 -0.0055824140600738356 0.0032921292016477666
v -0.0042677669529663682 -0.005133974596215559 0.0031339745962155612
v -0.0026708238474672601 -0.0061560851445402317 0.0037580400947706248
v -0.0014576259103528408 -0.0060860948097776627 0.0037767939484482415
v -0.0037114408715006792 -0.005825885384882463 0.0035279592038619544
v -0.0044408829689371069 -0.0053773302393795696 0.0033470812457834843
v -0.0049190495145855564 -0.0048537873773463504 0.0032090505352410877
v -0.0026788054425120065 -0.006358881297123903 0.0040341607640894603
v -0.0014089218916104131 -0.0062856207251116509 0.0040537908751971854
v -0.0037856742204114839 -0.0060477843107497285 0.0037870592157244081
v -0.0052208947571003089 -0.004667856688327152 0.0032588705132119439
v -0.0045924887780466276 -0.0056047821034225396 0.0035872036495730136
v -0.0051559451153876199 -0.0050697045083381697 0.0034295093119870606
v -0.0026848844150359676 -0.0065346022422586841 0.0043238287661951733
v -0.0013718277531478706 -0.0064588509798172407 0.0043441262557919963
v -0.005491605612712315 -0.0044514672682008189 0.0033168518835854344
v -0.003845746225221938 -0.0062455202014838939 0.0040645357781193079
v -0.0054873498231566538 -0.0048655657743752164 0.0034842081208963458
v -0.0047207100170743805 -0.0058131325042036315 0.0038499339777909375
v -0.0057189189292820436 -0.004206987031300017 0.0033823601656283744
v -0.0053634056962743324 -0.0052731271812326529 0.0036760703181396002
v -0.0026890971862339572 -0.0066824575648193069 0.0046219006132063945
v -0.0013312774031583564 -0.0067240500975660122 0.0049445084188065582
v -0.0013461212513478967 -0.0066049802361944979 0.0046426606008431312
v -0.0057845711782012581 -0.0046279855099197551 0.00354786756089476
v -0.0038914984921128086 -0.0064173871309019257 0.0043552364606239419
v -0.0057206970132146241 -0.0050530428089038768 0.0037350417479718062
v -0.0048244707526560746 -0.0059999044942638715 0.0041303483085173114
v -0.006034145107616822 -0.004359563517277433 0.0036197910170540225
v -0.0055388663391544172 -0.0054611547943844872 0.0039442461208907334
v -0.002691529790117862 -0.006802524118179107 0.004923481368356456
v -0.0060411348551558299 -0.0047969047288574269 0.0038036737396711104
v -0.0039232051384976725 -0.0065625715931577613 0.0046540239624969244
v -0.0062233265118385329 -0.0040652123253458522 0.0036986621812232271
v -0.0058912263995681358 -0.0039388903361407684 0.0034541964585897474
v -0.0059180513626859131 -0.0052275843325690196 0.004006831137509952
v -0.0049034973954675777 -0.0061634210562956093 0.0044232864652196061
v -0.006291840858232341 -0.0039104662322902786 0.0037401262718893395
v -0.0059536296455636392 -0.003797946737900989 0.0034919621819164332
v -0.0059988962488764395 -0.0036536763189773682 0.0035306193241587164
v -0.0063102034465923659 -0.0045075158185654465 0.0038812152644823691
v -0.0056808547141609447 -0.0056314809334338384 0.0042290671041143157
v -0.0026923076923076926 -0.0068956333590924129 0.00522411737985457
v -0.0013265306122448974 -0.0068168406146273137 0.0052452298321034249
v -0.0063415403841138611 -0.0037520675256392656 0.0037825690774186136
v -0.0062581246442797219 -0.00495575090336213 0.0040796686853417207
v -0.0039415136835186408 -0.0066810958968093704 0.004956017962210825
v -0.0063716703177497044 -0.0035911808387295804 0.0038256785352489826
v -0.006026338759233303 -0.0035071398338605243 0.0035698836570074691
v -0.0065141621456404689 -0.0041901723332656718 0.0039662471950917223
v -0.0060777568266687978 -0.0053869970958323457 0.0042945763509620984
v -0.0049582634210414353 -0.0063028186545577491 0.00472362455262641
v -0.0063817659378742151 -0.0034290339427840502 0.0038691256650728004
v -0.0060355339059327369 -0.0033594555433772307 0.0036094555433772327
v -0.0065880282690795123 -0.0040233387485788651 0.0040109501193789417
v -0.0065436809266130524 -0.0046486291358965185 0.0041619617149121508
v -0.0026915297901178616 -0.0069653163968834628 0.0055310304235610171
v -0.0013312774031583562 -0.0068868423762703653 0.0055520574740111194
v -0.0066416099130249323 -0.0038525672381740633 0.004056708207682151
v -0.0064337197352641266 -0.0051024624871137941 0.0043708171695869399
v -0.0039473684210526317 -0.0067737119544990457 0.0052567861217554289
v -0.0066740933491853411 -0.0036791134069623973 0.004103185021679401
v -0.0067601375837753434 -0.0043118398235464711 0.0042522041391757793
v -0.0061993923045445673 -0.0055296762203540465 0.0045930978822175421
v -0.0057889964359030014 -0.005782471944386137 0.0045253614721131015
v -0.0049898872715321962 -0.0064180014171749383 0.0050265139155619568
v -0.0013718277531478704 -0.0069573642847459904 0.0062046032380351657
v -9.6502604532420656e-05 -0.006661934361224359 0.0062837634474627747
v -4.1736578958563974e-05 -0.0066324871788425062 0.0059539642349133821
v -0.001346121251347897 -0.0069346487604792593 0.0058730002831301042
v -0.0066849775560932556 -0.0035043009295532492 0.0041500258838280662
v -0.0068385299947476327 -0.0041347831929038591 0.0042996463203710429
v -0.00673261838543345 -0.0047809907233585455 0.0044569552690745676
v -0.0058639394182672276 -0.0059131892466577265 0.0048280254378206353
v -0.0026890971862339576 -0.0070121260891040649 0.0058522402954933666
v -0.006895394956074683 -0.0039535473326375572 0.0043482083227689584
v -0.0065674571307912846 -0.0052354680913879207 0.0046719307127806855
v -0.0039415136835186399 -0.0068438881755137227 0.0055635670174153853
v -0.0069298688767127446 -0.0037694647872433284 0.0043975330921480075
v -0.0069591887908096129 -0.0044284652246010837 0.0045514141917780077
v -0.0062836865558886608 -0.0056546333262079444 0.0048973052879034409
v -0.0049999999999999992 -0.006509548911213422 0.005327568395873959
v -0.0014089218916104129 -0.0069525101737643062 0.0065426561806004912
v -0.00017552924734392405 -0.0066667939429165277 0.006619213613920618
v -0.006941420034148763 -0.0035839403420157268 0.0044472442174229741
v -0.0026848844150359676 -0.0070331155471874355 0.0061843057484383427
v -0.0066601380971470442 -0.0053537213789038524 0.0049779344011764478
v -0.0039232051384976733 -0.0068922401174425227 0.0058843636447838982
v -0.0071107909219173945 -0.0045385564769266406 0.004858667617071457
v -0.0068765176454782763 -0.0049030670293314389 0.0047609973089219682
v -0.0063323610538790478 -0.0057614776350456949 0.0052024289327953143
v -0.0059072141610440575 -0.0060233596977232844 0.0051322578455886558
v -0.0049898872715321962 -0.0065807936958792923 0.005634062970766518
v -0.0014576259103528406 -0.0069182141257461997 0.0068823055136022892
v -0.00027928998292561769 -0.0066452518201721702 0.0069554455429449878
v -0.002678805442512006 -0.0070257707457765566 0.0065230260694927652
v -0.0067136553825929467 -0.0054566946646645107 0.0052840952835757115
v -0.0038914984921128081 -0.0069159004358306736 0.0062157134428671096
v -0.0063479262672811046 -0.005850358644212658 0.0055041978955752682
v -0.0059210526315789467 -0.0061133043462849876 0.005433741807051755
v -0.0049582634210414353 -0.0066324871788425045 0.0059539642349133821
v -0.0015178113898964803 -0.0068533820207081963 0.0072182348736407522
v -0.00040751122195337164 -0.006596180244316038 0.0072871518819168811
v -0.0070338245839839985 -0.0051123459771980871 0.005376363236297056
v -0.0069762408562247021 -0.0050137462353860391 0.0050690304663287018
v -0.0059072141610440575 -0.0061861519764276384 0.0057398069007932179
v -0.0026708238474672601 -0.0069882044605087722 0.0068635516599246738
v -0.0067307692307692294 -0.0055443377915159481 0.0055861959359224346
v -0.0038457462252219376 -0.0069124096501365492 0.0065534010835226137
v -0.0063323610538790487 -0.0059242699137500472 0.0058099779879998738
v -0.0049034973954675785 -0.0066619343612243555 0.0062837634474627738
v -0.0015889733002948264 -0.0067578292472721419 0.007544906109194293
v -0.00073223304703363089 -0.0064150635094610969 0.0079150635094610965
v -0.00055911703106289166 -0.0065192623538114667 0.0076088299156378833
v -0.0070522388059701471 -0.0051985905247586466 0.0056788386368353226
v -0.0058639394182672276 -0.0062428577709424818 0.0060583651201076083
v -0.0026609606752343563 -0.0069193311941420834 0.0072005638458776423
v -0.0067136553825929467 -0.0056194869433688604 0.0058916443387802726
v -0.0037856742204114839 -0.0068799036267182673 0.006892570780878458
v -0.0062836865558886608 -0.0059843018504927023 0.0061276449701904139
v -0.0048244707526560746 -0.0066667939429165251 0.0066192136139206171
v -0.0016702318384035407 -0.0066323515567474215 0.0078568413526657888
v -0.0070338245839839993 -0.0052751382559024385 0.0059839122915016163
v -0.0057889964359030014 -0.0062809852493148867 0.0063858384543562709
v -0.0026492986899182393 -0.0068190002455953934 0.0075285153895933736
v -0.0066601380971470442 -0.0056833899031886103 0.0062082740834634225
v -0.0037114408715006792 -0.0068172835257759648 0.0072279074362058236
v -0.0061993923045445673 -0.0060281895252827962 0.0064535748644607106
v -0.0047207100170743805 -0.0066452518201721685 0.0069554455429449878
v -0.0056808547141609447 -0.0062983703820864946 0.0067179324095176223
v -0.0026359820733051053 -0.0066880664406669919 0.0078419125945131465
v -0.0065674571307912854 -0.0057339813963166704 0.0065324076950238549
v -0.0036236690872793781 -0.0067243461745057327 0.0075538778715021652
v -0.0060777568266687978 -0.0060538865444849975 0.0067834416563654042
v -0.0045924887780466276 -0.006596180244316038 0.0072871518819168802
v -0.0055388663391544172 -0.0062932741103530268 0.0070497576860447829
v -0.0064337197352641266 -0.0057693519357664494 0.0068596824749902457
v -0.0068765176454782763 -0.0054015803342601868 0.0066214742911651376
v -0.0035234440254015816 -0.0066018549887072384 0.0078650128834440777
v -0.0059180513626859131 -0.0060597036485375601 0.0071123427026640014
v -0.0044408829689371069 -0.0065192623538114633 0.0076088299156378816
v -0.00673261838543345 -0.0054478801720111974 0.0069458205744778734
v -0.0053634056962743324 -0.0062645253221261486 0.0073760185504834676
v -0.0062581246442797219 -0.0057878702193306687 0.007185180250495771
v -0.0057206970132146241 -0.0060444409497973752 0.0074349899803156727
v -0.0042677669529663682 -0.0064150635094610952 0.0079150635094610948
v -0.0065436809266130524 -0.0054807484518650555 0.0072674732800662003
v -0.0069591887908096129 -0.0050953546732537373 0.0070402794971813143
v -0.0060411348551558299 -0.0057883028697509253 0.0075036219720149774
v -0.0067601375837753434 -0.0051439591395150081 0.0073577157043298279
v -0.0054873498231566538 -0.0060074978888071126 0.0077459567907507444
v -0.0051559451153876199 -0.0062116366227700668 0.0076912579818414579
v -0.0063102034465923659 -0.005498913959458944 0.0075811634968262357
v -0.0049190495145855564 -0.0061348762905918831 0.0079901394484866231
v -0.0057845711782012581 -0.0057699176243516488 0.0078096162307491569
v -0.0052208947571003089 -0.0059489456015726873 0.008039959426457478
v -0.0065880282690795123 -0.0050147368894723618 0.0077108983517228079
v -0.0068385299947476327 -0.0049669025088723978 0.0074051578855250924
v -0.006895394956074683 -0.004785666648606096 0.0074537198879230078
v -0.006034145107616822 -0.0055014956317093284 0.0078815396869084207
v -0.0066416099130249323 -0.0048439653790675599 0.007756656440026018
v -0.005491605612712315 -0.0057325561814463534 0.0080979407968309689
v -0.0066740933491853411 -0.0046705115478558948 0.007803133254023268
v -0.0069298688767127446 -0.0046015841032118667 0.0075030446573020552
v -0.0062233265118385329 -0.0052071444397777458 0.0079604108510776244
v -0.0065141621456404689 -0.0051815704741591693 0.0076661954274355893
v -0.0066849775560932556 -0.0044956990704467454 0.0078499741161719323
v -0.006941420034148763 -0.0044160596579842634 0.0075527557825770236
v -0.006291840858232341 -0.0050523983467221732 0.0080018749417437376
v -0.0057189189292820436 -0.0054880759445455497 0.0081634490788739088
v -0.0063415403841138611 -0.0048939996400711597 0.0080443177472730113
v -0.0063716703177497044 -0.0047331129531614754 0.0080874272051033799
v -0.0058912263995681358 -0.005219979249386302 0.0082352853718352815
v -0.0063817659378742151 -0.0045709660572159439 0.0081308743349271986
v -0.0059536296455636392 -0.005079035651146523 0.0082730510951619686
v -0.0059988962488764395 -0.0049347652322229013 0.00831170823740425
v -0.006026338759233303 -0.0047882287471060587 0.0083509725702530044
v -0.0060355339059327369 -0.004640544456622763 0.0083905444566227672
v -8.0197198335290931e-05 -0.0048843149123371744 0.0032240827159670622
v -4.1452318860743631e-05 -0.0049283882070270159 0.0032621780192008494
v 7.5434497635618487e-05 -0.0050369870689117597 0.0033725834027636737
v 0.00011086392626915042 -0.0050801137169498101 0.0034146079793610437
v 0.00014580671206793338 -0.005123101670218567 0.0034580045719084344
v 0.00018027026030072025 -0.005165917608090158 0.0035027994544190081
v -0.00040751122195337164 -0.0056047821034225396 0.0035872036495730136
v 0.00028085852653540576 -0.0052680425675194695 0.0036269179438041177
v 0.00031169083546232291 -0.005309324547928638 0.0036753404396703145
v 0.00034201587228704965 -0.0053502731841310854 0.0037251525084349112
v 0.00042828799933456141 -0.0054455719978077702 0.0038587848969164284
v -0.00027928998292561812 -0.0058131325042036332 0.0038499339777909388
v 0.00045479687003256817 -0.0054845257871909362 0.0039118471733761056
v -0.0010036791004457417 -0.0056403120076264739 0.003424623078595034
v 0.00048078810022547945 -0.0055229759970367295 0.0039662643242274762
v 0.00050627694209265514 -0.0055608724573553694 0.0040220507609944863
v -0.00017552924734392451 -0.0059999044942638715 0.0041303483085173131
v 0.00057425559914691564 -0.0056463909429284942 0.0041647621565353166
v 0.00059581796366813531 -0.0056817470689335889 0.0042232738772483725
v -0.00089987535665955059 -0.0058687718559994424 0.0036739056548128054
v 0.00061688377302715838 -0.0057163773966604605 0.0042830891752347446
v 0.00066974240061393826 -0.0057929200765271865 0.0044310021294854405
v -9.6502604532421103e-05 -0.0061634210562956111 0.0044232864652196061
v 0.00068687466374462596 -0.0058246501378644644 0.004493019674672874
v -0.00081387183355938219 -0.006075045836543131 0.0039438501282647673
v 0.00070352468379473749 -0.0058554949115824043 0.0045562544872416117
v 0.00074144904795700613 -0.0059225098224480422 0.0047072879684294374
v -4.1736578958563974e-05 -0.0063028186545577491 0.00472362455262641
v 0.0007542281672470526 -0.0059501691223058885 0.0047721684932670993
v -0.00074616594385544153 -0.0062570023356644366 0.004229392333482883
v 0.00076654031932558509 -0.0059768035468721553 0.0048381635392360008
v 0.00077838720780416088 -0.0060023677422017148 0.0049052694057372375
v -1.0112728467803311e-05 -0.0064180014171749348 0.0050265139155619577
v 0.00079857885384019363 -0.006057255174268892 0.0050573436643445366
v 0.00080667984426437123 -0.0060793637424979658 0.0051254145520166407
v -0.00069667608485605515 -0.0064133813531717914 0.0045253555842988289
v 0.00081431341083100062 -0.0061002937785071048 0.0051944749786845337
v 4.4408920985006263e-19 -0.0065095489112134237 0.0053275683958739608
v 0.00082096837546342667 -0.0061453426471439858 0.0053452430984440259
v 0.00082501151451317063 -0.0061627253957153979 0.0054147012567343292
v -0.00066480134109379808 -0.0065437712293498953 0.0048267108292227258
v 0.00082858392073891938 -0.0061787413431460009 0.0054846025355192903
v 0.00082240183047311579 -0.0062153911218541169 0.0056374404175064717
v -1.0112728467803311e-05 -0.006580793695879294 0.0056340629707665197
v 0.00082238429069640738 -0.0062281340510228437 0.0057087896368034482
v -0.0054973280160784685 -0.0038168192604171257 0.0032236076054484616
v -0.0054969518147139663 -0.0037948166910702083 0.0032234818199320297
v -0.0054961007672807566 -0.0037728060201048601 0.0032233383477550765
v -0.00064950996944416149 -0.0066485290123685916 0.0051287937629115347
v -0.0054947820506011562 -0.0037508069037926416 0.0032231807762487011
v 0.00082192864820645453 -0.0062393362026081116 0.0057799251377139904
v -0.0055212095384246417 -0.0036888142745799737 0.0032397916511829167
v -0.0055178468569959368 -0.0036643722544456095 0.003239613611823307
v -0.0055134603707469587 -0.0036373032416069204 0.003239401933918756
v -0.0055084113591835366 -0.0036103542078313087 0.003239182623623842
v -0.005526672033302084 -0.0035476841391181768 0.0032559750179251283
v -0.0055194620970674462 -0.0035209453139137354 0.0032557376793002691
v -0.0055116448703208731 -0.0034943917078429205 0.0032555020152094387
v 0.0008021157773173786 -0.0062682140725680109 0.005938856671579321
v -0.0055230037673370423 -0.0034314568054156975 0.0032723653714905451
v -0.0055130953288720329 -0.0034052568173231308 0.0032720984994271322
v -0.005502646595909543 -0.003379295468867693 0.0032718427056614347
v -0.0054904397114582558 -0.0033507464750316914 0.0032715798428305833
v 0.00079788315177792496 -0.0062759410635116683 0.0060109708871591821
v -0.0054761810774685742 -0.0033193976374289516 0.003271324620303581
v -0.0054612339287038241 -0.0032884408333055805 0.0032711193803431188
v -0.0054456413007801276 -0.0032578750114290599 0.0032709750326410489
v 0.00079323208046613435 -0.0062821304480792615 0.0060827353291816712
v -0.00064950996944416106 -0.0067292965259155438 0.0054302222270697616
v 0.00078817954088642762 -0.0062867997407295619 0.0061541231140049904
v -0.00477659140580961 -0.0027257960516738839 0.00317211628588232
v -0.0047418524546255798 -0.0027017946492992849 0.0031709246490155599
v -0.0049812223350313226 -0.0027970193253472964 0.0032223615588980281
v -0.0047030604498946556 -0.0026758262284627393 0.0031697170170815752
v -0.0049502763019600099 -0.0027723423031503699 0.0032210880388282097
v -0.0046597368110800107 -0.0026477646870968724 0.0031685382078572724
v -0.004915587031407374 -0.0027456154127492205 0.0032197288085422963
v -0.004880627267242376 -0.002719584749307143 0.0032184453554878582
v -0.0050856406962768649 -0.0027953568653139682 0.0032710054595518618
v 0.00075024418080177476 -0.0063048717826564467 0.0063182518204262213
v 0.00074124457763149554 -0.006305936160544057 0.0063898785368016586
v -0.00066480134109379787 -0.00678961509142162 0.0057442126132033512
v 0.00073184561420676971 -0.0063055193677291847 0.0064609592094504549
v -0.0053090454177253093 -0.0059170334790594921 0.0043204867140619078
v 0.00067848690509353653 -0.0063140257513466923 0.0066271546398635681
v 0.00066502888322850012 -0.0063099730484711429 0.0066978246969289631
v 0.00062877915345249712 -0.0063153503864279252 0.0067707656164166059
v 0.00055976744942222336 -0.0063133677800502599 0.006936960863968473
v 0.0005195899911655975 -0.0063145156737849694 0.0070085782376153065
v 0.00047907858432385587 -0.0063141474212860477 0.0070790815734380159
v 0.00043824795294653598 -0.0063123092274066173 0.0071485030372155801
v -0.005439363827127776 -0.0061880303954178614 0.0049220312983895859
v -0.0066662622158333296 -0.0050114694717413944 0.0045631318585174843
v 0.00035075143331513513 -0.0062963239627267346 0.0073116224693867962
v 0.00030637774605633437 -0.0062904004441890751 0.0073790477305854451
v 0.00026175668641415759 -0.0062831205280263749 0.00744534267071014
v -0.0054638554016371542 -0.0062898240495798795 0.0052249084680118067
v -0.0067838262059347221 -0.0051327019224463285 0.0048685126035248666
v 0.0001601349678859565 -0.0062557114113851731 0.0076033964117740473
v 0.00011229255895481183 -0.0062445153594303856 0.0076671511431200033
v 6.4233444409916629e-05 -0.0062320819687304036 0.0077297543475095499
v -0.0070607958819341714 -0.0047788925200141583 0.0049633155471811045
v -0.0054638554016371525 -0.00637059156312683 0.0055263369321700328
v 1.5790110639168908e-05 -0.0062184085255771572 0.007791414975371504
v -0.00010143076416369113 -0.0061773049356640243 0.0079403071537743324
v -0.00015273929596935876 -0.0061600173065822477 0.0079988900603773314
v -0.0010036791004457413 -0.0067082403294396629 0.0074101858344436233
v -0.00020428854348275127 -0.006141643085680634 0.0080563197546250249
v -0.0071414104619703968 -0.0048803919055257442 0.0052724119757480313
v -0.005439363827127776 -0.0064338742574895844 0.0058395330823702131
v -0.00025611581246713964 -0.0061222156945294768 0.0081126198565229287
v -0.00030826130433298004 -0.0061017662214714469 0.0081678120109737479
v -0.00036076785513234944 -0.0060803233166894658 0.0082219160904875993
v -0.0004136807182065514 -0.0060579130660517993 0.0082749503713304522
v -0.00046704701178830054 -0.0060345590588174623 0.0083269312670354381
v -0.0071800839494471141 -0.004971289962072062 0.0055782086119524335
v -0.00081311455630179628 -0.0061896399286268423 0.0082853774732084984
v -0.00085768517938487161 -0.0061612572426647068 0.0083374199890769041
v -0.0071800839494471141 -0.0050520574756190107 0.0058796370761106586
v -0.00090265663030777185 -0.0061319294715494925 0.0083884480600890862
v -0.0053090454177253093 -0.0064999563357398295 0.0064959844320861158
v -0.00094808483553490079 -0.0061016681426919383 0.0084384742792479196
v -0.0068595451943480219 -0.0054862989461529907 0.006093435121810523
v -0.0069762408562247021 -0.0053434147596707945 0.0062993701486156748
v -0.0012994210643260194 -0.0062169414791143594 0.0084075868818446909
v -0.0071414104619703968 -0.005126235767597468 0.0061899137597286593
v -0.0052006036192783342 -0.0064982728160099118 0.006830732832053453
v -0.0013346282311017055 -0.0061823573226827922 0.0084575326597810304
v -0.0013702533880677738 -0.0061468137593864739 0.008506507540062833
v -0.0067838262059347204 -0.0055466923379915512 0.0064135458681862153
v -0.0014063614114448362 -0.0061103103534134555 0.0085545197494758026
v -0.0070607958819341706 -0.0051928829355593854 0.0065083488118424532
v -0.0017457597685442815 -0.0061872599025751445 0.0085339011799199904
v -0.0017705379845352328 -0.0061472399266380611 0.0085816413434214086
v -0.0017957875819254764 -0.0061062106818511788 0.0086284401898796426
v -0.0018216236962135448 -0.0060641662467162865 0.0086742987490456194
v -0.0018482367864666683 -0.0060211110372356278 0.0087192120670637422
v -0.0069356308224424118 -0.0052502927608628078 0.0068308307777850035
v -0.0071107909219173945 -0.0050370697818553885 0.0067191445993146255
v -0.0048965969594520495 -0.0064181886546228238 0.0074879049464740876
v -0.0065054257392723703 -0.0056276676559011756 0.0070640107816309569
v -0.0021476547169849642 -0.0060622781081709097 0.0087081813836518782
v -0.0022103890811733108 -0.005923325693730698 0.0088379736480965251
v -0.0065468835480097191 -0.0053311371067432597 0.0074686813227671746
v -0.0054228860919351349 -0.0041979995141915027 0.0088143217502901407
v -0.0053723894188962206 -0.0043451667266532022 0.0088337730160247246
v -0.0055282118004349231 -0.004167132111118692 0.0087601319009784698
v -0.0052720888105521483 -0.0044310753355375244 0.0088740314797154992
v -0.005289848694034067 -0.0044887863232448864 0.0088585678671649071
v -0.005346884789769254 -0.0042862578915486508 0.0088495575908180482
v -0.0050842459909768642 -0.004638716942259361 0.0089261821788051941
v -0.0050943888916581311 -0.0047469727600784337 0.0088971751198446032
v -0.0052110855863204495 -0.0046207075163555511 0.0088732787726959871
v -0.0049538994170899549 -0.0047604783921449748 0.00895309296111629
v -0.0048196562277578944 -0.0048698513841471591 0.0089757340075231548
v -0.0051868352213427314 -0.0045082205695098094 0.0089034195592623457
v -0.0052508561308919934 -0.0043739683196984793 0.0088893332584917221
v -0.0053179292701713262 -0.0042281836653491741 0.0088651185328292598
v -0.0048220352852882111 -0.0047727534084785802 0.009001751331690247
v -0.004673584566169584 -0.0048771643347043569 0.0090272304106997318
v -0.0046602990318385619 -0.0049676646141830257 0.0090029809338986327
v -0.0043840266941947556 -0.0049792079084575412 0.0090893598972937167
v -0.0043301410167614447 -0.005133200909925497 0.0090480975969103317
v 0.0011060182712249432 -0.0060932907641894525 0.0064162674764171469
v 0.0010795407586559947 -0.0060942139164944179 0.0065583829695819934
v -0.00560015738614457 -0.0030333249506280069 0.0034348745178132342
v 0.0010334328031847578 -0.0060977871620254117 0.006711396736433937
v -0.0051379686502548583 -0.0025768107424058197 0.0034244173187684959
v -0.005683260277531005 -0.0027894156311681854 0.0036105117349858715
v -0.0058918066630873588 -0.0030609611968826023 0.0036123446190780262
v -0.0057769278347874807 -0.0027941934448327574 0.0036718748398938839
v -0.0058692918163040361 -0.0027994801912670591 0.0037356193908140629
v -0.0059384885017832283 -0.0030675534812915997 0.0036427378116539854
v -0.0059850552940005361 -0.0030741222049339764 0.0036739415498606397
v -0.005951328520364195 -0.0028046956511172897 0.0037951402804049482
v -0.006026927915984308 -0.0030800354771942972 0.0037027792965881805
v -0.0060646199511938705 -0.0030853711066074299 0.0037293904073422693
v -0.0060242702819553375 -0.0028097739109138342 0.0038505366524407554
v -0.0055145128570925316 -0.0025477572414694914 0.0036637178512111007
v -0.0062377149728463479 -0.0031060624853957819 0.0038621066645070671
v -0.0061891084856394605 -0.0028180790497768118 0.0039887583123293137
v -0.0056056815621465701 -0.0025444703256364133 0.0037276115694066122
v -0.0063204410859611154 -0.0031172957305211869 0.0039305520402528561
v -0.0062569912134050193 -0.0028249688670279128 0.0040481499936826449
v -0.0056502654253330386 -0.0025435588803466727 0.0037596936915444473
v -0.0063549534914550104 -0.0031234865955801138 0.003959569777880108
v -0.0063894368468157591 -0.0031296975976986296 0.0039892889830203107
v -0.0063238061234755045 -0.0028322322316063566 0.0041093648065500402
v -0.0056946551041367668 -0.0025426586345281164 0.0037925792099771328
v -0.0057739168124406109 -0.0025413202520170692 0.0038535717403644066
v -0.0058128943505995302 -0.0025410121582947402 0.0038845070361375922
v -0.0058478977916550717 -0.0025407587209685181 0.0039130012295689369
v -0.0065422158389788357 -0.0031549110522506004 0.0041319886983286064
v -0.006469401080170481 -0.0028464574858102889 0.0042564077975358302
v -0.0059167592527806685 -0.0025408383661963533 0.0039706804302586905
v -0.006614388688174805 -0.0031683202653829874 0.004204992080642257
v -0.0065303337383099281 -0.0028554749767851079 0.004321281442501013
v -0.0066451928676646514 -0.0031753092257191915 0.0042368803762848481
v -0.0059949092900041844 -0.0025389364550761763 0.0040417229814615589
v -0.0066728340583169666 -0.0031816187503981271 0.0042662392062455951
v -0.0065840226372595968 -0.0028639117335037358 0.0043812743597440593
v -0.0060608351334213509 -0.0025403402420942525 0.0041022095890890092
v -0.0060931575349713269 -0.0025413346532882491 0.0041327617379433614
v -0.006739689870026648 -0.0031959822249778193 0.0043410007248196056
v -0.0067089957115138805 -0.0028835909106859079 0.0045349284535041437
v -0.0061253771415499311 -0.0025423648887515585 0.0041640098107668007
v -0.0061884493596342603 -0.0025450121823258885 0.0042270960585373378
v -0.0068644828824327552 -0.0032261239155300771 0.0044929813836112305
v -0.0067521142192243583 -0.0028924879908528178 0.0045913083262235609
v -0.0062578101969480507 -0.0025466931807593502 0.0043021425359134682
v -0.0068860400650791196 -0.0032323523454087172 0.0045208222465536454
v -0.0067941487389510729 -0.002901624964387632 0.0046489157457934817
v -0.0069074706487307928 -0.0032385932841497178 0.004549197609429562
v -0.0063174384131833251 -0.0025506795515931346 0.0043679084702768966
v -0.0069287679638935611 -0.0032448478155288596 0.0045781265610908457
v -0.0068350404002768253 -0.0029110031791898948 0.004707771486797332
v -0.0063465053287682857 -0.0025529629820702101 0.0044010413314942301
v -0.0071413549879372285 -0.0045649124007151338 0.0049361402033452195
v -0.0071956358382494002 -0.0043469262562639607 0.0049100147799434196
v -0.006372523709050457 -0.0025550603113685135 0.004431514411828698
v -0.0069832697339597977 -0.0032610649208888818 0.0046558340591689997
v -0.0069351833651086839 -0.0029363188169078116 0.0048662853353708688
v -0.0064232826991188104 -0.0025597259516431789 0.0044928366023336361
v -0.0064832781610030636 -0.0025647790843392171 0.0045708454119398698
v -0.007193851698242916 -0.0046161124463768213 0.0050913424134867973
v -0.007215852277099896 -0.0046409299555556201 0.0051689262874344381
v -0.0070830807703076279 -0.0032946606568144314 0.0048126855251021715
v -0.0069703203907666971 -0.0029468754127623866 0.00492696857146422
v -0.0065259411391231275 -0.0025700011087413416 0.0046278280559149676
v -0.0071007325270014011 -0.0033013674718137967 0.0048426976034361413
v -0.0065467221745935675 -0.0025727990152509916 0.0046564392693678684
v -0.0071181700379768275 -0.0033080800260354105 0.0048732678652391708
v -0.0070040969110572032 -0.0029576555677806333 0.0049888359097949517
v -0.0071489415053121504 -0.0036665552756736703 0.0047555673472983468
v -0.007135377134440902 -0.0033147969200453538 0.004904406165747781
v -0.0070364371792794502 -0.0029686562065727707 0.0050518823406057404
v -0.0065875735202355259 -0.0025785996382566945 0.0047147966736238002
v -0.006607425472561575 -0.0025816861777521538 0.0047440805157208926
v -0.0072350733393470486 -0.0046652102350576838 0.0052464048580584425
v -0.0073026304673628039 -0.0044449332539534051 0.0052214434453479149
v -0.0066270905569572281 -0.0025848155522785071 0.0047739082039986915
v -0.0066652280067627757 -0.002591446110012342 0.0048337463445754097
v -0.0072157949124056903 -0.0033505315973381489 0.0050631269877149465
v -0.0071108035403435743 -0.0029989141549833934 0.005212361504789203
v -0.007265357046719538 -0.0047121202254028667 0.0054007778765951704
v -0.007276518439265846 -0.0047347336750240242 0.0054775441477166531
v -0.0067130818813637616 -0.0026003607539152023 0.0049140120521549528
v -0.0072514343814632787 -0.0033688321068133806 0.0051426631928764835
v -0.0071343635274141943 -0.0030097300739004825 0.0052701429967051015
v -0.0072634266857374572 -0.0033751833054541784 0.0051713063054276759
v -0.0067478128696881537 -0.0026079671742583184 0.0049753036008322411
v -0.0072740004244952229 -0.0033808932048520661 0.0051974613321534406
v -0.0071544322841860459 -0.003019595867724629 0.0053228727416789485
v -0.0067645580328573032 -0.0026119500180678185 0.0050060034788182734
v -0.0067810438194296965 -0.0026159806788791993 0.0050372529155445524
v -0.0072850972548322446 -0.0047567773231916386 0.0055539489572797914
v -0.0073644129706381904 -0.0045362156120676506 0.0055307369023688043
v -0.0068127336702754632 -0.0026243991522538995 0.005099827027865887
v -0.0068280749132776895 -0.0026287167185678156 0.0051316754052251213
v -0.0068574366242252199 -0.0026377050074152695 0.0051954074193320864
v -0.0072947368434283233 -0.0047991360984351063 0.0057054458662083628
v -0.0072959183673469369 -0.0048194445424370328 0.0057804304966119048
v -0.0068925212389661381 -0.0026501737471232721 0.0052763989802255872
v -0.00066527797257169726 -0.0058826231692189418 0.0085641175009113831
v -0.0011827403474762052 -0.0064334824829693658 0.0080709728255530921
v -0.0069156039956476218 -0.002659069912324574 0.0053346704578618852
v -0.00072431967717084995 -0.0058558854006098482 0.0086095889437082171
v -0.0069266007215796248 -0.0026636539155653026 0.0053637876232071491
v -0.0069362434536016154 -0.0026678139883413604 0.0053903582158856518
v -0.0072947368434283233 -0.0048393492292218027 0.0058555233134357223
v -0.0069546288950847078 -0.0026763518166225014 0.0054434470052199587
v -0.0014405190532979068 -0.0064375805657086466 0.0081419597018444496
v -0.0069811479213641101 -0.002690955663472452 0.0055240441114970031
v -0.0072090447635209092 -0.0030530938146383813 0.0054828754301826377
v -0.00094397869039295076 -0.0058808672394782867 0.0086581627733543949
v -0.0072850972548322446 -0.0048784139082520481 0.0060079028727844166
v -0.0073644129706381904 -0.0046990078907720037 0.0061382859575733664
v -0.007276518439265846 -0.0048975259537283747 0.0060850932029212143
v -0.0069965859957351441 -0.0027001301807192063 0.0055775927119359869
v -0.0070038541231286413 -0.0027048198331519123 0.005604315772360014
v -0.0072241831107168353 -0.0030636456306785912 0.0055359880711146814
v -0.00099958172262223726 -0.0058499887097082865 0.0087013184695783428
v -0.0070175172046113652 -0.0027143283924005476 0.0056583638994886802
v -0.0072381443176698186 -0.0030742972472696424 0.0055896824735262559
v -0.0010555620721615123 -0.0058183647422922957 0.0087433242539195939
v -0.0070238926557449803 -0.0027191829673849136 0.0056853241538912646
v -0.0016864732987503437 -0.0064266594863614974 0.0082146580231652073
v -0.0072653570467195389 -0.0049163252674499953 0.0061628814686768008
v -0.007029967724297574 -0.0027240672194243851 0.0057125944562782761
v -0.0072508906084343978 -0.0030850427167930612 0.0056439306235974533
v -0.0070411957082902477 -0.002734032742605569 0.0057669842199342377
v -0.0070569073523955618 -0.0027510606081483395 0.0058460732646591594
v -0.0072829820451633586 -0.0031216713839862303 0.0058012909640616723
v -0.0072350733393470486 -0.0049528865333881471 0.0063200274195610862
v -0.0073026304673628039 -0.0047746017782381604 0.0064517831276348888
v -0.007215852277099896 -0.0049705984798403763 0.0063992659697214103
v -0.0070651066533953342 -0.0027615815691777092 0.0059005873340767607
v -0.0012892670268040128 -0.0058043407403712667 0.0088113857273576443
v -0.0021077836454137392 -0.0064758307261929566 0.0082014826291615314
v -0.0070687519439871262 -0.0027669330474629373 0.0059277441204872508
v -0.0072907600691920812 -0.0031329583731875862 0.0058554045849684676
v -0.0013413161893716106 -0.0057685700017480121 0.0088502845428473139
v -0.0070750676342304494 -0.0027777460265278205 0.005982531315734901
v -0.0072972579289366287 -0.0031443093906618094 0.005909942194058793
v -0.0070777701804032433 -0.002783240838886467 0.0060098116808443612
v -0.007193851698242916 -0.0049878978234067046 0.0064788643300734755
v -0.0013937412181579082 -0.0057321135854905662 0.0088880320842193508
v -0.0070801253155129357 -0.0027887586976199133 0.0060373497818899348
v -0.0073024474499925355 -0.0031557170289529656 0.0059648659528178044
v -0.0014465980291071751 -0.0056949754522066061 0.0089246387630195507
v -0.007083923091537935 -0.0027999664686208805 0.0060921757339332458
v -0.0023243807411571331 -0.0064126532239117198 0.0083085811058207591
v -0.0070893156191902569 -0.0028190310324045838 0.0061687026993571684
v -0.0073132192737212012 -0.0031947502292854332 0.0061175284754917047
v -0.0071413549879372285 -0.005021158388259549 0.0066388734096104176
v -0.0071956358382494002 -0.0048454395611927086 0.0067704917621865873
v -0.0070901079645625939 -0.0028306976828947079 0.0062233041279521383
v -0.007090062279624984 -0.0028366088324403497 0.0062504566003363793
v -0.0073135596652203665 -0.0032065469973082345 0.0061718023532040082
v -0.0016373464243752936 -0.0056771200982872671 0.0089682755986059248
v -0.0070895116279294824 -0.0028440773917392326 0.0062847718093615463
v -0.007313094165035932 -0.003213975307049876 0.0062060465689718928
v -0.0070890627038428383 -0.0028478414742720234 0.0063018668861564717
v -0.0070883333490725405 -0.0028523091388699263 0.0063222582550509897
v -0.007311846264524597 -0.0032228164014579948 0.0062469098752707015
v -0.0027128967280831318 -0.0064111995169466507 0.0083089706254280814
v -0.0016849828346770569 -0.0056363379428548428 0.0090022922276545327
v -0.0070863816425724962 -0.002861405191634735 0.0063631438783897688
v -0.0073098496897083106 -0.003231576680637927 0.0062875788965672365
v -0.0070851144366649308 -0.0028659166379780424 0.0063834632018305477
v -0.0017330844372365041 -0.0055949005466969176 0.0090351695085371161
v -0.0070820866037672962 -0.002875101297668145 0.0064242034737789413
v -0.0073001028010814314 -0.0032738918351133801 0.0064391070163496772
v -0.0017817294189153197 -0.0055528085534562611 0.009066909646056694
v -0.0070015254482916909 -0.005081635029846948 0.0069601420338528232
v -0.0070412440187026032 -0.0049100252262173393 0.0070899383728484228
v -0.0070774313492242228 -0.0028966365785375024 0.0064998780421584952
v -0.0030824759466329529 -0.0063814162166786342 0.0083169510366828282
v -0.0018310307134349895 -0.0055100719105623721 0.009097508882313159
v -0.0070724129006834707 -0.0029061936832985207 0.0065405987248715056
v -0.0070696510886071673 -0.0029110527900886797 0.00656099774276157
v -0.0072947379646360316 -0.0032831643683100156 0.0064800525928281677
v -0.0018812050145826952 -0.005466734630031311 0.0091269505745812229
v -0.0070635666114185376 -0.0029206795935675417 0.0066014967303412034
v -0.0072886403870459828 -0.0032923380730542416 0.006520736552744797
v -0.0070602727659828295 -0.0029255725701884659 0.0066217792101925113
v -0.007285102942307678 -0.0032971755275147652 0.0065422659691758847
v -0.0030665751386222762 -0.006321365155325877 0.0083988838033238564
v -0.0070584424838083032 -0.0029281447612325984 0.0066325003525048746
v -0.0070565586442646478 -0.0029306953694363809 0.0066431741498066176
v -0.0072813639589638796 -0.0033019825882610273 0.0065637156523298788
v -0.0070526622506583963 -0.002935913935912329 0.0066646434251122098
v -0.0070492111934030025 -0.0029429298823869967 0.0066875712653531195
v -0.0072739624954270589 -0.003315494855921421 0.0066097419287728994
v -0.0070449083560704196 -0.0029481975609104874 0.0067089752763665961
v -0.0019908816686458296 -0.0053808533841891871 0.0091815370055704695
v -0.0070369160451718817 -0.0029625577525610983 0.0067549336198203707
v -0.0072424426871388076 -0.0033624945405639696 0.0067642547045432232
v -0.0070216401060030562 -0.0029873526643100661 0.0068318911756403648
v -0.0070112195254982837 -0.0030021472588130146 0.0068775224213513207
v -0.0072309162477511369 -0.0033765666726661152 0.0068101486116021502
v -0.0070056654248925598 -0.0030096424485822836 0.0069003508622784921
v -0.0069989922114489069 -0.0030182092093347288 0.0069264336809109449
v -0.0072165005221249074 -0.003392709320284017 0.0068626235727921826
v -0.0069847385870529478 -0.0030355965675360609 0.0069786125825420896
v -0.0072009463899174514 -0.0034087239538636311 0.0069144859335592895
v -0.0069772029192874526 -0.0030442303532033197 0.007004380887897536
v -0.0069612360503739194 -0.0030617433594047087 0.007055906350843663
v -0.0071474832618620299 -0.0034598354156744745 0.0070697400620714475
v -0.0071323963188125129 -0.0039399054935112636 0.0072944636701622462
v -0.0070238937709300583 -0.0035528792035293853 0.0073426029496586288
v -0.006990948617594128 -0.0035735756427353509 0.0074030771304133989
v -0.0071150193527946158 -0.003948933022064686 0.0073249946268483966
v -0.0069566276392208568 -0.0035940336674170556 0.0074623916776625464
v -0.0069355927727217772 -0.0030894152351745507 0.0071329824325012401
v -0.0070974233133275985 -0.0039577535333132595 0.0073550188497240902
v -0.0070796214546091649 -0.0039663767376231524 0.0073845485956328342
v -0.0069210006422699387 -0.0036142602690289473 0.0075205494684975303
v -0.0069145974347850237 -0.0031093459554563567 0.0071893443982775198
v -0.0071247165737945055 -0.0034782068606724987 0.0071265198076181846
v -0.0069035493980710069 -0.0031194549101567349 0.0072174864093425949
v -0.0068909655606171271 -0.003130534126687044 0.0072482739838752013
v -0.0070979242261959832 -0.0034984111892251875 0.007188603116884195
v -0.00703132020379796 -0.0039911565715110252 0.007461101889332287
v -0.0068213072592452767 -0.0036722776145172837 0.0076703218943744668
v -0.0068644694722802381 -0.0031530323539433356 0.0073097176998572107
v -0.0068297005012658719 -0.0031830205421373224 0.0073860203455246975
v -0.0069255244887074675 -0.0040410597821928197 0.0076124593306069613
v -0.0067799960651999886 -0.0036928417468053347 0.0077262799006734221
v -0.0069040858307270331 -0.0040496453593469447 0.0076408110983327221
v -0.0067995313141596403 -0.0032059557655268163 0.00744604220349051
v -0.0068825154145045787 -0.0040580469098487571 0.0076686737035983575
v -0.006737582475568586 -0.0037131664657668539 0.0077810265107574493
v -0.0067837957390971884 -0.0032175811458498888 0.007475946456877265
v -0.0068583996044383113 -0.0040671796228923061 0.0076990807544615797
v -0.0066892288826798521 -0.0037354841936234244 0.0078404608907065611
v -0.0067514056876960722 -0.0032406046237352377 0.0075346499624348489
v -0.0067345788307831625 -0.0032522659450359421 0.0075638766392386843
v -0.0067175316233348539 -0.003263766157891518 0.00759259666724012
v -0.0066822131405459093 -0.0032870507609222797 0.0076497568032552581
v -0.0067335237565315301 -0.0041175535878135621 0.0078455807927278447
v -0.0065643394125333328 -0.0037962588934657218 0.0079829772158272142
v -0.0066348027060686085 -0.0033199345263428583 0.0077236157436202293
v -0.0066666324792763222 -0.0041427548635980041 0.0079174042377140944
v -0.006504128010806195 -0.0038212454970439989 0.0080454502399307116
v -0.0066357242548371756 -0.0041527377641794082 0.0079492537266620429
v -0.0065961844816036065 -0.0033435406862480539 0.0077790090582144393
v -0.0066047100023023317 -0.0041624885006902963 0.0079804276204039782
v -0.0064426180062929902 -0.0038458987981333788 0.008106104835317228
v -0.0065762867325274456 -0.0033554728108512117 0.0078065300298121665
v -0.0065562360058856279 -0.0033672472189790427 0.0078335568945260801
v -0.0065150002402028888 -0.0033910397709996944 0.007887234827581668
v -0.0064917269614901954 -0.0034041250527892136 0.0079164221146544086
v -0.0064572319197040602 -0.0042127755133501187 0.0081187344338153802
v -0.0062967393512082291 -0.0039083140357803314 0.0082398353778977348
v -0.0064438373377141414 -0.0034305770675789244 0.0079742984449357665
v -0.0063793164035718369 -0.0042377885782957595 0.0081860029917790386
v -0.0062294174951594691 -0.0039329851324061416 0.0082964001604288618
v -0.00634461274186102 -0.0042472885675011937 0.0082148941217952444
v -0.0063840736793296061 -0.0034659240976741426 0.0080440941430778602
v -0.0063098587398025714 -0.0042565934242644607 0.0082431720835272806
v -0.0061610509571603982 -0.0039573521023848887 0.0083511964469817155
v -0.0063271286830926454 -0.0034955494990072849 0.0081056513580567129
v -0.0062270007833300145 -0.0042814161115482322 0.0083078530327626732
v -0.0059960638507202549 -0.0040206181472885712 0.0084741778768284304
v -0.0062978798993457907 -0.0035105136418210358 0.008136073966330544
v -0.0062685134376986307 -0.00352526511123585 0.0081658140234180578
v -0.0055199699186915443 -0.0050797563512865566 0.0085618548214692648
v -0.0062083096651810018 -0.0035550468875208399 0.0082245501106058497
v -0.0052827233988312332 -0.005194526289439551 0.0086359934617674123
v -0.00509648325690314 -0.0053033641520498559 0.0086704645941665989
v -0.0050244661139428786 -0.0054065832207182184 0.0086428071280734188
v -0.0060536694381318193 -0.0043305367825182692 0.0084326870519287871
v -0.0059144544048860661 -0.0040475404510405448 0.008530056797132396
v -0.0055575439046609476 -0.004953542942523319 0.008595673602421354
v -0.0053741843268279741 -0.0051386519516113793 0.0086155362311662424
v -0.0061389529601948356 -0.0035920121220528937 0.0082898423146202764
v -0.0060114823520233699 -0.0043405154026953403 0.0084612637856817333
v -0.005570501897978304 -0.0048896794160928998 0.0086127857827541874
v -0.0059645629144575267 -0.0043513789378169573 0.0084922349439722714
v -0.005822549537558488 -0.0040770761495120492 0.0085897087874120259
v -0.0060754413310594941 -0.0036219152978994693 0.0083455560903223872
v -0.0059175339744492825 -0.0043620429832916053 0.0085224520837493649
v -0.0056435568072989847 -0.0047552086646008573 0.0086146701293996764
v -0.0055795022900294649 -0.0048254725680930283 0.008629989955824301
v -0.0060430113709681269 -0.0036369836019461772 0.0083730002447054228
v -0.0058703264123513461 -0.0043725435918967118 0.0085519817378638882
v -0.0057293497060256285 -0.0041062789652362743 0.0086469134716909962
v -0.0056348319782030063 -0.0041352148165147542 0.0087017821443950757
v -0.0060105183269329584 -0.0036518677721067211 0.0083998287689489391
v -0.0056446821691286553 -0.0046894522504408922 0.0086322895074710058
v -0.0056832308310187703 -0.0045502238767011977 0.0086407877088386827
v -0.0059442632372751951 -0.0036818477370783339 0.0084526370532745938
v -0.0057301630628774089 -0.0044730603145621967 0.0086259600496841702
v -0.0058662396578172933 -0.0037199997697624828 0.0085125647918990709
v -0.0057894181257003244 -0.0037533407270624554 0.008567663085371973
v -0.0057503070021703963 -0.003770113856795332 0.0085946476701310275
v -0.0057067907838724598 -0.0037885379270624561 0.0086238487264151814
v -0.0056181624567701221 -0.0038256043621912113 0.0086808277021024564
v -0.0055735089468692614 -0.003843984708581126 0.0087083150984284385
v -0.0055287178253608585 -0.0038622237007139332 0.0087351031468738925
v -0.0054370322995283991 -0.0038992717062692143 0.0087876406959678487
v -0.0053860280660874803 -0.0039195392585647786 0.0088155623795958243
v -0.0053361557329661856 -0.0039391769611774553 0.0088420080555587765
v -0.0049592341915650311 -0.0041466410413659675 0.0090194726873237957
v -0.0048056933348171746 -0.0043126088460725409 0.0090755781709483448
v -0.0048365489975011776 -0.0042469755406389729 0.0090663669267077047
v -0.0048527069394762885 -0.0041833474958041968 0.009060639925780432
v -0.0047012153059760864 -0.0043950902124089662 0.0091072806510877208
v -0.0045735705388479852 -0.004428210635646238 0.0091467083870396659
v -0.0044674151109932482 -0.0044553822054968235 0.0091769748236094108
v -0.0044168707862090291 -0.0045128773907251261 0.0091854985728908062
v -0.004286331421650383 -0.0045425774455475597 0.0092183192328740698
v -0.0041693612238359956 -0.004612575543125024 0.0092384102080208998
v -0.0040245180574172753 -0.0046407415185242386 0.0092683339473828893
v -0.0038901646079738039 -0.0046665172522636486 0.0092928877671049522
v -0.0037427077713057472 -0.0046945489799570094 0.0093163526301313099
v -0.0036194453190395003 -0.0047180883555583576 0.0093331636639774757
v -0.0034854924790935081 -0.0047911992681896757 0.0093383412425941097
v -0.003471112133389076 -0.0047506878611394306 0.009349196241397472
v -0.0070786803298703892 -0.0034605719624451001 0.004706173707296599
v -0.0071960214637327756 -0.0035098985893700255 0.0049087395124532054
v -0.0072728512861590317 -0.0035490296502800342 0.0050668498596143224
v -0.007290147308594697 -0.0035589112888425528 0.0051064461288530408
v -0.0073069947909351557 -0.0037507433475356235 0.005069761508878415
v -0.0072961556370193517 -0.0035623243291380557 0.0051207051251665149
v -0.0073015442443102986 -0.0035653852528315781 0.0051337268419156031
v -0.0073175615948524401 -0.0035753219436361751 0.0051733321014050832
v -0.0073045606858937176 -0.003399613756161303 0.0052769806799335146
v -0.0073741356348478952 -0.0036153407423929274 0.0053315886696107383
v -0.0073567981935504616 -0.0034376996522489148 0.0054356198328140478
v -0.0073979856367864883 -0.0036354773454758539 0.0054104933272412356
v -0.007364216365380807 -0.0034436002837608887 0.0054619769546647001
v -0.0074016297778200443 -0.0036385755703279656 0.0054236231441499149
v -0.0073713779755104607 -0.0034494848982115638 0.0054886621411350325
v -0.0074165268420828701 -0.0038351657378576185 0.0053848301588565123
v -0.0074052317749698816 -0.0036416593608429356 0.0054369245937425899
v -0.0074087884288243176 -0.0036447275086398463 0.005450396432596108
v -0.0073782715590841631 -0.003455350909141858 0.0055156704193787005
v -0.0072682064567606477 -0.0032250688808928025 0.0053802951242093947
v -0.0074188946702839608 -0.0036548290024196383 0.0054896939537950259
v -0.0073971430933478348 -0.0034748239314036128 0.0055943344178243917
v -0.0072935312282474485 -0.0032431538910216886 0.005459858291532717
v -0.0073011225328980193 -0.0032487392965701981 0.005486321990237587
v -0.0073047995977988354 -0.0032515435065601775 0.0054995426088345891
v -0.0073119669164033495 -0.0032571394371181998 0.0055263179946184503
v -0.0073154298327978784 -0.0032599486510656154 0.0055396927787066969
v -0.0073188346678494639 -0.0032627468196773954 0.0055532367053125085
v -0.007452228092840271 -0.0036953082852765043 0.0056460361475739141
v -0.0074265103206801056 -0.0035141604492499321 0.0057504612489122711
v -0.0073253984751906129 -0.0032683652178879985 0.0055802955734557515
v -0.0073348326794171826 -0.0032777241992538839 0.0056197416326914012
v -0.0074647285461409123 -0.0037155591678804871 0.005723590331808916
v -0.0074302593399143708 -0.0035201245629505767 0.0057773545389140785
v -0.0074665541558013009 -0.0037186140444529022 0.0057369970872098381
v -0.0074797745430643927 -0.0039186038606478226 0.0056962254723977191
v -0.0074337021818254804 -0.0035260585796016777 0.0058045306048650274
v -0.0074683133369709501 -0.003721648483773344 0.0057505610694698764
v -0.0074700031111887251 -0.0037246610789357188 0.0057642791039156857
v -0.0074368288621892691 -0.0035319594946552355 0.0058319801668985996
v -0.0073516129538511547 -0.0032966298267111355 0.0056983341568345482
v -0.0074745368137433812 -0.0037347733831708616 0.0058027410803922026
v -0.0074446647633692863 -0.0035518567343957208 0.0059087434917784306
v -0.0073656500779468214 -0.0033157667485641689 0.0057764762396400604
v -0.0073695581428653316 -0.0033215694303248755 0.0058034661985105424
v -0.0073713930902387448 -0.0033244792768122328 0.005816937969765199
v -0.0073748261465332926 -0.0033302764539347544 0.0058441777693312392
v -0.0073764220539321709 -0.0033331832701604574 0.0058577725820162189
v -0.0074861339320075396 -0.0037751178624756731 0.0059551564663000616
v -0.0074526437854267637 -0.0035918058718848443 0.0060603872859656431
v -0.0073779354700024176 -0.003336074802507299 0.005871519580194994
v -0.0073807179191362647 -0.0033418738536960708 0.0058989598569683449
v -0.0073846602777482909 -0.0033516642378467712 0.0059374003963606299
v -0.0074881190636077169 -0.0037951987726276633 0.0060304157292150424
v -0.0074527290799153443 -0.0035977158595072024 0.0060874136193588809
v -0.0074881402458211455 -0.0037981516203682694 0.0060439019347452196
v -0.0074526092201870004 -0.0036014081762241199 0.006104518598387002
v -0.0074999999999999989 -0.0039999999999999966 0.0059999999999999993
v -0.0074881100445039987 -0.0037999942241645438 0.0060524495811015424
v -0.0074880292864554472 -0.0038021625136883531 0.0060626606967966708
v -0.0074522884120198111 -0.003605762941440454 0.0061249466545800681
v -0.007487900424628261 -0.0038042731217767917 0.0060727961464760302
v -0.0074517760215334211 -0.0036100200265633056 0.0061452438284708821
v -0.0073906226723487647 -0.0033713667015249928 0.006013808059404221
v -0.0074860427127049082 -0.0038244990143946442 0.0061479810367013402
v -0.0074443144220570018 -0.0036511766278520337 0.0062964303825099963
v -0.007394072807443741 -0.0033912137292515564 0.0060895429882128456
v -0.007394278151795281 -0.0033971176007128092 0.006116647394519858
v -0.0073942650153685863 -0.0034000751103426667 0.0061301647437296885
v -0.0073941181537494939 -0.0034037757425782454 0.0061472882309615926
v -0.0073939986809823917 -0.0034056281782734584 0.0061558355881116958
v -0.0073938045439983493 -0.0034078112460868412 0.0061660411276745989
v -0.007393285209464963 -0.0034122025687982047 0.0061864823141431482
v -0.0073929483406437587 -0.0034143492506873247 0.0061966311694126395
v -0.0074747106004145036 -0.0038657459539339811 0.0063000917707341821
v -0.0074367475113511208 -0.0036722972360920762 0.0063728075505010478
v -0.0073921446327523087 -0.003418668025335231 0.0062169597852395828
v -0.0074702451827262373 -0.0038762151516216 0.0063384442310046706
v -0.0074340231979177461 -0.0036767451209948005 0.0063933829635252739
v -0.0074797745430643927 -0.0040813961393521741 0.0063037745276022803
v -0.0074688819229797527 -0.0038783893832569742 0.0063487578968235781
v -0.0074311225991273199 -0.0036810878082312488 0.0064138038108383722
v -0.007467480932597719 -0.0038805028844520022 0.006358987135579545
v -0.007466720776063516 -0.0038816021595272348 0.0063643936238199248
v -0.0074659504855980365 -0.0038826840116142282 0.0063697759218586513
v -0.0074295093919394305 -0.003683354369713821 0.0064246021652141997
v -0.0073890762100310512 -0.0034392799392469016 0.0062923876357414308
v -0.0074643213767432862 -0.0038858099720253964 0.0063813009319827144
v -0.0074278482051954959 -0.0036855905002281643 0.0064353556485617879
v -0.0074244224329433565 -0.0036919977990248825 0.00645839778773823
v -0.0073835061992373451 -0.0034603575173152911 0.0063683330263251871
v -0.0074518860493861328 -0.0039070580387359482 0.0064585771478148203
v -0.007395326903389024 -0.0037360300043345856 0.0066132282072868124
v -0.0073797639325700335 -0.0034710689674085755 0.0064064831235661418
v -0.0073770999711097315 -0.0034756048081170682 0.0064269996413356279
v -0.0073756996444054122 -0.0034778850986964924 0.0064372688610329102
v -0.0073727614581347925 -0.0034823400179773535 0.0064576440193263212
v -0.0073712248007891676 -0.0034845796349607613 0.0064678417275790406
v -0.0073703892263487824 -0.0034857474721557351 0.0064732310245163207
v -0.0073695412411590149 -0.0034868988952494384 0.0064785958448156109
v -0.0073678070908826726 -0.003489245866180143 0.0064893833833136435
v -0.0073661342872200488 -0.0034925142770579447 0.0065008829216890544
v -0.0073642959087271975 -0.0034948423360792267 0.0065116322309915573
v -0.0074186876566228266 -0.0039502008935536018 0.0066141886414003573
v -0.007376596942538398 -0.0037585257261610037 0.0066910678475312407
v -0.0073606622339470488 -0.0035014281622016944 0.0065346698627388993
v -0.0074086161137946705 -0.0039611106745920492 0.0066532663275112747
v -0.0074165268420828701 -0.0041648342621423747 0.0066151698411434862
v -0.0073704851959851565 -0.0037651126293740365 0.0067141552884549182
v -0.0074054931033764515 -0.0039642831105917587 0.0066648472449140133
v -0.0074018465572051684 -0.0039678705271194228 0.0066780818679771049
v -0.0073631843515175677 -0.0037725869789852649 0.0067405471849836425
v -0.0073981619930748163 -0.0039713760133387004 0.0066911595153947142
v -0.0073556382132112588 -0.0037799176813596738 0.0067666321583173582
v -0.0073468310182262563 -0.0035239422628106885 0.0066118775189394942
v -0.0073744441099317494 -0.0039934149875436266 0.0067695460800645223
v -0.0073039493685889212 -0.0038263491327139095 0.006923012346076415
v -0.0073302634819842564 -0.0035468917509581363 0.0066893615873818849
v -0.00732093815117722 -0.0035585264278398913 0.0067281872102460229
v -0.003647212807520327 -0.0064099769756414968 0.0081604309018584054
v -0.0073150497068167506 -0.0035653350584607785 0.0067511993632577054
v -0.0073120130889335316 -0.0035687531193748898 0.0067627107318341132
v -0.0019723349782933956 -0.005701195515063622 0.0089911136777698266
v -0.0073084577000795906 -0.0035726282193582568 0.0067758641925372625
v -0.0025728540494203886 -0.0061540040572676206 0.0086266114816163364
v -0.0073011046509299437 -0.003580413986351557 0.0068021824000019573
v -0.0072973424847258966 -0.0035842343853890817 0.0068151847387048995
v -0.007318140620125463 -0.0040379513653411823 0.0069265854030481962
v -0.0072736707898092626 -0.0038499582762411551 0.0070012205464261576
v -0.0072895804948232834 -0.0035919095199574169 0.0068411974564148654
v -0.0020119999454982448 -0.0056548803848765492 0.0090256551385289822
v -0.0073021920791609433 -0.0040491679908864417 0.0069658481576243486
v -0.0073069947909351557 -0.0042492566524643697 0.0069302384911215835
v -0.0072617775398667516 -0.0038582328018615976 0.0070298526850936863
v -0.0072961587843437519 -0.0040530653726352861 0.0069802276455636306
v -0.007289433968959866 -0.0040572826500516416 0.0069959752034985719
v -0.0072482775528152849 -0.0038672220475519312 0.0070611972268810469
v -0.0072646732916013413 -0.0036160806697223126 0.006919110830247972
v -0.007272148672983733 -0.0040685494609559057 0.007035200540732472
v -0.0072126943476296754 -0.003891248814445203 0.0071392003241810241
v -0.0072368587511106976 -0.0036406385147590655 0.0069970322633235299
v -0.0072218507246355271 -0.0036530577289007036 0.0070359732048315537
v -0.0072102848587399767 -0.0036617845222300352 0.0070644863290647512
v -0.007204354127362307 -0.0036661665675443 0.0070787364393792365
v -0.0071977315720766055 -0.0036709250882393141 0.0070943396929562834
v -0.0071953634061610559 -0.0041138338868581866 0.0071916640203619894
v -0.0071666794923062023 -0.0036932020096742306 0.0071643455069603373
v -0.0071523558763422557 -0.0041365709239623086 0.007269495960148557
v -0.0071434996650296253 -0.0041407316188864359 0.0072848395873643668
v -0.0071489415053121504 -0.0043334447243263234 0.0072444326527016526
v -0.0071346569671565776 -0.0041447816435810731 0.0072999454944378322
v -0.007125828771289598 -0.0041487263544181018 0.0073148208996593753
v -0.0071022692172231384 -0.0041601217803013575 0.0073534796826092057
v -0.0045306110791329887 -0.0061078879102581321 0.0082406877984785472
v -0.0039265516894503765 -0.0061259798416783192 0.0084506414050983768
v -0.004638848360292114 -0.0057691563172247023 0.0085456559596672546
v -0.0033920007382524943 -0.0060527550124346166 0.0086532433009068026
v -0.0070003034484101018 -0.0042057076178194921 0.0075068610352231327
v -0.0025787639700462972 -0.0057035864551396717 0.0090123083046039741
v -0.0023290145237589671 -0.0051998421102567513 0.0092804526418486695
v -0.0048102203171796008 -0.0059546122442179356 0.0082817578894133596
v -0.0052382040827522441 -0.0056205472369268679 0.0083712703383364978
v -0.0049415618494855987 -0.0055052207802651727 0.0086163772736494362
v -0.0048488724974611571 -0.0055987756869472971 0.0085913093119559924
v -0.0056506058515183926 -0.0052779996916534544 0.0083692729817197494
v -0.0055762734148486603 -0.0053064304279773697 0.0083995485787017096
v -0.0055274619406153235 -0.0053355067210609959 0.0084114738327017505
v -0.0045710666809353016 -0.0054314120377821793 0.0088187351914408869
v -0.0039959729025785817 -0.0055153862013384083 0.0089460891485924933
v -0.003474960207153246 -0.0054875232161845653 0.009069609215980769
v -0.0027463577843738094 -0.0054459034970005199 0.0091637103233382887
v -0.0035108568478546169 -0.0057684945226498955 0.0088786664670783885
v -0.0046407837239604479 -0.0053476835596662888 0.0088411701695355269
v -0.0046722228183156073 -0.005304344037506215 0.008852782959498668
v -0.0047012355688938797 -0.0052601014918503119 0.0088646377138782654
v -0.00526207001112296 -0.004932428854430947 0.0087622261342672481
v -0.0052217759696661301 -0.0049621847093312558 0.0087709174591969578
v -0.0049944449529343233 -0.0050742420343399108 0.0088308149349546634
v -0.0032991718821239386 -0.0052328913177656653 0.0092203890624757961
v -0.0039487004643472849 -0.0049112648610513234 0.0092234229236138297
v -0.0029980310852177742 -0.0050348290345352794 0.0093242436086452118
v -0.0070181993144920298 -0.0036178876430753978 0.0045504981598180295
v -0.0071196607076778658 -0.0036594513409653712 0.004705089639760995
v -0.0071368506301357848 -0.0038607481885342327 0.0047035335131215116
v -0.0071785365182677517 -0.0036864990228647051 0.004805747943369138
v -0.0072596255068381969 -0.0037286794762231815 0.004962747225962732
v -0.0073488356636818046 -0.0037850637742639767 0.0051733825750821761
v -0.0074015779924616132 -0.0038273415980487569 0.0053308994532177819
v -0.0074037400362517054 -0.0040405360716271998 0.0053298013437736418
v -0.0074426541173254514 -0.003868981409758492 0.005487940758929442
v -0.0074723470889067342 -0.0039106847506690003 0.0056434410257430482
v -0.0074668232438626653 -0.0041266161410349941 0.0056404887498522202
v -0.0074911988093778574 -0.0039513921421892254 0.0057982201341931867
v -0.0074994693780245543 -0.0039920013714534828 0.0059497420825953612
v -0.0074869960988296477 -0.0042088571265509172 0.0059440369016071949
v -0.0074995126087624301 -0.0040166193522453639 0.0060458867990186528
v -0.0074913724968933421 -0.0040572052721072659 0.0061973817887352768
v -0.0074724945567188165 -0.0040978963296131677 0.0063532969784025556
v -0.0074668232438626653 -0.0042894084197393455 0.0062480378050567805
v -0.0074428661963756217 -0.0041395446523056021 0.0065088024763542392
v -0.0074020997476739597 -0.0041811910510347432 0.0066649673634863451
v -0.0074037400362517054 -0.0043702045959119577 0.0065601410260606166
v -0.0073494872658829927 -0.0042233707772348786 0.0068225049530743712
v -0.0072597283703266409 -0.004279928178731511 0.0070347371031560654
v -0.0071786545116112391 -0.0043219614118655322 0.0071917770711416454
v -0.0071368506301357848 -0.0045276376371868867 0.0071923988185248165
v -0.0025812333605349544 -0.0059355599345234022 0.0088344970897483704
v -0.0021764808107549915 -0.0054313435682541355 0.0091679091696102218
v -0.0070831904195072428 -0.0043639610883486456 0.0073508405183239168
v -0.0029296959842965396 -0.0059083114905240869 0.0088415998091317689
v -0.0023722114593012931 -0.0054583567539045084 0.0091605719048565171
v -0.0037264866645337165 -0.0059541667822840816 0.0086794109352088273
v -0.007073949535737283 -0.0038337187033083576 0.004601284060955506
v -0.007194403551500585 -0.0038941289076986061 0.0048062559885765407
v -0.0072711687773002395 -0.0039395432102297644 0.004962684914696828
v -0.0072944928538976137 -0.0039515383714116168 0.0050159586443866543
v -0.0072571813734125124 -0.0041507728122004914 0.0049625739368728099
v -0.0073156543444941498 -0.0039695758248436269 0.0050675335205880596
v -0.0073722178573854494 -0.0040142255035502854 0.0052245495310647844
v -0.0074170531888556237 -0.0040580144706146544 0.0053812699934024577
v -0.007365578377398074 -0.0042443102629063428 0.0052752002137820917
v -0.0074504009182753753 -0.0041012286325464373 0.0055368827769326431
v -0.007472807044888714 -0.0041432930114926525 0.005691536152893974
v -0.0074281706617891135 -0.0043330117456678629 0.0055851852142695096
v -0.0074845100834165469 -0.0041846020302826192 0.0058437190214537579
v -0.0074846189300105713 -0.0042372218079572196 0.0060422170689193805
v -0.0074729818861540651 -0.0042775387143472836 0.0061946501210049677
v -0.0074281706617891135 -0.0044958040243722125 0.0061927342694740707
v -0.0074506564494906842 -0.0043177191384751352 0.0063503773908974975
v -0.0074173401840717731 -0.0043581106399659276 0.0065067422648763815
v -0.007365578377398074 -0.0045739787871910981 0.0065055398960690647
v -0.0073727060070563214 -0.0043981520558583473 0.0066640294950423137
v -0.0073162053687267931 -0.0044380140710205979 0.0068223266961759095
v -0.0072944928538976137 -0.0044500516763403631 0.0068764356266298237
v -0.0072571813734125124 -0.0046492861171292376 0.0068230509191159775
v -0.0072714444782889624 -0.0044644362960660332 0.0069289643603286117
v -0.0071946831259203699 -0.0045033508609571837 0.0070871353655378938
v -0.0071046747091028798 -0.0045415830503064821 0.0072460612697508647
v -0.0071007659456716107 -0.0047203212787039718 0.0071407693923856248
v -0.0070031076731257892 -0.0045787245339171832 0.0074017730401769091
v -0.00284311727858712 -0.0056812514509437745 0.0090181447981362624
v -0.0069694538521359647 -0.003988726998429443 0.0044487020203250772
v -0.0070700369386848235 -0.0040386423207858469 0.0046010240616182977
v -0.0071007659456716107 -0.0040534318300513199 0.0046519040869823199
v -0.0070412440187026032 -0.0042431357775646866 0.0046010730674451179
v -0.0071298124160204448 -0.0040713377568875019 0.0047028654859065577
v -0.0072100377310597786 -0.0041201859967352535 0.0048580795374609555
v -0.0072981952248494259 -0.0041839431321282101 0.0050664239022106487
v -0.0073503925211857498 -0.0042305604579835144 0.0052227782511621258
v -0.007391047859531619 -0.0042758968526468519 0.0053787132197540763
v -0.0074204438769027723 -0.0043200466078628531 0.0055335598760741329
v -0.0074390994264176141 -0.0043626889361376639 0.0056871462817311286
v -0.007447337254446941 -0.004403988007762337 0.0058384971136782723
v -0.007448186528497408 -0.0044160910111856405 0.0058885087495749566
v -0.0073841698841698835 -0.0046201201942766713 0.0058338392947333319
v -0.0074474134917999809 -0.0044302246660960836 0.005937460882881343
v -0.007439207846096061 -0.0044701351245052482 0.0060891755053601396
v -0.0074206511528103038 -0.00450964386158576 0.0062438845478985146
v -0.007391270102238643 -0.0045488372410470409 0.0064000568858967417
v -0.0073507277591384913 -0.0045873476692968197 0.0065576021998070624
v -0.0072985603737262834 -0.0046251643458074835 0.0067163132898064052
v -0.0072102877995610052 -0.0046741286342389665 0.0069290321842697747
v -0.0071300624016724726 -0.0047094476470559794 0.0070878716905481819
v -0.0070371247226550292 -0.0047434376833478441 0.0072465666400145538
v -0.0069790149368648144 -0.0042083075236512869 0.0044996872448007531
v -0.0070977624758481721 -0.0042790292627540921 0.0047032399205394083
v -0.0071729380441874725 -0.004330736115216542 0.004857983304288078
v -0.0072313889901234425 -0.0043768976433432201 0.0050006207627119178
v -0.0072590853944923019 -0.004401543553750319 0.0050785165264922091
v -0.007283879299860946 -0.004425792025460543 0.0051564049919881642
v -0.0073249391045405541 -0.0044729916652557281 0.005311910368913441
v -0.0073412665322269517 -0.004495968355758162 0.005389358599789288
v -0.0073548654480277264 -0.0045184986406194717 0.0054665281782615496
v -0.0073741340491657046 -0.0045621240081261368 0.0056199152574187431
v -0.0073798708267623307 -0.0045832621341071779 0.0056958872982633595
v -0.0073831062356548814 -0.0046039227082319677 0.0057713487616865887
v -0.0073831613717166237 -0.0046371455229975815 0.0058958499338753328
v -0.0073799338339539926 -0.0046569842300108345 0.0059715294868324161
v -0.0073742051005991271 -0.0046766647881341349 0.0060478901258809682
v -0.0073550107170325838 -0.0047154040899036326 0.0062027281251379254
v -0.0073414153673821295 -0.0047344783659778586 0.0062808231127760303
v -0.0073250915080634851 -0.0047533055922732801 0.006359382659171217
v -0.0072840970820948698 -0.0047900880839719748 0.0065175699612341521
v -0.0072593102817427651 -0.0048080355310881661 0.0065971463654679076
v -0.0072316209860003033 -0.0048256427464059047 0.0066769279346308155
v -0.0071178624059177378 -0.0048815955821851741 0.0069436736204449229
v -0.0067418231585289513 -0.0026115356329615355 0.0068000000000000846
v -0.0068577097166777927 -0.0024134380770989465 0.0068000000000005357
v -0.0069651269187161729 -0.0022106215246107527 0.0068000000000023016
v -0.007035590269851939 -0.002064880284379057 0.0068000000000028021
v -0.0071055499882745933 -0.0019075803843564803 0.0068000000000008514
v -0.0071702328418214965 -0.0017480349703915946 0.0067999999999996544
v -0.0072294905615561192 -0.0015864010112755244 0.0067999999999998175
v -0.0072831844497740668 -0.0014228433878957943 0.0068000000000005747
v -0.0073311859821014206 -0.0012575349981817565 0.0068000000000009485
v -0.0073733775048949934 -0.0010906568776743771 0.0068000000000004689
v -0.0074096530279458899 -0.00092239833572106699 0.0067999999999994532
v -0.0074399191124877679 -0.00075295710729624801 0.006799999999998833
v -0.0074640958545111836 -0.00058253952044835496 0.0067999999999995373
v -0.0074821179633854313 -0.00041136067937395102 0.0068000000000014368
v -0.0074939359357892544 -0.00023964466311965805 0.0068000000000018367
v -0.0074984836325369128 -0.00011985539009466617 0.0067999999999976491
v -0.0075000000001505997 4.0412476171726793e-14 0.0067999999999841469
v -0.0039851526937781569 -0.0025723722814566543 0.0030000000000000001
v -0.0041816076584144241 -0.0025266279371227709 0.0030788986743039569
v -0.0043759926478649132 -0.0024843946018438022 0.0031652372019048808
v -0.0045678453378709431 -0.0024457471487670584 0.0032590849060011367
v -0.00475666835576461 -0.0024107660009365351 0.0033605124931320803
v -0.0049419233175677811 -0.0023795376704038055 0.0034695878676617867
v -0.005123030412222826 -0.0023521541475422206 0.0035863744232028103
v -0.0052993680826280689 -0.0023287124964835363 0.0037109298558794918
v -0.0054702725562049198 -0.0023093147465779026 0.0038433055533841297
v -0.0056188474670432155 -0.0022954037081464977 0.0039691582070927886
v -0.0057478159579534361 -0.0022858291189764 0.0040878509349866789
v -0.0058718173751183128 -0.0022791088179216147 0.004211656549638362
v -0.0059903696257033838 -0.0022753046581268778 0.004340522127672366
v -0.0061029632218357393 -0.0022744771317413917 0.0044743637595374194
v -0.0061987601377358186 -0.0022763249050780409 0.0045989748328724243
v -0.0062801433889454316 -0.002280120720582431 0.004714385013124555
v -0.0063566317801231689 -0.0022859622627801118 0.0048327664762061419
v -0.0064279170439341298 -0.0022938691091474337 0.0049539794794605648
v -0.0064936907509711046 -0.0023038550780933292 0.0050778562033127689
v -0.006553649046593505 -0.0023159269867240495 0.0052041989735236872
v -0.0066074974047194675 -0.0023300831195447774 0.0053327769186504283
v -0.0066505069069341099 -0.0023445966304073457 0.0054501925688004004
v -0.0066846366317097495 -0.002359081941344984 0.0055570586825940665
v -0.0067143002700988238 -0.0023748984689614563 0.0056648792575132584
v -0.0067393898658952038 -0.0023920247004908181 0.0057734750342340602
v -0.0067598141580980011 -0.0024104335836573581 0.0058826545791309378
v -0.0067755013992718653 -0.002430093087810324 0.0059922195019460559
v -0.0067864006330614892 -0.0024509661362657302 0.0061019651365703115
v -0.0067924828374811737 -0.0024730105953359653 0.0062116813682370009
v -0.0067937420216552568 -0.0024961803814907641 0.0063211588351588886
v -0.006792071522437668 -0.0025112980817251981 0.0063897578922384448
v -0.0067875985307465055 -0.0025298970338204093 0.0064714058157776602
v -0.0067804293518447852 -0.0025491056024879695 0.0065528300465376313
v -0.0067705741955918263 -0.0025689035814206607 0.0066339433802903745
v -0.0067580500686139095 -0.0025892698389948072 0.0067146599092193157
v -0.0067503087008790432 -0.0026003271190088895 0.0067574041438290084
v -0.0049050332065421181 -4.1486070412322106e-12 0.0030000000000000001
v -0.0049134600048232413 -0.0001167489701761698 0.0030000000000000001
v -0.0049174898375735528 -0.00023374817324262599 0.0030000000000000001
v -0.0049174262588061943 -0.00033453976384823804 0.0030000000000000001
v -0.0049147053650190767 -0.00042232054364481 0.0030000000000000001
v -0.0049095062571469471 -0.00050999905895945604 0.0030000000000000001
v -0.0049018369331535255 -0.00059750475582484662 0.0030000000000000001
v -0.004891709427105477 -0.00068476856659573028 0.0030000000000000001
v -0.0048791396826212939 -0.00077172290408348144 0.0030000000000000001
v -0.0048641474263201954 -0.00085830165569064794 0.0030000000000000001
v -0.004846756041271002 -0.00094444017754549757 0.0030000000000000001
v -0.0048269924404410374 -0.0010300752886365672 0.0030000000000000001
v -0.0047970037321965033 -0.0011433658789851457 0.0030000000000000001
v -0.0047583913738327164 -0.001269440220990408 0.0030000000000000001
v -0.0047147397232639781 -0.0013938768062293247 0.0030000000000000001
v -0.0046661871413836058 -0.0015165034466661886 0.0030000000000000001
v -0.0046128821917045797 -0.0016371587311827533 0.0030000000000000001
v -0.0045549820159589277 -0.0017556946753158492 0.0030000000000000001
v -0.0044926497112049123 -0.001871977119129265 0.0030000000000000001
v -0.0044260527190908734 -0.0019858854433643476 0.0030000000000000001
v -0.0043553612524365433 -0.0020973121190820706 0.0030000000000000001
v -0.0042807470254777324 -0.0022061619880104455 0.0030000000000000001
v -0.0042023821072403921 -0.0023123513933342287 0.0030000000000000001
v -0.0041204419120802818 -0.0024158025035934711 0.0030000000000000001
v -0.0040538050013020268 -0.0024949595274215645 0.0030000000000000001
v -0.0074961813797354993 -2.2594945007254878e-16 0.0066397263725076388
v -0.0074847293769220603 -5.2760952634118198e-18 0.0064796157121913053
v -0.0074656849769467234 3.724302391152637e-17 0.0063200354829905181
v -0.0074391337452819201 2.4117803339580362e-17 0.0061613398978430439
v -0.0074052011045606268 8.1994274811607884e-18 0.0060038602332612816
v -0.0073640480110328463 3.0322555295025919e-18 0.0058479055231873299
v -0.0073158669688703562 5.2652803858633259e-18 0.0056937632228851471
v -0.0072608783823197316 9.1231604501799742e-18 0.0055416998428698076
v -0.0071993272457036355 1.2936824227207096e-17 0.0053919615528738446
v -0.0071314801712703798 1.7733647748103475e-17 0.0052447747558507004
v -0.0070576198098688762 1.7080562271695052e-17 0.0051003412178099606
v -0.006978017356992031 7.3080489001696069e-18 0.0049587986078605886
v -0.0068929513361797841 5.7692415738026376e-18 0.0048202724905339438
v -0.0068027024891794416 9.6272074883984469e-18 0.0046848710769131054
v -0.0067075482417444853 7.7121411801057277e-18 0.0045526810866188669
v -0.0066077600505131473 -2.1780294255793496e-18 0.0044237693723978679
v -0.0065036021021410307 -1.5633123468849564e-18 0.0042981860468319965
v -0.0063953319192351834 5.983813619930307e-18 0.0041759682079391472
v -0.006283189048801297 1.0522618385808162e-17 0.0040571305338537806
v -0.0061674028331901781 1.065879212018721e-17 0.0039416778824528688
v -0.0060481930147784054 8.4839770846090339e-18 0.0038296073780523924
v -0.0059257692001778908 6.681576076738822e-18 0.0037209090365668404
v -0.0057578801851533501 7.1933519040123304e-18 0.0035811941400966372
v -0.0055631437406217519 9.7511879708025498e-18 0.0034310755014922067
v -0.0053627495188303172 9.7235899990393306e-18 0.003288332836219281
v -0.0051572251488693245 6.2988697833641041e-18 0.0031528530840793582
v -0.0050319139785607895 4.7949724081161602e-18 0.0030751603865695151
v -0.0049897913195357819 -0.001989389958176155 0.0033388849736459285
v -0.0050235013802248721 -0.0019256529916753674 0.0033385079484019014
v -0.005055955709329818 -0.0018611491187505535 0.0033380344036763282
v -0.0051477878924536579 -0.001855607921102056 0.0033991901038356292
v -0.0051789644896761636 -0.0017893316112373304 0.0033986804175143814
v -0.0052610706937429976 -0.0017866883494469584 0.0034564485899753372
v -0.0052909777647142768 -0.0017187670635992911 0.0034558984912504472
v -0.0053164361318598944 -0.0016577914519832566 0.003455349400073169
v -0.0053899639303623308 -0.0016565020499635036 0.0035096111726785838
v -0.0054083951144142956 -0.0016098667127102725 0.003509187008098253
v -0.005426212484771582 -0.0015629304253295302 0.0035087389205754028
v -0.0054426304426287734 -0.00048018382053378829 0.0033422558934172349
v -0.0054456225753529396 -0.00043268624363604412 0.003342422372282937
v -0.0055109830022628571 -0.00048829703363060541 0.0033919270392414741
v -0.0054479045120744548 -0.00038508993584456121 0.0033425483348308123
v -0.0060677605633795905 -0.0011534040196258199 0.0039506631807494554
v -0.0061861773630789586 -0.0011501993316885767 0.0040691190618523023
v -0.0061323634640657017 -0.0011419430768048083 0.0040119863228135644
v -0.0070739696426326912 -0.0019381039888326265 0.0063400831366776265
v -0.007102961281407659 -0.0018523741018881172 0.006285819975699187
v -0.0070419012232328269 -0.0020243189586242947 0.0063943385005712479
v -0.0070067251459064259 -0.0021109265397389327 0.006448547347101069
v -0.0071344327515299169 -0.0017724163300950179 0.0062852184556123226
v -0.0071069625660516869 -0.0018587189826392955 0.0063396202185229443
v -0.0070764062182437013 -0.0019455480694347905 0.0063940232662080109
v -0.0070427302694845749 -0.0020328049517711407 0.0064483573609454706
v -0.0070059009540199748 -0.0021204654813816765 0.0065030017226058038
v -0.0074571189243500232 -0.00046395718557688348 0.0064075221336327122
v -0.0074647193037624049 -0.0004637468843452186 0.0064845185617672879
v -0.0074484442074932234 -0.00054936479028640651 0.0064074220681784606
v -0.0074719396844716898 -0.0003781280513865094 0.0064845792175424579
v -0.0074779077800841767 -0.00037792593389577954 0.0065623698629218279
v -0.0056175273198897013 -0.0019254444540769532 0.003790834289106506
v -0.0059480930271067134 -0.0017281080464201944 0.0040164112888938777
v -0.0060119819348113121 -0.0017211105724260123 0.0040779576531607695
v -0.0060685957211372875 -0.0017229939641919105 0.0041377086715233113
v -0.0062393358071400262 -0.0011586525950639914 0.0041273854153756921
v -0.0060936223934172449 -0.0017289677273886164 0.004166949116720756
v -0.0061546073740233178 -0.0017233728434447708 0.0042312727301794971
v -0.0063008045012410566 -0.0011485960925884926 0.0041917556250697973
v -0.0063520160973760415 -0.0011565665981701648 0.0042516453528783239
v -0.0062086728956552203 -0.0017258239825481264 0.0042936431900002549
v -0.0062670448532132833 -0.0017220538348608411 0.0043604814489216518
v -0.0064112638989186474 -0.001148646753500833 0.0043185425620633966
v -0.0064603906145881355 -0.0011561403475890883 0.0043800471818774139
v -0.006318718413875885 -0.0017250741519143852 0.0044248826207624161
v -0.0065087419929785867 -0.0011637697134756241 0.0044427647002566236
v -0.0063416354845483788 -0.0017305025364088801 0.004456209738992971
v -0.0061017549892467375 -0.00057320909792110957 0.0038889930530202985
v -0.0061342480386807783 -0.00056526124112271561 0.0039194122303481916
v -0.0063910410113514789 -0.001728344271767429 0.0045186509293145168
v -0.0065585855050390484 -0.0011579313037048055 0.0045054613209852389
v -0.0066047973959392726 -0.0011651273908506758 0.0045697524657574958
v -0.0061915232493698867 -0.00056975220172198317 0.0039759149367051723
v -0.0064371722704367473 -0.0017321070682492867 0.004582081400488317
v -0.0062482364759540261 -0.00057449078516767066 0.0040335850477756178
v -0.0064793344794797361 -0.0017314275677425197 0.0046399497876499392
v -0.0066475367030751908 -0.0011613600839570637 0.0046278694900053537
v -0.0066916151218515416 -0.0011681724410409328 0.0046936803126572607
v -0.0062758302818090011 -0.00057639724965504759 0.0040622482438309772
v -0.0065209079449511723 -0.0017357151072754009 0.0047017927661105784
v -0.0063342561526480677 -0.00057129017367209755 0.0041234740008823396
v -0.0065607206167513053 -0.001736253162668422 0.0047611858314574708
v -0.006732112408714061 -0.0011658180824448863 0.0047533523338002485
v -0.0063884735697576391 -0.00057559438338481382 0.0041830440949669817
v -0.0065802146384554214 -0.0017363198064109223 0.0047909582858601044
v -0.0067739324322111253 -0.0011722394024670569 0.0048206562756528976
v -0.0066000375971693335 -0.0017408774116746475 0.0048245001381070551
v -0.0068147397418184437 -0.001178710567620103 0.0048892201249522938
v -0.0064450632312655336 -0.0005715586453879718 0.0042463678387934861
v -0.0066197156987072309 -0.0017455619818425242 0.0048586077503230702
v -0.0064972617276048174 -0.00057562581473121291 0.0043076003857726126
v -0.0066563660868374603 -0.0017470601947296338 0.004919548310275597
v -0.0066742589168002995 -0.0017476149737425972 0.004950078934366566
v -0.0068514545856199092 -0.0011773473240474165 0.0049505696311110872
v -0.0068898010089834582 -0.0011833966647053983 0.0050205834982696342
v -0.0065487543421453194 -0.00057989143821328935 0.004370079710667424
v -0.0066927925161120996 -0.0017520005454862953 0.004984896982206272
v -0.006573663182886073 -0.00058160504432545857 0.0044010387418007653
v -0.0067267444104992585 -0.0017547551347099381 0.0050471860386888381
v -0.0069238865451747324 -0.0011835119060011829 0.0050832844057417618
v -0.0066235903151399328 -0.00057875393183752218 0.0044639272231269001
v -0.0067432697055661373 -0.0017559442911927424 0.0050783777866603794
v -0.0069596428124102452 -0.0011891291230224877 0.0051546966904982248
v -0.0067605963559574387 -0.0017600232861805531 0.0051138830744653771
v -0.0066722302709577653 -0.00058261590385591045 0.0045282270977025727
v -0.0067916923621200217 -0.0017640471353886538 0.0051774178632886421
v -0.0069909381668269389 -0.0011907449813996674 0.0052186406513081403
v -0.0067175926271647816 -0.00058096589285314311 0.0045896394520310293
v -0.006806772794220475 -0.0017658765102447089 0.0052092182980094937
v -0.0070239792489197907 -0.0011959188359742527 0.0052913942256354145
v -0.0068228324370156451 -0.0017696407613494456 0.0052453849781702831
v -0.0067640063847902009 -0.00058462647068877624 0.004655526905075996
v -0.0068509197606892169 -0.0017749428179622885 0.0053100455700866907
v -0.0070523288387708601 -0.0011990537666916473 0.0053564553254704314
v -0.0067866467458078238 -0.00058632526040778633 0.0046885852925358656
v -0.0068644806342532125 -0.0017774162524933938 0.0053423937611070576
v -0.0068071913028897868 -0.00058367214819761209 0.0047185186801452766
v -0.0068792111138876212 -0.0017808557744946837 0.0053791806401834261
v -0.0070825247243178459 -0.0012037703902661281 0.0054304619489943381
v -0.0068512487231100041 -0.0005871276852696699 0.0047859645031633645
v -0.0069017344113863855 -0.0017867021221065144 0.0054382259919317768
v -0.007105329153494341 -0.0012078842607808509 0.0054898548556449366
v -0.0068726904226209381 -0.00058872613379276607 0.0048197871502774128
v -0.006912594829126633 -0.0017894847936333399 0.0054677507601071798
v -0.0069260512796846634 -0.0017926282358441516 0.0055051120829840323
v -0.007132715523366139 -0.0012121690995271365 0.0055650162059292007
v -0.0069149729992608582 -0.00059214340539757353 0.0048886446423462198
v -0.0069351077502243829 -0.001795721216365007 0.0055319801066760895
v -0.0071508292320590222 -0.0012168926623768082 0.0056190439193719681
v -0.0069355076877699127 -0.00059372362886775637 0.0049231614052214698
v -0.0069525578762988319 -0.0018016835494682603 0.0055857015247603205
v -0.0069538496879467211 -0.00059162821508639658 0.0049540129816094073
v -0.0069647954389555049 -0.00180455429871274 0.0056235971252078997
v -0.0071754441788812453 -0.0012207642960711824 0.0056952667514825056
v -0.0069935349343195072 -0.00059482263648269224 0.0050243607740590316
v -0.0069803541531880372 -0.0018114648783028968 0.0056777914516378727
v -0.0071911345407032817 -0.0012264423000624641 0.0057497303744394315
v -0.0070127516398269599 -0.00059629352648625869 0.0050596056809904741
v -0.0069877979246187362 -0.0018148103167149017 0.0057048710550980635
v -0.007029836974483783 -0.00059504200652390853 0.0050911411707578683
v -0.006998775763350896 -0.0018173960268721106 0.0057432589876312192
v -0.0072128856520522122 -0.0012298822515675108 0.0058269159250413927
v -0.0070119428002209253 -0.0018251009342607879 0.0057978161905995335
v -0.0072260924813753284 -0.00123651598869066 0.0058817042051929856
v -0.0070667901558018218 -0.00059800827469007258 0.0051629229609658697
v -0.007018187547164407 -0.0018288450022469474 0.0058250675059319159
v -0.0070846225601248064 -0.00059936716404782086 0.0051988667287330209
v -0.0071003687355459038 -0.00059897579423824588 0.005231029393929363
v -0.0071344588773512557 -0.00060170806548996865 0.0053041830888392568
v -0.0071508426764912572 -0.00060295202594010913 0.0053407935626881928
v -0.0071651701914342263 -0.00060343530425507246 0.0053735176599483559
v -0.0071809412108054405 -0.00060472107644771698 0.0054107279859247279
v -0.0072111289362656065 -0.00060705173693786549 0.0054851788518995711
v -0.0072226944245820613 -0.00060823543899472452 0.0055150494678737694
v -0.0072369463127248488 -0.00060940281919911717 0.005552853247871351
v -0.0072640684777711649 -0.00061150095974557399 0.0056284494143162972
v -0.0072732568920202871 -0.00061316328136448847 0.0056556160411334851
v -0.0072859682189224595 -0.00061421356889652511 0.0056939598365274282
v -0.0073099857643131828 -0.00061608185036870502 0.0057705935602569997
v -0.007317928135196888 -0.00061830696567561835 0.0057979683929741364
v -0.0073290463636270387 -0.00061923495851802881 0.0058367950957186384
v -0.0073498586878655873 -0.00062086327746930321 0.0059143506673759111
v -0.0073565244217423968 -0.00062365538859374017 0.005941871915786154
v -0.0073310142682486137 -0.0011705712763474241 0.0063446857691615366
v -0.0013534162590630844 0.0048817269896544932 0.0092906499237953247
v -0.001668406176698007 0.004893249783490484 0.0093336535758363863
v -0.001980401886648212 0.004900962022819832 0.0093624360448536434
v -0.0022424477369103924 0.0049046640795125974 0.0093762523085235434
v -0.0024999999999999996 0.004905866657858823 0.0093807403920117376
v -0.0013534162590630844 0.0048817269896544932 0.0092906499237953247
v -0.001668406176698007 0.004893249783490484 0.0093336535758363863
v -0.001980401886648212 0.004900962022819832 0.0093624360448536434
v -0.0022424477369103924 0.0049046640795125974 0.0093762523085235434
v -0.0024999999999999996 0.004905866657858823 0.0093807403920117376
v -7.5245052177101671e-05 0.0041901789102568041 0.0030000000000000001
v 6.6647125652879527e-05 0.0042844981798704296 0.0030748355553826935
v 0.00020387769096929135 0.0043797719988342898 0.0031567113259776173
v 0.00032300258295928086 0.0044660281251030489 0.0032364189200801384
v 0.00042641352315208312 0.0045438479648653189 0.0033130356093723384
v 0.00052606293281378107 0.0046216777748655322 0.0033943095828152512
v 0.00062174620086387637 0.0046992986823079291 0.0034802216887944337
v 0.00071326599825138361 0.0047764771876345428 0.0035707345803205315
v 0.00080043369508822593 0.0048529658873677651 0.0036657906465374875
v 0.00088307193582104785 0.0049285059149114553 0.0037653111395209151
v 0.00096101651627438205 0.005002828782268323 0.0038691958656422516
v 0.001034117658875951 0.0050756595364994782 0.0039773218276568873
v 0.0011022418840336641 0.0051467199191162823 0.0040895447998628397
v 0.0011652756560885937 0.005215735000631245 0.0042057051490714814
v 0.0012231131616589532 0.005282424161584749 0.0043256071280183099
v 0.0012756669264108729 0.0053465143591278387 0.0044490348580724813
v 0.0013228674418028002 0.0054077448585832062 0.0045757562217009782
v 0.0013646604547842502 0.0054658694122496883 0.0047055229808105909
v 0.0014010045871555462 0.0055206583979401846 0.0048380708430548237
v 0.0014318692847808021 0.0055719009169830939 0.0049731194761792269
v 0.0014572330968342798 0.0056194068514560025 0.0051103724704665834
v 0.0014770822852481311 0.0056630088804590743 0.0052495172493310796
v 0.0014914098320505632 0.0057025645554551647 0.0053902253332521795
v 0.0015002167109734136 0.0057379623232996103 0.0055321710200898098
v 0.0015035091988811753 0.0057691610026503332 0.0056752318069107355
v 0.0015012650756033592 0.0057961254654545526 0.005819300629557031
v 0.0014934408147139681 0.0058188037024591403 0.0059641413789821686
v 0.0014799898368303749 0.0058371518903285943 0.0061094419703740417
v 0.0014608729630863539 0.0058511471890669792 0.0062548423723486875
v 0.0014360599054915326 0.0058607960866909276 0.0063999782613077209
v 0.0014055318335277186 0.0058661338068793107 0.0065444820274260084
v 0.001369283973139974 0.0058672236438422508 0.006687983983607395
v 0.0013273271676958029 0.0058641558098356571 0.0068301199978229206
v 0.0012796919862601594 0.0058570458771373974 0.0069705284733620415
v 0.0012264292945692735 0.0058460326485843331 0.0071088590283683575
v 0.0011676116253813648 0.0058312754996649348 0.0072447760021735813
v 0.0011033351350490288 0.0058129517251929701 0.0073779592428181405
v 0.0010337202338827852 0.0057912535175552735 0.0075081072536410491
v 0.00095890820903344459 0.0057663838829340704 0.0076349454580332153
v 0.00090123072360375042 0.0057463910505767537 0.0077251150321700256
v 0.00083913127284873342 0.0057242536478161882 0.0078158818761722114
v 0.00077435631616851847 0.0057006307006112061 0.0079044645217175268
v 0.0007069929785517374 0.0056756135737199591 0.0079907844179792128
v 0.0006371330948952245 0.0056492930857578345 0.008074771873817126
v 0.00056487315024128916 0.0056217591135600759 0.0081563653557508303
v 0.00049031221395316987 0.0055930993777583626 0.0082355124772465708
v 0.00041355170203732282 0.0055633993174464234 0.0083121695372346555
v 0.00033469555153018787 0.005532741952054515 0.0083863002057503154
v 0.00025384991409462486 0.0055012077129020882 0.0084578749948709658
v 0.00017112291021986509 0.0054688743339942059 0.0085268707518361461
v 8.662444414647607e-05 0.0054358168021889641 0.0085932701745022582
v 4.6607962431099991e-07 0.0054021073668386651 0.0086570613492667672
v -0.00011679799013317116 0.0053562672753081457 0.0087380475974257899
v -0.00025162136612587766 0.0053036735286577132 0.0088235681629974493
v -0.00038908824665900485 0.0052502192693690561 0.0089031664022512034
v -0.00052881131647534107 0.0051961001000598549 0.00897689762889675
v -0.00067024464587806757 0.0051415597235550253 0.0090447617862452201
v -0.00081264906578346161 0.0050869030482602051 0.0091067219319389409
v -0.00095505904292509497 0.0050325082629933101 0.0091627259274020198
v -0.0010962340369450262 0.0049788446266682699 0.0092127243961473496
v -0.0012275120453492246 0.0049291698715660135 0.0092545543007717963
v -0.0039851526937781543 0.002572372281456656 0.0030000000000000001
v -0.0041053425016647814 0.0026292582519829213 0.0030000000000000001
v -0.0042116682871394156 0.002685962211055467 0.0030000000000000001
v -0.0043053591045496119 0.0027416892876160706 0.0030000000000000001
v -0.0043966225618558147 0.0028020614577474873 0.0030000000000000001
v -0.0044761989002120219 0.002860518397798426 0.0030000000000000001
v -0.0045453313878002811 0.0029165754826316419 0.0030000000000000001
v -0.0046052056849197314 0.0029698907943078315 0.0030000000000000001
v -0.0046569310292407006 0.0030202438243261149 0.0030000000000000001
v -0.0047063602023414879 0.0030728819614133508 0.0030000000000000001
v -0.0047532159942043671 0.0031278158328838356 0.0030000000000000001
v -0.0047929351906910618 0.0031792059295001067 0.0030000000000000001
v -0.0048265018521069887 0.0032270189525541769 0.0030000000000000001
v -0.0048578221518427566 0.0032762823531902866 0.0030000000000000001
v -0.0048867166193998866 0.0033269534261282764 0.0030000000000000001
v -0.0049104993179050873 0.0033737184469415961 0.0030000000000000001
v -0.0049299901543756498 0.0034167046046404601 0.0030000000000000001
v -0.0049475640921065661 0.0034604816648456244 0.0030000000000000001
v -0.0049631261566041559 0.0035049849030881074 0.0030000000000000001
v -0.0049765879502637993 0.0035501426456033911 0.0030000000000000001
v -0.0049878689110349084 0.0035958761067836345 0.0030000000000000001
v -0.004996897673703665 0.0036420992323579495 0.0030000000000000001
v -0.0050030475132567141 0.0036840416078200216 0.0030000000000000001
v -0.0050069506288625085 0.0037220036682193724 0.0030000000000000001
v -0.0050092870442513442 0.0037601093933879249 0.0030000000000000001
v -0.0050100433458046805 0.0037982984416112284 0.0030000000000000001
v -0.0050092132340931704 0.0038365080818299818 0.0030000000000000001
v -0.005006797337738172 0.0038746815568734268 0.0030000000000000001
v -0.005002803081831605 0.0039127593854005388 0.0030000000000000001
v -0.0049972446158280028 0.0039506830699274371 0.0030000000000000001
v -0.0049901423791261718 0.0039883966462958198 0.0030000000000000001
v -0.0049815226759369067 0.0040258466881664999 0.0030000000000000001
v -0.0049714172501507167 0.0040629823115129523 0.0030000000000000001
v -0.0049598628602055472 0.0040997551791148411 0.0030000000000000001
v -0.0049469005240569798 0.0041361204295478366 0.0030000000000000001
v -0.0049325740095979235 0.0041720390698172238 0.0030000000000000001
v -0.0049169297169340508 0.0042074758293530181 0.0030000000000000001
v -0.0049000158871397607 0.0042423995168874599 0.0030000000000000001
v -0.0048818820399747715 0.0042767828302160095 0.0030000000000000001
v -0.0048625784639812989 0.0043106021357289526 0.0030000000000000001
v -0.0048421557453750931 0.0043438372585699117 0.0030000000000000001
v -0.0048206643357303096 0.0043764712834212611 0.0030000000000000001
v -0.0047981541584582324 0.0044084903659164483 0.0030000000000000001
v -0.0047746742540798453 0.0044398835546792205 0.0030000000000000001
v -0.0047502730374232843 0.0044706419165357831 0.0030000000000000001
v -0.0047163906764666136 0.0045106495141469249 0.0030000000000000001
v -0.0046765484192598022 0.0045542854250762875 0.0030000000000000001
v -0.0046350106102361751 0.0045964727132397666 0.0030000000000000001
v -0.0045919060460603905 0.0046372198862977589 0.0030000000000000001
v -0.0045473564575044282 0.0046765388149852417 0.0030000000000000001
v -0.0045014763569375038 0.004714444424399662 0.0030000000000000001
v -0.0044543728920012574 0.0047509543902668153 0.0030000000000000001
v -0.0044061457054702094 0.0047860888401847212 0.0030000000000000001
v -0.0043568868012974901 0.0048198700598455022 0.0030000000000000001
v -0.0042897478298254124 0.0048628486443158606 0.0030000000000000001
v -0.0042124224087806764 0.0049084522323362342 0.0030000000000000001
v -0.0041333890275126036 0.0049512443077469265 0.0030000000000000001
v -0.0040512431097397281 0.0049920713258941995 0.0030000000000000001
v -0.0039659957941142717 0.0050308960793824693 0.0030000000000000001
v -0.0038791081238760804 0.0050670920950497108 0.0030000000000000001
v -0.0037907545275954763 0.0051006946997644515 0.0030000000000000001
v -0.0037010935448968376 0.0051317407715328108 0.0030000000000000001
v -0.0036102784721561997 0.0051602647798947169 0.0030000000000000001
v -0.0035184339879187035 0.0051863055860126069 0.0030000000000000001
v -0.0033945657511223163 0.0052172271066753982 0.0030000000000000001
v -0.0032535704369016337 0.0052469104318505783 0.0030000000000000001
v -0.0031111454860784367 0.005271279442907245 0.0030000000000000001
v -0.0029675858790500138 0.0052904105517983914 0.0030000000000000001
v -0.0028231598705292238 0.0053043633336810787 0.0030000000000000001
v -0.0026781102622527126 0.005313179577798908 0.0030000000000000001
v -0.00253265541393961 0.005316881504437803 0.0030000000000000001
v -0.002387007321776013 0.005315469622590897 0.0030000000000000001
v -0.0022414107891433523 0.0053089245174070838 0.0030000000000000001
v -0.0020960819588463752 0.0052972058150783053 0.0030000000000000001
v -0.0019512499371061596 0.0052802507495246552 0.0030000000000000001
v -0.0018071613150242446 0.0052579740508989911 0.0030000000000000001
v -0.0016640814788702212 0.0052302664898641856 0.0030000000000000001
v -0.0015222962294253119 0.0051969920381580714 0.0030000000000000001
v -0.0013821235317193919 0.0051579863942464886 0.0030000000000000001
v -0.0012439412464618339 0.0051130610653376263 0.0030000000000000001
v -0.0011361185592921256 0.0050731061852335307 0.0030000000000000001
v -0.0010357087199223377 0.0050316379674060288 0.0030000000000000001
v -0.00093711694823253187 0.0049864979191419226 0.0030000000000000001
v -0.00084061575077460813 0.0049375681903664126 0.0030000000000000001
v -0.00074651723881690878 0.0048847256356225627 0.0030000000000000001
v -0.00065518339514081042 0.0048278471290050693 0.0030000000000000001
v -0.00057568541537680157 0.0047731036161650304 0.0030000000000000001
v -0.00050662255346050353 0.0047208873573196175 0.0030000000000000001
v -0.00044020979466558751 0.0046658283228513085 0.0030000000000000001
v -0.00037676279036232213 0.004607889036478856 0.0030000000000000001
v -0.00032248711648673838 0.0045532679629757362 0.0030000000000000001
v -0.00027617007735947896 0.0045021112424841799 0.0030000000000000001
v -0.00023247932124657265 0.0044490859561887707 0.0030000000000000001
v -0.00019559528443252125 0.0043998009985118016 0.0030000000000000001
v -0.0001645246503673539 0.0043542187130888796 0.0030000000000000001
v -0.00013559760742396708 0.0043075140621560747 0.0030000000000000001
v -0.0001089483205791657 0.0042597487229802484 0.0030000000000000001
v -9.1464179607555097e-05 0.0042251947343900625 0.0030000000000000001
v -0.0067418231582409976 0.0026115356326511757 0.0068000000000000525
v -0.0067620792245629089 0.0025831125877312467 0.0066905349624680841
v -0.0067774053283116715 0.0025557173698466003 0.0065802235079352707
v -0.0067877480881741491 0.0025294085816042629 0.0064692980487639521
v -0.0067930124551987088 0.0025048271698345733 0.0063606517592990431
v -0.0067936109859352452 0.0024827823019253361 0.0062585315321585181
v -0.0067900058271967234 0.0024617039161811422 0.0061561390997226422
v -0.0067852284110607062 0.0024481216045299432 0.0060873665283279078
v -0.006777648822989815 0.0024334843407244479 0.006010479985934309
v -0.0067677154538359659 0.0024194390384531922 0.0059336627458349972
v -0.0067554437695813109 0.0024059995282318799 0.0058569886139726215
v -0.0067408544330473446 0.0023931781208093371 0.0057805286207459729
v -0.0067239729396660229 0.002380985686862209 0.0057043510587199316
v -0.0067048292705917051 0.0023694317310529881 0.0056285215203136446
v -0.0066834575631529855 0.0023585244604523159 0.0055531029354665652
v -0.0066598957986437725 0.0023482708473265153 0.0054781556092819575
v -0.0066341855074531879 0.0023386766862913025 0.005403737259647331
v -0.0066063714915341933 0.0023297466458326267 0.005329903054831291
v -0.0065765015642110566 0.0023214843141956057 0.0052567056510561538
v -0.006544626307326099 0.0023138922396424974 0.0051841952300456327
v -0.0064990987240455267 0.002304814621349452 0.0050886654840155178
v -0.0064438950426753371 0.0022960305725198216 0.0049828842701020734
v -0.0063846477296144741 0.0022887544146685374 0.0048790029722555646
v -0.0063215456703167444 0.0022829786989834191 0.0047771289006971968
v -0.0062547793349974311 0.0022786928683614831 0.0046773559381740708
v -0.0061845381431941526 0.0022758836329381006 0.0045797637462073968
v -0.006111008768767804 0.0022745354947422982 0.0044844187575757552
v -0.0060343739879034491 0.0022746312504943176 0.0043913756947822407
v -0.0059548117478645168 0.0022761523787529006 0.0043006784779584615
v -0.0058724934393626802 0.0022790794878330021 0.0042123605634815132
v -0.0057875847815670413 0.0022833926245706365 0.004126447759394772
v -0.0057002453118911063 0.002289071526537598 0.0040429588731079385
v -0.0056106278224569072 0.0022960958741641167 0.0039619062876738642
v -0.0055188777982971551 0.0023044455427229989 0.0038832965364018557
v -0.0054251391586960509 0.0023141001766839799 0.0038071357576677837
v -0.0052972929128483094 0.0023289687914117905 0.003709396346979546
v -0.005149886598845921 0.0023483722121035644 0.0036046197954995008
v -0.0049990669204139273 0.0023705514543172707 0.0035052991896586737
v -0.0048452046649876028 0.0023954488332510507 0.0034114013790273704
v -0.0046886501004242201 0.002423009112184286 0.0033228903353673561
v -0.004529733124355657 0.0024531796192886132 0.0032397275385639807
v -0.004368763397619488 0.0024859104525707569 0.003161872548627204
v -0.0042060305471881493 0.0025211547430930821 0.0030892837555063671
v -0.0040958871000766747 0.0025462133213955285 0.0030434689774842508
v -0.0015910016692036216 0.0047926994780309786 0.0093485919913876923
v -0.0018014994360881496 0.0047143198558522413 0.009389396964222382
v -0.0019874992197498448 0.0046454044117262882 0.0094176200771377803
v -0.0021485073103815924 0.0045859732537376872 0.0094363256790888483
v -0.0022989841580603166 0.0045305896320853864 0.0094491272143869195
v -0.0024607169132357032 0.00447120520300456 0.009457940453497668
v -0.0026422992385849242 0.004404665865915286 0.0094618191645272024
v -0.0028474333255845432 0.0043296028918286015 0.0094586238478073376
v -0.0030735790124537853 0.0042468895365280921 0.0094458213539938257
v -0.0033152905729293644 0.0041583983985452495 0.0094213228223394962
v -0.003567544071866983 0.0040657865754260411 0.0093836409913260112
v -0.0038237006181790121 0.003971262094556019 0.0093323296528252803
v -0.0040800462541528987 0.0038759386443361376 0.0092672175080225124
v -0.0043090908287100336 0.0037899134443146291 0.0091966960318198114
v -0.0045128562550473339 0.0037124972362646046 0.0091234717089805975
v -0.0047135770567698623 0.0036352099411238038 0.0090409133993303338
v -0.0049105045446558044 0.0035581540884384298 0.0089489346362709322
v -0.0051029669437122026 0.0034813919322245882 0.0088474052302584313
v -0.0052902206334277928 0.0034050021193434625 0.0087362073999339655
v -0.0054536188669474725 0.0033366502461738847 0.0086277835976881125
v -0.0055959663485748833 0.0032755292572502906 0.0085233992599662578
v -0.0057333265463712525 0.0032148569642921447 0.0084125498683543989
v -0.0058651635282636946 0.0031547139294656294 0.0082952348292174276
v -0.0059909134063697326 0.0030951902226987759 0.0081714746253084974
v -0.0060983966453704722 0.0030422308873370323 0.0080546159283207668
v -0.0061901384175668765 0.0029951317499038515 0.0079450515461405163
v -0.0062767901521749263 0.0029486393281352732 0.0078313946888621897
v -0.006357972825070602 0.0029028433642567359 0.0077137679778649468
v -0.0064333050830608736 0.0028578413872620617 0.0075923276276981316
v -0.0065024117507341255 0.0028137364518681729 0.0074672608811719244
v -0.0065589838004460879 0.0027748983048544599 0.0073517814668543112
v -0.006605124869722933 0.0027407079380489963 0.0072456426167081091
v -0.0066465616480579437 0.0027073053968312204 0.007137568828287132
v -0.0066831310921567797 0.0026747541200987097 0.0070277277393284172
v -0.0067146846750758982 0.0026431188865414339 0.0069163042858802993
v -0.0067289457616693934 0.0026271922995099385 0.0068583206407282181
v 0.00037591937124379406 0.0045512966982686467 0.0032901026684179009
v 6.1458237971677039e-05 0.0047718278507383506 0.0032310115242077395
v -0.00031089999088620691 0.0049684754099404843 0.0031783199695259766
v 0.00031229981213336001 0.0049797187502784428 0.0034536209231894677
v -0.00073223304703363132 0.0051339745962155608 0.0031339745962155612
v -9.652316281881435e-05 0.0051956238490235103 0.0033957693263389648
v 0.00053197353553695152 0.0051761124761022766 0.0037020653300332287
v -0.00055911703106289188 0.0053773302393795696 0.0033470812457834843
v -0.0016702318384035411 0.0053512626435018871 0.0030757524394202551
v 9.1216673332353173e-05 0.0054088823048233309 0.0036396948424050912
v 0.00071776349412818559 0.005358195328246918 0.0039718340266954354
v -0.00040751122195337164 0.0056047821034225388 0.0035872036495730136
v -0.0015889733002948266 0.0056158971328402448 0.0032831574393398953
v -0.0026359820733051053 0.0054069775274214584 0.003060823681267612
v 0.00024999841492630683 0.0056052285719788552 0.003905641668533823
v 0.00086811068242002734 0.0055237107761842395 0.0042579440307175228
v -0.00027928998292561812 0.0058131325042036332 0.0038499339777909383
v -0.0015178113898964801 0.0058619838798146971 0.0035182866412968848
v -0.0026492986899182393 0.0056770681311634954 0.0032667667197389745
v 0.00037848968852229037 0.0057822864324264447 0.0041886588924450767
v -0.003523444025401582 0.0053207660754617013 0.0030839239701985432
v 0.0009826186750652667 0.0056710378504262254 0.0045552201475989552
v -0.00017552924734392451 0.0059999044942638724 0.0041303483085173122
v -0.0014576259103528408 0.006086094809777661 0.0037767939484482402
v -0.0026609606752343563 0.0059279330532485833 0.0035006156135337749
v 0.0004763516969779862 0.0059384044824216222 0.0044835794744727594
v -0.0036236690872793781 0.0055824140600738356 0.003292129201647767
v -0.0042677669529663682 0.0051339745962155608 0.0031339745962155616
v 0.001061973528447795 0.005799216018496498 0.0048585644722652062
v -9.6502604532421103e-05 0.0061634210562956093 0.0044232864652196061
v -0.0026708238474672601 0.0061560851445402335 0.0037580400947706243
v 0.0005441707649165965 0.0060726748592178402 0.004785291396730772
v -0.0037114408715006792 0.0058258853848824647 0.0035279592038619553
v -0.0044408829689371069 0.0053773302393795705 0.0033470812457834843
v -0.0049190495145855564 0.0048537873773463512 0.0032090505352410882
v 0.0011077958424242026 0.0059079202831898115 0.0051631897434876233
v -4.1736578958563974e-05 0.0063028186545577491 0.00472362455262641
v -0.0013718277531478706 0.0064588509798172407 0.0043441262557919972
v -0.0026788054425120065 0.0063588812971239047 0.0040341607640894603
v -0.0014089218916104131 0.0062856207251116526 0.0040537908751971854
v -0.0052208947571003089 0.004667856688327152 0.0032588705132119448
v 0.00058333190619790098 0.0061848969818511642 0.0050889740607590753
v -0.0037856742204114839 0.0060477843107497285 0.0037870592157244081
v -0.0045924887780466276 0.0056047821034225396 0.0035872036495730132
v -0.0051559451153876199 0.0050697045083381714 0.003429509311987061
v 0.001122448979591837 0.0059973960721902758 0.0054647993354915193
v -0.005491605612712315 0.0044514672682008198 0.0033168518835854349
v -1.0112728467803311e-05 0.0064180014171749365 0.0050265139155619585
v -0.0013461212513478967 0.0066049802361944987 0.0046426606008431312
v -0.0026848844150359676 0.0065346022422586841 0.0043238287661951751
v -0.0054873498231566538 0.0048655657743752164 0.0034842081208963467
v 0.00059585492227979262 0.0062754977174214977 0.0053902822242380471
v -0.003845746225221938 0.0062455202014838947 0.0040645357781193079
v -0.0047207100170743805 0.0058131325042036332 0.0038499339777909379
v -0.0053634056962743324 0.005273127181232652 0.0036760703181396002
v 0.0011077958424242031 0.0060707125618941656 0.0057707387986921854
v -0.0057845711782012581 0.0046279855099197551 0.00354786756089476
v 4.4408920985006263e-19 0.0065095489112134237 0.0053275683958739599
v -0.0026890971862339572 0.0066824575648193052 0.0046219006132063945
v -0.0057206970132146241 0.0050530428089038786 0.0037350417479718062
v 0.00058333190619790185 0.0063476892605555182 0.0056965231159636373
v -0.0038914984921128086 0.0064173871309019239 0.0043552364606239419
v -0.006034145107616822 0.0043595635172774339 0.0036197910170540225
v -0.0057189189292820436 0.0042069870313000178 0.0033823601656283744
v -0.0048244707526560746 0.0059999044942638732 0.0041303483085173114
v -0.0055388663391544172 0.0054611547943844907 0.0039442461208907334
v 0.001061973528447795 0.0061288845427812577 0.0060889041545521792
v -0.0060411348551558299 0.0047969047288574295 0.0038036737396711104
v -1.0112728467803311e-05 0.0065807936958792897 0.0056340629707665188
v -0.0062233265118385329 0.004065212325345853 0.003698662181223228
v -0.0058912263995681358 0.0039388903361407684 0.0034541964585897474
v -0.002691529790117862 0.0068025241181791079 0.004923481368356456
v -0.0013312774031583564 0.0067240500975660122 0.0049445084188065582
v -0.0013265306122448974 0.0068168406146273119 0.0052452298321034249
v -0.0059180513626859131 0.0052275843325690231 0.004006831137509952
v -0.006291840858232341 0.0039104662322902795 0.0037401262718893403
v -0.0059536296455636392 0.0037979467379009898 0.0034919621819164328
v -0.0059988962488764395 0.0036536763189773695 0.0035306193241587168
v 0.0005441707649165965 0.006402343383502599 0.0060156310790177451
v -0.0039232051384976725 0.0065625715931577622 0.0046540239624969252
v -0.0063102034465923659 0.0045075158185654491 0.0038812152644823691
v -0.0049034973954675777 0.0061634210562956102 0.0044232864652196061
v -0.0063415403841138611 0.003752067525639266 0.0037825690774186136
v -0.0056808547141609447 0.005631480933433841 0.0042290671041143174
v 0.00098261867506526713 0.0061695511553549742 0.0064156971298421238
v -0.0062581246442797219 0.0049557509033621326 0.0040796686853417207
v -0.0063716703177497044 0.0035911808387295817 0.0038256785352489822
v -0.006026338759233303 0.003507139833860526 0.0035698836570074695
v -4.1736578958563974e-05 0.0066324871788425079 0.005953964234913383
v -0.0065141621456404689 0.0041901723332656718 0.0039662471950917223
v -0.0063817659378742151 0.0034290339427840511 0.0038691256650728008
v -0.0060355339059327369 0.003359455543377232 0.0036094555433772322
v 0.0012816016722315266 0.0059006195726331789 0.0068245094176994656
v -0.0026923076923076926 0.0068956333590924112 0.0052241173798545692
v -0.0060777568266687978 0.0053869970958323457 0.0042945763509620993
v -0.0065880282690795123 0.004023338748578866 0.0040109501193789409
v 0.00047635169697798663 0.006436917787350371 0.0063440564567159279
v -0.0039415136835186408 0.0066810958968093696 0.0049560179622108258
v -0.0065436809266130524 0.0046486291358965202 0.0041619617149121508
v -0.0063716703177497044 0.0032668870468385209 0.0039125727948966195
v -0.0060263387592333021 0.0032117712528939384 0.0036490274297469941
v -0.0059988962488764395 0.0030652347677770954 0.0036882917625957476
v -0.0049582634210414353 0.0063028186545577491 0.00472362455262641
v -0.0066416099130249323 0.0038525672381740646 0.004056708207682151
v -0.0063415403841138611 0.0031060003599288361 0.0039556822527269872
v 0.00086811068242002821 0.0061906002248368957 0.0067468093361208285
v -0.0066740933491853411 0.0036791134069623977 0.004103185021679401
v -0.0057189189292820453 0.0025119240554544496 0.0038365509211260897
v -9.6502604532420656e-05 0.006661934361224359 0.0062837634474627747
v -0.0067601375837753434 0.0043118398235464745 0.0042522041391757793
v -0.0062918408582323419 0.0029476016532778235 0.0039981250582562609
v -0.0059536296455636392 0.0029209643488534755 0.0037269489048380303
v -0.0066849775560932556 0.00350430092955325 0.0041500258838280662
v 0.0011127968934493682 0.0059132782743791298 0.0071515772634211799
v -0.0026915297901178616 0.0069653163968834628 0.005531030423561018
v -0.0013312774031583562 0.0068868423762703653 0.0055520574740111194
v -0.0061993923045445673 0.0055296762203540482 0.0045930978822175421
v -0.0057889964359030014 0.0057824719443861396 0.0045253614721131024
v -0.0068385299947476327 0.0041347831929038608 0.0042996463203710429
v -0.0062233265118385329 0.0027928555602222504 0.0040395891489223732
v -0.0058912263995681358 0.0027800207506136969 0.0037647146281647162
v 0.0003784896885222908 0.0064491758810791 0.0066775241978483824
v -0.0039473684210526317 0.0067737119544990475 0.0052567861217554298
v -0.0066740933491853411 0.0033294884521441032 0.0041968667459767314
v -0.0049898872715321962 0.0064180014171749365 0.0050265139155619577
v -0.006895394956074683 0.0039535473326375581 0.0043482083227689575
v -0.0058639394182672276 0.0059131892466577282 0.0048280254378206362
v -0.0066416099130249323 0.0031560346209324359 0.0042433435599739814
v 0.00071776349412818559 0.0061903146442154585 0.0070773455918494849
v -0.0069298688767127446 0.0037694647872433314 0.0043975330921480066
v -0.0060341451076168246 0.0024985043682906704 0.0041184603130915778
v -0.00017552924734392405 0.0066667939429165277 0.006619213613920618
v -0.0065880282690795131 0.0029852631105276349 0.0042891016482771906
v -0.0013718277531478704 0.0069573642847459895 0.0062046032380351657
v -0.001346121251347897 0.0069346487604792584 0.0058730002831301042
v -0.006941420034148763 0.0035839403420157303 0.004447244217422975
v 0.00090419816129973891 0.0059064700081201535 0.0074719591827170475
v -0.0026890971862339576 0.0070121260891040657 0.0058522402954933666
v -0.0062836865558886608 0.0056546333262079453 0.0048973052879034409
v -0.0070412440187026032 0.0042431357775646874 0.0046010730674451179
v -0.0069591887908096129 0.0044284652246010855 0.0045514141917780086
v -0.0065141621456404697 0.00281842952584083 0.0043338045725644092
v 0.00024999841492630726 0.0064373478879473948 0.007011153233687872
v -0.0039415136835186399 0.0068438881755137244 0.0055635670174153861
v -0.0069298688767127446 0.0033984158967881287 0.0044969553426979425
v -0.0049999999999999992 0.0065095489112134246 0.0053275683958739599
v -0.0071007659456716107 0.0040534318300513216 0.0046519040869823199
v -0.0059072141610440575 0.0060233596977232861 0.0051322578455886567
v -0.0068953949560746821 0.0032143333513939025 0.0045462801120769916
v 0.00053197353553695152 0.0061675106169957758 0.0074020135623770961
v -0.0071368506301357848 0.0038607481885342349 0.0047035335131215116
v -0.0063102034465923676 0.002501086040541054 0.0044188365031737628
v -0.00027928998292561769 0.0066452518201721728 0.0069554455429449878
v -0.0068385299947476335 0.0030330974911276002 0.0045948421144749061
v -0.0014089218916104129 0.0069525101737643079 0.0065426561806004903
v -0.0071489415053121504 0.003666555275673672 0.0047555673472983468
v 0.00065755587483798199 0.0058795232713472669 0.0077802474861507929
v -0.0026848844150359676 0.0070331155471874338 0.0061843057484383427
v -0.0063323610538790478 0.0057614776350456949 0.0052024289327953143
v -0.0066601380971470442 0.0053537213789038541 0.0049779344011764487
v 9.1216673332353621e-05 0.006400280445716831 0.0073396430747489586
v -0.0039232051384976733 0.006892240117442521 0.0058843636447838982
v -0.0071368506301357848 0.0034723623628131095 0.004807601181475182
v -0.0049898872715321962 0.0065807936958792923 0.0056340629707665188
v -0.0071007659456716107 0.0032796787212960228 0.0048592306076143729
v 0.00031229981213336087 0.0061216508647103417 0.0077153695930438655
v -0.0067136553825929467 0.005456694664664509 0.0052840952835757115
v -0.0065436809266130542 0.0025192515481349416 0.0047325267199337983
v -0.00040751122195337164 0.0065961802443160389 0.0072871518819168802
v -0.0070412440187026023 0.0030899747737826583 0.0049100616271515757
v -0.0014576259103528406 0.0069182141257462014 0.0068823055136022892
v 0.0003759193712437945 0.0058323856115141829 0.0080711915816634363
v -0.002678805442512006 0.0070257707457765583 0.0065230260694927661
v -0.0063479262672811046 0.0058503586442126632 0.0055041978955752699
v -0.0059210526315789467 0.0061133043462849885 0.0054337418070517559
v -9.6523162818813903e-05 0.0063375559634554083 0.007657517996193363
v -0.0038914984921128081 0.0069159004358306736 0.0062157134428671114
v -0.0049582634210414353 0.0066324871788425079 0.0059539642349133821
v 0.00028785709753505851 0.0055549915318014939 0.0083964311442024219
v -0.0059072141610440575 0.0061861519764276418 0.0057398069007932187
v 6.1458237971677039e-05 0.0060529167639838859 0.0080121004374532744
v -0.0067307692307692294 0.0055443377915159534 0.0055861959359224363
v -0.0067326183854334509 0.0025521198279888023 0.0050541794255221243
v -0.00055911703106289166 0.0065192623538114676 0.0076088299156378833
v -0.0015178113898964803 0.0068533820207081963 0.0072182348736407522
v 6.3525961847617381e-05 0.0057656512577647836 0.0083399850407527964
v -0.0026708238474672601 0.0069882044605087739 0.0068635516599246747
v -0.0063323610538790487 0.0059242699137500498 0.0058099779879998755
v -0.00031089999088620599 0.0062495643231860196 0.0079594088827715116
v -0.0038457462252219376 0.0069124096501365492 0.0065534010835226137
v -0.0049034973954675785 0.006661934361224359 0.0062837634474627747
v -7.9649167719561203e-05 0.0054976484406744266 0.0086315316153374611
v -0.00021677719518646031 0.0059622274693251799 0.0082873126036140197
v -0.0067136553825929467 0.0056194869433688639 0.0058916443387802735
v -0.006876517645478278 0.0025984196657398134 0.0053785257088348609
v -0.00073223304703363089 0.0064150635094610961 0.0079150635094610965
v -0.0015889733002948264 0.0067578292472721437 0.007544906109194293
v -0.00027440809257535295 0.0056805381746977491 0.0085825264588019704
v -0.0026609606752343563 0.0069193311941420834 0.0072005638458776423
v -0.0062836865558886608 0.0059843018504927049 0.0061276449701904139
v -0.0058639394182672276 0.0062428577709424879 0.0060583651201076092
v -0.00054868844288321044 0.0061375144152629631 0.0082403446080062739
v -0.0037856742204114839 0.006879903626718269 0.006892570780878458
v -0.0048244707526560746 0.0066667939429165294 0.0066192136139206171
v -0.00046850468455998407 0.0054253096123047231 0.0088367568984038802
v -0.0005177605872272895 0.0058512009384661702 0.0085367975090721582
v -0.0066601380971470442 0.0056833899031886138 0.0062082740834634225
v -0.0069762408562247039 0.0026565852403292027 0.0057006298513843229
v -0.00092425468400192325 0.0062850364441915168 0.0082008161994890673
v -0.00077402595862117237 0.0052126162758760822 0.0090441373313487929
v -0.0016702318384035407 0.0066323515567474223 0.0078568413526657905
v -0.00063197348346625377 0.0055788161341507256 0.0087956249498423317
v -0.0026492986899182393 0.0068190002455953934 0.0075285153895933727
v -0.0061993923045445673 0.0060281895252827971 0.0064535748644607106
v -0.0057889964359030014 0.0062809852493148884 0.0063858384543562718
v -0.00080591799146309475 0.006003380871169149 0.0084960210190001724
v -0.0037114408715006792 0.0068172835257759648 0.0072279074362058236
v -0.0011604139540422808 0.0050526158396683209 0.0092015494803080258
v -0.0047207100170743805 0.0066452518201721728 0.0069554455429449878
v -0.00087188878463017813 0.0053396689702789593 0.0090100936644873439
v -0.0056808547141609447 0.0062983703820864963 0.0067179324095176223
v -0.00083622877005223222 0.0057220600806446049 0.0087572428500586504
v -0.0070338245839840002 0.0027248617440975612 0.0060160877084983804
v -0.0015958474885330151 0.0049494821393683882 0.0093085612184971075
v -0.0011319756165371433 0.0061314559672035265 0.0084617034004472215
v -0.0012097996147227494 0.0051477448872391971 0.0091760597288346683
v -0.0017603644435111065 0.0064787218291113184 0.0081489183570140934
v -0.0010028983827520845 0.0054626944520265053 0.0089771290860046395
v -0.0026359820733051053 0.0066880664406669928 0.0078419125945131483
v -0.0060777568266687978 0.006053886544485001 0.006783441656365405
v -0.0010780905733110771 0.0058497906626192838 0.0087230175437697788
v -0.0036236690872793781 0.0067243461745057327 0.0075538778715021652
v -0.0016141272448356107 0.0050109133319689945 0.0092921007800496943
v -0.0045924887780466276 0.0065961802443160397 0.0072871518819168802
v -0.0012829540497224046 0.0052427193372246387 0.0091506114016594794
v -0.0055388663391544172 0.0062932741103530303 0.0070497576860447829
v -0.0011665956949544402 0.0055774951478725614 0.0089463683322621567
v -0.007052238805970148 0.0028014094752413514 0.006321161363164675
v -0.0020535241104460518 0.0049312078104623673 0.009359292996974005
v -0.001351763517359991 0.0059572891104262178 0.0086942134214923108
v -0.0016467861482518096 0.0050738224909006461 0.0092752443217174376
v -0.0018578661057215159 0.0062996089844459405 0.0084166469352722623
v -0.0013808863649945797 0.0053346833645762908 0.0091259697147978904
v -0.002621211178153698 0.0065283847483215245 0.0081356112179179468
v -0.0059180513626859131 0.0060597036485375627 0.0071123427026640014
v -0.0013604321815377251 0.0056798628922026277 0.0089189389778379213
v -0.0035234440254015816 0.0066018549887072375 0.0078650128834440794
v -0.0020625507628664374 0.0049615428988626789 0.0093511647345348135
v -0.0044408829689371069 0.0065192623538114676 0.0076088299156378816
v -0.0016951634220232056 0.0051366294139293745 0.0092584152574128071
v -0.0015032534054070803 0.0054204991986848685 0.0091029754313506923
v -0.0070338245839840002 0.0028876540228019144 0.0066236367637029425
v -0.0015797632260953179 0.0057660158984040762 0.0088958543494007287
v -0.002078677923682421 0.0049926078158306457 0.0093428409151203092
v -0.0019610318550873423 0.006098426528295185 0.0086563957643525057
v -0.0017599263913088141 0.0051974455343509456 0.0092421196270590523
v -0.0026052326448817581 0.006342725142713228 0.0084050939954838106
v -0.0057206970132146241 0.0060444409497973786 0.0074349899803156736
v -0.0053634056962743324 0.0062645253221261512 0.0073760185504834685
v -0.0016481500861652424 0.0054970211509322523 0.0090824714360427539
v -0.003412273603998886 0.0064515379154383651 0.0081562022647298817
v -0.0042677669529663682 0.0064150635094610969 0.0079150635094610965
v -0.0021025669092986131 0.0050236222481014805 0.0093345306230396274
v -0.0018408481264662103 0.0052541958339139315 0.0092269134301209265
v -0.0060411348551558299 0.0057883028697509279 0.0075036219720149774
v -0.0062581246442797219 0.0057878702193306722 0.007185180250495771
v -0.0069762408562247039 0.0029862537646139606 0.0069309695336712968
v -0.0018121044628865764 0.0055614222595984659 0.0090652152109839713
v -0.0020680521265345367 0.0058791283487229845 0.008865545959683873
v -0.0021345472488488873 0.0050536536102003208 0.009326483743817636
v -0.0025883258832800006 0.0061346156098000494 0.0086466989291884549
v -0.0054873498231566538 0.0060074978888071152 0.0077459567907507444
v -0.0051559451153876199 0.0062116366227700694 0.0076912579818414588
v -0.0019366687885168058 0.0053048000581610438 0.0092133540691003088
v -0.003292014116741653 0.0062760085609733221 0.0084229706496827816
v -0.0040757453159980753 0.0062850364441915168 0.0082008161994890656
v -0.006895394956074683 0.0047856666486060977 0.0074537198879230087
v -0.0070412440187026032 0.0049100252262173428 0.0070899383728484245
v -0.0071007659456716107 0.0047203212787039778 0.0071407693923856257
v -0.0068385299947476327 0.0049669025088724013 0.0074051578855250924
v -0.0049190495145855564 0.0061348762905918865 0.0079901394484866231
v -0.0021745068831256612 0.0050816772457689787 0.009318974833298032
v -0.0057845711782012581 0.0057699176243516523 0.0078096162307491578
v -0.0069298688767127446 0.0046015841032118711 0.0075030446573020569
v -0.0071368506301357848 0.0045276376371868902 0.0071923988185248174
v -0.006876517645478278 0.0030969329706685622 0.0072390026910780295
v -0.0020450923689696379 0.0053473887278041293 0.0092019424694627285
v -0.0021771102580896173 0.0056459760961466241 0.0090425590787639402
v -0.006941420034148763 0.0044160596579842695 0.0075527557825770244
v -0.0071489415053121504 0.0043334447243263277 0.0072444326527016526
v -0.002570787444146514 0.0059081315411124479 0.0088577745777051915
v -0.0052208947571003089 0.0059489456015726881 0.0080399594264574797
v -0.0065880282690795123 0.0050147368894723661 0.0077108983517228087
v -0.0022218236961457066 0.0051066659127796564 0.0093122791401525906
v -0.0031647684899494782 0.0060786177678925244 0.0086617035057054599
v -0.006034145107616822 0.0055014956317093319 0.0078815396869084207
v -0.0063102034465923659 0.0054989139594589483 0.0075811634968262374
v -0.0069298688767127446 0.0042305352127566679 0.0076024669078519928
v -0.0071368506301357848 0.0041392518114657644 0.0072964664868784886
v -0.0071007659456716107 0.0039465681699486785 0.0073480959130176804
v -0.0038680243834628559 0.0061314559672035265 0.0084617034004472215
v -0.0066416099130249323 0.0048439653790675642 0.0077566564400260189
v -0.0046562830639973679 0.0060352842373212461 0.008267737101627844
v -0.0068953949560746821 0.0040464526673624412 0.007651791677231041
v -0.005491605612712315 0.0057325561814463551 0.0080979407968309707
v -0.0066740933491853411 0.0046705115478558965 0.0078031332540232689
v -0.0067326183854334509 0.0032190092766414572 0.0075430447309254309
v -0.0069591887908096147 0.003571534775398916 0.00744858580822199
v -0.0071107909219173954 0.00346144352307336 0.0071413323829285424
v -0.0022753639052557379 0.0051276964512371173 0.0093066440243565231
v -0.0062233265118385329 0.005207144439777751 0.0079604108510776261
v -0.0065141621456404689 0.0051815704741591711 0.0076661954274355902
v -0.0068385299947476335 0.0038652168070961398 0.0077003536796289565
v -0.0070412440187026023 0.0037568642224353136 0.0073989269325548815
v -0.0022864719282918704 0.0054033044641382481 0.0091869598930678104
v -0.0066849775560932556 0.0044956990704467497 0.0078499741161719341
v -0.0025529150413164171 0.005667656567056408 0.0090367498140921359
v -0.0049253407167896652 0.0058695500539603287 0.008312145442217634
v -0.006291840858232341 0.0050523983467221775 0.0080018749417437376
v -0.0030327686585763943 0.0058632529170992778 0.0088697997687669401
v -0.0057189189292820436 0.0054880759445455523 0.0081634490788739106
v -0.0066740933491853411 0.004320886593037602 0.0078968149783205984
v -0.0036482364826400083 0.0059572891104262187 0.0086942134214923108
v -0.0063415403841138611 0.004893999640071164 0.008044317747273013
v -0.0043720333668439085 0.0059146270765488354 0.008519802526593883
v -0.0066416099130249323 0.0041474327618259352 0.0079432917923178484
v -0.0051666459193813593 0.0056766656838664973 0.0083638286534168643
v -0.0063716703177497044 0.0047331129531614788 0.0080874272051033817
v -0.0058912263995681358 0.0052199792493863037 0.0082352853718352832
v -0.0065880282690795131 0.0039766612514211342 0.0079890498806210585
v -0.0067601375837753443 0.0036881601764535269 0.0077477958608242201
v -0.0023945585677731013 0.0051553079745179997 0.0092992455389916163
v -0.0063817659378742151 0.0045709660572159491 0.0081308743349271986
v -0.0025349928946946428 0.0054176418324290484 0.0091831182068127029
v -0.0046056227837631058 0.0057707406237641548 0.0085583567854193177
v -0.0059536296455636392 0.0050790356511465247 0.0082730510951619686
v -0.0065141621456404697 0.0038098276667343292 0.0080337528049082788
v -0.0028982553109604026 0.0056341088910170584 0.0090457388867948227
v -0.0053692675903248546 0.0054587418294217149 0.0084222211742268193
v -0.0063716703177497044 0.0044088191612704176 0.0081743214647510172
v -0.0062581246442797236 0.003044249096637868 0.0079203313146582778
v -0.0065436809266130542 0.0033513708641034813 0.0078380382850878477
v -0.0034202367739046813 0.0057660158984040762 0.0088958543494007287
v -0.0059988962488764395 0.0049347652322229048 0.0083117082374042518
v -0.0040712709762442227 0.0057752961242267592 0.0087429782951725845
v -0.0063415403841138611 0.0042479324743607333 0.0082174309225813858
v -0.0048151181873986792 0.0056032830284292777 0.0086032269128557565
v -0.006026338759233303 0.0047882287471060613 0.0083509725702530062
v -0.0063102034465923676 0.0034924841814345528 0.0081187847355176299
v -0.005522858361302431 0.0052197668271326061 0.0084862543331014114
v -0.0062918408582323419 0.0040895337677097207 0.0082598737281106595
v -0.0060355339059327369 0.0046405444566227673 0.0083905444566227672
v -0.0025172796995957124 0.005162387852282329 0.0092973484914621544
v -0.004267331729040382 0.005654526584997625 0.0087753383956793093
v -0.0055784831270078239 0.0050941330639413833 0.0085199177984905828
v -0.0062233265118385337 0.0039347876746541471 0.008301337818776771
v -0.0027633675758596829 0.005395456641494864 0.0091890627108074472
v -0.0049910294743652009 0.005414086751853427 0.0086539219023752303
v -0.0060263387592333021 0.0044928601661394741 0.0084301163429925299
v -0.0060411348551558317 0.0032030952711425719 0.008196326260328889
v -0.0031878955371134228 0.0055614222595984667 0.0090652152109839713
v -0.0056188326979858304 0.0049655338521083399 0.0085543758534485266
v -0.0037592713748169329 0.0056201603703612728 0.0089349362203514134
v -0.0059988962488764395 0.0043463236810226298 0.0084693806758412826
v -0.0044431694321600138 0.0055139728619916385 0.0088129996522519523
v -0.0056432942974525982 0.0048349147228966402 0.0085893751436368574
v -0.0060341451076168246 0.003640436482722568 0.0083802089829459765
v -0.0051243733070511933 0.0052066143723702484 0.0087095139589095111
v -0.0059536296455636392 0.0042020532620990116 0.0085080378180835674
v -0.0056514906319961519 0.0047032724673464667 0.0086246485797013377
v -0.0039164013017703395 0.0055233714485264174 0.008960870733793343
v -0.0051726653978077424 0.0050975421449697628 0.0087387397741581357
v -0.0058912263995681358 0.0040611096638592326 0.0085458035414102511
v -0.0026300524759045722 0.0051514326730048941 0.0093002839229024796
v -0.0045908186698818054 0.0053551730118061172 0.0088555499438673444
v -0.0056432942974525982 0.0045716302117962933 0.0086599220157658179
v -0.0057845711782012598 0.0033720144900802455 0.0084521324391052394
v -0.0029549076310303618 0.0053473887278041301 0.0092019424694627268
v -0.0052076959299627518 0.004985895386007147 0.0087686554330597202
v -0.0034413307349973159 0.0054523923124705784 0.0090944296972676995
v -0.0056188326979858304 0.0044410110825845927 0.0086949213059541505
v -0.0040573237712233073 0.0054107267916331456 0.0089910537786395753
v -0.0052289329053732394 0.0048724949831031351 0.0087990409794392148
v -0.0057189189292820453 0.0037930129686999841 0.0086176398343716272
v -0.0047027393748604249 0.0051810333121468932 0.0089022105357612312
v -0.0055784831270078248 0.0043124118707515511 0.0087293793609120925
v -0.0052360487669257123 0.0047582063263904763 0.0088296645327094088
v -0.0035587885225616738 0.0053800406424870939 0.0091138162688108159
v -0.0047432728193661936 0.0050894847167724279 0.0089267409079600239
v -0.0055228583613024327 0.0041867781075603282 0.0087630428263012622
v -0.0041756550211398671 0.0052834590518943047 0.0090251550667251341
v -0.0052289329053732394 0.0046439176696778176 0.0088602880859796045
v -0.0054916056127123159 0.0035485327317991812 0.0086831481164145637
v -0.0027246360947442618 0.0051276964512371173 0.0093066440243565231
v -0.0047726753179714162 0.0049957752161530833 0.0089518502929741006
v -0.0031225051793047054 0.0052752868572680297 0.0092212621074456505
v -0.0052076959299627518 0.0045305172667738048 0.0088906736323590974
v -0.003664130908961177 0.0052958364909536102 0.0091363787032135609
v -0.0047905003437838404 0.0049005938134423629 0.0089773540729648996
v -0.0053692675903248563 0.0039478031052712194 0.008827075985175856
v -0.004265352178511022 0.0051438974216500791 0.0090625504928434422
v -0.0051726653978077424 0.0044188705078111899 0.0089205892912606836
v -0.0047964729652800169 0.0048046668644963113 0.0090030576214673759
v -0.0032001804090513401 0.0052274404547002946 0.0092340825123744062
v -0.0042978370949643581 0.0050705271836053818 0.0090822099888759993
v -0.0051243733070511933 0.0043097982804107052 0.0089498151065093064
v -0.0037525859034005615 0.0052007012902450054 0.0091618701034152043
v -0.0047905003437838404 0.0047087399155502589 0.0090287611699698522
v -0.0051666459193813602 0.0037298792508264362 0.0088854685059858128
v -0.0043214012830652257 0.0049954251207133425 0.0091023335259778331
v -0.0028073967612289898 0.0050920921185854517 0.0093161841765375848
v -0.0047726753179714162 0.0046135585128395393 0.0090542649499606512
v -0.0032698436832821502 0.005171755966241834 0.0092490031260877934
v -0.0043356868805848915 0.004919143424137345 0.0091227731449726474
v -0.0049910294743652018 0.0041023259009275274 0.0090054071630435873
v -0.0038196363365033017 0.0050963761585835956 0.0091898239381941506
v -0.0047432728193661945 0.0045198490122201965 0.0090793743349747279
v -0.0043404735478093631 0.0048422642207996561 0.0091433728654217276
v -0.0028457532518183564 0.0050684652803281256 0.0093225149687683351
v -0.0038439194663296991 0.0050415304267685743 0.0092045198077422789
v -0.0047027393748604249 0.0044283004168457303 0.0091039047071735206
v -0.0033283392684433448 0.0051088427382195191 0.009265860674729608
v -0.0043356868805848915 0.0047653850174619672 0.0091639725858708113
v -0.0048151181873986801 0.0039131296243516758 0.009056102152563061
v -0.0038615341719032523 0.0049853901209728864 0.0092195625573430699
v -0.0043214012830652257 0.0046891033208859706 0.0091844122048656274
v -0.0028801533911056738 0.0050409679486240859 0.009329882856592444
v -0.0038722129439947872 0.0049283680152213257 0.0092348415845299233
v -0.0045908186698818071 0.0042541607171865062 0.0091505652990674074
v -0.0033726799452419181 0.0050398521779664767 0.0092843466396347798
v -0.0042978370949643581 0.0046140012579939313 0.0092045357419674578
v -0.0046056227837631067 0.0037456720290167983 0.0091009722799994999
v -0.0038757910742268464 0.00487089926112184 0.0092502402907809009
v -0.0033887384606230233 0.0050035825111551567 0.0092940650675666196
v -0.004265352178511022 0.0045406310199492339 0.0092241952380000148
v -0.0029090388590865663 0.0050099010223149413 0.0093382072144082961
v -0.0038722129439947872 0.0048134305070223551 0.0092656389970318821
v -0.0044431694321600155 0.004095360867000985 0.0091931155906828012
v -0.0034003871246300419 0.0049664567382187563 0.0093040128884433089
v -0.0038615341719032523 0.0047564084012707928 0.0092809180242187355
v -0.0034074490325105007 0.0049287478280073951 0.0093141169604819014
v -0.0041756550211398688 0.0044010693897050084 0.0092615906641183247
v -0.0029309345491012372 0.0049758330731922594 0.0093473356938635031
v -0.0038439194663296991 0.0047002680954751066 0.0092959607738195248
v -0.004267331729040382 0.0039548071439949976 0.0092307768472554425
v -0.0034098152620607235 0.004890743547742161 0.0093243001766878976
v -0.0029388643395389822 0.0049579228959289847 0.0093521347113974963
v -0.0038196363365033017 0.0046454223636600853 0.0093106566433676548
v -0.0034074490325105007 0.0048527392674769252 0.0093344833928938938
v -0.0040573237712233073 0.0042738016499661675 0.0092956919522038817
v -0.0029446165191311297 0.0049395899683676112 0.009357047004532465
v -0.0034003871246300428 0.0048150303572655649 0.0093445874649324846
v -0.0029481037312583842 0.0049209690841504009 0.0093620364554208215
v -0.0037525859034005619 0.0045410972319986755 0.0093386104781465994
v -0.0033887384606230233 0.0047779045843291644 0.0093545352858091738
v -0.0039164013017703395 0.0041611569930728948 0.009325874997050114
v -0.0029492721894885236 0.0049022023444432374 0.0093670649881699188
v -0.0033726799452419181 0.0047416349175178445 0.0093642537137410137
v -0.0029481037312583847 0.0048834356047360748 0.0093720935209190195
v -0.0036641309089611774 0.0044459620312900698 0.0093641018783482445
v -0.0037592713748169329 0.0040643680712380403 0.0093518095104920436
v -0.0029446165191311297 0.0048648147205188645 0.0093770829718073743
v -0.0033283392684433453 0.004672644357264802 0.0093827396786461872
v -0.0029388643395389822 0.0048464817929574919 0.0093819952649423412
v -0.0035587885225616743 0.0043617578797565861 0.0093866643127509877
v -0.0029309345491012372 0.0048285716156942155 0.0093867942824763361
v -0.0032698436832821506 0.0046097311292424871 0.0093995972272880018
v -0.0034413307349973163 0.0042894062097731025 0.0094060508842941076
v -0.0029090388590865663 0.0047945036665715335 0.0093959227619315432
v -0.0032001804090513401 0.0045540466407840265 0.0094145178410013856
v -0.0028801533911056742 0.0047634367402623889 0.0094042471197473936
v -0.0031225051793047054 0.0045062002382162914 0.0094273382459301447
v -0.0028457532518183569 0.0047359394085583493 0.0094116150075715024
v -0.0028073967612289898 0.0047123125703010232 0.0094179457998022544
v -0.0029549076310303622 0.004434098367680191 0.0094466578839130667
v -0.0027246360947442627 0.0046767082376493576 0.0094274859519833162
v -0.0026300524759045726 0.0046529720158815808 0.0094338460534373579
v -0.0025172796995957128 0.0046420168366041459 0.0094367814848776849
v -0.0023945585677731017 0.0046490967143684751 0.0094348844373482212
v -0.0022753639052557383 0.0046767082376493576 0.0094274859519833162
v -0.0022218236961457074 0.0046977387761068185 0.0094218508361872486
v -0.0021745068831256621 0.0047227274431174962 0.0094151551430418055
v -0.0021345472488488878 0.0047507510786861549 0.0094076462325221998
v -0.0021025669092986136 0.0047807824407849944 0.0093995993533002101
v -0.0020786779236824215 0.00481179687305583 0.0093912890612195318
v -0.0015958474885330153 0.0048320049561159329 0.0093400391348786877
v -0.0020625507628664374 0.0048428617900237959 0.009382965241805024
v -0.0020535241104460522 0.0048731968784241075 0.0093748369793658325
v -0.00081387183355938219 0.0060750458365431328 0.0039438501282647673
v -0.00074616594385544153 0.0062570023356644357 0.0042293923334828839
v -0.0054972238127789959 0.0038387928465588709 0.0032237122485870131
v -0.0054973280160784581 0.0038168192604156963 0.0032236076054484538
v -0.0054969518147139247 0.0037948166910687815 0.0032234818199320201
v -0.0054961007672806837 0.0037728060201034398 0.0032233383477550661
v -0.00066480134109379808 0.0065437712293498953 0.0048267108292227258
v -0.0055237490559857392 0.0037108577643934293 0.0032399373328450796
v -0.0055212095384244613 0.0036888142745785538 0.0032397916511829068
v -0.0055178468569957225 0.0036643722544441888 0.003239613611823294
v -0.0055391624552389353 0.0036016289743081419 0.0032564256230662274
v -0.0055332474891529437 0.0035745867347746437 0.0032562067712761729
v -0.0055266720333017197 0.0035476841391167643 0.0032559750179251149
v -0.005519462097067049 0.0035209453139123368 0.0032557376793002561
v -0.0055323420027925023 0.0034578791547458963 0.0032726362057186363
v -0.0055230037673365357 0.0034314568054143201 0.003272365371490529
v -0.0055130953288714951 0.0034052568173217625 0.003272098499427117
v -0.0045786379635689442 0.0026874391510744657 0.0031169884975069577
v -0.0055190409023247542 0.0033422239636859193 0.0032889881016554701
v -0.0055070971088997112 0.0033164762075576421 0.0032886750759982021
v -0.0054932451202162899 0.0032881838213293579 0.0032883434553661016
v -0.0047387460083814859 0.002728173644926001 0.0031558762563756002
v -0.0047041772923452786 0.0027046718155465301 0.003154684504768775
v -0.0046655972787395025 0.0026792543891432964 0.0031534740097491033
v -0.0054921545883561546 0.0032255942679790361 0.0033051142756409446
v -0.0048953805194432501 0.0027740816633200966 0.0031964932275697477
v -0.0054743024465332543 0.0031949175867101312 0.0033046789493671172
v -0.0048608709431216318 0.0027480844141565264 0.0031951402015606462
v -0.0054558093750780119 0.0031646779375420308 0.0033042815483155553
v -0.0048261191470452044 0.0027227782240006422 0.0031938601361170701
v -0.0050416126220701697 0.0028195340479601656 0.0032385119431073222
v -0.0050139594742040043 0.0027964430008807959 0.0032373319916509241
v -0.00064950996944416128 0.0066485290123685925 0.0051287937629115364
v -0.0049829340730279791 0.0027713728812753307 0.0032360538022208041
v -0.00064950996944416106 0.0067292965259155421 0.0054302222270697616
v -0.0053090454177253093 0.0059170334790594964 0.0043204867140619087
v -0.0055467628084935354 0.0026606745462209283 0.0036033554761611968
v -0.0055057955724215034 0.0025995274554804176 0.0036197397897446294
v -0.00066480134109379787 0.0067896150914216183 0.0057442126132033512
v -0.0055829918371311698 0.0025983745843367982 0.0036709721861373783
v -0.0055377920472246805 0.0025369322517547238 0.0036874356095338294
v -0.0065054257392723703 0.0048775961481132123 0.0042647058052564637
v -0.00673261838543345 0.0047809907233585455 0.0044569552690745685
v -0.0064337197352641266 0.0051024624871137967 0.0043708171695869408
v -0.0066662622158333296 0.005011469471741397 0.0045631318585174852
v -0.0068765176454782763 0.0049030670293314406 0.0047609973089219682
v -0.0065674571307912846 0.0052354680913879242 0.0046719307127806864
v -0.0054638554016371525 0.0062898240495798804 0.0052249084680118076
v -0.0067838262059347204 0.0051327019224463276 0.0048685126035248674
v -0.0069762408562247021 0.0050137462353860409 0.0050690304663287018
v -0.0065468835480097208 0.002668862893256737 0.0045313186772328231
v -0.0067601375837753443 0.0028560408604849873 0.0046422842956701706
v -0.0070607958819341706 0.0047788925200141575 0.0049633155471811045
v -0.0054638554016371525 0.0063705915631268317 0.0055263369321700336
v -0.0067643955050647395 0.0027031481193361749 0.0048473473985507168
v -0.0069591887908096147 0.0029046453267462607 0.0049597205028186842
v -0.005439363827127776 0.006433874257489587 0.0058395330823702131
v -0.0069356308224424118 0.0027497072391371898 0.005169169222214995
v -0.0071107909219173954 0.0029629302181446108 0.005280855400685373
v -0.0053883113329691399 0.0064778096380399908 0.0061640537395795912
v -0.0053090454177253093 0.0064999563357398329 0.0064959844320861158
v -0.0067838262059347221 0.0055466923379915573 0.0064135458681862162
v -0.0069762408562247021 0.0053434147596708005 0.0062993701486156748
v -0.0068765176454782763 0.0054015803342601894 0.0066214742911651376
v -0.0065674571307912854 0.0057339813963166739 0.0065324076950238558
v -0.0070607958819341714 0.005192882935559388 0.0065083488118424541
v -0.0050628552378813845 0.0064712777460699923 0.0071631815592016748
v -0.0066662622158333304 0.0055943923284217344 0.0067386295765416923
v -0.00673261838543345 0.0054478801720112009 0.0069458205744778742
v -0.0064337197352641266 0.005769351935766452 0.0068596824749902457
v -0.0069356308224424118 0.0052502927608628121 0.0068308307777850043
v -0.0071107909219173945 0.0050370697818553902 0.0067191445993146264
v -0.0048965969594520495 0.0064181886546228256 0.0074879049464740884
v -0.0065054257392723703 0.00562766765590118 0.0070640107816309569
v -0.0065436809266130524 0.0054807484518650598 0.0072674732800662003
v -0.0067643955050647386 0.0052968518806638266 0.0071526526014492825
v -0.0067601375837753434 0.0051439591395150133 0.0073577157043298288
v -0.0069591887908096129 0.0050953546732537399 0.0070402794971813143
v -0.0065468835480097191 0.005331137106743265 0.0074686813227671754
v -0.0067643955050647395 0.003453219627124143 0.007646652374925211
v -0.005969596422312074 0.0033951708953469531 0.0083397280485995647
v -0.0055319885677321459 0.0041418869645412663 0.0032672574718540337
v -0.0055389141094657956 0.0029178374689912802 0.0034504643315039283
v -0.0050532931214420226 0.0025958177646361351 0.0033695971751222503
v -0.0050369143773864198 0.0025850070385490249 0.0033685763604468159
v -0.0063103370142396711 0.0051410219102035991 0.0042770635829122872
v -0.0066570330164167652 0.004599873386086948 0.0042567458983912955
v -0.0067529373646741048 0.0046641695215965057 0.0044048357953484097
v -0.0064514221488783455 0.0052803129809279089 0.0045754361151583321
v -0.0068373874919040317 0.0047262019784627112 0.0045554494997235044
v -0.0065067080823212184 0.0053442625667346833 0.0047273139557392208
v -0.0069104106376319894 0.0047858042057077723 0.0047079393421286721
v -0.0071107909219173945 0.0045385564769266414 0.0048586676170714578
v -0.0065520265279095727 0.0054042775640642674 0.0048801542067000679
v -0.0071413549879372285 0.0045649124007151364 0.0049361402033452195
v -0.0069217372974068915 0.00512827248520687 0.0051223277020856295
v -0.0071414104619703968 0.0048803919055257451 0.0052724119757480313
v -0.007193851698242916 0.004616112446376823 0.0050913424134867999
v -0.007215852277099896 0.0046409299555556218 0.0051689262874344381
v -0.0069500170280036647 0.0051781440435519068 0.0052759071708684668
v -0.0070338245839839985 0.0051123459771980871 0.005376363236297056
v -0.0072350733393470486 0.0046652102350576846 0.0052464048580584425
v -0.0069684509588459186 0.0052247316172872975 0.0054285609820821836
v -0.0071800839494471141 0.0049712899620720646 0.0055782086119524335
v -0.0070015254482916909 0.0029183649701530492 0.0050398579661471753
v -0.0072653570467195389 0.0047121202254028676 0.0054007778765951704
v -0.007276518439265846 0.0047347336750240233 0.005477544147716654
v -0.0069774526628053378 0.0052680330874513943 0.0055798052966680636
v -0.0070522388059701471 0.0051985905247586518 0.0056788386368353235
v -0.0072850972548322446 0.0047567773231916403 0.0055539489572797906
v -0.00678564884740516 0.0025337716577336785 0.0052511237994354934
v -0.0069774526628053378 0.0053082462182380899 0.0057298827438954239
v -0.0071800839494471141 0.0050520574756190142 0.0058796370761106595
v -0.0071413549879372276 0.002978841611740449 0.0053611265903895809
v -0.0070607958819341706 0.0028071170644406139 0.0054916511881575444
v -0.0072947368434283233 0.004799136098435108 0.0057054458662083628
v -0.0072959183673469369 0.0048194445424370362 0.0057804304966119057
v -0.0069684509588459186 0.0053463682023477087 0.0058825148975868106
v -0.0070338245839839993 0.0052751382559024429 0.0059839122915016172
v -0.0071938516982429168 0.0030121021765932942 0.0055211356699265222
v -0.0072158522770998969 0.0030294015201596204 0.0056007340302785865
v -0.0072947368434283233 0.0048393492292218036 0.0058555233134357232
v -0.0068865282132771046 0.0025756875893397282 0.0055242928941744672
v -0.0068976601441133765 0.0025817136277293826 0.0055618450453024685
v -0.0069500170280036647 0.0053823490855990372 0.0060380107629500988
v -0.0071414104619703968 0.0051262357675974689 0.0061899137597286593
v -0.0072350733393470486 0.0030471134666118505 0.0056799725804389132
v -0.0071414104619703968 0.0028737642324025326 0.00581008624027134
v -0.0072850972548322446 0.0048784139082520515 0.0060079028727844184
v -0.007276518439265846 0.0048975259537283782 0.0060850932029212152
v -0.0065520265279095736 0.0057760629410941516 0.0062676761232867452
v -0.0069217372974068915 0.0054159487835373377 0.006195950263588274
v -0.0072653570467195389 0.0030836747325500022 0.0058371185313231969
v -0.007276518439265846 0.0031024740462716233 0.0059149067970787833
v -0.0072653570467195389 0.0049163252674499988 0.0061628814686768016
v -0.0069636345441508631 0.0026324965475690268 0.0058355554467992531
v -0.0069699451666744025 0.0026395831760648554 0.0058737551117247532
v -0.0065067080823212184 0.0058005085542790994 0.0064300471620044189
v -0.0072850972548322455 0.0031215860917479504 0.0059920971272155801
v -0.007180083949447115 0.0029479425243809868 0.006120362923889339
v -0.0072350733393470486 0.0049528865333881506 0.006320027419561087
v -0.007215852277099896 0.0049705984798403815 0.0063992659697214111
v -0.0064514221488783455 0.005821065508699385 0.0065935520231227779
v -0.0072947368434283242 0.0031606507707781979 0.0061444766865642753
v -0.0072959183673469378 0.0031805554575629644 0.0062195695033880945
v -0.007193851698242916 0.0049878978234067064 0.0064788643300734763
v -0.0070030449103546102 0.0027079427041025346 0.0061914375240373657
v -0.0072947368434283242 0.0032008639015648935 0.0062945541337916366
v -0.007180083949447115 0.0030287100379279368 0.006421791388047565
v -0.0071413549879372285 0.0050211583882595525 0.0066388734096104185
v -0.0063103370142396711 0.0058496221690548201 0.0069215957512015003
v -0.0072850972548322455 0.0032432226768083607 0.0064460510427202088
v -0.007276518439265846 0.0032652663249759773 0.0065224558522833454
v -0.0070010694330250312 0.0027712956249671518 0.0064475315227721678
v -0.0069958389704601054 0.0027842219849319979 0.0065031369466487278
v -0.0072653570467195389 0.0032878797745971335 0.006599222123404829
v -0.0071414104619703968 0.003119608094474256 0.0067275880242519664
v -0.0070015254482916909 0.0050816350298469523 0.0069601420338528241
v -0.0072350733393470486 0.0033347897649423173 0.0067535951419415569
v -0.0072158522770998969 0.0033590700444443788 0.0068310737125655612
v -0.0069598073766925957 0.0028574910554425969 0.0067659290412766995
v -0.006953177456172706 0.0028649868389290442 0.006795208641884461
v -0.0064248627289905987 0.0055654661217367793 0.0073257493979271395
v -0.0071938516982429168 0.003383887553623178 0.0069086575865132003
v -0.0070607958819341706 0.0032211074799858431 0.0070366844528188949
v -0.0069461799021330759 0.0028724594546272043 0.0068243077819672704
v -0.006309983403128344 0.0055722576056030882 0.0074832962794242593
v -0.0071413549879372285 0.0034350875992848651 0.0070638597966547791
v -0.0068730007398851304 0.0029554943048830111 0.0070894582455303416
v -0.0068521762181026572 0.0029708221595721447 0.0071438586558179654
v -0.006584240505300475 0.0031688118331128666 0.0076827421123512318
v -0.0065422726149926714 0.0031889637841915055 0.0077422565084735075
v -0.007211568531822035 0.0043595154860484727 0.004948906826949648
v -0.0071956358382494002 0.0043469262562639615 0.0049100147799434196
v -0.0072571813734125124 0.0041507728122004922 0.0049625739368728099
v -0.007241220827261855 0.0043844134797452871 0.0050267681516671494
v -0.0070631800150876877 0.0030976554683475222 0.004949866812743179
v -0.007291784249547106 0.0044330336122467189 0.0051825417519874893
v -0.0073026304673628039 0.0044449332539534059 0.0052214434453479158
v -0.007365578377398074 0.0042443102629063463 0.0052752002137820917
v -0.0073127689579211702 0.0044567274504995593 0.0052603110392837778
v -0.0071433728527473374 0.003129528233613997 0.0051095444294073063
v -0.0071956358382494002 0.0031545604388072902 0.0052295082378134104
v -0.0073309450039304655 0.0044799935001106654 0.0053379102085024726
v -0.0072115685318220359 0.0031631038695029375 0.0052694843534182379
v -0.0072571813734125124 0.0033507138828707578 0.005176949080884021
v -0.0073590618538822454 0.0045251981296195558 0.0054923367231148766
v -0.0074281706617891135 0.0043330117456678629 0.0055851852142695096
v -0.0073644129706381904 0.0045362156120676515 0.0055307369023688043
v -0.0072412208272618558 0.003180472236816982 0.0053493632354443118
v -0.0073691065186598532 0.004547117460959778 0.0055690394850169541
v -0.0073765496758485651 0.0045685704759319918 0.0056453231355195069
v -0.0072917842495471069 0.003216252767095547 0.0055085771968114055
v -0.0073026304673628039 0.0032253982217618367 0.0055482168723651089
v -0.007365578377398074 0.0034260212128088955 0.0054944601039309329
v -0.0073127689579211702 0.0032346179449035724 0.0055877742943706218
v -0.0073838704183123395 0.0046100510186221078 0.0057964127067143632
v -0.007448186528497408 0.0044160910111856449 0.0058885087495749574
v -0.0073841698841698835 0.0046201201942766765 0.0058338392947333336
v -0.0073309450039304655 0.0032532685395039928 0.0056666101710321319
v -0.0073838704183123395 0.004630113326374136 0.0058712862585620198
v -0.0073814504687209305 0.0046499995680628452 0.0059467317216168637
v -0.0073590618538822462 0.0032913334392868322 0.0058229497704588061
v -0.0073644129706381912 0.0033009921092279964 0.005861714042426633
v -0.0074281706617891135 0.0035041959756277842 0.0058072657305259278
v -0.007369106518659854 0.00331070212246327 0.0059003359764765468
v -0.0073691065186598532 0.004689297877536731 0.0060996640235234526
v -0.0073644129706381904 0.0046990078907720055 0.0061382859575733664
v -0.0074281706617891135 0.004495804024372216 0.0061927342694740716
v -0.007376549675848566 0.0033302650917608413 0.005977126063191277
v -0.0073590618538822454 0.0047086665607131688 0.0061770502295411924
v -0.0073463591967046424 0.0047278186429731139 0.0062549779613604549
v -0.0073838704183123403 0.0033698866736258646 0.0061287137414379796
v -0.0073841698841698835 0.0033798798057233246 0.0061661607052666658
v -0.007448186528497408 0.0035839089888143548 0.0061114912504250428
v -0.0073838704183123403 0.0033899489813778937 0.0062035872932856354
v -0.0073127689579211693 0.0047653820550964286 0.0064122257056293784
v -0.007365578377398074 0.0045739787871911042 0.0065055398960690647
v -0.0073026304673628039 0.0047746017782381639 0.0064517831276348888
v -0.0073814504687209305 0.0034104497224170969 0.0062788681017357647
v -0.007291784249547106 0.0047837472329044549 0.0064914228031885948
v -0.0072679478582544227 0.0048018036269114328 0.0065709157632556203
v -0.007369106518659854 0.0034528825390402235 0.0064309605149830452
v -0.0073644129706381912 0.0034637843879323496 0.0064692630976311942
v -0.0074281706617891135 0.0036669882543321373 0.0064148147857304889
v -0.0073590618538822462 0.0034748018703804457 0.0065076632768851228
v -0.0072115685318220359 0.0048368961304970631 0.0067305156465817615
v -0.0072571813734125124 0.0046492861171292411 0.0068230509191159784
v -0.0071956358382494002 0.0048454395611927112 0.006770491762186589
v -0.0073463591967046424 0.0034971795465175955 0.0065847267134298768
v -0.0071433728527473374 0.0048704717663860036 0.0068904555705926922
v -0.0073127689579211702 0.0035432725495004422 0.0067396889607162216
v -0.0073026304673628039 0.0035550667460465951 0.0067785565546520836
v -0.007365578377398074 0.0037556897370936539 0.0067247997862179077
v -0.007291784249547106 0.0035669663877532817 0.00681745824801251
v -0.0070631800150876877 0.0049023445316524784 0.0070501331872568204
v -0.0072679478582544236 0.0035910755718760101 0.0068953293678560654
v -0.0072115685318220359 0.0036404845139515283 0.0070510931730503514
v -0.0071956358382494002 0.0036530737437360395 0.0070899852200565798
v -0.0072571813734125124 0.0038492271877995071 0.0070374260631271895
v -0.0072811127169300017 0.0041686352143408684 0.0050211878210753135
v -0.0072944928538976137 0.0039515383714116186 0.0050159586443866543
v -0.0071548884076297007 0.0033013321291563672 0.0049582467699704064
v -0.0073367514687265782 0.0042155555719726344 0.0051775824187961844
v -0.0072315582512715798 0.0033370263875203616 0.0051172481007465687
v -0.0072944928538976137 0.0035499483236596319 0.0051235643733701756
v -0.007380718296799647 0.0042613372719374418 0.0053336534377012015
v -0.0074037400362517054 0.0040405360716272015 0.0053298013437736427
v -0.0072811127169300025 0.0033645515309458311 0.0052366413946880568
v -0.0074133530183135244 0.0043058644766820788 0.0054888542658027128
v -0.0073367514687265774 0.0034021146081425063 0.0053955432681448614
v -0.0074350556978551759 0.0043490369615219156 0.005642676294405906
v -0.0074668232438626653 0.0041266161410349949 0.0056404887498522202
v -0.007380718296799647 0.0034405020023970541 0.0055535955852935312
v -0.0074037400362517063 0.003629795404088039 0.0054398589739393819
v -0.0074462775306049318 0.0043907701113645161 0.0057946519724031455
v -0.0074133530183135236 0.0034795407259794438 0.0057102670474901409
v -0.007447502356903276 0.004431096905123031 0.0059447416350168585
v -0.0074869960988296477 0.0042088571265509215 0.0059440369016071958
v -0.0074350556978551759 0.0035190632716652422 0.0058650670743420801
v -0.0074668232438626653 0.0037105915802606512 0.005751962194943218
v -0.007438825118338023 0.0044709994762032346 0.0060965787196177726
v -0.0074462775306049309 0.003558909142720227 0.0060175484471663545
v -0.007419786745474658 0.0045106175960124275 0.0062508392720543975
v -0.0074668232438626653 0.0042894084197393489 0.0062480378050567813
v -0.0074475023569032751 0.0035990299461790345 0.006167693304714522
v -0.0074869960988296477 0.0037911428734490782 0.0060559630983928045
v -0.0073899246947404552 0.0045497927292541367 0.0064070872109560448
v -0.007438825118338023 0.0036403918482477205 0.006319139362755583
v -0.007348825258604667 0.0045883589878932029 0.0065648425877453277
v -0.0074037400362517054 0.0043702045959119612 0.0065601410260606174
v -0.007419786745474658 0.0036832118262610965 0.0064725419798721184
v -0.0074668232438626653 0.0038733838589650048 0.0063595112501477792
v -0.007296132714596686 0.0046261445970503063 0.0067235839800819808
v -0.0073899246947404561 0.0037274091351279606 0.006627444230870758
v -0.0072315582512715781 0.004662973612479639 0.0068827518992534307
v -0.0072944928538976137 0.0044500516763403683 0.0068764356266298246
v -0.0073488252586046661 0.0037728874638122494 0.0067833475240733953
v -0.0074037400362517063 0.0039594639283727978 0.0066701986562263558
v -0.0071548884076296998 0.0046986678708436326 0.007041753230029593
v -0.007296132714596686 0.0038195348625530545 0.006939714407047601
v -0.0071647272071786033 0.0034842806496613648 0.0048567507563985262
v -0.0072458389235359614 0.003522954272367612 0.0050146706285220831
v -0.0073374169895645183 0.0039823943693539001 0.0051239240856590009
v -0.0073897832876712467 0.0040267962010289531 0.0052808615024995016
v -0.0073374169895645183 0.0035772089662186694 0.0052324931872139652
v -0.0074304860737679657 0.0040705061856936555 0.0054371707988619816
v -0.0074165268420828701 0.0038351657378576202 0.0053848301588565132
v -0.0073897832876712467 0.0036172245604337628 0.0053906058928396734
v -0.0074598877799960913 0.0041133982869990598 0.0055923208855533429
v -0.0074304860737679657 0.0036575252514963416 0.0055478287066696025
v -0.0074784087059850549 0.004155359706264402 0.0057458203829888373
v -0.0074598877799960913 0.0036979546454898467 0.0057036386737963811
v -0.0074865177923546695 0.00419629117603565 0.0058972202624031668
v -0.0074784087059850549 0.0037383647391449584 0.0058575538476763351
v -0.007484665508387103 0.0042364507344332418 0.006047408071932903
v -0.0074865177923546695 0.003778616986215988 0.0060091357242646687
v -0.0074727096387832313 0.0042767777730185986 0.006199913492717703
v -0.0074846655083871038 0.0038189316932037763 0.006159281961854955
v -0.0074501609636148172 0.0043172118684054548 0.0063545929764112583
v -0.0074797745430643927 0.0040813961393521767 0.0063037745276022811
v -0.0074727096387832322 0.0038602601637218615 0.0063115190497621048
v -0.0074165676984901327 0.0043576108195869977 0.0065109915051794406
v -0.0074501609636148172 0.0039025829517845795 0.0064656924597784136
v -0.0073715301685460177 0.0043978233377648321 0.0066686114156276569
v -0.0074165676984901327 0.003945795698159206 0.0066213370343969407
v -0.0073147099862514 0.0044376902108719668 0.006826915207381469
v -0.0073069947909351557 0.0042492566524643749 0.0069302384911215844
v -0.0073715301685460177 0.0039897805910911674 0.0067779461400762431
v -0.0072458389235359614 0.0044770457276323882 0.0069853293714779172
v -0.0073147099862514 0.0040344067620878433 0.0069349746818040126
v -0.0072944928538976137 0.0040484616285883807 0.0069840413556133442
v -0.0071647272071786033 0.0045157193503386353 0.007143249243601474
v -0.0072062382519262362 0.0036940733111409459 0.0048582660537866938
v -0.0072833265326445774 0.0037362208820440976 0.0050155629298128694
v -0.0073069947909351557 0.0037507433475356252 0.0050697615088784159
v -0.0073500308539440869 0.0037798016677862843 0.0051782086364364826
v -0.0073777642127912805 0.0038009222218673617 0.0052570316173510701
v -0.0074025337004161506 0.0038220103807313577 0.0053357336976695875
v -0.0074433426215483262 0.0038640157185949988 0.0054924997527657921
v -0.0074594730411449046 0.0038848975789787508 0.0055704319166745139
v -0.0074728209945462759 0.0039056764662444535 0.005647979779674862
v -0.0074797745430643927 0.0039186038606478226 0.0056962254723977191
v -0.0074913902149967501 0.00394686222270468 0.0058016871153325862
v -0.0074967291673545822 0.0039672393586276441 0.0058777356219098234
v -0.0074995204463112666 0.0039874540811258184 0.0059531779933339165
v -0.0074999999999999989 0.0040000000000000001 0.0060000000000000001
v -0.0074976633323985435 0.0040276912138185097 0.0061033450168939286
v -0.0074929672659115303 0.0040480290063025113 0.0061792466917580183
v -0.0074856762871242585 0.0040685189683702305 0.0062557162712399052
v -0.0074630688148889105 0.0041098974100950165 0.0064101427180948359
v -0.007447638935749395 0.0041307550616768987 0.0064879845335249885
v -0.0074293879532449968 0.0041517032588731023 0.0065661642697881903
v -0.0074165268420828701 0.0041648342621423791 0.0066151698411434862
v -0.0073842329851523964 0.0041938019644279997 0.0067232787778519505
v -0.0073572440425675083 0.0042149161962729779 0.0068020781638602002
v -0.0073272646407135942 0.004236048486479905 0.0068809449445927408
v -0.0072833265326445774 0.0042637791179559025 0.0069844370701871309
v -0.0072062382519262362 0.0043059266888590547 0.0071417339462133064
v -0.0071660893581956689 0.0038757136826422091 0.0047544873851979308
v -0.0072470087830259046 0.0039211771561149193 0.0049106036437589883
v -0.0072470087830259046 0.0040788228438850809 0.0070893963562410111
v -0.0071660893581956689 0.0041242863173577907 0.0072455126148020695
v -0.007158112211274846 0.0040861005055807453 0.0047545363464122662
v -0.0072343065687003882 0.0041346567478442245 0.0049101220983182366
v -0.0072343065687003882 0.0038653432521557752 0.0070898779016817636
v -0.007158112211274846 0.003913899494419254 0.007245463653587734
v -0.007149416812229973 0.0043128502654497967 0.0048063143046969395
v -0.007149416812229973 0.0036871497345502043 0.0071936856953030599
v -0.0070101878991400317 0.0045260414191341785 0.0046790547167480691
v -0.0070469013532314419 0.0045538021235438462 0.0047559256431764377
v -0.0070988054828410993 0.004308531372828008 0.0047161281270703239
v 0.0089999999999999993 0 0
v 0.0089999999999999993 0 0.0030000000000000001
v 0.0089999999999999993 0 0
v 0.0089999999999999993 0 0.0030000000000000001
v 0.0089925010306170037 0.00032650815728258283 0.0030000000000000001
v 0.008970016619032857 0.00065247220908188546 0.0030000000000000001
v 0.0089325842341173526 0.00097734895663248531 0.0030000000000000001
v 0.0088802662546056954 0.0013005970130936871 0.0030000000000000001
v 0.0088131498651482267 0.0016216777057369313 0.0030000000000000001
v 0.0087313469110226419 0.001940055973610307 0.0030000000000000001
v 0.0086349937117508168 0.0022552012591842583 0.0030000000000000001
v 0.0085242508339308121 0.0025665883924926281 0.0030000000000000001
v 0.0083993028236626684 0.002873698466295651 0.0030000000000000001
v 0.0082603578990138194 0.0031760197008065148 0.0030000000000000001
v 0.0081076476030366804 0.003473048296540457 0.0030000000000000001
v 0.0079414264179165847 0.0037642892738651928 0.0030000000000000001
v 0.0077619713408930927 0.0040492572978536052 0.0030000000000000001
v 0.0075695814226613631 0.0043274774870641309 0.0030000000000000001
v 0.0073645772690228255 0.0045984862049010793 0.0030000000000000001
v 0.0071473005066155929 0.0048618318322360956 0.0030000000000000001
v 0.0069181132136149842 0.0051170755200032857 0.0030000000000000001
v 0.0066773973163528188 0.0053637919205138098 0.0030000000000000001
v 0.0064255539528609981 0.0056015698962712905 0.0030000000000000001
v 0.0061630028044000005 0.0058300132051068015 0.0030000000000000001
v 0.0058901813960862198 0.0060487411604917421 0.0030000000000000001
v 0.0056075443677836498 0.0062573892659281939 0.0030000000000000001
v 0.0053155627164748987 0.0064556098223596016 0.0030000000000000001
v 0.005014723011374094 0.0066430725075895761 0.0030000000000000001
v 0.0047055265830896207 0.0068194649267432281 0.0030000000000000001
v 0.0043884886881879323 0.0069844931328537528 0.0030000000000000001
v 0.0040641376505506106 0.0071378821167067162 0.0030000000000000001
v 0.0037330139809555627 0.0072793762651257622 0.0030000000000000001
v 0.0033956694763495172 0.0074087397869360304 0.0030000000000000001
v 0.0030526663003128222 0.0075257571058954496 0.0030000000000000001
v 0.0027045760462488925 0.0076302332199390923 0.0030000000000000001
v 0.0023519787848594498 0.0077219940261379688 0.0030000000000000001
v 0.00199546209749287 0.0078008866108306898 0.0030000000000000001
v 0.0016356200969765047 0.0078667795044445547 0.0030000000000000001
v 0.0012730524375647082 0.0079195629005813905 0.0030000000000000001
v 0.0009083633156524119 0.0079591488390030763 0.0030000000000000001
v 0.00054216046291951216 0.0079854713522117832 0.0030000000000000001
v 0.00017505413358392247 0.0079984865753807022 0.0030000000000000001
v -0.00019234391254902561 0.0079981728194520457 0.0030000000000000001
v -0.00055942142954614903 0.007984530607280502 0.0030000000000000001
v -0.00092556670561608158 0.0079575826727619359 0.0030000000000000001
v -0.0012901695824888279 0.0079173739229487644 0.0030000000000000001
v -0.0016526224722064728 0.0078639713632151654 0.0030000000000000001
v -0.0020123213696306218 0.0077974639855967823 0.0030000000000000001
v -0.0023686668589793015 0.007717962620491064 0.0030000000000000001
v -0.0027210651127159802 0.0076255997519653045 0.0030000000000000001
v -0.003068928881126125 0.0075205292969802153 0.0030000000000000001
v -0.0034116784709322346 0.0074029263488969068 0.0030000000000000001
v -0.0037487427113165324 0.0072729868856947176 0.0030000000000000001
v -0.0040795599057415191 0.0071309274433861355 0.0030000000000000001
v -0.0044035787679822256 0.0069769847551730355 0.0030000000000000001
v -0.0047202593408103297 0.006811415356945562 0.0030000000000000001
v -0.0050290738957992007 0.0066344951597810632 0.0030000000000000001
v -0.0053295078127504206 0.0064465189901554889 0.0030000000000000001
v -0.0056210604372762488 0.0062478000986334499 0.0030000000000000001
v -0.0059032459151089414 0.0060386696378556901 0.0030000000000000001
v -0.0061755940017465876 0.0058194761106938608 0.0030000000000000001
v -0.0064376508460862519 0.0055905847894922138 0.0030000000000000001
v -0.0066889797467385324 0.0053523771073640215 0.0030000000000000001
v -0.0069291618797631934 0.0051052500225570781 0.0030000000000000001
v -0.0071577969966131498 0.0048496153569475339 0.0030000000000000001
v -0.0073745040911237011 0.0045858991097644198 0.0030000000000000001
v -0.0075789220344355595 0.0043145407476884974 0.0030000000000000001
v -0.0077707101767935608 0.0040359924725084399 0.0030000000000000001
v -0.0079495489152182439 0.0037507184675547485 0.0030000000000000001
v -0.0081151402261042931 0.0034591941241671827 0.0030000000000000001
v -0.0082672081618582784 0.0031619052494847337 0.0030000000000000001
v -0.0084054993107481202 0.0028593472568783232 0.0030000000000000001
v -0.0085297832191979384 0.0025520243403753151 0.0030000000000000001
v -0.0086398527758245608 0.0022404486344516101 0.0030000000000000001
v -0.0087355245565757401 0.0019251393605914757 0.0030000000000000001
v -0.0088166391303948748 0.0016066219620373236 0.0030000000000000001
v -0.0088830613249029529 0.0012854272281713119 0.0030000000000000001
v -0.0089346804516548649 0.00096209040998793832 0.0030000000000000001
v -0.0089714104905948156 0.00063715032813163694 0.0030000000000000001
v -0.0089931902334033729 0.00031114847498577426 0.0030000000000000001
v -0.008999983385497316 -1.537188769064056e-05 0.0030000000000000001
v -0.0089917786265122958 -0.00034186663407479963 0.0030000000000000001
v -0.0089685896291675192 -0.00066779168103184858 0.0030000000000000001
v -0.008930455036481013 -0.00099260389479550234 0.0030000000000000001
v -0.0088774383973734359 -0.0013157619960665972 0.0030000000000000001
v -0.0088096280607677796 -0.0016367274620212886 0.0030000000000000001
v -0.0087271370283613942 -0.0019549654237257558 0.0030000000000000001
v -0.0086301027663156938 -0.0022699455574619258 0.0030000000000000001
v -0.0085186869761773899 -0.0025811429684788781 0.0030000000000000001
v -0.0083930753254129343 -0.002888039065697217 0.0030000000000000001
v -0.0082534771380052604 -0.0031901224259087641 0.0030000000000000001
v -0.0081001250456284382 -0.0034868896460314431 0.0030000000000000001
v -0.00793327459998148 -0.0037778461819991263 0.0030000000000000001
v -0.0077532038469273722 -0.0040625071728884795 0.0030000000000000001
v -0.0075602128631469864 -0.0043403982489094561 0.0030000000000000001
v -0.0073546232560800047 -0.0046110563219129682 0.0030000000000000001
v -0.0071367776279861739 -0.0048740303570984122 0.0030000000000000001
v -0.0069070390050200011 -0.0051288821246350388 0.0030000000000000001
v -0.0066657902322703163 -0.005375186929944634 0.0030000000000000001
v -0.0064134333357727894 -0.0056125343214285545 0.0030000000000000001
v -0.0061503888525586293 -0.0058405287744597145 0.0030000000000000001
v -0.005877095129855835 -0.0060587903504997183 0.0030000000000000001
v -0.0055940075946108742 -0.0062669553302427466 0.0030000000000000001
v -0.0053015979945480809 -0.006464676819731085 0.0030000000000000001
v -0.0050003536120314931 -0.0066516253284322818 0.0030000000000000001
v -0.0046907764520391767 -0.00682748931831457 0.0030000000000000001
v -0.004373382405603231 -0.0069919757230055756 0.0030000000000000001
v -0.0040487003901095615 -0.0071448104361691396 0.0030000000000000001
v -0.0037172714678900343 -0.0072857387682864483 0.0030000000000000001
v -0.0033796479445758411 -0.0074145258710802244 0.0030000000000000001
v -0.0030363924487146069 -0.0075309571288747403 0.0030000000000000001
v -0.0026880769941850006 -0.0076348385162394563 0.0030000000000000001
v -0.0023352820269712761 -0.0077259969213203036 0.0030000000000000001
v -0.0019785954578862351 -0.007804280434319793 0.0030000000000000001
v -0.0016186116828545219 -0.007869558600645218 0.0030000000000000001
v -0.0012559305923888779 -0.0079217226383031004 0.0030000000000000001
v -0.0008911565719100131 -0.0079606856191775984 0.0030000000000000001
v -0.00052489749457599059 -0.0079863826138907891 0.0030000000000000001
v -0.00015776370829951523 -0.0079987708000034304 0.0030000000000000001
v 0.00020963298135880147 -0.0079978295333758866 0.0030000000000000001
v 0.00057668033072625692 -0.0079835603825702938 0.0030000000000000001
v 0.00094276667828395813 -0.007955987126236656 0.0030000000000000001
v 0.0013072819639626013 -0.0079151557134872017 0.0030000000000000001
v 0.0016696187457695335 -0.0078611341873250605 0.0030000000000000001
v 0.0020291732120529533 -0.0077940125712548328 0.0030000000000000001
v 0.0023853461877163772 -0.0077139027192640432 0.0030000000000000001
v 0.0027375441327065707 -0.0076209381294254338 0.0030000000000000001
v 0.0030851801311110381 -0.0075152737214307635 0.0030000000000000001
v 0.0034276748692167866 -0.007397085578426792 0.0030000000000000001
v 0.0037644576009005074 -0.0072665706535837019 0.0030000000000000001
v 0.0040949670987413958 -0.0071239464418849209 0.0030000000000000001
v 0.0044186525892716527 -0.006969450617685293 0.0030000000000000001
v 0.0047349746708061202 -0.0068033406386415916 0.0030000000000000001
v 0.0050434062123215556 -0.0066258933166753846 0.0030000000000000001
v 0.0053434332318876105 -0.0064374043566832314 0.0030000000000000001
v 0.00563455575318566 -0.0062381878637629146 0.0030000000000000001
v 0.0059162886386881714 -0.0060285758197768761 0.0030000000000000001
v 0.0061881623981101261 -0.0058089175301251515 0.0030000000000000001
v 0.0064497239707853177 -0.0055795790416497022 0.0030000000000000001
v 0.0067005374806636854 -0.0053409425326401763 0.0030000000000000001
v 0.0069401849626715799 -0.0050934056759576246 0.0030000000000000001
v 0.0071682670592244967 -0.004837380976337474 0.0030000000000000001
v 0.0073844036857315725 -0.0045732950829761136 0.0030000000000000001
v 0.0075882346639828731 -0.0043015880785466087 0.0030000000000000001
v 0.0077794203223639042 -0.0040227127458283734 0.0030000000000000001
v 0.0079576420618971879 -0.003737133813172902 0.0030000000000000001
v 0.0081226028871675768 -0.0034453271800629539 0.0030000000000000001
v 0.0082740279012466084 -0.0031477791240557386 0.0030000000000000001
v 0.0084116647637910782 -0.0028449854904316939 0.0030000000000000001
v 0.0085352841115525057 -0.0025374508658992444 0.0030000000000000001
v 0.0086446799405966619 -0.0022256877377325205 0.0030000000000000001
v 0.008739669949596296 -0.0019102156397432701 0.0030000000000000001
v 0.0088200958436249251 -0.0015915602865101625 0.0030000000000000001
v 0.0088858235979454546 -0.001270252697308225 0.0030000000000000001
v 0.00893674368135405 -0.00094682831119833547 0.0030000000000000001
v 0.0089727712387070516 -0.00062182609475141669 0.0030000000000000001
v 0.0089931902334033694 -0.00031114847498587824 0.0030000000000000001
v 0.0089925010306170037 0.00032650815728258283 0
v 0.008970016619032857 0.00065247220908188546 0
v 0.0089325842341173526 0.00097734895663248531 0
v 0.0088802662546056954 0.0013005970130936871 0
v 0.0088131498651482267 0.0016216777057369313 0
v 0.0087313469110226419 0.001940055973610307 0
v 0.0086349937117508168 0.0022552012591842583 0
v 0.0085242508339308121 0.0025665883924926281 0
v 0.0083993028236626684 0.002873698466295651 0
v 0.0082603578990138194 0.0031760197008065148 0
v 0.0081076476030366804 0.003473048296540457 0
v 0.0079414264179165847 0.0037642892738651928 0
v 0.0077619713408930927 0.0040492572978536052 0
v 0.0075695814226613631 0.0043274774870641309 0
v 0.0073645772690228255 0.0045984862049010793 0
v 0.0071473005066155929 0.0048618318322360956 0
v 0.0069181132136149842 0.0051170755200032857 0
v 0.0066773973163528188 0.0053637919205138098 0
v 0.0064255539528609981 0.0056015698962712905 0
v 0.0061630028044000005 0.0058300132051068015 0
v 0.0058901813960862198 0.0060487411604917421 0
v 0.0056075443677836498 0.0062573892659281939 0
v 0.0053155627164748987 0.0064556098223596016 0
v 0.005014723011374094 0.0066430725075895761 0
v 0.0047055265830896207 0.0068194649267432281 0
v 0.0043884886881879323 0.0069844931328537528 0
v 0.0040641376505506106 0.0071378821167067162 0
v 0.0037330139809555627 0.0072793762651257622 0
v 0.0033956694763495172 0.0074087397869360304 0
v 0.0030526663003128222 0.0075257571058954496 0
v 0.0027045760462488925 0.0076302332199390923 0
v 0.0023519787848594498 0.0077219940261379688 0
v 0.00199546209749287 0.0078008866108306898 0
v 0.0016356200969765047 0.0078667795044445547 0
v 0.0012730524375647082 0.0079195629005813905 0
v 0.0009083633156524119 0.0079591488390030763 0
v 0.00054216046291951216 0.0079854713522117832 0
v 0.00017505413358392247 0.0079984865753807022 0
v -0.00019234391254902561 0.0079981728194520457 0
v -0.00055942142954614903 0.007984530607280502 0
v -0.00092556670561608158 0.0079575826727619359 0
v -0.0012901695824888279 0.0079173739229487644 0
v -0.0016526224722064728 0.0078639713632151654 0
v -0.0020123213696306218 0.0077974639855967823 0
v -0.0023686668589793015 0.007717962620491064 0
v -0.0027210651127159802 0.0076255997519653045 0
v -0.003068928881126125 0.0075205292969802153 0
v -0.0034116784709322346 0.0074029263488969068 0
v -0.0037487427113165324 0.0072729868856947176 0
v -0.0040795599057415191 0.0071309274433861355 0
v -0.0044035787679822256 0.0069769847551730355 0
v -0.0047202593408103297 0.006811415356945562 0
v -0.0050290738957992007 0.0066344951597810632 0
v -0.0053295078127504206 0.0064465189901554889 0
v -0.0056210604372762488 0.0062478000986334499 0
v -0.0059032459151089414 0.0060386696378556901 0
v -0.0061755940017465876 0.0058194761106938608 0
v -0.0064376508460862519 0.0055905847894922138 0
v -0.0066889797467385324 0.0053523771073640215 0
v -0.0069291618797631934 0.0051052500225570781 0
v -0.0071577969966131498 0.0048496153569475339 0
v -0.0073745040911237011 0.0045858991097644198 0
v -0.0075789220344355595 0.0043145407476884974 0
v -0.0077707101767935608 0.0040359924725084399 0
v -0.0079495489152182439 0.0037507184675547485 0
v -0.0081151402261042931 0.0034591941241671827 0
v -0.0082672081618582784 0.0031619052494847337 0
v -0.0084054993107481202 0.0028593472568783232 0
v -0.0085297832191979384 0.0025520243403753151 0
v -0.0086398527758245608 0.0022404486344516101 0
v -0.0087355245565757401 0.0019251393605914757 0
v -0.0088166391303948748 0.0016066219620373236 0
v -0.0088830613249029529 0.0012854272281713119 0
v -0.0089346804516548649 0.00096209040998793832 0
v -0.0089714104905948156 0.00063715032813163694 0
v -0.0089931902334033729 0.00031114847498577426 0
v -0.008999983385497316 -1.537188769064056e-05 0
v -0.0089917786265122958 -0.00034186663407479963 0
v -0.0089685896291675192 -0.00066779168103184858 0
v -0.008930455036481013 -0.00099260389479550234 0
v -0.0088774383973734359 -0.0013157619960665972 0
v -0.0088096280607677796 -0.0016367274620212886 0
v -0.0087271370283613942 -0.0019549654237257558 0
v -0.0086301027663156938 -0.0022699455574619258 0
v -0.0085186869761773899 -0.0025811429684788781 0
v -0.0083930753254129343 -0.002888039065697217 0
v -0.0082534771380052604 -0.0031901224259087641 0
v -0.0081001250456284382 -0.0034868896460314431 0
v -0.00793327459998148 -0.0037778461819991263 0
v -0.0077532038469273722 -0.0040625071728884795 0
v -0.0075602128631469864 -0.0043403982489094561 0
v -0.0073546232560800047 -0.0046110563219129682 0
v -0.0071367776279861739 -0.0048740303570984122 0
v -0.0069070390050200011 -0.0051288821246350388 0
v -0.0066657902322703163 -0.005375186929944634 0
v -0.0064134333357727894 -0.0056125343214285545 0
v -0.0061503888525586293 -0.0058405287744597145 0
v -0.005877095129855835 -0.0060587903504997183 0
v -0.0055940075946108742 -0.0062669553302427466 0
v -0.0053015979945480809 -0.006464676819731085 0
v -0.0050003536120314931 -0.0066516253284322818 0
v -0.0046907764520391767 -0.00682748931831457 0
v -0.004373382405603231 -0.0069919757230055756 0
v -0.0040487003901095615 -0.0071448104361691396 0
v -0.0037172714678900343 -0.0072857387682864483 0
v -0.0033796479445758411 -0.0074145258710802244 0
v -0.0030363924487146069 -0.0075309571288747403 0
v -0.0026880769941850006 -0.0076348385162394563 0
v -0.0023352820269712761 -0.0077259969213203036 0
v -0.0019785954578862351 -0.007804280434319793 0
v -0.0016186116828545219 -0.007869558600645218 0
v -0.0012559305923888779 -0.0079217226383031004 0
v -0.0008911565719100131 -0.0079606856191775984 0
v -0.00052489749457599059 -0.0079863826138907891 0
v -0.00015776370829951523 -0.0079987708000034304 0
v 0.00020963298135880147 -0.0079978295333758866 0
v 0.00057668033072625692 -0.0079835603825702938 0
v 0.00094276667828395813 -0.007955987126236656 0
v 0.0013072819639626013 -0.0079151557134872017 0
v 0.0016696187457695335 -0.0078611341873250605 0
v 0.0020291732120529533 -0.0077940125712548328 0
v 0.0023853461877163772 -0.0077139027192640432 0
v 0.0027375441327065707 -0.0076209381294254338 0
v 0.0030851801311110381 -0.0075152737214307635 0
v 0.0034276748692167866 -0.007397085578426792 0
v 0.0037644576009005074 -0.0072665706535837019 0
v 0.0040949670987413958 -0.0071239464418849209 0
v 0.0044186525892716527 -0.006969450617685293 0
v 0.0047349746708061202 -0.0068033406386415916 0
v 0.0050434062123215556 -0.0066258933166753846 0
v 0.0053434332318876105 -0.0064374043566832314 0
v 0.00563455575318566 -0.0062381878637629146 0
v 0.0059162886386881714 -0.0060285758197768761 0
v 0.0061881623981101261 -0.0058089175301251515 0
v 0.0064497239707853177 -0.0055795790416497022 0
v 0.0067005374806636854 -0.0053409425326401763 0
v 0.0069401849626715799 -0.0050934056759576246 0
v 0.0071682670592244967 -0.004837380976337474 0
v 0.0073844036857315725 -0.0045732950829761136 0
v 0.0075882346639828731 -0.0043015880785466087 0
v 0.0077794203223639042 -0.0040227127458283734 0
v 0.0079576420618971879 -0.003737133813172902 0
v 0.0081226028871675768 -0.0034453271800629539 0
v 0.0082740279012466084 -0.0031477791240557386 0
v 0.0084116647637910782 -0.0028449854904316939 0
v 0.0085352841115525057 -0.0025374508658992444 0
v 0.0086446799405966619 -0.0022256877377325205 0
v 0.008739669949596296 -0.0019102156397432701 0
v 0.0088200958436249251 -0.0015915602865101625 0
v 0.0088858235979454546 -0.001270252697308225 0
v 0.00893674368135405 -0.00094682831119833547 0
v 0.0089727712387070516 -0.00062182609475141669 0
v 0.0089931902334033694 -0.00031114847498587824 0
v 0.0089999999999999993 0 0
v 0.0089925010306170037 0.00032650815728258283 0
v 0.008970016619032857 0.00065247220908188546 0
v 0.0089325842341173526 0.00097734895663248531 0
v 0.0088802662546056954 0.0013005970130936871 0
v 0.0088131498651482267 0.0016216777057369313 0
v 0.0087313469110226419 0.001940055973610307 0
v 0.0086349937117508168 0.0022552012591842583 0
v 0.0085242508339308121 0.0025665883924926281 0
v 0.0083993028236626684 0.002873698466295651 0
v 0.0082603578990138194 0.0031760197008065148 0
v 0.0081076476030366804 0.003473048296540457 0
v 0.0079414264179165847 0.0037642892738651928 0
v 0.0077619713408930927 0.0040492572978536052 0
v 0.0075695814226613631 0.0043274774870641309 0
v 0.0073645772690228255 0.0045984862049010793 0
v 0.0071473005066155929 0.0048618318322360956 0
v 0.0069181132136149842 0.0051170755200032857 0
v 0.0066773973163528188 0.0053637919205138098 0
v 0.0064255539528609981 0.0056015698962712905 0
v 0.0061630028044000005 0.0058300132051068015 0
v 0.0058901813960862198 0.0060487411604917421 0
v 0.0056075443677836498 0.0062573892659281939 0
v 0.0053155627164748987 0.0064556098223596016 0
v 0.005014723011374094 0.0066430725075895761 0
v 0.0047055265830896207 0.0068194649267432281 0
v 0.0043884886881879323 0.0069844931328537528 0
v 0.0040641376505506106 0.0071378821167067162 0
v 0.0037330139809555627 0.0072793762651257622 0
v 0.0033956694763495172 0.0074087397869360304 0
v 0.0030526663003128222 0.0075257571058954496 0
v 0.0027045760462488925 0.0076302332199390923 0
v 0.0023519787848594498 0.0077219940261379688 0
v 0.00199546209749287 0.0078008866108306898 0
v 0.0016356200969765047 0.0078667795044445547 0
v 0.0012730524375647082 0.0079195629005813905 0
v 0.0009083633156524119 0.0079591488390030763 0
v 0.00054216046291951216 0.0079854713522117832 0
v 0.00017505413358392247 0.0079984865753807022 0
v -0.00019234391254902561 0.0079981728194520457 0
v -0.00055942142954614903 0.007984530607280502 0
v -0.00092556670561608158 0.0079575826727619359 0
v -0.0012901695824888279 0.0079173739229487644 0
v -0.0016526224722064728 0.0078639713632151654 0
v -0.0020123213696306218 0.0077974639855967823 0
v -0.0023686668589793015 0.007717962620491064 0
v -0.0027210651127159802 0.0076255997519653045 0
v -0.003068928881126125 0.0075205292969802153 0
v -0.0034116784709322346 0.0074029263488969068 0
v -0.0037487427113165324 0.0072729868856947176 0
v -0.0040795599057415191 0.0071309274433861355 0
v -0.0044035787679822256 0.0069769847551730355 0
v -0.0047202593408103297 0.006811415356945562 0
v -0.0050290738957992007 0.0066344951597810632 0
v -0.0053295078127504206 0.0064465189901554889 0
v -0.0056210604372762488 0.0062478000986334499 0
v -0.0059032459151089414 0.0060386696378556901 0
v -0.0061755940017465876 0.0058194761106938608 0
v -0.0064376508460862519 0.0055905847894922138 0
v -0.0066889797467385324 0.0053523771073640215 0
v -0.0069291618797631934 0.0051052500225570781 0
v -0.0071577969966131498 0.0048496153569475339 0
v -0.0073745040911237011 0.0045858991097644198 0
v -0.0075789220344355595 0.0043145407476884974 0
v -0.0077707101767935608 0.0040359924725084399 0
v -0.0079495489152182439 0.0037507184675547485 0
v -0.0081151402261042931 0.0034591941241671827 0
v -0.0082672081618582784 0.0031619052494847337 0
v -0.0084054993107481202 0.0028593472568783232 0
v -0.0085297832191979384 0.0025520243403753151 0
v -0.0086398527758245608 0.0022404486344516101 0
v -0.0087355245565757401 0.0019251393605914757 0
v -0.0088166391303948748 0.0016066219620373236 0
v -0.0088830613249029529 0.0012854272281713119 0
v -0.0089346804516548649 0.00096209040998793832 0
v -0.0089714104905948156 0.00063715032813163694 0
v -0.0089931902334033729 0.00031114847498577426 0
v -0.008999983385497316 -1.537188769064056e-05 0
v -0.0089917786265122958 -0.00034186663407479963 0
v -0.0089685896291675192 -0.00066779168103184858 0
v -0.008930455036481013 -0.00099260389479550234 0
v -0.0088774383973734359 -0.0013157619960665972 0
v -0.0088096280607677796 -0.0016367274620212886 0
v -0.0087271370283613942 -0.0019549654237257558 0
v -0.0086301027663156938 -0.0022699455574619258 0
v -0.0085186869761773899 -0.0025811429684788781 0
v -0.0083930753254129343 -0.002888039065697217 0
v -0.0082534771380052604 -0.0031901224259087641 0
v -0.0081001250456284382 -0.0034868896460314431 0
v -0.00793327459998148 -0.0037778461819991263 0
v -0.0077532038469273722 -0.0040625071728884795 0
v -0.0075602128631469864 -0.0043403982489094561 0
v -0.0073546232560800047 -0.0046110563219129682 0
v -0.0071367776279861739 -0.0048740303570984122 0
v -0.0069070390050200011 -0.0051288821246350388 0
v -0.0066657902322703163 -0.005375186929944634 0
v -0.0064134333357727894 -0.0056125343214285545 0
v -0.0061503888525586293 -0.0058405287744597145 0
v -0.005877095129855835 -0.0060587903504997183 0
v -0.0055940075946108742 -0.0062669553302427466 0
v -0.0053015979945480809 -0.006464676819731085 0
v -0.0050003536120314931 -0.0066516253284322818 0
v -0.0046907764520391767 -0.00682748931831457 0
v -0.004373382405603231 -0.0069919757230055756 0
v -0.0040487003901095615 -0.0071448104361691396 0
v -0.0037172714678900343 -0.0072857387682864483 0
v -0.0033796479445758411 -0.0074145258710802244 0
v -0.0030363924487146069 -0.0075309571288747403 0
v -0.0026880769941850006 -0.0076348385162394563 0
v -0.0023352820269712761 -0.0077259969213203036 0
v -0.0019785954578862351 -0.007804280434319793 0
v -0.0016186116828545219 -0.007869558600645218 0
v -0.0012559305923888779 -0.0079217226383031004 0
v -0.0008911565719100131 -0.0079606856191775984 0
v -0.00052489749457599059 -0.0079863826138907891 0
v -0.00015776370829951523 -0.0079987708000034304 0
v 0.00020963298135880147 -0.0079978295333758866 0
v 0.00057668033072625692 -0.0079835603825702938 0
v 0.00094276667828395813 -0.007955987126236656 0
v 0.0013072819639626013 -0.0079151557134872017 0
v 0.0016696187457695335 -0.0078611341873250605 0
v 0.0020291732120529533 -0.0077940125712548328 0
v 0.0023853461877163772 -0.0077139027192640432 0
v 0.0027375441327065707 -0.0076209381294254338 0
v 0.0030851801311110381 -0.0075152737214307635 0
v 0.0034276748692167866 -0.007397085578426792 0
v 0.0037644576009005074 -0.0072665706535837019 0
v 0.0040949670987413958 -0.0071239464418849209 0
v 0.0044186525892716527 -0.006969450617685293 0
v 0.0047349746708061202 -0.0068033406386415916 0
v 0.0050434062123215556 -0.0066258933166753846 0
v 0.0053434332318876105 -0.0064374043566832314 0
v 0.00563455575318566 -0.0062381878637629146 0
v 0.0059162886386881714 -0.0060285758197768761 0
v 0.0061881623981101261 -0.0058089175301251515 0
v 0.0064497239707853177 -0.0055795790416497022 0
v 0.0067005374806636854 -0.0053409425326401763 0
v 0.0069401849626715799 -0.0050934056759576246 0
v 0.0071682670592244967 -0.004837380976337474 0
v 0.0073844036857315725 -0.0045732950829761136 0
v 0.0075882346639828731 -0.0043015880785466087 0
v 0.0077794203223639042 -0.0040227127458283734 0
v 0.0079576420618971879 -0.003737133813172902 0
v 0.0081226028871675768 -0.0034453271800629539 0
v 0.0082740279012466084 -0.0031477791240557386 0
v 0.0084116647637910782 -0.0028449854904316939 0
v 0.0085352841115525057 -0.0025374508658992444 0
v 0.0086446799405966619 -0.0022256877377325205 0
v 0.008739669949596296 -0.0019102156397432701 0
v 0.0088200958436249251 -0.0015915602865101625 0
v 0.0088858235979454546 -0.001270252697308225 0
v 0.00893674368135405 -0.00094682831119833547 0
v 0.0089727712387070516 -0.00062182609475141669 0
v 0.0089931902334033694 -0.00031114847498587824 0
f 107 106 167
f 166 107 167
f 165 108 107
f 165 107 166
f 164 108 165
f 163 109 108
f 163 108 164
f 162 109 163
f 161 110 109
f 161 109 162
f 160 110 161
f 159 111 110
f 159 110 160
f 158 111 159
f 157 112 111
f 157 111 158
f 156 112 157
f 155 112 156
f 155 113 112
f 154 113 155
f 153 113 154
f 153 114 113
f 152 114 153
f 152 115 114
f 151 115 152
f 150 116 115
f 150 115 151
f 149 116 150
f 149 117 116
f 148 117 149
f 147 117 148
f 63 62 128
f 168 130 129
f 169 131 130
f 169 130 168
f 170 132 131
f 170 131 169
f 171 133 132
f 171 132 170
f 172 134 133
f 172 133 171
f 173 135 134
f 173 134 172
f 174 135 173
f 174 136 135
f 175 137 136
f 175 138 137
f 175 136 174
f 176 138 175
f 176 139 138
f 177 140 139
f 177 139 176
f 178 140 177
f 178 141 140
f 178 142 141
f 179 142 178
f 179 143 142
f 180 143 179
f 180 144 143
f 180 145 144
f 181 145 180
f 181 146 145
f 182 118 117
f 182 117 147
f 182 147 146
f 182 146 181
f 183 119 118
f 183 118 182
f 184 120 119
f 184 119 183
f 185 121 120
f 185 120 184
f 186 122 121
f 186 121 185
f 187 123 122
f 187 122 186
f 188 124 123
f 188 123 187
f 189 125 124
f 189 124 188
f 307 333 332
f 307 308 333
f 306 332 331
f 306 307 332
f 190 126 125
f 190 125 189
f 305 331 330
f 305 306 331
f 191 126 190
f 191 127 126
f 304 329 328
f 304 330 329
f 304 305 330
f 192 128 127
f 192 63 128
f 192 127 191
f 303 328 327
f 303 304 328
f 193 64 63
f 193 63 192
f 302 303 327
f 302 326 325
f 302 327 326
f 194 64 193
f 194 65 64
f 195 66 65
f 195 65 194
f 301 324 323
f 301 325 324
f 301 302 325
f 196 66 195
f 196 67 66
f 300 323 322
f 300 301 323
f 361 310 309
f 361 311 310
f 197 67 196
f 197 68 67
f 360 312 311
f 360 313 312
f 360 311 361
f 198 68 197
f 198 69 68
f 198 70 69
f 359 314 313
f 359 315 314
f 359 316 315
f 359 313 360
f 199 71 70
f 199 70 198
f 200 71 199
f 200 72 71
f 358 317 316
f 358 318 317
f 358 319 318
f 358 316 359
f 201 73 72
f 201 72 200
f 357 320 319
f 357 321 320
f 357 319 358
f 202 73 201
f 202 74 73
f 356 300 322
f 356 322 321
f 356 321 357
f 356 299 300
f 203 75 74
f 203 74 202
f 355 299 356
f 355 298 299
f 204 75 203
f 204 76 75
f 354 298 355
f 354 297 298
f 205 76 204
f 205 77 76
f 353 297 354
f 353 296 297
f 206 77 205
f 206 78 77
f 352 296 353
f 352 295 296
f 207 78 206
f 207 79 78
f 208 79 207
f 208 80 79
f 351 295 352
f 351 293 294
f 351 294 295
f 209 80 208
f 350 293 351
f 350 292 293
f 210 80 209
f 210 81 80
f 349 292 350
f 349 291 292
f 211 81 210
f 211 82 81
f 212 82 211
f 212 83 82
f 348 291 349
f 348 290 291
f 213 83 212
f 213 84 83
f 347 290 348
f 347 288 289
f 347 289 290
f 214 84 213
f 214 85 84
f 215 85 214
f 215 86 85
f 346 287 288
f 346 288 347
f 216 86 215
f 216 87 86
f 345 286 287
f 345 287 346
f 217 87 216
f 217 88 87
f 218 88 217
f 218 89 88
f 344 286 345
f 344 285 286
f 219 89 218
f 219 90 89
f 343 285 344
f 343 283 284
f 343 284 285
f 220 90 219
f 220 91 90
f 220 92 91
f 342 283 343
f 342 281 282
f 342 282 283
f 221 92 220
f 221 93 92
f 341 281 342
f 341 279 280
f 341 280 281
f 222 94 93
f 222 93 221
f 340 279 341
f 340 278 279
f 223 94 222
f 223 95 94
f 223 96 95
f 224 96 223
f 224 97 96
f 339 278 340
f 339 276 277
f 339 277 278
f 225 97 224
f 225 98 97
f 338 276 339
f 338 274 275
f 338 275 276
f 2 264 1
f 2 1 265
f 226 98 225
f 226 99 98
f 263 264 2
f 3 265 266
f 3 2 265
f 3 263 2
f 337 274 338
f 337 272 273
f 337 273 274
f 4 3 266
f 4 266 267
f 227 99 226
f 227 100 99
f 227 101 100
f 5 4 267
f 262 3 4
f 262 263 3
f 6 267 268
f 6 5 267
f 228 101 227
f 228 102 101
f 7 6 268
f 7 268 269
f 261 4 5
f 261 262 4
f 336 272 337
f 8 7 269
f 9 8 269
f 9 269 270
f 10 9 270
f 10 270 271
f 11 271 272
f 11 10 271
f 11 272 336
f 229 103 102
f 229 104 103
f 229 105 104
f 229 102 228
f 12 11 336
f 13 12 336
f 13 336 335
f 14 13 335
f 230 105 229
f 15 14 335
f 16 15 335
f 17 16 335
f 480 17 335
f 334 480 335
f 479 17 480
f 479 480 334
f 481 16 17
f 481 17 479
f 377 481 479
f 377 479 334
f 231 105 230
f 482 13 14
f 482 14 15
f 482 15 16
f 482 481 377
f 482 16 481
f 482 375 374
f 482 376 375
f 482 377 376
f 232 105 231
f 233 105 232
f 483 482 374
f 483 11 12
f 483 12 13
f 483 13 482
f 483 373 372
f 483 374 373
f 484 9 10
f 484 10 11
f 484 11 483
f 484 372 371
f 484 483 372
f 485 7 8
f 485 8 9
f 485 9 484
f 438 363 362
f 486 5 6
f 486 6 7
f 486 261 5
f 486 7 485
f 437 363 438
f 437 364 363
f 487 261 486
f 487 259 260
f 487 260 261
f 436 364 437
f 436 365 364
f 436 366 365
f 435 366 436
f 435 367 366
f 488 259 487
f 488 258 259
f 434 367 435
f 434 368 367
f 434 369 368
f 489 258 488
f 489 257 258
f 433 369 434
f 433 370 369
f 433 371 370
f 490 257 489
f 490 256 257
f 432 484 371
f 432 371 433
f 432 485 484
f 491 255 256
f 491 256 490
f 431 485 432
f 492 254 255
f 492 255 491
f 430 485 431
f 430 486 485
f 493 253 254
f 493 254 492
f 429 486 430
f 429 487 486
f 494 252 253
f 494 253 493
f 428 487 429
f 428 488 487
f 495 251 252
f 495 252 494
f 427 488 428
f 427 489 488
f 496 251 495
f 426 489 427
f 426 490 489
f 497 250 251
f 497 251 496
f 425 490 426
f 425 491 490
f 498 249 250
f 498 250 497
f 424 491 425
f 424 492 491
f 499 248 249
f 499 249 498
f 423 492 424
f 423 493 492
f 500 248 499
f 500 247 248
f 501 247 500
f 422 493 423
f 422 494 493
f 422 495 494
f 502 246 247
f 502 247 501
f 421 495 422
f 421 496 495
f 503 246 502
f 420 496 421
f 420 497 496
f 420 498 497
f 504 246 503
f 504 245 246
f 419 498 420
f 419 499 498
f 419 500 499
f 505 245 504
f 505 244 245
f 418 500 419
f 418 501 500
f 418 502 501
f 506 244 505
f 506 243 244
f 417 502 418
f 417 503 502
f 379 378 478
f 416 503 417
f 416 504 503
f 416 505 504
f 507 243 506
f 507 242 243
f 477 379 478
f 380 379 477
f 476 380 477
f 415 506 505
f 415 507 506
f 415 505 416
f 508 242 507
f 475 381 380
f 475 380 476
f 414 508 507
f 414 507 415
f 474 381 475
f 474 382 381
f 509 242 508
f 509 241 242
f 509 508 414
f 413 509 414
f 473 382 474
f 510 241 509
f 510 240 241
f 510 509 413
f 472 382 473
f 472 383 382
f 471 383 472
f 471 384 383
f 511 240 510
f 511 510 413
f 470 384 471
f 512 413 412
f 512 239 240
f 512 511 413
f 512 240 511
f 469 384 470
f 469 385 384
f 468 386 385
f 468 385 469
f 513 239 512
f 513 512 412
f 467 386 468
f 466 387 386
f 466 386 467
f 514 239 513
f 514 238 239
f 514 513 412
f 465 387 466
f 464 387 465
f 464 388 387
f 463 388 464
f 515 237 238
f 515 238 514
f 462 388 463
f 462 389 388
f 461 389 462
f 460 389 461
f 516 237 515
f 516 235 236
f 516 236 237
f 459 389 460
f 459 390 389
f 458 390 459
f 457 390 458
f 457 391 390
f 517 235 516
f 517 233 234
f 517 234 235
f 456 391 457
f 518 233 517
f 518 105 233
f 519 105 518
f 520 517 516
f 520 518 517
f 520 519 518
f 520 105 519
f 521 515 514
f 521 516 515
f 521 520 516
f 560 439 18
f 559 439 560
f 559 440 439
f 19 559 560
f 19 560 18
f 558 559 19
f 558 441 440
f 558 440 559
f 522 411 410
f 522 412 411
f 522 521 514
f 522 514 412
f 20 558 19
f 557 441 558
f 557 442 441
f 557 443 442
f 557 558 20
f 21 557 20
f 556 443 557
f 556 444 443
f 556 557 21
f 22 556 21
f 555 445 444
f 555 446 445
f 555 444 556
f 555 556 22
f 23 555 22
f 554 447 446
f 554 555 23
f 554 446 555
f 24 554 23
f 553 554 24
f 553 447 554
f 553 448 447
f 553 449 448
f 25 553 24
f 552 449 553
f 552 450 449
f 552 451 450
f 552 553 25
f 551 452 451
f 551 451 552
f 26 552 25
f 26 551 552
f 523 410 409
f 523 522 410
f 550 452 551
f 550 453 452
f 550 454 453
f 27 551 26
f 27 550 551
f 549 391 456
f 549 454 550
f 549 455 454
f 549 456 455
f 28 550 27
f 28 549 550
f 548 391 549
f 548 392 391
f 29 549 28
f 547 393 392
f 547 392 548
f 30 549 29
f 30 548 549
f 546 393 547
f 546 394 393
f 31 547 548
f 31 548 30
f 545 394 546
f 545 395 394
f 32 546 547
f 32 547 31
f 524 407 406
f 524 408 407
f 524 409 408
f 524 523 409
f 544 395 545
f 33 545 546
f 33 546 32
f 543 395 544
f 543 396 395
f 34 544 545
f 34 545 33
f 542 396 543
f 542 397 396
f 35 543 544
f 35 544 34
f 541 397 542
f 541 398 397
f 36 543 35
f 540 398 541
f 540 399 398
f 37 542 543
f 37 543 36
f 525 406 405
f 525 524 406
f 525 405 404
f 38 541 542
f 38 542 37
f 539 399 540
f 539 400 399
f 39 540 541
f 39 541 38
f 538 400 539
f 538 401 400
f 40 540 39
f 537 401 538
f 41 539 540
f 41 540 40
f 536 401 537
f 536 402 401
f 526 525 404
f 526 404 403
f 42 538 539
f 42 539 41
f 535 402 536
f 535 403 402
f 43 538 42
f 534 403 535
f 534 526 403
f 44 538 43
f 44 537 538
f 533 526 534
f 527 526 533
f 45 537 44
f 45 536 537
f 532 527 533
f 46 536 45
f 531 527 532
f 528 527 531
f 530 528 531
f 529 528 530
f 47 535 536
f 47 536 46
f 48 535 47
f 48 534 535
f 49 534 48
f 50 534 49
f 50 533 534
f 51 532 533
f 51 533 50
f 52 531 532
f 52 532 51
f 53 531 52
f 54 530 531
f 54 531 53
f 55 530 54
f 56 529 530
f 56 530 55
f 57 529 56
f 58 528 529
f 58 529 57
f 59 528 58
f 60 528 59
f 61 525 526
f 61 526 527
f 61 527 528
f 61 528 60
f 61 105 524
f 524 105 523
f 523 105 522
f 522 105 521
f 521 105 520
f 61 524 525
f 987 659 988
f 987 658 659
f 989 988 659
f 986 658 987
f 990 989 659
f 990 659 660
f 985 658 986
f 991 990 660
f 984 658 985
f 983 658 984
f 983 657 658
f 992 991 660
f 982 657 983
f 993 992 660
f 993 660 661
f 981 657 982
f 994 993 661
f 980 657 981
f 979 657 980
f 995 994 661
f 978 657 979
f 978 656 657
f 977 656 978
f 996 661 662
f 996 995 661
f 976 656 977
f 997 996 662
f 975 656 976
f 974 656 975
f 974 655 656
f 998 997 662
f 973 655 974
f 972 655 973
f 999 662 663
f 999 998 662
f 971 655 972
f 971 654 655
f 970 654 971
f 1000 999 663
f 969 654 970
f 1001 663 664
f 1001 1000 663
f 968 653 654
f 968 654 969
f 967 653 968
f 1002 1001 664
f 966 653 967
f 1003 1002 664
f 965 653 966
f 964 653 965
f 964 652 653
f 1004 664 665
f 1004 1003 664
f 963 652 964
f 962 652 963
f 962 651 652
f 1005 1004 665
f 961 651 962
f 960 651 961
f 1006 665 666
f 1006 1005 665
f 959 651 960
f 959 650 651
f 958 650 959
f 1007 1006 666
f 957 650 958
f 957 649 650
f 956 649 957
f 1008 666 667
f 1008 1007 666
f 955 649 956
f 955 648 649
f 954 648 955
f 954 647 648
f 1009 667 668
f 1009 1008 667
f 1010 1009 668
f 1011 668 669
f 1011 1010 668
f 1012 1011 669
f 1013 669 670
f 1013 1012 669
f 1014 1013 670
f 1014 670 671
f 1015 1014 671
f 1016 671 672
f 1016 1015 671
f 1017 1016 672
f 1018 672 673
f 1018 1017 672
f 739 942 740
f 1019 673 674
f 1019 1018 673
f 738 942 739
f 738 943 942
f 737 943 738
f 737 944 943
f 736 944 737
f 736 945 944
f 735 945 736
f 735 946 945
f 735 947 946
f 734 947 735
f 734 948 947
f 733 948 734
f 733 949 948
f 733 950 949
f 1020 1019 674
f 732 951 950
f 732 950 733
f 731 951 732
f 731 952 951
f 1021 674 675
f 1021 1020 674
f 730 952 731
f 730 647 954
f 730 953 952
f 730 954 953
f 729 647 730
f 1022 1021 675
f 728 647 729
f 728 646 647
f 727 646 728
f 727 645 646
f 1023 675 676
f 1023 1022 675
f 726 645 727
f 726 644 645
f 725 644 726
f 1024 1023 676
f 724 644 725
f 724 643 644
f 723 643 724
f 723 642 643
f 1025 676 677
f 1025 1024 676
f 722 642 723
f 721 641 642
f 721 642 722
f 1026 677 678
f 1026 1025 677
f 720 640 641
f 720 641 721
f 1027 1026 678
f 719 640 720
f 718 639 640
f 718 640 719
f 1028 678 679
f 1028 1027 678
f 717 639 718
f 717 638 639
f 1029 1028 679
f 716 638 717
f 1030 1029 679
f 741 716 715
f 741 638 716
f 742 637 638
f 742 638 741
f 743 637 742
f 743 636 637
f 744 636 743
f 744 635 636
f 745 635 744
f 746 635 745
f 746 634 635
f 747 634 746
f 748 634 747
f 748 633 634
f 749 633 748
f 749 632 633
f 904 1033 1032
f 904 1034 1033
f 904 1035 1034
f 904 1036 1035
f 904 1037 1036
f 904 1038 1037
f 904 903 1038
f 750 632 749
f 751 632 750
f 751 631 632
f 752 631 751
f 752 630 631
f 905 904 1032
f 905 1030 679
f 905 1031 1030
f 905 1032 1031
f 753 629 630
f 753 630 752
f 906 905 679
f 906 679 680
f 906 680 681
f 754 629 753
f 755 629 754
f 755 628 629
f 907 681 682
f 907 906 681
f 908 682 683
f 908 907 682
f 909 683 684
f 909 908 683
f 910 909 684
f 910 684 685
f 911 685 686
f 911 910 685
f 772 773 758
f 772 758 759
f 774 758 773
f 774 757 758
f 771 772 759
f 771 759 760
f 775 757 774
f 775 756 757
f 770 771 760
f 776 756 775
f 776 755 756
f 777 755 776
f 769 770 760
f 769 760 761
f 778 628 755
f 778 755 777
f 768 769 761
f 768 761 762
f 912 911 686
f 912 686 687
f 779 628 778
f 779 627 628
f 780 627 779
f 767 762 763
f 767 768 762
f 781 627 780
f 781 626 627
f 782 626 781
f 766 763 764
f 766 767 763
f 783 626 782
f 783 625 626
f 784 625 783
f 765 766 764
f 785 625 784
f 786 624 625
f 786 625 785
f 787 624 786
f 913 912 687
f 913 687 688
f 788 623 624
f 788 624 787
f 789 623 788
f 790 623 789
f 791 622 623
f 791 623 790
f 792 622 791
f 793 622 792
f 914 688 689
f 914 913 688
f 794 622 793
f 795 621 622
f 795 622 794
f 796 621 795
f 797 621 796
f 798 620 621
f 798 621 797
f 915 689 690
f 915 914 689
f 799 620 798
f 800 620 799
f 801 620 800
f 802 620 801
f 802 619 620
f 803 619 802
f 916 915 690
f 916 690 691
f 804 619 803
f 805 619 804
f 806 619 805
f 618 806 807
f 618 619 806
f 808 618 807
f 917 916 691
f 809 618 808
f 810 618 809
f 918 691 692
f 918 917 691
f 617 618 810
f 617 810 811
f 617 811 812
f 617 812 813
f 617 813 814
f 919 692 693
f 919 918 692
f 920 919 693
f 920 693 694
f 616 814 815
f 616 815 816
f 616 617 814
f 616 816 817
f 921 694 695
f 921 920 694
f 922 695 696
f 922 921 695
f 615 817 818
f 615 818 819
f 615 819 820
f 615 616 817
f 923 922 696
f 697 923 696
f 924 923 697
f 614 820 821
f 614 821 822
f 614 822 823
f 614 615 820
f 698 925 924
f 698 924 697
f 613 823 824
f 613 824 825
f 613 614 823
f 699 925 698
f 699 926 925
f 612 825 826
f 612 826 827
f 612 827 828
f 612 613 825
f 700 926 699
f 611 612 828
f 611 828 829
f 611 829 830
f 701 926 700
f 701 927 926
f 610 611 830
f 610 830 831
f 702 927 701
f 702 928 927
f 609 610 831
f 609 831 832
f 609 832 833
f 703 928 702
f 703 929 928
f 703 930 929
f 864 856 857
f 864 857 858
f 864 858 859
f 864 859 860
f 864 860 861
f 864 861 862
f 864 862 863
f 608 609 833
f 608 833 834
f 608 834 835
f 704 930 703
f 704 931 930
f 865 856 864
f 865 854 855
f 865 855 856
f 607 608 835
f 607 835 836
f 607 836 837
f 901 902 941
f 705 931 704
f 705 932 931
f 606 607 837
f 606 837 838
f 706 933 932
f 706 932 705
f 605 606 838
f 605 838 839
f 605 839 840
f 707 933 706
f 707 934 933
f 604 605 840
f 604 840 841
f 604 841 842
f 708 934 707
f 708 935 934
f 603 842 843
f 603 604 842
f 709 935 708
f 709 936 935
f 602 603 843
f 602 843 844
f 602 844 845
f 710 936 709
f 710 937 936
f 601 602 845
f 601 845 846
f 601 846 847
f 711 937 710
f 711 938 937
f 600 601 847
f 600 847 848
f 712 938 711
f 712 939 938
f 599 600 848
f 599 848 849
f 599 849 850
f 713 939 712
f 598 599 850
f 598 850 851
f 598 851 852
f 714 939 713
f 714 940 939
f 597 865 866
f 597 854 865
f 597 598 852
f 597 852 853
f 597 853 854
f 561 900 901
f 561 901 941
f 561 940 714
f 561 941 940
f 596 597 866
f 562 899 900
f 562 900 561
f 595 866 867
f 595 596 866
f 563 898 899
f 563 899 562
f 594 867 868
f 594 595 867
f 564 898 563
f 593 868 869
f 593 594 868
f 565 897 898
f 565 898 564
f 592 869 870
f 592 593 869
f 566 896 897
f 566 897 565
f 591 870 871
f 591 592 870
f 567 896 566
f 567 895 896
f 590 871 872
f 590 591 871
f 568 895 567
f 568 894 895
f 589 872 873
f 589 590 872
f 569 893 894
f 569 894 568
f 588 873 874
f 588 589 873
f 570 893 569
f 570 892 893
f 587 874 875
f 587 588 874
f 571 891 892
f 571 892 570
f 586 875 876
f 586 587 875
f 572 889 890
f 572 890 891
f 572 891 571
f 585 876 877
f 585 586 876
f 573 888 889
f 573 889 572
f 584 877 878
f 584 585 877
f 574 887 888
f 574 888 573
f 583 878 879
f 583 879 880
f 583 584 878
f 575 886 887
f 575 887 574
f 582 880 881
f 582 583 880
f 576 886 575
f 576 885 886
f 581 582 881
f 581 881 882
f 577 885 576
f 580 882 883
f 580 581 882
f 578 885 577
f 578 884 885
f 579 883 884
f 579 580 883
f 579 884 578
f 1101 1039 1040
f 1135 1061 1062
f 1132 1064 1065
f 1133 1064 1132
f 1131 1132 1065
f 1134 1064 1133
f 1130 1131 1065
f 1130 1065 1066
f 1063 1064 1134
f 1174 1104 1173
f 1103 1104 1174
f 1102 1103 1174
f 1175 1075 1076
f 1175 1076 1077
f 1176 1040 1041
f 1176 1101 1040
f 1176 1098 1099
f 1176 1099 1100
f 1176 1100 1101
f 1177 1041 1042
f 1177 1176 1041
f 1178 1098 1176
f 1178 1176 1177
f 1179 1042 1043
f 1179 1178 1177
f 1179 1177 1042
f 1180 1098 1178
f 1180 1097 1098
f 1180 1178 1179
f 1181 1180 1179
f 1182 1180 1181
f 1183 1182 1181
f 1184 1182 1183
f 1185 1184 1183
f 1186 1184 1185
f 1187 1058 1059
f 1187 1059 1060
f 1188 1057 1058
f 1188 1058 1187
f 1189 1061 1135
f 1189 1060 1061
f 1189 1187 1060
f 1189 1135 1136
f 1190 1057 1188
f 1191 1188 1187
f 1191 1187 1189
f 1191 1189 1136
f 1191 1136 1137
f 1192 1191 1137
f 1192 1190 1188
f 1192 1188 1191
f 1193 1194 1190
f 1193 1190 1192
f 1195 1197 1196
f 1198 1196 1194
f 1198 1194 1193
f 1199 1200 1197
f 1199 1197 1195
f 1201 1195 1196
f 1201 1199 1195
f 1201 1196 1198
f 1202 1200 1199
f 1202 1203 1200
f 1204 1203 1202
f 1204 1205 1203
f 1206 1079 1080
f 1206 1080 1081
f 1207 1079 1206
f 1208 1206 1209
f 1210 1079 1207
f 1210 1078 1079
f 1211 1207 1206
f 1211 1210 1207
f 1211 1206 1208
f 1212 1209 1213
f 1212 1208 1209
f 1212 1211 1208
f 1214 1175 1077
f 1214 1215 1175
f 1214 1211 1215
f 1214 1078 1210
f 1214 1077 1078
f 1214 1210 1211
f 1216 1175 1215
f 1216 1075 1175
f 1216 1074 1075
f 1217 1073 1074
f 1217 1074 1216
f 1217 1216 1215
f 1218 1070 1071
f 1218 1071 1072
f 1218 1072 1073
f 1218 1217 1215
f 1218 1073 1217
f 1219 1221 1220
f 1219 1220 1222
f 1223 1218 1215
f 1223 1122 1123
f 1224 1215 1225
f 1224 1223 1215
f 1226 1221 1219
f 1227 1068 1069
f 1227 1069 1070
f 1228 1070 1218
f 1228 1227 1070
f 1228 1223 1123
f 1228 1123 1124
f 1228 1124 1125
f 1228 1218 1223
f 1229 1221 1226
f 1230 1068 1227
f 1231 1227 1228
f 1231 1230 1227
f 1231 1228 1125
f 1231 1125 1126
f 1232 1221 1229
f 1233 1066 1067
f 1233 1067 1068
f 1233 1130 1066
f 1233 1068 1230
f 1233 1128 1129
f 1233 1129 1130
f 1234 1122 1223
f 1234 1223 1224
f 1234 1120 1121
f 1234 1121 1122
f 1234 1224 1225
f 1235 1233 1230
f 1235 1230 1231
f 1235 1126 1127
f 1235 1127 1128
f 1235 1231 1126
f 1235 1128 1233
f 1236 1234 1225
f 1236 1120 1234
f 1237 1120 1236
f 1237 1236 1225
f 1238 1237 1225
f 1238 1225 1239
f 1238 1120 1237
f 1238 1119 1120
f 1240 1241 1232
f 1240 1229 1226
f 1240 1232 1229
f 1242 1241 1240
f 1243 1238 1239
f 1243 1119 1238
f 1243 1118 1119
f 1244 1241 1242
f 1245 1243 1239
f 1245 1118 1243
f 1245 1117 1118
f 1246 1117 1245
f 1246 1245 1239
f 1247 1241 1244
f 1248 1246 1239
f 1248 1117 1246
f 1248 1116 1117
f 1248 1239 1249
f 1250 1247 1244
f 1250 1242 1240
f 1250 1162 1163
f 1250 1163 1164
f 1250 1244 1242
f 1251 1116 1248
f 1251 1248 1249
f 1251 1115 1116
f 1252 1115 1251
f 1252 1251 1249
f 1253 1247 1250
f 1253 1250 1164
f 1254 1252 1249
f 1254 1114 1115
f 1254 1115 1252
f 1255 1164 1165
f 1255 1256 1247
f 1255 1253 1164
f 1255 1247 1253
f 1257 1255 1165
f 1257 1256 1255
f 1258 1114 1254
f 1258 1254 1249
f 1258 1113 1114
f 1258 1249 1259
f 1260 1258 1259
f 1260 1113 1258
f 1260 1112 1113
f 1261 1165 1166
f 1261 1257 1165
f 1261 1256 1257
f 1262 1260 1259
f 1262 1112 1260
f 1263 1261 1166
f 1263 1256 1261
f 1264 1262 1259
f 1264 1112 1262
f 1264 1111 1112
f 1265 1166 1167
f 1265 1263 1166
f 1265 1256 1263
f 1266 1265 1167
f 1266 1256 1265
f 1267 1259 1256
f 1267 1264 1259
f 1267 1110 1111
f 1267 1111 1264
f 1268 1267 1256
f 1268 1109 1110
f 1268 1110 1267
f 1269 1167 1168
f 1269 1266 1167
f 1269 1256 1266
f 1270 1268 1256
f 1270 1109 1268
f 1271 1168 1169
f 1271 1169 1170
f 1271 1269 1168
f 1271 1256 1269
f 1272 1108 1109
f 1272 1270 1256
f 1272 1109 1270
f 1272 1256 1271
f 1273 1170 1171
f 1273 1171 1172
f 1273 1271 1170
f 1273 1272 1271
f 1273 1108 1272
f 1274 1108 1273
f 1274 1172 1173
f 1274 1104 1105
f 1274 1105 1106
f 1274 1106 1107
f 1274 1107 1108
f 1274 1273 1172
f 1274 1173 1104
f 1275 1043 1044
f 1275 1044 1045
f 1275 1185 1183
f 1275 1179 1043
f 1275 1183 1181
f 1275 1181 1179
f 1276 1045 1046
f 1276 1046 1047
f 1276 1275 1045
f 1277 1275 1276
f 1278 1182 1184
f 1278 1184 1186
f 1278 1097 1180
f 1278 1095 1096
f 1278 1096 1097
f 1278 1180 1182
f 1279 1093 1094
f 1279 1094 1095
f 1279 1095 1278
f 1280 1050 1051
f 1281 1051 1052
f 1281 1280 1051
f 1282 1052 1053
f 1282 1281 1052
f 1283 1282 1053
f 1284 1283 1053
f 1285 1283 1284
f 1286 1053 1054
f 1286 1284 1053
f 1287 1285 1284
f 1287 1284 1286
f 1288 1190 1194
f 1288 1054 1055
f 1288 1055 1056
f 1288 1056 1057
f 1288 1286 1054
f 1288 1194 1196
f 1288 1057 1190
f 1288 1196 1197
f 1289 1287 1286
f 1289 1197 1200
f 1289 1200 1287
f 1289 1286 1288
f 1289 1288 1197
f 1290 1201 1198
f 1290 1192 1137
f 1290 1193 1192
f 1290 1198 1193
f 1290 1137 1138
f 1290 1138 1139
f 1291 1290 1139
f 1291 1201 1290
f 1292 1201 1291
f 1293 1139 1140
f 1293 1140 1141
f 1293 1292 1291
f 1293 1291 1139
f 1294 1201 1292
f 1295 1201 1294
f 1295 1199 1201
f 1295 1202 1199
f 1296 1295 1294
f 1296 1293 1141
f 1296 1292 1293
f 1296 1294 1292
f 1297 1296 1141
f 1298 1141 1142
f 1298 1297 1141
f 1299 1083 1084
f 1299 1084 1085
f 1300 1301 1298
f 1300 1298 1142
f 1302 1206 1081
f 1302 1209 1206
f 1302 1081 1082
f 1302 1082 1083
f 1302 1083 1299
f 1302 1299 1303
f 1304 1213 1209
f 1304 1302 1303
f 1304 1209 1302
f 1305 1215 1211
f 1305 1211 1212
f 1306 1225 1215
f 1306 1215 1305
f 1306 1239 1225
f 1307 1154 1155
f 1307 1155 1156
f 1308 1307 1156
f 1309 1156 1157
f 1309 1308 1156
f 1310 1219 1222
f 1311 1157 1158
f 1311 1309 1157
f 1311 1312 1309
f 1311 1310 1312
f 1313 1315 1314
f 1313 1316 1315
f 1313 1249 1316
f 1313 1259 1249
f 1317 1158 1159
f 1317 1311 1158
f 1317 1310 1311
f 1318 1219 1310
f 1318 1317 1159
f 1318 1310 1317
f 1319 1232 1241
f 1319 1241 1247
f 1319 1247 1256
f 1319 1313 1221
f 1319 1259 1313
f 1319 1256 1259
f 1319 1221 1232
f 1320 1159 1160
f 1320 1219 1318
f 1320 1318 1159
f 1321 1250 1240
f 1321 1240 1226
f 1321 1160 1161
f 1321 1161 1162
f 1321 1162 1250
f 1321 1320 1160
f 1321 1226 1219
f 1321 1219 1320
f 1322 1047 1048
f 1322 1048 1049
f 1322 1049 1050
f 1322 1280 1323
f 1322 1277 1276
f 1322 1050 1280
f 1322 1276 1047
f 1324 1275 1277
f 1324 1185 1275
f 1324 1323 1325
f 1324 1186 1185
f 1324 1322 1323
f 1324 1277 1322
f 1326 1324 1325
f 1326 1278 1186
f 1326 1325 1327
f 1326 1186 1324
f 1326 1279 1278
f 1328 1093 1279
f 1328 1092 1093
f 1328 1279 1326
f 1328 1326 1327
f 1328 1327 1329
f 1330 1092 1328
f 1330 1328 1329
f 1331 1092 1330
f 1331 1330 1329
f 1331 1329 1332
f 1333 1092 1331
f 1333 1091 1092
f 1333 1332 1334
f 1333 1331 1332
f 1335 1282 1283
f 1335 1283 1285
f 1335 1285 1287
f 1335 1281 1282
f 1335 1287 1200
f 1335 1280 1281
f 1335 1203 1205
f 1335 1200 1203
f 1336 1334 1337
f 1336 1091 1333
f 1336 1333 1334
f 1338 1336 1337
f 1338 1091 1336
f 1339 1338 1337
f 1339 1091 1338
f 1339 1337 1340
f 1341 1335 1205
f 1341 1280 1335
f 1341 1323 1280
f 1341 1205 1342
f 1343 1091 1339
f 1343 1339 1340
f 1343 1090 1091
f 1343 1340 1344
f 1345 1343 1344
f 1345 1344 1346
f 1345 1090 1343
f 1347 1090 1345
f 1347 1345 1346
f 1348 1090 1347
f 1348 1346 1349
f 1348 1347 1346
f 1350 1090 1348
f 1350 1348 1349
f 1350 1089 1090
f 1350 1349 1351
f 1352 1323 1341
f 1352 1341 1342
f 1352 1325 1323
f 1352 1342 1353
f 1354 1089 1350
f 1354 1350 1351
f 1354 1351 1355
f 1356 1089 1354
f 1356 1354 1355
f 1357 1089 1356
f 1357 1356 1355
f 1357 1355 1358
f 1359 1089 1357
f 1359 1357 1358
f 1359 1088 1089
f 1359 1358 1360
f 1361 1360 1362
f 1361 1359 1360
f 1361 1088 1359
f 1363 1325 1352
f 1363 1352 1353
f 1363 1327 1325
f 1364 1361 1362
f 1364 1088 1361
f 1365 1362 1366
f 1365 1364 1362
f 1365 1088 1364
f 1367 1363 1353
f 1367 1327 1363
f 1367 1353 1368
f 1367 1329 1327
f 1369 1367 1368
f 1369 1329 1367
f 1370 1332 1329
f 1370 1329 1369
f 1370 1369 1368
f 1371 1366 1372
f 1371 1365 1366
f 1371 1087 1088
f 1371 1088 1365
f 1373 1368 1374
f 1373 1332 1370
f 1373 1334 1332
f 1373 1370 1368
f 1375 1372 1376
f 1375 1371 1372
f 1375 1087 1371
f 1377 1373 1374
f 1377 1334 1373
f 1378 1375 1376
f 1378 1087 1375
f 1379 1376 1380
f 1379 1378 1376
f 1379 1087 1378
f 1381 1334 1377
f 1381 1337 1334
f 1381 1377 1374
f 1381 1374 1382
f 1383 1337 1381
f 1383 1381 1382
f 1384 1380 1385
f 1384 1379 1380
f 1384 1086 1087
f 1384 1087 1379
f 1386 1337 1383
f 1386 1340 1337
f 1386 1383 1382
f 1387 1382 1388
f 1387 1344 1340
f 1387 1386 1382
f 1387 1340 1386
f 1389 1344 1387
f 1389 1387 1388
f 1390 1385 1391
f 1390 1384 1385
f 1390 1086 1384
f 1392 1086 1390
f 1392 1085 1086
f 1392 1299 1085
f 1392 1390 1391
f 1393 1295 1296
f 1393 1298 1301
f 1393 1205 1204
f 1393 1296 1297
f 1393 1297 1298
f 1393 1204 1202
f 1393 1202 1295
f 1394 1388 1395
f 1394 1346 1344
f 1394 1344 1389
f 1394 1389 1388
f 1396 1346 1394
f 1396 1394 1395
f 1397 1396 1395
f 1397 1346 1396
f 1397 1349 1346
f 1398 1349 1397
f 1398 1351 1349
f 1398 1395 1399
f 1398 1397 1395
f 1400 1205 1393
f 1400 1393 1301
f 1400 1301 1401
f 1400 1342 1205
f 1402 1398 1399
f 1402 1351 1398
f 1403 1351 1402
f 1403 1399 1404
f 1403 1402 1399
f 1403 1355 1351
f 1405 1403 1404
f 1405 1355 1403
f 1406 1342 1400
f 1406 1400 1401
f 1407 1405 1404
f 1407 1355 1405
f 1407 1358 1355
f 1408 1407 1404
f 1408 1358 1407
f 1408 1404 1409
f 1408 1360 1358
f 1410 1360 1408
f 1410 1408 1409
f 1411 1406 1401
f 1411 1342 1406
f 1411 1353 1342
f 1412 1362 1360
f 1412 1360 1410
f 1412 1410 1409
f 1412 1409 1413
f 1414 1411 1401
f 1414 1353 1411
f 1414 1368 1353
f 1414 1401 1415
f 1416 1362 1412
f 1416 1412 1413
f 1417 1366 1362
f 1417 1362 1416
f 1417 1416 1413
f 1418 1414 1415
f 1418 1415 1419
f 1418 1368 1414
f 1420 1368 1418
f 1420 1418 1419
f 1421 1372 1366
f 1421 1413 1422
f 1421 1417 1413
f 1421 1366 1417
f 1423 1374 1368
f 1423 1419 1424
f 1423 1420 1419
f 1423 1368 1420
f 1425 1421 1422
f 1425 1372 1421
f 1426 1374 1423
f 1426 1423 1424
f 1427 1376 1372
f 1427 1422 1428
f 1427 1425 1422
f 1427 1372 1425
f 1429 1426 1424
f 1429 1374 1426
f 1429 1424 1430
f 1429 1382 1374
f 1431 1427 1428
f 1431 1376 1427
f 1432 1380 1376
f 1432 1376 1431
f 1432 1431 1428
f 1433 1429 1430
f 1433 1382 1429
f 1433 1430 1434
f 1435 1380 1432
f 1435 1428 1436
f 1435 1432 1428
f 1437 1382 1433
f 1437 1433 1434
f 1438 1388 1382
f 1438 1382 1437
f 1438 1434 1439
f 1438 1437 1434
f 1440 1436 1441
f 1440 1385 1380
f 1440 1435 1436
f 1440 1380 1435
f 1442 1388 1438
f 1442 1438 1439
f 1443 1391 1385
f 1443 1385 1440
f 1443 1440 1441
f 1444 1442 1439
f 1444 1395 1388
f 1444 1439 1445
f 1444 1388 1442
f 1446 1391 1443
f 1446 1443 1441
f 1446 1447 1391
f 1448 1395 1444
f 1448 1444 1445
f 1448 1445 1449
f 1450 1448 1449
f 1450 1395 1448
f 1451 1450 1449
f 1451 1395 1450
f 1451 1449 1452
f 1451 1399 1395
f 1453 1299 1392
f 1453 1392 1391
f 1453 1391 1447
f 1453 1303 1299
f 1453 1213 1304
f 1453 1304 1303
f 1454 1399 1451
f 1454 1451 1452
f 1455 1399 1454
f 1455 1454 1452
f 1455 1404 1399
f 1455 1452 1456
f 1457 1142 1143
f 1457 1143 1144
f 1457 1144 1145
f 1457 1300 1142
f 1457 1301 1300
f 1458 1404 1455
f 1458 1455 1456
f 1458 1456 1459
f 1460 1458 1459
f 1460 1404 1458
f 1461 1459 1462
f 1461 1460 1459
f 1461 1404 1460
f 1461 1409 1404
f 1463 1461 1462
f 1463 1409 1461
f 1464 1301 1457
f 1464 1401 1301
f 1464 1457 1145
f 1465 1462 1466
f 1465 1463 1462
f 1465 1409 1463
f 1465 1413 1409
f 1467 1145 1146
f 1467 1464 1145
f 1467 1401 1464
f 1467 1415 1401
f 1468 1466 1469
f 1468 1413 1465
f 1468 1465 1466
f 1470 1468 1469
f 1470 1413 1468
f 1471 1422 1413
f 1471 1413 1470
f 1471 1470 1469
f 1471 1469 1472
f 1473 1415 1467
f 1473 1467 1146
f 1473 1419 1415
f 1474 1473 1146
f 1474 1419 1473
f 1475 1471 1472
f 1475 1422 1471
f 1476 1424 1419
f 1476 1419 1474
f 1476 1474 1146
f 1477 1428 1422
f 1477 1472 1478
f 1477 1422 1475
f 1477 1475 1472
f 1479 1146 1147
f 1479 1424 1476
f 1479 1430 1424
f 1479 1476 1146
f 1480 1478 1481
f 1480 1428 1477
f 1480 1477 1478
f 1482 1480 1481
f 1482 1428 1480
f 1483 1481 1484
f 1483 1482 1481
f 1483 1436 1428
f 1483 1428 1482
f 1485 1479 1147
f 1485 1434 1430
f 1485 1430 1479
f 1486 1483 1484
f 1486 1436 1483
f 1487 1434 1485
f 1487 1485 1147
f 1488 1434 1487
f 1488 1487 1147
f 1488 1439 1434
f 1489 1484 1490
f 1489 1486 1484
f 1489 1436 1486
f 1491 1147 1148
f 1491 1439 1488
f 1491 1488 1147
f 1491 1445 1439
f 1492 1436 1489
f 1492 1441 1436
f 1492 1490 1493
f 1492 1489 1490
f 1494 1441 1492
f 1494 1492 1493
f 1494 1495 1441
f 1496 1491 1148
f 1496 1445 1491
f 1496 1449 1445
f 1497 1496 1148
f 1497 1449 1496
f 1498 1449 1497
f 1498 1452 1449
f 1498 1497 1148
f 1499 1446 1441
f 1499 1447 1446
f 1499 1441 1495
f 1499 1500 1447
f 1501 1498 1148
f 1501 1148 1149
f 1501 1452 1498
f 1501 1456 1452
f 1502 1501 1149
f 1502 1456 1501
f 1502 1459 1456
f 1503 1212 1213
f 1503 1305 1212
f 1503 1453 1447
f 1503 1213 1453
f 1503 1447 1500
f 1504 1459 1502
f 1504 1502 1149
f 1505 1459 1504
f 1505 1462 1459
f 1505 1504 1149
f 1506 1466 1462
f 1506 1149 1150
f 1506 1505 1149
f 1506 1462 1505
f 1507 1469 1466
f 1507 1506 1150
f 1507 1466 1506
f 1508 1507 1150
f 1508 1469 1507
f 1509 1508 1150
f 1509 1469 1508
f 1509 1472 1469
f 1510 1150 1151
f 1510 1478 1472
f 1510 1472 1509
f 1510 1509 1150
f 1511 1481 1478
f 1511 1478 1510
f 1511 1510 1151
f 1512 1511 1151
f 1512 1481 1511
f 1513 1484 1481
f 1513 1481 1512
f 1513 1512 1151
f 1514 1151 1152
f 1514 1490 1484
f 1514 1484 1513
f 1514 1513 1151
f 1515 1490 1514
f 1515 1493 1490
f 1515 1514 1152
f 1516 1152 1153
f 1516 1153 1154
f 1516 1154 1307
f 1516 1307 1493
f 1516 1515 1152
f 1516 1493 1515
f 1517 1494 1493
f 1517 1495 1494
f 1517 1308 1309
f 1517 1309 1312
f 1517 1222 1495
f 1517 1312 1310
f 1517 1493 1307
f 1517 1310 1222
f 1517 1307 1308
f 1518 1220 1221
f 1518 1313 1314
f 1518 1499 1495
f 1518 1500 1499
f 1518 1221 1313
f 1518 1495 1222
f 1518 1314 1500
f 1518 1222 1220
f 1519 1306 1305
f 1519 1239 1306
f 1519 1503 1500
f 1519 1314 1315
f 1519 1315 1316
f 1519 1316 1249
f 1519 1500 1314
f 1519 1249 1239
f 1519 1305 1503
f 1613 1711 1712
f 1613 1712 1614
f 1710 1711 1613
f 1709 1710 1613
f 1612 1709 1613
f 1708 1709 1612
f 1707 1708 1612
f 1706 1707 1612
f 1706 1612 1611
f 1705 1706 1611
f 1704 1705 1611
f 1713 1615 1616
f 1713 1616 1617
f 1714 1713 1617
f 1748 1693 1694
f 1748 1694 1695
f 1748 1695 1696
f 1748 1696 1697
f 1748 1697 1698
f 1748 1698 1699
f 1748 1699 1700
f 1749 1693 1748
f 1749 1687 1688
f 1749 1688 1689
f 1749 1689 1690
f 1749 1690 1691
f 1749 1691 1692
f 1749 1692 1693
f 1750 1749 1748
f 1750 1748 1751
f 1752 1687 1749
f 1752 1682 1683
f 1752 1683 1684
f 1752 1684 1685
f 1752 1685 1686
f 1752 1686 1687
f 1752 1749 1750
f 1753 1752 1750
f 1754 1682 1752
f 1754 1675 1676
f 1754 1676 1677
f 1754 1677 1678
f 1754 1678 1679
f 1754 1679 1680
f 1754 1680 1681
f 1754 1681 1682
f 1755 1753 1750
f 1755 1750 1756
f 1757 1752 1753
f 1757 1754 1752
f 1758 1668 1669
f 1758 1669 1670
f 1758 1670 1671
f 1758 1671 1672
f 1758 1672 1673
f 1758 1673 1674
f 1758 1674 1675
f 1758 1675 1754
f 1759 1756 1760
f 1759 1755 1756
f 1761 1753 1755
f 1761 1757 1753
f 1762 1757 1761
f 1762 1754 1757
f 1762 1758 1754
f 1763 1661 1662
f 1763 1662 1663
f 1763 1663 1664
f 1763 1664 1665
f 1763 1665 1666
f 1763 1666 1667
f 1763 1667 1668
f 1763 1668 1758
f 1764 1759 1760
f 1764 1760 1765
f 1766 1755 1759
f 1766 1761 1755
f 1767 1656 1657
f 1767 1657 1658
f 1767 1658 1659
f 1767 1659 1660
f 1767 1660 1661
f 1767 1661 1763
f 1768 1762 1761
f 1769 1758 1762
f 1769 1763 1758
f 1770 1764 1765
f 1770 1765 1771
f 1772 1656 1767
f 1772 1650 1651
f 1772 1651 1652
f 1772 1652 1653
f 1772 1653 1654
f 1772 1654 1655
f 1772 1655 1656
f 1773 1766 1759
f 1773 1764 1770
f 1773 1759 1764
f 1774 1767 1763
f 1774 1763 1769
f 1775 1761 1766
f 1775 1766 1773
f 1775 1768 1761
f 1776 1649 1650
f 1776 1650 1772
f 1777 1762 1768
f 1777 1769 1762
f 1778 1780 1779
f 1778 1770 1771
f 1778 1771 1780
f 1781 1776 1772
f 1781 1767 1774
f 1781 1772 1767
f 1782 1773 1770
f 1783 1774 1769
f 1783 1769 1777
f 1784 1775 1773
f 1785 1776 1781
f 1786 1768 1775
f 1786 1777 1768
f 1787 1778 1779
f 1788 1774 1783
f 1788 1781 1774
f 1789 1770 1778
f 1789 1782 1770
f 1790 1791 1776
f 1790 1776 1785
f 1792 1783 1777
f 1792 1777 1786
f 1793 1784 1773
f 1793 1773 1782
f 1793 1782 1789
f 1794 1791 1790
f 1794 1796 1795
f 1794 1795 1791
f 1797 1785 1781
f 1797 1781 1788
f 1798 1792 1786
f 1798 1775 1784
f 1798 1786 1775
f 1799 1779 1800
f 1799 1787 1779
f 1801 1796 1794
f 1802 1783 1792
f 1802 1788 1783
f 1802 1797 1788
f 1803 1789 1778
f 1803 1778 1787
f 1804 1805 1796
f 1804 1796 1801
f 1806 1785 1797
f 1806 1790 1785
f 1807 1792 1798
f 1808 1793 1789
f 1809 1805 1804
f 1809 1810 1805
f 1811 1801 1794
f 1811 1790 1806
f 1811 1794 1790
f 1812 1797 1802
f 1813 1799 1800
f 1813 1800 1814
f 1815 1801 1811
f 1816 1802 1792
f 1816 1792 1807
f 1817 1803 1787
f 1817 1787 1799
f 1818 1804 1801
f 1818 1801 1815
f 1819 1806 1797
f 1819 1797 1812
f 1820 1798 1821
f 1820 1807 1798
f 1822 1808 1789
f 1822 1789 1803
f 1823 1825 1824
f 1823 1826 1825
f 1827 1804 1818
f 1827 1809 1804
f 1828 1811 1806
f 1828 1806 1819
f 1829 1812 1802
f 1829 1802 1816
f 1830 1820 1821
f 1830 1821 1793
f 1830 1793 1808
f 1831 1814 1826
f 1831 1813 1814
f 1832 1811 1828
f 1832 1815 1811
f 1833 1807 1820
f 1833 1816 1807
f 1834 1799 1813
f 1834 1817 1799
f 1835 1815 1832
f 1835 1818 1815
f 1836 1812 1829
f 1836 1819 1812
f 1837 1820 1830
f 1838 1817 1834
f 1838 1822 1803
f 1838 1803 1817
f 1839 1823 1824
f 1839 1824 1840
f 1841 1818 1835
f 1841 1827 1818
f 1842 1831 1826
f 1842 1823 1839
f 1842 1826 1823
f 1843 1820 1837
f 1843 1833 1820
f 1844 1834 1813
f 1844 1813 1831
f 1845 1836 1829
f 1845 1829 1846
f 1847 1837 1830
f 1847 1830 1848
f 1847 1843 1837
f 1849 1838 1834
f 1850 1840 1851
f 1850 1839 1840
f 1852 1842 1839
f 1853 1843 1847
f 1854 1831 1842
f 1854 1844 1831
f 1855 1847 1848
f 1855 1853 1847
f 1855 1848 1856
f 1857 1849 1834
f 1857 1834 1844
f 1858 1851 1859
f 1858 1850 1851
f 1860 1843 1853
f 1860 1861 1843
f 1862 1855 1856
f 1863 1852 1839
f 1863 1850 1858
f 1863 1839 1850
f 1864 1853 1855
f 1865 1854 1842
f 1865 1842 1852
f 1866 1855 1862
f 1867 1844 1854
f 1867 1857 1844
f 1868 1870 1869
f 1871 1853 1864
f 1871 1860 1853
f 1872 1857 1867
f 1873 1863 1858
f 1874 1864 1855
f 1874 1855 1866
f 1875 1852 1863
f 1875 1865 1852
f 1875 1863 1873
f 1876 1866 1862
f 1876 1862 1872
f 1877 1867 1854
f 1877 1854 1865
f 1878 1868 1869
f 1879 1864 1874
f 1879 1871 1864
f 1880 1872 1867
f 1881 1858 1868
f 1881 1873 1858
f 1882 1866 1876
f 1882 1874 1866
f 1883 1875 1873
f 1884 1876 1872
f 1884 1872 1880
f 1885 1865 1875
f 1885 1877 1865
f 1886 1884 1880
f 1887 1881 1868
f 1887 1868 1878
f 1888 1882 1876
f 1888 1876 1884
f 1889 1873 1881
f 1889 1883 1873
f 1889 1881 1887
f 1890 1884 1886
f 1891 1875 1883
f 1891 1885 1875
f 1892 1885 1891
f 1893 1894 1888
f 1893 1888 1884
f 1893 1884 1890
f 1895 1889 1887
f 1896 1893 1890
f 1896 1890 1886
f 1896 1886 1892
f 1897 1891 1883
f 1897 1883 1889
f 1898 1894 1893
f 1899 1896 1892
f 1899 1892 1891
f 1900 1893 1896
f 1901 1896 1899
f 1902 1889 1895
f 1902 1897 1889
f 1903 1904 1898
f 1905 1896 1901
f 1905 1900 1896
f 1906 1904 1903
f 1907 1899 1908
f 1907 1905 1901
f 1907 1901 1899
f 1909 1903 1900
f 1909 1900 1905
f 1910 1908 1897
f 1910 1897 1902
f 1911 1905 1907
f 1912 1907 1908
f 1912 1908 1910
f 1913 1915 1914
f 1916 1909 1905
f 1916 1905 1911
f 1917 1915 1913
f 1918 1907 1912
f 1918 1916 1911
f 1918 1911 1907
f 1919 1920 1915
f 1919 1915 1917
f 1921 1909 1916
f 1921 1913 1922
f 1921 1922 1909
f 1923 1920 1919
f 1923 1924 1920
f 1925 1913 1921
f 1926 1916 1918
f 1927 1919 1917
f 1927 1913 1925
f 1927 1917 1913
f 1928 1919 1927
f 1929 1916 1926
f 1929 1921 1916
f 1929 1925 1921
f 1930 1923 1919
f 1930 1919 1928
f 1931 1925 1929
f 1932 1927 1925
f 1932 1928 1927
f 1932 1925 1931
f 1933 1928 1932
f 1934 1930 1928
f 1934 1928 1933
f 1935 1748 1700
f 1935 1704 1611
f 1935 1700 1701
f 1935 1701 1702
f 1935 1702 1703
f 1935 1703 1704
f 1935 1610 1609
f 1935 1611 1610
f 1936 1748 1935
f 1936 1935 1609
f 1936 1609 1608
f 1936 1751 1748
f 1937 1751 1936
f 1937 1936 1608
f 1937 1608 1607
f 1938 1751 1937
f 1938 1937 1607
f 1939 1751 1938
f 1939 1938 1607
f 1939 1607 1606
f 1940 1941 1751
f 1940 1751 1939
f 1940 1939 1606
f 1940 1606 1605
f 1942 1941 1940
f 1942 1940 1605
f 1942 1605 1604
f 1943 1941 1942
f 1943 1942 1604
f 1944 1943 1604
f 1944 1941 1943
f 1944 1604 1603
f 1945 1941 1944
f 1945 1944 1603
f 1945 1603 1602
f 1945 1946 1941
f 1947 1602 1601
f 1947 1945 1602
f 1947 1946 1945
f 1948 1751 1941
f 1948 1750 1751
f 1948 1756 1750
f 1949 1947 1601
f 1949 1946 1947
f 1950 1601 1600
f 1950 1949 1601
f 1950 1951 1946
f 1950 1946 1949
f 1952 1600 1599
f 1952 1950 1600
f 1952 1951 1950
f 1953 1951 1952
f 1953 1952 1599
f 1954 1948 1941
f 1954 1760 1756
f 1954 1756 1948
f 1954 1941 1946
f 1955 1953 1599
f 1955 1599 1598
f 1955 1951 1953
f 1956 1951 1955
f 1956 1955 1598
f 1956 1957 1951
f 1956 1598 1597
f 1958 1957 1956
f 1958 1956 1597
f 1959 1760 1954
f 1959 1954 1946
f 1959 1765 1760
f 1959 1946 1951
f 1960 1957 1958
f 1960 1958 1597
f 1960 1597 1596
f 1961 1960 1596
f 1961 1957 1960
f 1961 1962 1957
f 1961 1596 1595
f 1963 1962 1961
f 1963 1961 1595
f 1963 1595 1594
f 1964 1951 1957
f 1964 1959 1951
f 1964 1765 1959
f 1964 1771 1765
f 1965 1962 1963
f 1965 1963 1594
f 1966 1965 1594
f 1966 1962 1965
f 1966 1594 1593
f 1966 1967 1962
f 1968 1967 1966
f 1968 1966 1593
f 1968 1593 1592
f 1969 1968 1592
f 1969 1967 1968
f 1970 1771 1964
f 1970 1957 1962
f 1970 1780 1771
f 1970 1964 1957
f 1971 1969 1592
f 1971 1967 1969
f 1971 1972 1967
f 1971 1592 1591
f 1973 1972 1971
f 1973 1971 1591
f 1973 1591 1590
f 1974 1973 1590
f 1974 1972 1973
f 1975 1779 1780
f 1975 1970 1962
f 1975 1780 1970
f 1975 1962 1967
f 1976 1972 1974
f 1976 1974 1590
f 1976 1590 1589
f 1977 1972 1976
f 1977 1978 1972
f 1977 1976 1589
f 1977 1589 1588
f 1979 1978 1977
f 1979 1977 1588
f 1980 1649 1776
f 1980 1776 1791
f 1980 1641 1642
f 1980 1642 1643
f 1980 1643 1644
f 1980 1644 1645
f 1980 1645 1646
f 1980 1646 1647
f 1980 1647 1648
f 1980 1648 1649
f 1980 1791 1795
f 1981 1641 1980
f 1981 1980 1795
f 1982 1640 1641
f 1982 1641 1981
f 1983 1800 1779
f 1983 1967 1972
f 1983 1975 1967
f 1983 1779 1975
f 1984 1637 1638
f 1984 1638 1639
f 1984 1639 1640
f 1984 1640 1982
f 1985 1978 1979
f 1985 1979 1588
f 1985 1588 1587
f 1986 1795 1796
f 1986 1981 1795
f 1986 1982 1981
f 1986 1984 1982
f 1987 1986 1796
f 1987 1984 1986
f 1988 1637 1984
f 1988 1984 1987
f 1989 1635 1636
f 1989 1636 1637
f 1989 1637 1988
f 1990 1987 1796
f 1990 1796 1805
f 1990 1988 1987
f 1990 1989 1988
f 1991 1989 1990
f 1992 1989 1991
f 1992 1633 1634
f 1992 1634 1635
f 1992 1635 1989
f 1993 1825 1978
f 1993 1978 1985
f 1993 1587 1586
f 1993 1985 1587
f 1994 1990 1805
f 1994 1805 1810
f 1994 1991 1990
f 1994 1992 1991
f 1995 1994 1810
f 1995 1992 1994
f 1996 1992 1995
f 1996 1995 1810
f 1996 1632 1633
f 1996 1633 1992
f 1997 1632 1996
f 1998 1993 1586
f 1998 1825 1993
f 1999 1631 1632
f 1999 1632 1997
f 2000 1631 1999
f 2001 1626 1627
f 2001 1627 1628
f 2001 1628 1629
f 2001 1629 1630
f 2001 1630 1631
f 2001 1631 2000
f 2002 1825 1998
f 2002 1998 1586
f 2002 1586 1585
f 2003 1814 1800
f 2003 1800 1983
f 2003 1972 1978
f 2003 1983 1972
f 2004 1825 2002
f 2004 2002 1585
f 2004 1824 1825
f 2005 1621 1622
f 2005 1620 1621
f 2006 1620 2005
f 2006 1619 1620
f 2007 1622 1623
f 2007 1623 1624
f 2007 1624 1625
f 2007 1625 1626
f 2007 2005 1622
f 2008 1619 2006
f 2009 2005 2007
f 2010 1619 2008
f 2010 1714 1617
f 2010 1715 1714
f 2010 1716 1715
f 2010 1617 1618
f 2010 1618 1619
f 2011 2005 2009
f 2012 2006 2005
f 2012 2005 2011
f 2012 1716 2010
f 2012 2010 2008
f 2012 2008 2006
f 2013 1626 2001
f 2013 2007 1626
f 2013 2011 2009
f 2013 2012 2011
f 2013 2009 2007
f 2014 1824 2004
f 2015 1824 2014
f 2016 1826 1814
f 2016 2003 1978
f 2016 1978 1825
f 2016 1814 2003
f 2016 1825 1826
f 2017 1824 2015
f 2018 1784 1793
f 2018 1793 1821
f 2018 1821 1798
f 2018 1798 1784
f 2019 1824 2017
f 2019 1840 1824
f 2020 1840 2019
f 2021 1840 2020
f 2022 1521 1522
f 2022 1851 1840
f 2022 2021 1521
f 2022 1840 2021
f 2023 1522 1523
f 2023 1851 2022
f 2023 2022 1522
f 2024 2023 1523
f 2024 1851 2023
f 2025 1523 1524
f 2025 1859 1851
f 2025 2024 1523
f 2025 1851 2024
f 2026 1808 1822
f 2026 1848 1830
f 2026 1830 1808
f 2027 1816 1833
f 2027 1833 1846
f 2027 1846 1829
f 2027 1829 1816
f 2028 1524 1525
f 2028 2025 1524
f 2028 1859 2025
f 2029 1859 2028
f 2029 2028 1525
f 2030 1525 1526
f 2030 1859 2029
f 2030 2029 1525
f 2031 2026 1822
f 2031 1848 2026
f 2031 1822 1838
f 2031 1856 1848
f 2032 1843 1861
f 2032 1846 1833
f 2032 1833 1843
f 2033 1526 1527
f 2033 2030 1526
f 2033 1859 2030
f 2033 1870 1859
f 2034 2033 1527
f 2034 1870 2033
f 2035 1527 1528
f 2035 1870 2034
f 2035 2034 1527
f 2036 1846 2032
f 2036 2032 1861
f 2037 1862 1856
f 2037 2031 1838
f 2037 1856 2031
f 2037 1838 1849
f 2038 1528 1529
f 2038 1869 1870
f 2038 2035 1528
f 2038 1870 2035
f 2039 1529 1530
f 2039 2038 1529
f 2039 1869 2038
f 2040 2039 1530
f 2040 1869 2039
f 2041 1858 1859
f 2041 1868 1858
f 2041 1859 1870
f 2041 1870 1868
f 2042 1530 1531
f 2042 2040 1530
f 2042 1869 2040
f 2043 1861 1860
f 2044 1849 1857
f 2044 1872 1862
f 2044 1862 2037
f 2044 2037 1849
f 2044 1857 1872
f 2045 2042 1531
f 2045 1869 2042
f 2046 1869 2045
f 2046 1531 1532
f 2046 2045 1531
f 2047 2046 1532
f 2048 1532 1533
f 2048 2047 1532
f 2049 1533 1534
f 2049 2048 1533
f 2050 1860 1871
f 2051 2046 2047
f 2051 2047 2048
f 2051 2048 2049
f 2051 1869 2046
f 2052 2051 2049
f 2053 1871 1879
f 2054 2052 2049
f 2055 1880 1867
f 2055 1867 1877
f 2055 1886 1880
f 2056 2054 2049
f 2057 1874 1882
f 2057 1882 2058
f 2057 1879 1874
f 2059 2051 2052
f 2059 2052 2054
f 2059 2054 2056
f 2060 2057 2058
f 2060 1879 2057
f 2061 1877 1885
f 2061 2055 1877
f 2061 1886 2055
f 2061 1885 1892
f 2061 1892 1886
f 2062 2059 2056
f 2063 2062 2056
f 2064 1888 1894
f 2064 1882 1888
f 2064 2058 1882
f 2065 2063 2056
f 2066 2064 1894
f 2066 2058 2064
f 2067 2059 2062
f 2067 2063 2065
f 2067 2062 2063
f 2068 2067 2065
f 2069 2068 2065
f 2070 2069 2065
f 2071 2070 2065
f 2072 2073 1894
f 2072 1894 1898
f 2074 1899 1891
f 2074 1908 1899
f 2074 1897 1908
f 2074 1891 1897
f 2075 1893 1900
f 2075 1900 1903
f 2075 1903 1898
f 2075 1898 1893
f 2076 2068 2069
f 2076 2069 2070
f 2076 2070 2071
f 2076 2067 2068
f 2077 2076 2071
f 2078 1913 1914
f 2078 1906 1903
f 2078 1914 1906
f 2078 1903 1909
f 2078 1922 1913
f 2078 1909 1922
f 2079 2081 2080
f 2082 2080 2083
f 2084 2079 2080
f 2085 2087 2086
f 2088 2086 2089
f 2088 2085 2086
f 2090 2083 2087
f 2090 2082 2083
f 2090 2087 2085
f 2091 2082 2090
f 2091 2080 2082
f 2091 2084 2080
f 2092 2079 2084
f 2092 2084 2091
f 2093 2088 2089
f 2093 2085 2088
f 2094 2093 2089
f 2094 2089 2095
f 2096 2094 2095
f 2096 2095 2097
f 2098 2014 2004
f 2098 2004 1585
f 2098 1584 1583
f 2098 1585 1584
f 2098 2015 2014
f 2098 2017 2015
f 2099 2017 2098
f 2099 2098 1583
f 2099 1583 1582
f 2099 2019 2017
f 2100 1996 1810
f 2100 1999 1997
f 2100 2001 2000
f 2100 2000 1999
f 2100 2013 2001
f 2100 1997 1996
f 2101 1520 1521
f 2101 2099 1582
f 2101 2019 2099
f 2101 1582 1520
f 2101 1521 2021
f 2101 2020 2019
f 2101 2021 2020
f 2102 2013 2100
f 2102 1716 2012
f 2102 2012 2013
f 2102 2100 2103
f 2102 1717 1716
f 2102 1718 1717
f 2104 2100 1810
f 2104 2103 2100
f 2104 2105 2103
f 2104 2106 2105
f 2107 2104 1810
f 2107 2106 2104
f 2108 2109 2106
f 2108 2106 2107
f 2108 2107 1810
f 2110 2109 2108
f 2110 2108 1810
f 2111 2112 2109
f 2111 2109 2110
f 2111 2110 1810
f 2113 2102 2103
f 2113 1718 2102
f 2113 1719 1718
f 2114 2115 2112
f 2114 2112 2111
f 2114 1810 1809
f 2114 2111 1810
f 2116 1719 2113
f 2116 2113 2103
f 2116 2103 2105
f 2116 1720 1719
f 2117 2115 2114
f 2117 2118 2115
f 2117 2114 1809
f 2119 2116 2105
f 2119 1720 2116
f 2120 2117 1809
f 2120 2118 2117
f 2121 2122 2118
f 2121 2120 1809
f 2121 2118 2120
f 2123 2119 2105
f 2123 1720 2119
f 2123 2105 2106
f 2124 2106 2109
f 2124 1720 2123
f 2124 2123 2106
f 2124 1721 1720
f 2125 1721 2124
f 2125 2124 2109
f 2126 2109 2112
f 2126 1721 2125
f 2126 2125 2109
f 2127 1809 1827
f 2127 2128 2122
f 2127 2121 1809
f 2127 2122 2121
f 2129 1722 1721
f 2129 2126 2112
f 2129 2112 2115
f 2129 1721 2126
f 2130 2128 2127
f 2130 2131 2128
f 2130 2127 1827
f 2132 2131 2130
f 2132 2130 1827
f 2133 1722 2129
f 2133 2129 2115
f 2134 2135 2131
f 2134 2131 2132
f 2134 2132 1827
f 2136 1723 1722
f 2136 2115 2118
f 2136 1722 2133
f 2136 2133 2115
f 2137 1723 2136
f 2137 2136 2118
f 2138 1827 1841
f 2138 2139 2135
f 2138 2134 1827
f 2138 2135 2134
f 2140 2118 2122
f 2140 1723 2137
f 2140 2137 2118
f 2141 1724 1723
f 2141 2140 2122
f 2141 2122 2128
f 2141 1723 2140
f 2142 2139 2138
f 2142 2143 2139
f 2142 2138 1841
f 2144 1725 1724
f 2144 2141 2128
f 2144 1724 2141
f 2145 2143 2142
f 2145 2142 1841
f 2145 2146 2143
f 2147 2145 1841
f 2147 2146 2145
f 2148 2144 2128
f 2148 2128 2131
f 2148 1725 2144
f 2149 2147 1841
f 2149 2146 2147
f 2149 2150 2146
f 2151 1725 2148
f 2151 2148 2131
f 2152 1845 1846
f 2152 2153 1845
f 2152 1846 2036
f 2154 1726 1725
f 2154 1725 2151
f 2154 2151 2131
f 2154 2131 2135
f 2155 2156 2150
f 2155 2150 2149
f 2157 1726 2154
f 2157 2154 2135
f 2158 1727 1726
f 2158 1726 2157
f 2158 2157 2135
f 2158 2135 2139
f 2159 1861 2160
f 2159 2152 2036
f 2159 2036 1861
f 2161 2162 2156
f 2161 2156 2155
f 2163 1727 2158
f 2163 2158 2139
f 2164 2162 2161
f 2165 1727 2163
f 2165 2163 2139
f 2165 2139 2143
f 2166 2167 2162
f 2166 2162 2164
f 2166 2164 2168
f 2169 2170 2167
f 2169 2167 2166
f 2171 1728 1727
f 2171 1727 2165
f 2171 2165 2143
f 2171 2143 2146
f 2172 1728 2171
f 2172 2171 2146
f 2173 2160 1861
f 2173 1861 2043
f 2173 2174 2160
f 2175 1728 2172
f 2175 2172 2146
f 2175 2146 2150
f 2176 1729 1728
f 2176 2175 2150
f 2176 1728 2175
f 2177 2178 2170
f 2177 2170 2169
f 2179 2173 2043
f 2179 1860 2180
f 2179 2043 1860
f 2181 2150 2156
f 2181 1730 1729
f 2181 2176 2150
f 2181 1729 2176
f 2182 2183 2178
f 2182 2178 2177
f 2184 2183 2182
f 2185 1730 2181
f 2185 2181 2156
f 2185 2156 2162
f 2186 2187 2183
f 2186 2183 2184
f 2188 1730 2185
f 2188 2185 2162
f 2189 1731 1730
f 2189 2162 2167
f 2189 1730 2188
f 2189 2188 2162
f 2190 2180 1860
f 2190 2191 2180
f 2190 1860 2050
f 2192 2167 2170
f 2192 2189 2167
f 2192 1731 2189
f 2193 2192 2170
f 2193 1731 2192
f 2194 1732 1731
f 2194 2193 2170
f 2194 1731 2193
f 2194 2170 2178
f 2195 1871 2196
f 2195 2190 2050
f 2195 2050 1871
f 2197 1732 2194
f 2197 2194 2178
f 2198 1534 1535
f 2198 2049 1534
f 2198 2056 2049
f 2199 1878 1869
f 2199 1869 2051
f 2200 1733 1732
f 2200 1732 2197
f 2200 2197 2178
f 2200 2178 2183
f 2201 1535 1536
f 2201 1536 1537
f 2201 2198 1535
f 2202 1733 2200
f 2202 2200 2183
f 2203 2183 2187
f 2203 1733 2202
f 2203 2202 2183
f 2204 1871 2053
f 2204 2196 1871
f 2205 1734 1733
f 2205 2203 2187
f 2205 1733 2203
f 2206 2199 2051
f 2206 1878 2199
f 2206 2051 2059
f 2207 1735 1734
f 2207 1734 2205
f 2207 2187 2208
f 2207 2205 2187
f 2209 2056 2198
f 2209 2198 2201
f 2209 2065 2056
f 2210 2204 2053
f 2210 2053 1879
f 2210 2212 2211
f 2210 1879 2212
f 2213 2207 2208
f 2213 1735 2207
f 2214 2213 2208
f 2214 2208 2215
f 2214 1735 2213
f 2216 2201 1537
f 2216 2065 2209
f 2216 2209 2201
f 2217 1736 1735
f 2217 2215 2218
f 2217 1735 2214
f 2217 2214 2215
f 2219 1537 1538
f 2219 1538 1539
f 2219 2216 1537
f 2220 2217 2218
f 2220 1736 2217
f 2221 1878 2206
f 2221 2206 2059
f 2221 2059 2067
f 2222 2212 1879
f 2222 1879 2060
f 2223 2220 2218
f 2223 2218 2224
f 2223 1736 2220
f 2225 1736 2223
f 2225 2223 2224
f 2225 1737 1736
f 2226 1737 2225
f 2226 2225 2224
f 2226 1738 1737
f 2226 2224 2227
f 2228 2230 2229
f 2228 2058 2230
f 2228 2222 2060
f 2228 2060 2058
f 2231 2226 2227
f 2231 1738 2226
f 2232 2216 2219
f 2232 2071 2065
f 2232 2065 2216
f 2233 1878 2221
f 2233 1887 1878
f 2234 1738 2231
f 2234 2231 2227
f 2234 2227 2235
f 2236 2071 2232
f 2236 2219 1539
f 2236 2232 2219
f 2237 2235 2238
f 2237 1739 1738
f 2237 1738 2234
f 2237 2234 2235
f 2239 1739 2237
f 2239 2237 2238
f 2240 2058 2066
f 2240 2230 2058
f 2241 1539 1540
f 2241 2236 1539
f 2242 1739 2239
f 2242 2239 2238
f 2242 2238 2243
f 2244 1540 1541
f 2244 1541 1542
f 2244 2241 1540
f 2245 1740 1739
f 2245 1739 2242
f 2245 2242 2243
f 2246 2233 2221
f 2246 2221 2067
f 2246 2067 2076
f 2247 1740 2245
f 2247 1741 1740
f 2247 2245 2243
f 2247 2243 2248
f 2249 1894 2073
f 2249 2073 2250
f 2249 2066 1894
f 2249 2240 2066
f 2251 1741 2247
f 2251 2247 2248
f 2252 2248 2253
f 2252 1741 2251
f 2252 2251 2248
f 2254 2071 2236
f 2254 2236 2241
f 2254 2241 2244
f 2255 2253 2256
f 2255 1742 1741
f 2255 1741 2252
f 2255 2252 2253
f 2257 1742 2255
f 2257 2255 2256
f 2258 1742 2257
f 2258 2257 2256
f 2258 2256 2259
f 2260 2233 2246
f 2260 1887 2233
f 2261 2254 2244
f 2262 1743 1742
f 2262 2258 2259
f 2262 2259 2263
f 2262 1742 2258
f 2264 1743 2262
f 2264 2262 2263
f 2265 2261 2244
f 2265 2244 1542
f 2266 1744 1743
f 2266 2263 2267
f 2266 1743 2264
f 2266 2264 2263
f 2268 2265 1542
f 2269 2072 1898
f 2269 1904 2270
f 2269 1898 1904
f 2271 1745 1744
f 2271 1744 2266
f 2271 2266 2267
f 2272 1895 1887
f 2272 1887 2260
f 2273 1542 1543
f 2273 2268 1542
f 2274 1745 2271
f 2274 2271 2267
f 2275 2274 2267
f 2275 2267 2276
f 2275 1745 2274
f 2277 1543 1544
f 2277 2273 1543
f 2278 1746 1745
f 2278 2275 2276
f 2278 2276 2279
f 2278 1745 2275
f 2280 2279 2281
f 2280 2278 2279
f 2280 1746 2278
f 2282 2272 2260
f 2283 2280 2281
f 2283 1746 2280
f 2284 1747 1746
f 2284 2281 2285
f 2284 2283 2281
f 2284 1746 2283
f 2286 1747 2284
f 2286 2284 2285
f 2287 1581 1747
f 2287 2285 2288
f 2287 1747 2286
f 2287 2286 2285
f 2289 1581 2287
f 2289 2287 2288
f 2290 1544 1545
f 2290 1545 1546
f 2290 1546 1547
f 2290 1547 1548
f 2290 2277 1544
f 2291 1581 2289
f 2291 2289 2288
f 2291 1580 1581
f 2291 2288 2292
f 2293 1580 2291
f 2293 1579 1580
f 2293 2291 2292
f 2294 1579 2293
f 2294 2292 2295
f 2294 2293 2292
f 2296 2294 2295
f 2296 1579 2294
f 2297 2296 2295
f 2297 1579 2296
f 2297 1578 1579
f 2297 2295 2298
f 2299 2297 2298
f 2299 1578 2297
f 2299 2298 2300
f 2301 2299 2300
f 2301 1578 2299
f 2302 1578 2301
f 2302 2301 2300
f 2302 1577 1578
f 2302 2300 2303
f 2304 2306 2305
f 2307 2308 2306
f 2307 2306 2304
f 2309 1577 2302
f 2309 2302 2303
f 2309 1576 1577
f 2310 2308 2307
f 2311 2308 2310
f 2311 2312 2308
f 2313 2309 2303
f 2313 2303 2314
f 2313 1576 2309
f 2315 1576 2313
f 2315 2313 2314
f 2316 1575 1576
f 2316 2315 2314
f 2316 2314 2317
f 2316 1576 2315
f 2318 2319 2312
f 2318 2312 2311
f 2320 1575 2316
f 2320 2316 2317
f 2321 1575 2320
f 2321 1574 1575
f 2321 2320 2317
f 2321 2317 2305
f 2322 2323 2319
f 2322 2319 2318
f 2324 2323 2322
f 2325 1574 2321
f 2325 2321 2305
f 2326 2327 2323
f 2326 2323 2324
f 2326 2324 1924
f 2328 2305 2306
f 2328 1574 2325
f 2328 2325 2305
f 2329 2330 2327
f 2329 2327 2326
f 2329 2326 1924
f 2331 2306 2308
f 2331 1573 1574
f 2331 2328 2306
f 2331 1574 2328
f 2332 2331 2308
f 2332 1573 2331
f 2333 1573 2332
f 2333 2332 2308
f 2333 2308 2312
f 2334 2333 2312
f 2334 1572 1573
f 2334 1573 2333
f 2335 2330 2329
f 2335 2336 2330
f 2335 1924 1923
f 2335 2329 1924
f 2337 2334 2312
f 2337 1572 2334
f 2337 2312 2319
f 2337 1571 1572
f 2338 2335 1923
f 2338 2336 2335
f 2338 2339 2336
f 2340 2338 1923
f 2340 2339 2338
f 2341 2319 2323
f 2341 1571 2337
f 2341 2337 2319
f 2342 2339 2340
f 2342 2340 1923
f 2342 2343 2339
f 2344 2341 2323
f 2344 1571 2341
f 2345 2323 2327
f 2345 1571 2344
f 2345 2344 2323
f 2345 1570 1571
f 2346 2327 2330
f 2346 2345 2327
f 2346 1570 2345
f 2347 2346 2330
f 2347 1570 2346
f 2348 2342 1923
f 2348 2343 2342
f 2348 2349 2343
f 2348 1923 1930
f 2350 2347 2330
f 2350 2330 2336
f 2350 1570 2347
f 2350 1569 1570
f 2351 2352 2349
f 2351 2349 2348
f 2351 2348 1930
f 2353 2352 2351
f 2353 2351 1930
f 2354 2350 2336
f 2354 1569 2350
f 2355 2356 2352
f 2355 2352 2353
f 2355 2353 1930
f 2357 2336 2339
f 2357 2354 2336
f 2357 1568 1569
f 2357 1569 2354
f 2358 2359 2356
f 2358 1930 1934
f 2358 2356 2355
f 2358 2355 1930
f 2360 2357 2339
f 2360 1568 2357
f 2361 2339 2343
f 2361 2360 2339
f 2361 1568 2360
f 2362 1932 1931
f 2363 2343 2349
f 2363 2361 2343
f 2363 1567 1568
f 2363 1568 2361
f 2364 2366 2365
f 2367 2368 2359
f 2367 2359 2358
f 2367 2358 1934
f 2369 2362 2370
f 2369 1932 2362
f 2371 2363 2349
f 2371 1567 2363
f 2372 2368 2367
f 2372 2367 1934
f 2373 1932 2369
f 2374 2372 1934
f 2374 2368 2372
f 2374 2375 2368
f 2376 1567 2371
f 2376 2349 2352
f 2376 1566 1567
f 2376 2371 2349
f 2377 2374 1934
f 2377 2375 2374
f 2378 1932 2373
f 2378 2373 2379
f 2378 1933 1932
f 2378 1934 1933
f 2380 2376 2352
f 2380 1566 2376
f 2381 2377 1934
f 2381 2375 2377
f 2381 2383 2382
f 2381 2382 2375
f 2384 1566 2380
f 2384 2380 2352
f 2384 2352 2356
f 2385 2379 2087
f 2385 2378 2379
f 2385 1934 2378
f 2385 2087 2083
f 2386 1934 2385
f 2386 2385 2083
f 2386 2083 2080
f 2387 1566 2384
f 2387 2384 2356
f 2387 1565 1566
f 2388 1934 2386
f 2388 2381 1934
f 2388 2383 2381
f 2388 2386 2080
f 2388 2081 2383
f 2388 2080 2081
f 2389 2356 2359
f 2389 2387 2356
f 2389 1564 1565
f 2389 1565 2387
f 2390 2359 2368
f 2390 2389 2359
f 2390 1564 2389
f 2391 2390 2368
f 2391 1564 2390
f 2392 1564 2391
f 2392 2368 2375
f 2392 1563 1564
f 2392 2391 2368
f 2393 2392 2375
f 2393 2375 2382
f 2393 1563 2392
f 2394 1563 2393
f 2394 2393 2382
f 2395 1562 1563
f 2395 2382 2383
f 2395 2394 2382
f 2395 1563 2394
f 2396 2383 2081
f 2396 2395 2383
f 2396 1562 2395
f 2397 2396 2081
f 2397 1562 2396
f 2398 1561 1562
f 2398 2081 2079
f 2398 1562 2397
f 2398 2397 2081
f 2398 2079 2092
f 2399 1559 1560
f 2399 1560 1561
f 2399 2398 2092
f 2399 1561 2398
f 2399 2092 2091
f 2400 2091 2090
f 2401 2400 1558
f 2401 2399 2091
f 2401 2091 2400
f 2402 1558 1559
f 2402 1559 2399
f 2402 2401 1558
f 2402 2399 2401
f 2403 2085 2093
f 2403 2090 2085
f 2403 2400 2090
f 2404 1557 1558
f 2404 1558 2400
f 2404 2403 2093
f 2404 2400 2403
f 2405 1557 2404
f 2405 1556 1557
f 2406 2093 2094
f 2406 2404 2093
f 2406 2405 2404
f 2407 2405 2406
f 2407 1555 1556
f 2407 1556 2405
f 2408 2094 2096
f 2408 2407 2406
f 2408 2406 2094
f 2409 2407 2408
f 2409 1555 2407
f 2410 1555 2409
f 2410 1554 1555
f 2411 1554 2410
f 2412 1554 2411
f 2412 2411 2413
f 2412 1553 1554
f 2414 2413 1550
f 2414 2412 2413
f 2414 1553 2412
f 2414 1550 1551
f 2414 1551 1552
f 2414 1552 1553
f 2415 2164 2161
f 2415 2161 2155
f 2415 2168 2164
f 2416 2166 2168
f 2416 2169 2166
f 2416 2177 2169
f 2417 2182 2177
f 2417 2177 2416
f 2418 2182 2417
f 2418 2184 2182
f 2418 2417 2419
f 2420 2418 2419
f 2420 2184 2418
f 2421 2184 2420
f 2421 2420 2419
f 2421 2186 2184
f 2422 2186 2421
f 2422 2423 2186
f 2422 2421 2419
f 2424 2423 2422
f 2424 2425 2423
f 2426 2427 2425
f 2426 2425 2424
f 2428 2427 2426
f 2428 2429 2427
f 2428 2426 2430
f 2431 2429 2428
f 2431 2428 2430
f 2432 2433 2429
f 2432 2429 2431
f 2432 2431 2430
f 2434 2186 2423
f 2434 2423 2425
f 2434 2208 2187
f 2434 2187 2186
f 2435 2432 2430
f 2435 2436 2433
f 2435 2433 2432
f 2437 2215 2208
f 2437 2434 2425
f 2437 2208 2434
f 2438 2437 2425
f 2438 2215 2437
f 2439 2425 2427
f 2439 2438 2425
f 2439 2215 2438
f 2440 2427 2429
f 2440 2439 2427
f 2440 2218 2215
f 2440 2215 2439
f 2441 2440 2429
f 2441 2218 2440
f 2442 2429 2433
f 2442 2441 2429
f 2442 2218 2441
f 2443 2436 2435
f 2443 2444 2436
f 2445 2224 2218
f 2445 2442 2433
f 2445 2218 2442
f 2446 2433 2436
f 2446 2445 2433
f 2446 2224 2445
f 2447 2448 2444
f 2447 2444 2443
f 2449 2447 2450
f 2449 2451 2448
f 2449 2448 2447
f 2452 2451 2449
f 2452 2449 2450
f 2453 2452 2450
f 2453 2454 2451
f 2453 2451 2452
f 2455 2446 2436
f 2455 2436 2444
f 2455 2227 2224
f 2455 2224 2446
f 2456 2453 2450
f 2456 2454 2453
f 2456 2457 2454
f 2458 2227 2455
f 2458 2455 2444
f 2458 2235 2227
f 2459 2458 2444
f 2459 2235 2458
f 2460 2235 2459
f 2460 2459 2444
f 2460 2444 2448
f 2461 2238 2235
f 2461 2460 2448
f 2461 2235 2460
f 2461 2448 2451
f 2462 2238 2461
f 2462 2461 2451
f 2463 2457 2456
f 2463 2464 2457
f 2465 2238 2462
f 2465 2462 2451
f 2465 2451 2454
f 2466 2465 2454
f 2466 2238 2465
f 2466 2243 2238
f 2467 2454 2457
f 2467 2466 2454
f 2467 2243 2466
f 2468 2469 2464
f 2468 2464 2463
f 2470 2471 2469
f 2470 2468 2472
f 2470 2469 2468
f 2473 2470 2472
f 2473 2471 2470
f 2474 2473 2472
f 2474 2475 2471
f 2474 2471 2473
f 2476 2475 2474
f 2476 2474 2472
f 2476 2477 2475
f 2478 2457 2464
f 2478 2243 2467
f 2478 2467 2457
f 2478 2248 2243
f 2479 2477 2476
f 2479 2480 2477
f 2481 2478 2464
f 2481 2253 2248
f 2481 2248 2478
f 2482 2481 2464
f 2482 2253 2481
f 2483 2464 2469
f 2483 2253 2482
f 2483 2482 2464
f 2484 2256 2253
f 2484 2469 2471
f 2484 2253 2483
f 2484 2483 2469
f 2485 2484 2471
f 2485 2256 2484
f 2486 2485 2471
f 2486 2471 2475
f 2486 2256 2485
f 2487 2259 2256
f 2487 2475 2477
f 2487 2256 2486
f 2487 2486 2475
f 2488 2487 2477
f 2488 2259 2487
f 2489 2480 2479
f 2489 2490 2480
f 2491 2263 2259
f 2491 2259 2488
f 2491 2488 2477
f 2492 2490 2489
f 2492 2493 2490
f 2492 2489 2494
f 2495 2492 2494
f 2495 2493 2492
f 2495 2496 2493
f 2497 2495 2494
f 2497 2496 2495
f 2498 2496 2497
f 2498 2497 2494
f 2499 2498 2494
f 2499 2500 2496
f 2499 2496 2498
f 2501 2267 2263
f 2501 2477 2480
f 2501 2263 2491
f 2501 2491 2477
f 2502 2499 2494
f 2502 2503 2500
f 2502 2504 2503
f 2502 2500 2499
f 2505 2501 2480
f 2505 2480 2490
f 2505 2267 2501
f 2506 2504 2502
f 2506 2507 2504
f 2508 2505 2490
f 2508 2276 2267
f 2508 2267 2505
f 2509 2276 2508
f 2509 2508 2490
f 2510 2276 2509
f 2510 2509 2490
f 2510 2490 2493
f 2511 2510 2493
f 2511 2279 2276
f 2511 2276 2510
f 2511 2493 2496
f 2512 2496 2500
f 2512 2279 2511
f 2512 2511 2496
f 2513 2279 2512
f 2513 2512 2500
f 2514 2513 2500
f 2514 2279 2513
f 2514 2281 2279
f 2514 2500 2503
f 2515 2281 2514
f 2515 2514 2503
f 2516 2281 2515
f 2516 2515 2503
f 2516 2285 2281
f 2516 2503 2504
f 2517 2516 2504
f 2517 2285 2516
f 2518 2519 2507
f 2518 2507 2506
f 2520 2517 2504
f 2520 2285 2517
f 2520 2288 2285
f 2521 2518 2522
f 2521 2523 2519
f 2521 2519 2518
f 2524 2521 2522
f 2524 2523 2521
f 2525 2523 2524
f 2525 2524 2522
f 2525 2526 2523
f 2527 2525 2522
f 2527 2526 2525
f 2527 2528 2526
f 2529 2504 2507
f 2529 2520 2504
f 2529 2288 2520
f 2529 2292 2288
f 2530 2528 2527
f 2530 2531 2528
f 2532 2507 2519
f 2532 2529 2507
f 2532 2292 2529
f 2533 2295 2292
f 2533 2532 2519
f 2533 2292 2532
f 2534 1895 2272
f 2534 1902 1895
f 2534 2272 2282
f 2535 2519 2523
f 2535 2533 2519
f 2535 2295 2533
f 2536 2535 2523
f 2536 2295 2535
f 2537 2071 2254
f 2537 2254 2261
f 2537 2261 2265
f 2537 2077 2071
f 2538 2523 2526
f 2538 2298 2295
f 2538 2536 2523
f 2538 2295 2536
f 2539 2260 2246
f 2539 2282 2260
f 2539 2246 2076
f 2540 2298 2538
f 2540 2526 2528
f 2540 2538 2526
f 2541 2298 2540
f 2541 2540 2528
f 2542 2543 2531
f 2542 2531 2530
f 2544 2300 2298
f 2544 2298 2541
f 2544 2541 2528
f 2545 2077 2537
f 2545 2265 2268
f 2545 2268 2273
f 2545 2273 2277
f 2545 2537 2265
f 2546 2542 2547
f 2546 2543 2542
f 2546 2548 2543
f 2549 2546 2547
f 2549 2548 2546
f 2550 2549 2547
f 2550 2551 2548
f 2550 2548 2549
f 2552 2300 2544
f 2552 2544 2528
f 2552 2528 2531
f 2552 2303 2300
f 2553 2550 2547
f 2553 2551 2550
f 2553 2554 2551
f 2555 2531 2543
f 2555 2303 2552
f 2555 2552 2531
f 2556 2555 2543
f 2556 2303 2555
f 2556 2314 2303
f 2557 2556 2543
f 2557 2314 2556
f 2557 2543 2548
f 2558 2557 2548
f 2558 2314 2557
f 2559 2548 2551
f 2559 2558 2548
f 2559 2314 2558
f 2559 2317 2314
f 2560 2554 2553
f 2560 2304 2554
f 2561 2559 2551
f 2561 2317 2559
f 2561 2554 2304
f 2561 2304 2305
f 2561 2551 2554
f 2561 2305 2317
f 2562 2304 2560
f 2562 2307 2304
f 2563 2562 2564
f 2563 2307 2562
f 2563 2310 2307
f 2565 2563 2564
f 2565 2310 2563
f 2566 2565 2564
f 2566 2310 2565
f 2566 2311 2310
f 2567 2566 2564
f 2567 2311 2566
f 2567 2318 2311
f 2568 1902 2534
f 2568 1910 1902
f 2569 2568 2534
f 2569 2534 2282
f 2569 2570 2568
f 2571 2569 2282
f 2571 2282 2539
f 2572 2318 2567
f 2572 2324 2322
f 2572 2322 2318
f 2572 1924 2324
f 2573 2077 2545
f 2574 1548 1549
f 2574 2290 1548
f 2575 1912 1910
f 2575 1910 2568
f 2575 2568 2570
f 2576 1918 1912
f 2576 1926 1918
f 2576 2578 2577
f 2576 2570 2578
f 2576 2577 2366
f 2576 2575 2570
f 2576 1912 2575
f 2579 1931 1929
f 2579 2362 1931
f 2579 1929 1926
f 2580 2579 1926
f 2580 2362 2579
f 2581 2370 2362
f 2581 1926 2576
f 2581 2366 2364
f 2581 2576 2366
f 2581 2580 1926
f 2581 2362 2580
f 2581 2364 2370
f 2582 2577 2578
f 2582 2578 2570
f 2582 2366 2577
f 2583 2582 2570
f 2583 2097 2582
f 2584 2586 2585
f 2584 2583 2586
f 2587 2582 2097
f 2587 2366 2582
f 2588 2587 2097
f 2588 2365 2366
f 2588 2366 2587
f 2589 2588 2097
f 2589 2365 2588
f 2589 2097 2095
f 2590 2379 2373
f 2590 2373 2369
f 2590 2087 2379
f 2590 2086 2087
f 2590 2369 2370
f 2591 2086 2590
f 2591 2590 2370
f 2591 2370 2364
f 2592 2365 2589
f 2592 2086 2591
f 2592 2589 2095
f 2592 2591 2364
f 2592 2089 2086
f 2592 2095 2089
f 2592 2364 2365
f 2593 2097 2583
f 2593 2583 2584
f 2593 2584 2585
f 2594 2096 2097
f 2594 2411 2410
f 2594 2413 2411
f 2594 2097 2593
f 2594 2408 2096
f 2594 2410 2409
f 2594 2409 2408
f 2595 2413 2594
f 2595 1550 2413
f 2595 2593 2585
f 2595 2594 2593
f 2595 1549 1550
f 2595 2574 1549
f 2595 2585 2574
f 2596 2155 2149
f 2596 2149 1841
f 2596 1841 1835
f 2596 2415 2155
f 2597 2415 2596
f 2597 2168 2415
f 2597 2598 2168
f 2599 2416 2168
f 2599 2168 2598
f 2600 2417 2416
f 2600 2416 2599
f 2600 2419 2417
f 2601 2422 2419
f 2601 2424 2422
f 2602 2424 2601
f 2602 2426 2424
f 2602 2430 2426
f 2602 2603 2430
f 2604 2435 2430
f 2604 2443 2435
f 2605 2443 2604
f 2605 2606 2450
f 2605 2447 2443
f 2605 2450 2447
f 2607 2456 2450
f 2607 2463 2456
f 2608 2463 2607
f 2608 2472 2468
f 2608 2468 2463
f 2608 2609 2472
f 2610 2476 2472
f 2610 2472 2609
f 2610 2479 2476
f 2611 2489 2479
f 2611 2479 2610
f 2611 2494 2489
f 2612 2506 2502
f 2612 2494 2613
f 2612 2502 2494
f 2614 2506 2612
f 2614 2518 2506
f 2614 2522 2518
f 2615 2522 2616
f 2615 2527 2522
f 2615 2530 2527
f 2617 2547 2542
f 2617 2542 2530
f 2617 2530 2615
f 2618 2560 2553
f 2618 2553 2547
f 2619 2564 2562
f 2619 2560 2618
f 2619 2562 2560
f 2619 2620 2564
f 2621 2077 2573
f 2621 2076 2077
f 2621 2539 2076
f 2622 2277 2290
f 2622 2290 2574
f 2622 2545 2277
f 2623 2567 2564
f 2623 2572 2567
f 2624 2586 2571
f 2624 2571 2539
f 2624 2621 2573
f 2624 2539 2621
f 2625 2574 2585
f 2625 2622 2574
f 2625 2545 2622
f 2625 2585 2573
f 2625 2573 2545
f 2626 2571 2586
f 2626 2570 2569
f 2626 2569 2571
f 2626 2586 2583
f 2626 2583 2570
f 2627 2597 2596
f 2627 2598 2597
f 2628 2600 2599
f 2628 2599 2598
f 2629 2600 2628
f 2629 2419 2600
f 2629 2630 2419
f 2629 2631 2630
f 2632 2601 2419
f 2632 2419 2630
f 2632 2630 2631
f 2633 2603 2602
f 2633 2601 2632
f 2633 2602 2601
f 2634 2604 2430
f 2634 2430 2603
f 2634 2603 2635
f 2636 2605 2604
f 2636 2604 2634
f 2636 2606 2605
f 2637 2606 2638
f 2637 2607 2450
f 2637 2450 2606
f 2639 2607 2637
f 2639 2608 2607
f 2639 2609 2608
f 2640 2611 2610
f 2640 2610 2609
f 2641 2613 2494
f 2641 2611 2640
f 2641 2494 2611
f 2641 2642 2613
f 2643 2614 2612
f 2643 2612 2613
f 2644 2616 2522
f 2644 2645 2616
f 2644 2522 2614
f 2644 2614 2643
f 2646 2615 2616
f 2646 2617 2615
f 2647 2649 2648
f 2647 2648 2547
f 2647 2617 2646
f 2647 2547 2617
f 2650 2648 2649
f 2650 2547 2648
f 2650 2618 2547
f 2651 2618 2650
f 2651 2619 2618
f 2651 2620 2619
f 2652 2620 2653
f 2652 2564 2620
f 2652 2623 2564
f 2654 1924 2572
f 2654 2623 2652
f 2654 1920 1924
f 2654 2572 2623
f 2654 1915 1920
f 2655 2585 2586
f 2655 2586 2624
f 2655 2573 2585
f 2655 2624 2573
f 2656 1832 1828
f 2656 1835 1832
f 2656 2596 1835
f 2656 2627 2596
f 2657 2627 2656
f 2657 2659 2658
f 2657 2658 2598
f 2657 2598 2627
f 2660 2628 2598
f 2660 2658 2659
f 2660 2598 2658
f 2661 2628 2660
f 2661 2631 2629
f 2661 2629 2628
f 2662 2632 2631
f 2662 2633 2632
f 2663 2633 2662
f 2663 2603 2633
f 2663 2635 2603
f 2663 2174 2635
f 2664 2634 2635
f 2664 2636 2634
f 2665 2638 2606
f 2665 2606 2636
f 2665 2636 2664
f 2665 2191 2638
f 2666 2637 2638
f 2666 2639 2637
f 2667 2639 2666
f 2667 2669 2668
f 2667 2609 2639
f 2667 2668 2609
f 2670 2668 2669
f 2670 2640 2609
f 2670 2609 2668
f 2671 2642 2641
f 2671 2640 2670
f 2671 2641 2640
f 2672 2643 2613
f 2672 2642 2211
f 2672 2613 2642
f 2673 2645 2644
f 2673 2644 2643
f 2673 2643 2672
f 2674 2645 2229
f 2674 2616 2645
f 2674 2646 2616
f 2675 2646 2674
f 2675 2647 2646
f 2675 2649 2647
f 2676 2651 2650
f 2676 2650 2649
f 2676 2649 2250
f 2677 2653 2620
f 2677 2651 2676
f 2677 2270 2653
f 2677 2620 2651
f 2678 2653 2270
f 2678 1915 2654
f 2678 2270 1904
f 2678 1906 1914
f 2678 1904 1906
f 2678 2654 2652
f 2678 2652 2653
f 2678 1914 1915
f 2679 2657 2656
f 2679 1828 1819
f 2679 2656 1828
f 2679 1819 1836
f 2679 1836 2659
f 2679 2659 2657
f 2680 2659 1836
f 2680 2661 2660
f 2680 2660 2659
f 2680 1836 1845
f 2681 1845 2153
f 2681 2631 2661
f 2681 2680 1845
f 2681 2661 2680
f 2681 2153 2631
f 2682 2153 2152
f 2682 2662 2631
f 2682 2631 2153
f 2683 2662 2682
f 2683 2152 2159
f 2683 2682 2152
f 2683 2663 2662
f 2684 2159 2160
f 2684 2663 2683
f 2684 2683 2159
f 2684 2160 2174
f 2684 2174 2663
f 2685 2174 2173
f 2685 2664 2635
f 2685 2635 2174
f 2686 2173 2179
f 2686 2685 2173
f 2686 2665 2664
f 2686 2664 2685
f 2687 2686 2179
f 2687 2665 2686
f 2687 2180 2191
f 2687 2191 2665
f 2687 2179 2180
f 2688 2638 2191
f 2688 2191 2190
f 2688 2666 2638
f 2689 2190 2195
f 2689 2688 2190
f 2689 2666 2688
f 2689 2667 2666
f 2690 2195 2196
f 2690 2669 2667
f 2690 2667 2689
f 2690 2196 2669
f 2690 2689 2195
f 2691 2670 2669
f 2691 2196 2204
f 2691 2669 2196
f 2692 2691 2204
f 2692 2204 2210
f 2692 2670 2691
f 2692 2671 2670
f 2693 2692 2210
f 2693 2210 2211
f 2693 2671 2692
f 2693 2211 2642
f 2693 2642 2671
f 2694 2211 2212
f 2694 2212 2222
f 2694 2672 2211
f 2695 2222 2228
f 2695 2672 2694
f 2695 2694 2222
f 2695 2673 2672
f 2696 2229 2645
f 2696 2695 2228
f 2696 2228 2229
f 2696 2645 2673
f 2696 2673 2695
f 2697 2674 2229
f 2697 2229 2230
f 2697 2230 2240
f 2698 2675 2674
f 2698 2674 2697
f 2698 2697 2240
f 2698 2240 2249
f 2699 2649 2675
f 2699 2698 2249
f 2699 2249 2250
f 2699 2675 2698
f 2699 2250 2649
f 2700 2677 2676
f 2700 2270 2677
f 2700 2072 2269
f 2700 2250 2073
f 2700 2073 2072
f 2700 2676 2250
f 2700 2269 2270
f 2719 2777 2778
f 2719 2778 2718
f 2720 2777 2719
f 2720 2775 2776
f 2720 2776 2777
f 2721 2775 2720
f 2721 2774 2775
f 2722 2774 2721
f 2722 2773 2774
f 2805 2754 2755
f 2804 2805 2755
f 2804 2755 2756
f 2702 2750 2751
f 2702 2751 2752
f 2702 2752 2753
f 2702 2753 2701
f 2703 2750 2702
f 2717 2779 2716
f 2806 2722 2723
f 2806 2723 2724
f 2806 2724 2725
f 2806 2773 2722
f 2806 2771 2772
f 2806 2772 2773
f 2807 2771 2806
f 2807 2770 2771
f 2808 2770 2807
f 2808 2769 2770
f 2809 2807 2806
f 2809 2806 2725
f 2809 2808 2807
f 2810 2769 2808
f 2810 2808 2809
f 2810 2768 2769
f 2811 2810 2809
f 2811 2809 2725
f 2812 2810 2811
f 2813 2810 2812
f 2813 2768 2810
f 2813 2767 2768
f 2814 2812 2811
f 2814 2813 2812
f 2815 2813 2814
f 2816 2767 2813
f 2816 2813 2815
f 2816 2763 2764
f 2816 2764 2765
f 2816 2765 2766
f 2816 2766 2767
f 2817 2758 2759
f 2817 2759 2760
f 2817 2760 2761
f 2817 2761 2762
f 2817 2762 2763
f 2818 2758 2817
f 2818 2757 2758
f 2819 2818 2817
f 2819 2763 2816
f 2819 2817 2763
f 2820 2801 2802
f 2820 2802 2803
f 2820 2803 2804
f 2820 2819 2801
f 2820 2818 2819
f 2820 2756 2757
f 2820 2804 2756
f 2820 2757 2818
f 2821 2819 2816
f 2822 2823 2821
f 2824 2744 2745
f 2824 2825 2744
f 2826 2824 2745
f 2826 2745 2746
f 2827 2826 2746
f 2827 2746 2747
f 2827 2747 2748
f 2828 2707 2708
f 2829 2706 2707
f 2829 2825 2824
f 2829 2828 2825
f 2829 2707 2828
f 2830 2706 2829
f 2830 2824 2826
f 2830 2829 2824
f 2831 2705 2706
f 2831 2826 2827
f 2831 2830 2826
f 2831 2706 2830
f 2832 2703 2704
f 2832 2704 2705
f 2832 2748 2749
f 2832 2749 2750
f 2832 2827 2748
f 2832 2705 2831
f 2832 2831 2827
f 2832 2750 2703
f 2833 2781 2782
f 2834 2712 2713
f 2834 2835 2712
f 2834 2833 2835
f 2836 2781 2833
f 2836 2833 2834
f 2836 2780 2781
f 2837 2716 2779
f 2837 2713 2714
f 2837 2714 2715
f 2837 2715 2716
f 2837 2834 2713
f 2837 2779 2780
f 2837 2836 2834
f 2837 2780 2836
f 2838 2725 2726
f 2838 2726 2727
f 2838 2727 2728
f 2838 2816 2815
f 2838 2815 2814
f 2838 2811 2725
f 2838 2814 2811
f 2839 2816 2838
f 2839 2821 2816
f 2839 2728 2729
f 2839 2838 2728
f 2840 2821 2839
f 2840 2839 2729
f 2840 2822 2821
f 2841 2842 2822
f 2841 2822 2840
f 2841 2840 2729
f 2843 2729 2730
f 2843 2841 2729
f 2844 2842 2841
f 2844 2845 2842
f 2844 2841 2843
f 2844 2846 2845
f 2844 2843 2730
f 2847 2846 2844
f 2847 2844 2730
f 2847 2730 2731
f 2848 2847 2731
f 2848 2846 2847
f 2848 2850 2849
f 2848 2849 2846
f 2851 2852 2850
f 2851 2850 2848
f 2851 2848 2731
f 2853 2852 2851
f 2853 2731 2732
f 2853 2851 2731
f 2854 2819 2821
f 2854 2801 2819
f 2854 2821 2823
f 2854 2799 2800
f 2854 2800 2801
f 2855 2799 2854
f 2855 2798 2799
f 2856 2853 2732
f 2856 2858 2857
f 2856 2852 2853
f 2856 2857 2852
f 2859 2798 2855
f 2859 2855 2854
f 2859 2854 2823
f 2859 2797 2798
f 2860 2858 2856
f 2860 2732 2733
f 2860 2856 2732
f 2861 2797 2859
f 2861 2859 2823
f 2861 2823 2822
f 2862 2858 2860
f 2862 2863 2858
f 2862 2860 2733
f 2862 2864 2863
f 2865 2822 2842
f 2865 2842 2845
f 2865 2861 2822
f 2865 2797 2861
f 2866 2862 2733
f 2866 2864 2862
f 2867 2797 2865
f 2867 2865 2845
f 2867 2796 2797
f 2868 2864 2866
f 2868 2733 2734
f 2868 2866 2733
f 2868 2869 2864
f 2870 2796 2867
f 2870 2867 2845
f 2870 2845 2846
f 2871 2868 2734
f 2871 2869 2868
f 2871 2872 2869
f 2873 2871 2734
f 2873 2872 2871
f 2873 2874 2872
f 2875 2870 2846
f 2875 2796 2870
f 2875 2846 2849
f 2875 2795 2796
f 2876 2873 2734
f 2876 2734 2735
f 2876 2874 2873
f 2877 2875 2849
f 2877 2795 2875
f 2878 2874 2876
f 2878 2876 2735
f 2879 2881 2880
f 2879 2874 2878
f 2879 2880 2874
f 2879 2878 2735
f 2882 2795 2877
f 2882 2849 2850
f 2882 2877 2849
f 2882 2794 2795
f 2883 2735 2736
f 2883 2879 2735
f 2883 2881 2879
f 2884 2850 2852
f 2884 2794 2882
f 2884 2852 2857
f 2884 2882 2850
f 2885 2886 2881
f 2885 2881 2883
f 2885 2883 2736
f 2887 2794 2884
f 2887 2884 2857
f 2887 2793 2794
f 2888 2885 2736
f 2888 2886 2885
f 2888 2889 2886
f 2890 2736 2737
f 2890 2889 2888
f 2890 2888 2736
f 2891 2857 2858
f 2891 2887 2857
f 2891 2793 2887
f 2892 2890 2737
f 2892 2893 2889
f 2892 2889 2890
f 2894 2858 2863
f 2894 2793 2891
f 2894 2891 2858
f 2894 2792 2793
f 2895 2893 2892
f 2895 2896 2893
f 2895 2892 2737
f 2897 2896 2895
f 2897 2895 2737
f 2898 2894 2863
f 2898 2792 2894
f 2899 2897 2737
f 2899 2896 2897
f 2899 2737 2738
f 2899 2900 2896
f 2901 2792 2898
f 2901 2898 2863
f 2901 2864 2869
f 2901 2863 2864
f 2902 2899 2738
f 2902 2900 2899
f 2903 2792 2901
f 2903 2901 2869
f 2903 2791 2792
f 2904 2902 2738
f 2904 2905 2900
f 2904 2900 2902
f 2906 2791 2903
f 2906 2903 2869
f 2907 2904 2738
f 2907 2905 2904
f 2907 2738 2739
f 2907 2908 2905
f 2909 2791 2906
f 2909 2869 2872
f 2909 2906 2869
f 2910 2907 2739
f 2910 2908 2907
f 2911 2908 2910
f 2911 2912 2908
f 2911 2910 2739
f 2913 2791 2909
f 2913 2909 2872
f 2913 2790 2791
f 2913 2872 2874
f 2914 2915 2912
f 2914 2911 2739
f 2914 2912 2911
f 2914 2739 2740
f 2916 2913 2874
f 2916 2874 2880
f 2916 2790 2913
f 2917 2915 2914
f 2917 2914 2740
f 2918 2916 2880
f 2918 2790 2916
f 2919 2917 2740
f 2919 2915 2917
f 2919 2920 2915
f 2921 2790 2918
f 2921 2880 2881
f 2921 2918 2880
f 2921 2789 2790
f 2922 2923 2920
f 2922 2919 2740
f 2922 2740 2741
f 2922 2920 2919
f 2924 2881 2886
f 2924 2921 2881
f 2924 2789 2921
f 2925 2922 2741
f 2925 2923 2922
f 2926 2789 2924
f 2926 2924 2886
f 2927 2928 2923
f 2927 2925 2741
f 2927 2923 2925
f 2929 2930 2928
f 2929 2741 2742
f 2929 2927 2741
f 2929 2928 2927
f 2931 2789 2926
f 2931 2926 2886
f 2931 2886 2889
f 2931 2788 2789
f 2932 2828 2930
f 2932 2742 2743
f 2932 2743 2744
f 2932 2825 2828
f 2932 2929 2742
f 2932 2930 2929
f 2932 2744 2825
f 2933 2889 2893
f 2933 2931 2889
f 2933 2788 2931
f 2934 2788 2933
f 2934 2933 2893
f 2935 2788 2934
f 2935 2893 2896
f 2935 2934 2893
f 2935 2787 2788
f 2936 2896 2900
f 2936 2935 2896
f 2936 2787 2935
f 2937 2936 2900
f 2937 2787 2936
f 2938 2787 2937
f 2938 2786 2787
f 2938 2900 2905
f 2938 2937 2900
f 2939 2905 2908
f 2939 2786 2938
f 2939 2938 2905
f 2940 2786 2939
f 2940 2939 2908
f 2941 2940 2908
f 2941 2908 2912
f 2941 2786 2940
f 2941 2785 2786
f 2942 2785 2941
f 2942 2941 2912
f 2943 2785 2942
f 2943 2912 2915
f 2943 2942 2912
f 2944 2943 2915
f 2944 2785 2943
f 2944 2915 2920
f 2944 2784 2785
f 2945 2784 2944
f 2945 2920 2923
f 2945 2944 2920
f 2946 2784 2945
f 2946 2945 2923
f 2947 2784 2946
f 2947 2923 2928
f 2947 2946 2923
f 2948 2947 2928
f 2948 2784 2947
f 2948 2928 2930
f 2948 2783 2784
f 2949 2948 2930
f 2949 2783 2948
f 2949 2835 2833
f 2949 2833 2782
f 2949 2782 2783
f 2950 2708 2709
f 2950 2709 2710
f 2950 2710 2711
f 2950 2711 2712
f 2950 2835 2949
f 2950 2712 2835
f 2950 2828 2708
f 2950 2949 2930
f 2950 2930 2828
f 2962 3118 3117
f 2962 3119 3118
f 2962 2961 3119
f 3116 2962 3117
f 3115 2962 3116
f 3114 2962 3115
f 2963 2962 3114
f 3113 2963 3114
f 3112 2963 3113
f 3111 2963 3112
f 3163 3023 3022
f 3162 3024 3023
f 3162 3023 3163
f 3200 2965 2964
f 3200 2966 2965
f 3201 2964 2963
f 3201 2966 3200
f 3201 3200 2964
f 3201 3110 3109
f 3201 3111 3110
f 3201 2963 3111
f 3202 3107 3106
f 3202 3108 3107
f 3202 3109 3108
f 3202 3201 3109
f 3203 2967 2966
f 3203 2968 2967
f 3203 2969 2968
f 3203 2966 3201
f 3204 3202 3106
f 3204 3101 3100
f 3204 3102 3101
f 3204 3103 3102
f 3204 3104 3103
f 3204 3105 3104
f 3204 3106 3105
f 3205 3203 3201
f 3205 3201 3202
f 3205 3202 3204
f 3206 2969 3203
f 3206 2970 2969
f 3206 2971 2970
f 3207 3205 3204
f 3208 3095 3094
f 3208 3096 3095
f 3208 3097 3096
f 3208 3098 3097
f 3208 3099 3098
f 3208 3100 3099
f 3208 3204 3100
f 3209 3206 3203
f 3209 3203 3205
f 3210 2971 3206
f 3210 2972 2971
f 3210 2973 2972
f 3210 2974 2973
f 3211 3209 3205
f 3211 3205 3207
f 3212 3211 3207
f 3212 3204 3208
f 3212 3207 3204
f 3213 3208 3094
f 3213 3090 3089
f 3213 3091 3090
f 3213 3092 3091
f 3213 3093 3092
f 3213 3094 3093
f 3213 3212 3208
f 3214 3210 3206
f 3214 3206 3209
f 3214 3209 3211
f 3215 2974 3210
f 3215 2975 2974
f 3215 2976 2975
f 3216 3214 3211
f 3217 3211 3212
f 3217 3216 3211
f 3218 3217 3212
f 3218 3212 3213
f 3219 3210 3214
f 3219 3215 3210
f 3220 3083 3082
f 3220 3084 3083
f 3220 3085 3084
f 3220 3086 3085
f 3220 3087 3086
f 3220 3088 3087
f 3220 3089 3088
f 3220 3213 3089
f 3221 2977 2976
f 3221 2978 2977
f 3221 2979 2978
f 3221 3215 3219
f 3221 2976 3215
f 3222 3214 3216
f 3222 3219 3214
f 3223 3216 3217
f 3224 3217 3218
f 3225 3221 3219
f 3226 3218 3213
f 3226 3213 3220
f 3227 3220 3082
f 3227 3077 3076
f 3227 3078 3077
f 3227 3079 3078
f 3227 3080 3079
f 3227 3081 3080
f 3227 3082 3081
f 3228 2980 2979
f 3228 2981 2980
f 3228 2979 3221
f 3228 3221 3225
f 3229 3225 3219
f 3229 3219 3222
f 3230 3223 3217
f 3230 3217 3224
f 3231 3228 3225
f 3232 3218 3226
f 3232 3224 3218
f 3233 3226 3220
f 3233 3220 3227
f 3234 3070 3069
f 3234 3071 3070
f 3234 3072 3071
f 3234 3073 3072
f 3234 3074 3073
f 3234 3075 3074
f 3234 3076 3075
f 3234 3233 3227
f 3234 3227 3076
f 3235 2982 2981
f 3235 2983 2982
f 3235 2981 3228
f 3236 3225 3229
f 3236 3231 3225
f 3237 3236 3229
f 3238 3237 3239
f 3238 3239 3223
f 3238 3223 3230
f 3240 3065 3064
f 3240 3066 3065
f 3240 3067 3066
f 3240 3068 3067
f 3240 3069 3068
f 3240 3234 3069
f 3241 3235 3228
f 3241 3231 3236
f 3241 3228 3231
f 3242 3230 3224
f 3242 3224 3232
f 3243 3232 3226
f 3243 3226 3233
f 3244 3233 3234
f 3245 2984 2983
f 3245 2985 2984
f 3245 3235 3241
f 3245 2983 3235
f 3246 3063 3062
f 3246 3064 3063
f 3246 3240 3064
f 3247 3241 3236
f 3248 3236 3237
f 3249 3237 3238
f 3249 3248 3237
f 3250 3244 3234
f 3250 3234 3240
f 3251 3245 3241
f 3252 3230 3242
f 3252 3238 3230
f 3253 3242 3232
f 3253 3232 3243
f 3254 3233 3244
f 3254 3243 3233
f 3255 2986 2985
f 3255 2987 2986
f 3255 2985 3245
f 3256 3250 3240
f 3256 3240 3246
f 3257 3241 3247
f 3257 3251 3241
f 3258 3248 3249
f 3259 3254 3244
f 3259 3250 3256
f 3259 3244 3250
f 3260 3255 3245
f 3260 3245 3251
f 3260 3251 3257
f 3261 3238 3252
f 3261 3249 3238
f 3262 3256 3246
f 3262 3246 3263
f 3264 3242 3253
f 3264 3252 3242
f 3264 3261 3252
f 3265 3243 3254
f 3265 3253 3243
f 3266 2988 2987
f 3266 2989 2988
f 3266 2987 3255
f 3267 3259 3256
f 3268 3260 3257
f 3269 3263 3270
f 3269 3262 3263
f 3271 3272 3248
f 3271 3273 3272
f 3271 3248 3258
f 3274 3254 3259
f 3274 3265 3254
f 3274 3259 3267
f 3275 3269 3270
f 3275 3276 3277
f 3275 3270 3276
f 3278 3255 3260
f 3278 3266 3255
f 3279 3249 3261
f 3279 3258 3249
f 3280 3267 3256
f 3280 3256 3262
f 3281 3261 3264
f 3282 3275 3277
f 3283 3264 3253
f 3283 3253 3265
f 3284 2990 2989
f 3284 2991 2990
f 3284 2992 2991
f 3284 2989 3266
f 3285 3274 3267
f 3286 3282 3277
f 3286 3277 3287
f 3288 3278 3260
f 3288 3260 3268
f 3289 3280 3262
f 3289 3262 3269
f 3289 3269 3275
f 3290 3286 3287
f 3290 3287 3291
f 3292 2993 2992
f 3292 2994 2993
f 3293 3273 3271
f 3294 3283 3265
f 3294 3265 3274
f 3295 3289 3275
f 3296 3266 3278
f 3296 3284 3266
f 3297 3258 3279
f 3297 3271 3258
f 3298 3285 3267
f 3298 3267 3280
f 3299 3291 3300
f 3299 3290 3291
f 3299 3300 3301
f 3302 3279 3261
f 3302 3261 3281
f 3302 3297 3279
f 3303 3295 3275
f 3303 3275 3282
f 3304 3299 3301
f 3305 2992 3284
f 3305 3292 2992
f 3305 2994 3292
f 3306 3282 3286
f 3306 3286 3290
f 3306 3303 3282
f 3307 3154 3153
f 3307 3152 3151
f 3307 3153 3152
f 3308 3278 3288
f 3308 3296 3278
f 3309 3280 3289
f 3309 3298 3280
f 3310 3304 3301
f 3310 3301 3311
f 3312 3306 3290
f 3313 2996 2995
f 3314 3315 3273
f 3314 3273 3293
f 3316 3317 3283
f 3316 3283 3294
f 3318 3289 3295
f 3318 3295 3303
f 3318 3309 3289
f 3319 3311 3320
f 3319 3310 3311
f 3321 3284 3296
f 3321 3305 3284
f 3322 3293 3271
f 3322 3271 3297
f 3323 3299 3304
f 3323 3312 3290
f 3323 3290 3299
f 3324 3297 3302
f 3325 3318 3303
f 3326 3281 3317
f 3326 3302 3281
f 3327 3323 3304
f 3328 2996 3313
f 3328 2995 2994
f 3328 2997 2996
f 3328 3313 2995
f 3328 2994 3305
f 3329 3325 3303
f 3329 3303 3306
f 3330 3319 3320
f 3330 3307 3151
f 3330 3320 3307
f 3330 3149 3148
f 3330 3150 3149
f 3330 3151 3150
f 3331 3296 3308
f 3331 3321 3296
f 3332 3304 3310
f 3332 3327 3304
f 3333 3288 3334
f 3333 3308 3288
f 3335 3306 3312
f 3335 3329 3306
f 3336 2998 2997
f 3336 2999 2998
f 3337 3333 3334
f 3337 3334 3315
f 3337 3315 3314
f 3338 3326 3317
f 3338 3317 3316
f 3339 3340 3309
f 3339 3309 3318
f 3339 3318 3325
f 3341 3310 3319
f 3341 3332 3310
f 3342 3305 3321
f 3342 3328 3305
f 3343 3314 3293
f 3343 3293 3322
f 3344 3312 3323
f 3344 3323 3327
f 3344 3335 3312
f 3345 3297 3324
f 3345 3343 3322
f 3345 3322 3297
f 3346 3339 3325
f 3347 3302 3326
f 3347 3324 3302
f 3348 3344 3327
f 3349 2997 3328
f 3349 3336 2997
f 3349 2999 3336
f 3350 3346 3325
f 3350 3325 3329
f 3351 3319 3330
f 3351 3330 3148
f 3351 3146 3145
f 3351 3147 3146
f 3351 3148 3147
f 3351 3341 3319
f 3352 3342 3321
f 3352 3321 3331
f 3353 3327 3332
f 3353 3348 3327
f 3354 3308 3333
f 3354 3331 3308
f 3355 3329 3335
f 3355 3350 3329
f 3356 3000 2999
f 3356 3001 3000
f 3356 3002 3001
f 3356 3003 3002
f 3357 3333 3337
f 3358 3326 3338
f 3358 3338 3359
f 3358 3347 3326
f 3360 3342 3352
f 3360 3328 3342
f 3360 3349 3328
f 3361 3357 3337
f 3361 3314 3343
f 3361 3337 3314
f 3362 3355 3335
f 3362 3344 3348
f 3362 3335 3344
f 3363 3343 3345
f 3364 3362 3348
f 3365 2999 3349
f 3365 3356 2999
f 3366 3358 3359
f 3367 3143 3142
f 3367 3144 3143
f 3368 3360 3352
f 3369 3348 3353
f 3369 3364 3348
f 3370 3331 3354
f 3370 3352 3331
f 3371 3003 3356
f 3371 3004 3003
f 3371 3005 3004
f 3371 3006 3005
f 3371 3356 3365
f 3372 3333 3357
f 3372 3354 3333
f 3373 3347 3358
f 3373 3374 3347
f 3375 3365 3349
f 3375 3349 3360
f 3376 3357 3361
f 3377 3361 3343
f 3377 3343 3363
f 3378 3008 3007
f 3378 3009 3008
f 3379 3374 3373
f 3380 3371 3365
f 3381 3358 3366
f 3381 3373 3358
f 3382 3140 3139
f 3382 3141 3140
f 3383 3375 3360
f 3383 3360 3368
f 3384 3352 3370
f 3384 3368 3352
f 3385 3006 3371
f 3385 3007 3006
f 3385 3010 3009
f 3385 3009 3378
f 3385 3378 3007
f 3386 3370 3354
f 3386 3354 3372
f 3386 3384 3370
f 3387 3379 3373
f 3387 3373 3381
f 3388 3380 3365
f 3388 3375 3383
f 3388 3365 3375
f 3389 3372 3357
f 3389 3357 3376
f 3390 3376 3361
f 3390 3361 3377
f 3391 3011 3010
f 3391 3012 3011
f 3391 3013 3012
f 3392 3371 3380
f 3392 3385 3371
f 3393 3387 3381
f 3394 3136 3135
f 3395 3388 3383
f 3396 3383 3368
f 3396 3368 3384
f 3397 3391 3010
f 3397 3010 3385
f 3398 3384 3386
f 3398 3396 3384
f 3399 3400 3379
f 3399 3379 3387
f 3401 3380 3388
f 3401 3392 3380
f 3402 3372 3389
f 3402 3386 3372
f 3403 3389 3376
f 3403 3376 3390
f 3404 3013 3391
f 3404 3391 3397
f 3404 3014 3013
f 3404 3015 3014
f 3404 3016 3015
f 3405 3397 3385
f 3405 3385 3392
f 3406 3399 3387
f 3406 3387 3393
f 3407 3131 3130
f 3407 3132 3131
f 3408 3401 3388
f 3408 3388 3395
f 3409 3017 3016
f 3409 3018 3017
f 3410 3408 3395
f 3410 3395 3383
f 3410 3383 3396
f 3411 3404 3397
f 3412 3396 3398
f 3413 3400 3399
f 3413 3414 3400
f 3415 3405 3392
f 3415 3392 3401
f 3415 3401 3408
f 3416 3398 3386
f 3416 3386 3402
f 3417 3019 3018
f 3417 3020 3019
f 3417 3021 3020
f 3418 3416 3402
f 3418 3402 3389
f 3418 3389 3403
f 3419 3016 3404
f 3419 3409 3016
f 3420 3414 3413
f 3420 3418 3403
f 3421 3411 3397
f 3421 3397 3405
f 3422 3127 3126
f 3422 3128 3127
f 3423 2957 2956
f 3423 2956 3021
f 3424 3415 3408
f 3425 3417 3018
f 3425 3018 3409
f 3426 3408 3410
f 3426 3424 3408
f 3427 3404 3411
f 3427 3419 3404
f 3428 3410 3396
f 3428 3396 3412
f 3429 3420 3413
f 3430 3415 3424
f 3430 3405 3415
f 3430 3421 3405
f 3431 3428 3412
f 3431 3398 3416
f 3431 3412 3398
f 3432 3423 3021
f 3432 3021 3417
f 3433 3416 3418
f 3434 3425 3409
f 3434 3409 3419
f 3435 3418 3420
f 3436 3427 3411
f 3436 3411 3421
f 3437 3124 3123
f 3438 2958 2957
f 3438 2959 2958
f 3438 2960 2959
f 3438 2957 3423
f 3439 3430 3424
f 3440 3417 3425
f 3440 3432 3417
f 3441 3424 3426
f 3441 3439 3424
f 3442 3419 3427
f 3442 3434 3419
f 3443 3426 3410
f 3443 3410 3428
f 3444 3435 3420
f 3444 3420 3429
f 3445 3421 3430
f 3445 3436 3421
f 3446 3428 3431
f 3447 2960 3438
f 3447 3423 3432
f 3447 3438 3423
f 3448 3431 3416
f 3448 3416 3433
f 3449 3434 3442
f 3449 3425 3434
f 3449 3440 3425
f 3450 3427 3436
f 3450 3442 3427
f 3451 3121 3120
f 3452 3445 3430
f 3452 3430 3439
f 3453 2960 3447
f 3453 3447 3432
f 3453 3432 3440
f 3454 3439 3441
f 3455 3449 3442
f 3456 3426 3443
f 3456 3441 3426
f 3457 3458 3435
f 3457 3435 3444
f 3459 3450 3436
f 3459 3445 3452
f 3459 3436 3445
f 3460 3443 3428
f 3460 3428 3446
f 3461 3460 3446
f 3461 3431 3448
f 3461 3446 3431
f 3462 3440 3449
f 3462 3453 3440
f 3462 3449 3455
f 3462 2960 3453
f 3463 3442 3450
f 3463 3455 3442
f 3464 3444 3465
f 3464 3457 3444
f 3466 3198 3197
f 3467 3459 3452
f 3468 3452 3439
f 3468 3439 3454
f 3469 3462 3455
f 3469 2960 3462
f 3470 3454 3441
f 3470 3441 3456
f 3471 3472 3458
f 3471 3457 3464
f 3471 3458 3457
f 3473 3463 3450
f 3473 3450 3459
f 3474 3443 3460
f 3474 3470 3456
f 3474 3456 3443
f 3475 3460 3461
f 3476 3477 3478
f 3476 3479 3477
f 3480 3461 3448
f 3480 3472 3471
f 3480 3448 3472
f 3481 3469 3455
f 3481 2960 3469
f 3481 3455 3463
f 3482 3471 3464
f 3483 3478 3484
f 3483 3476 3478
f 3485 3194 3193
f 3485 3195 3194
f 3486 3459 3467
f 3486 3473 3459
f 3487 3467 3452
f 3487 3486 3467
f 3487 3452 3468
f 3488 3484 3489
f 3488 3483 3484
f 3490 3468 3454
f 3490 3454 3470
f 3491 3480 3471
f 3492 3479 3476
f 3493 3463 3473
f 3493 2960 3481
f 3493 3481 3463
f 3494 3470 3474
f 3495 3464 3496
f 3495 3482 3464
f 3497 3489 3498
f 3497 3488 3489
f 3497 3498 3499
f 3500 3474 3460
f 3500 3460 3475
f 3501 3492 3476
f 3502 3475 3461
f 3502 3461 3480
f 3503 3497 3499
f 3504 3482 3495
f 3504 3491 3471
f 3504 3471 3482
f 3505 3483 3488
f 3505 3501 3476
f 3505 3476 3483
f 3506 3192 3191
f 3506 3193 3192
f 3506 3507 3508
f 3506 3508 3485
f 3506 3485 3193
f 3509 3493 3473
f 3509 2960 3493
f 3509 3473 3486
f 3510 3496 3511
f 3510 3495 3496
f 3512 3499 3513
f 3512 3503 3499
f 3514 3486 3487
f 3514 3509 3486
f 3515 3505 3488
f 3516 3487 3468
f 3516 3468 3490
f 3517 3502 3480
f 3517 3480 3491
f 3517 3491 3504
f 3518 3510 3511
f 3518 3511 3492
f 3518 3492 3501
f 3519 3490 3470
f 3519 3516 3490
f 3519 3470 3494
f 3520 3504 3495
f 3521 3515 3488
f 3521 3488 3497
f 3521 3497 3503
f 3522 3494 3474
f 3522 3474 3500
f 3523 3518 3501
f 3524 3522 3500
f 3524 3500 3475
f 3524 3475 3502
f 3525 3521 3503
f 3526 3517 3504
f 3526 3504 3520
f 3527 3505 3515
f 3527 3501 3505
f 3527 3523 3501
f 3528 3495 3510
f 3528 3510 3518
f 3528 3520 3495
f 3529 3503 3512
f 3529 3525 3503
f 3529 3512 3530
f 3531 2960 3509
f 3531 3509 3514
f 3532 3527 3515
f 3533 3514 3487
f 3533 3487 3516
f 3534 3517 3526
f 3534 3502 3517
f 3534 3524 3502
f 3535 3528 3518
f 3535 3518 3523
f 3536 3529 3530
f 3537 3516 3519
f 3538 3526 3520
f 3539 3532 3515
f 3539 3515 3521
f 3539 3521 3525
f 3540 3188 3541
f 3540 3189 3188
f 3540 3190 3189
f 3542 3537 3519
f 3542 3519 3494
f 3542 3494 3522
f 3543 3535 3523
f 3544 3522 3524
f 3545 3539 3525
f 3546 3534 3526
f 3547 3523 3527
f 3547 3543 3523
f 3548 3541 3188
f 3548 3530 3541
f 3548 3536 3530
f 3549 3538 3520
f 3549 3520 3528
f 3549 3528 3535
f 3550 3545 3525
f 3550 3525 3529
f 3550 3529 3536
f 3551 3527 3532
f 3551 3547 3527
f 3552 3514 3533
f 3552 2960 3531
f 3552 3531 3514
f 3553 3544 3524
f 3553 3524 3534
f 3554 3549 3535
f 3555 3536 3548
f 3555 3550 3536
f 3556 3533 3516
f 3556 3516 3537
f 3557 3526 3538
f 3557 3538 3549
f 3557 3546 3526
f 3558 3532 3539
f 3558 3539 3545
f 3558 3551 3532
f 3559 3187 3186
f 3559 3188 3187
f 3559 3548 3188
f 3560 3537 3542
f 3561 3543 3547
f 3561 3535 3543
f 3561 3554 3535
f 3562 3542 3522
f 3562 3522 3544
f 3562 3560 3542
f 3563 3558 3545
f 3564 3534 3546
f 3564 3553 3534
f 3564 3546 3557
f 3565 3561 3547
f 3566 3555 3548
f 3567 3557 3549
f 3568 3563 3545
f 3568 3550 3555
f 3568 3545 3550
f 3569 3565 3547
f 3569 3547 3551
f 3570 3562 3544
f 3570 3544 3553
f 3571 3554 3561
f 3571 3567 3549
f 3571 3549 3554
f 3572 3568 3555
f 3572 3555 3566
f 3573 3552 3533
f 3573 2960 3552
f 3573 3533 3556
f 3574 3564 3557
f 3575 3569 3551
f 3575 3551 3558
f 3575 3558 3563
f 3576 3184 3183
f 3576 3185 3184
f 3577 3537 3560
f 3577 3556 3537
f 3578 3571 3561
f 3579 3560 3562
f 3579 3577 3560
f 3580 3575 3563
f 3581 3564 3574
f 3581 3570 3553
f 3581 3553 3564
f 3582 3578 3561
f 3582 3561 3565
f 3583 3572 3566
f 3584 3574 3557
f 3584 3557 3567
f 3585 3580 3563
f 3585 3563 3568
f 3586 3565 3569
f 3586 3582 3565
f 3587 3579 3562
f 3587 3562 3570
f 3588 3567 3571
f 3588 3584 3567
f 3589 3568 3572
f 3589 3585 3568
f 3590 3581 3574
f 3591 3586 3569
f 3591 3569 3575
f 3591 3575 3580
f 3592 3566 3576
f 3592 3182 3181
f 3592 3183 3182
f 3592 3583 3566
f 3592 3576 3183
f 3593 2960 3573
f 3593 3573 3556
f 3593 3556 3577
f 3594 3571 3578
f 3594 3588 3571
f 3595 3577 3579
f 3596 3591 3580
f 3597 3581 3590
f 3597 3570 3581
f 3597 3587 3570
f 3598 3578 3582
f 3598 3582 3586
f 3598 3594 3578
f 3599 3572 3583
f 3599 3589 3572
f 3600 3590 3574
f 3600 3574 3584
f 3600 3584 3588
f 3601 3596 3580
f 3601 3580 3585
f 3602 3598 3586
f 3603 3595 3579
f 3603 3587 3597
f 3603 3579 3587
f 3604 3588 3594
f 3604 3600 3588
f 3605 3601 3585
f 3605 3585 3589
f 3606 3597 3590
f 3607 3586 3591
f 3607 3602 3586
f 3608 3599 3583
f 3608 3180 3179
f 3608 3181 3180
f 3608 3592 3181
f 3608 3583 3592
f 3609 3604 3594
f 3610 2960 3593
f 3610 3593 3577
f 3610 3577 3595
f 3611 3591 3596
f 3611 3607 3591
f 3612 3603 3597
f 3612 3597 3606
f 3613 3609 3594
f 3613 3594 3598
f 3614 3605 3589
f 3614 3589 3599
f 3615 3590 3600
f 3615 3606 3590
f 3616 3596 3601
f 3616 3611 3596
f 3617 3598 3602
f 3617 3613 3598
f 3618 3610 3595
f 3618 2960 3610
f 3618 3603 3612
f 3618 3595 3603
f 3619 3600 3604
f 3619 3615 3600
f 3619 3604 3609
f 3620 3601 3605
f 3620 3616 3601
f 3621 3612 3606
f 3622 3602 3607
f 3622 3607 3611
f 3622 3617 3602
f 3623 3614 3599
f 3623 3608 3179
f 3623 3599 3608
f 3624 3619 3609
f 3625 3622 3611
f 3626 2960 3618
f 3626 3618 3612
f 3626 3612 3621
f 3627 3613 3617
f 3627 3609 3613
f 3627 3624 3609
f 3628 3605 3614
f 3628 3620 3605
f 3628 3614 3623
f 3629 3606 3615
f 3629 3621 3606
f 3630 3611 3616
f 3630 3625 3611
f 3631 3178 3177
f 3631 3179 3178
f 3631 3623 3179
f 3632 3627 3617
f 3633 3615 3619
f 3633 3629 3615
f 3633 3619 3624
f 3634 3620 3628
f 3634 3630 3616
f 3634 3616 3620
f 3635 2960 3626
f 3635 3626 3621
f 3636 3632 3617
f 3636 3617 3622
f 3637 3628 3623
f 3638 3633 3624
f 3639 3625 3630
f 3639 3622 3625
f 3639 3636 3622
f 3640 3627 3632
f 3640 3624 3627
f 3640 3638 3624
f 3641 3634 3628
f 3641 3628 3637
f 3642 2960 3635
f 3642 3635 3621
f 3642 3621 3629
f 3643 3639 3630
f 3644 3631 3177
f 3644 3623 3631
f 3644 3177 3176
f 3644 3637 3623
f 3645 3640 3632
f 3646 3642 3629
f 3646 3629 3633
f 3646 3633 3638
f 3646 2960 3642
f 3647 3634 3641
f 3647 3643 3630
f 3647 3630 3634
f 3648 3632 3636
f 3648 3645 3632
f 3649 3641 3637
f 3650 2960 3646
f 3650 3646 3638
f 3651 3636 3639
f 3651 3648 3636
f 3652 2960 3650
f 3652 3638 3640
f 3652 3640 3645
f 3652 3650 3638
f 3653 3647 3641
f 3654 3639 3643
f 3654 3643 3647
f 3654 3651 3639
f 3655 3176 3175
f 3655 3644 3176
f 3655 3637 3644
f 3655 3649 3637
f 3656 2955 2960
f 3656 2960 3652
f 3656 3652 3645
f 3657 3647 3653
f 3657 3654 3647
f 3658 3656 3645
f 3658 2955 3656
f 3658 3645 3648
f 3659 3641 3649
f 3659 3653 3641
f 3659 3649 3655
f 3660 3175 3174
f 3660 3655 3175
f 3661 2955 3658
f 3661 3648 3651
f 3661 3658 3648
f 3662 3657 3653
f 3663 2955 3661
f 3663 3651 3654
f 3663 3654 3657
f 3663 3661 3651
f 3664 3659 3655
f 3665 3663 3657
f 3665 2955 3663
f 3666 3659 3664
f 3666 3653 3659
f 3666 3662 3653
f 3667 3664 3655
f 3667 3174 3173
f 3667 3660 3174
f 3667 3655 3660
f 3668 2955 3665
f 3668 3665 3657
f 3668 3657 3662
f 3669 3666 3664
f 3670 3666 3669
f 3670 2955 3668
f 3670 3662 3666
f 3670 3668 3662
f 3671 3667 3173
f 3671 3669 3664
f 3671 3664 3667
f 3672 3670 3669
f 3672 2955 3670
f 3673 2955 3672
f 3673 3669 3671
f 3673 3672 3669
f 3674 3671 3173
f 3674 3172 3171
f 3674 3173 3172
f 3675 2955 3673
f 3675 3671 3674
f 3675 3673 3671
f 3676 3674 3171
f 3676 3171 3170
f 3676 3675 3674
f 3676 2955 3675
f 3677 3170 3169
f 3677 3676 3170
f 3677 2955 3676
f 3678 3677 3169
f 3678 3169 3168
f 3678 2955 3677
f 3679 3168 3167
f 3679 3678 3168
f 3679 2955 3678
f 3680 3167 3166
f 3680 3679 3167
f 3680 2955 3679
f 3681 3680 3166
f 3681 2955 3680
f 3682 3166 3165
f 3682 3681 3166
f 3682 2955 3681
f 3683 3682 3165
f 3683 2955 3682
f 3684 3683 3165
f 3684 2955 3683
f 3685 2951 2952
f 3685 3164 2951
f 3686 3165 3164
f 3686 2955 3684
f 3686 3684 3165
f 3687 2952 2953
f 3687 2953 2954
f 3687 2954 2955
f 3687 2955 3686
f 3687 3685 2952
f 3687 3164 3685
f 3687 3686 3164
f 3688 3223 3239
f 3688 3216 3223
f 3688 3222 3216
f 3689 3239 3237
f 3689 3237 3229
f 3689 3688 3239
f 3689 3222 3688
f 3689 3229 3222
f 3690 3053 3052
f 3690 3054 3053
f 3690 3055 3054
f 3690 3276 3270
f 3690 3051 3050
f 3690 3052 3051
f 3691 3690 3050
f 3691 3050 3049
f 3692 3691 3049
f 3693 3692 3049
f 3693 3047 3046
f 3693 3048 3047
f 3693 3049 3048
f 3694 3247 3236
f 3694 3236 3248
f 3694 3248 3272
f 3695 3690 3691
f 3695 3276 3690
f 3695 3692 3693
f 3695 3277 3276
f 3695 3691 3692
f 3696 3695 3693
f 3697 3693 3046
f 3697 3696 3693
f 3697 3045 3044
f 3697 3046 3045
f 3698 3277 3695
f 3698 3695 3696
f 3698 3696 3697
f 3698 3287 3277
f 3699 3698 3697
f 3700 3699 3697
f 3701 3697 3044
f 3701 3700 3697
f 3701 3042 3041
f 3701 3043 3042
f 3701 3044 3043
f 3702 3699 3700
f 3702 3698 3699
f 3702 3287 3698
f 3702 3700 3701
f 3702 3291 3287
f 3703 3702 3701
f 3704 3701 3041
f 3704 3040 3039
f 3704 3703 3701
f 3704 3041 3040
f 3705 3024 3162
f 3705 3161 3160
f 3705 3162 3161
f 3705 3025 3024
f 3705 3026 3025
f 3705 3027 3026
f 3706 3702 3703
f 3706 3291 3702
f 3706 3703 3704
f 3706 3300 3291
f 3707 3706 3704
f 3708 3707 3704
f 3708 3704 3039
f 3708 3038 3037
f 3708 3039 3038
f 3709 3027 3705
f 3709 3028 3027
f 3709 3029 3028
f 3710 3709 3705
f 3711 3160 3159
f 3711 3710 3705
f 3711 3705 3160
f 3712 3706 3707
f 3712 3300 3706
f 3712 3707 3708
f 3713 3029 3709
f 3713 3030 3029
f 3713 3031 3030
f 3714 3712 3708
f 3715 3713 3709
f 3716 3714 3708
f 3716 3708 3037
f 3716 3035 3034
f 3716 3036 3035
f 3716 3037 3036
f 3717 3709 3710
f 3717 3711 3159
f 3717 3710 3711
f 3717 3715 3709
f 3718 3031 3713
f 3718 3716 3034
f 3718 3032 3031
f 3718 3033 3032
f 3718 3034 3033
f 3719 3718 3713
f 3720 3272 3273
f 3720 3694 3272
f 3720 3257 3247
f 3720 3247 3694
f 3721 3719 3713
f 3721 3713 3715
f 3721 3715 3717
f 3722 3268 3257
f 3722 3273 3315
f 3722 3257 3720
f 3722 3720 3273
f 3723 3283 3317
f 3723 3281 3264
f 3723 3317 3281
f 3723 3264 3283
f 3724 3320 3311
f 3725 3156 3155
f 3726 3334 3288
f 3726 3315 3334
f 3726 3288 3268
f 3726 3268 3722
f 3726 3722 3315
f 3727 3724 3725
f 3727 3320 3724
f 3727 3307 3320
f 3728 3155 3154
f 3728 3725 3155
f 3728 3154 3307
f 3728 3727 3725
f 3728 3307 3727
f 3729 3730 3731
f 3729 3285 3298
f 3732 3731 3730
f 3732 3733 3734
f 3735 3324 3347
f 3735 3345 3324
f 3735 3347 3374
f 3736 3734 3733
f 3736 3737 3359
f 3738 3739 3353
f 3738 3341 3351
f 3738 3351 3145
f 3738 3332 3341
f 3738 3144 3367
f 3738 3367 3739
f 3738 3145 3144
f 3738 3353 3332
f 3740 3737 3736
f 3740 3736 3733
f 3741 3363 3345
f 3741 3735 3374
f 3741 3345 3735
f 3741 3374 3379
f 3742 3353 3739
f 3742 3369 3353
f 3742 3367 3142
f 3742 3743 3369
f 3742 3141 3382
f 3742 3739 3367
f 3742 3142 3141
f 3742 3382 3743
f 3744 3741 3379
f 3744 3377 3363
f 3744 3363 3741
f 3744 3379 3400
f 3745 3394 3746
f 3747 3390 3377
f 3747 3744 3400
f 3747 3377 3744
f 3747 3400 3414
f 3748 3390 3747
f 3748 3747 3414
f 3748 3414 3420
f 3748 3420 3403
f 3748 3403 3390
f 3749 3406 3750
f 3749 3751 3752
f 3753 3749 3750
f 3753 3751 3749
f 3754 3433 3418
f 3754 3435 3458
f 3754 3418 3435
f 3755 3756 3757
f 3755 3752 3751
f 3758 3756 3755
f 3758 3755 3751
f 3758 3751 3759
f 3760 3458 3472
f 3760 3448 3433
f 3760 3433 3754
f 3760 3754 3458
f 3760 3472 3448
f 3761 3757 3756
f 3761 3762 3465
f 3763 3479 3764
f 3763 3477 3479
f 3763 3756 3765
f 3763 3764 3762
f 3763 3761 3756
f 3763 3762 3761
f 3763 3765 3477
f 3766 3492 3511
f 3766 3511 3496
f 3766 3764 3479
f 3766 3762 3764
f 3766 3479 3492
f 3767 3541 3530
f 3767 3530 3512
f 3767 3513 3507
f 3767 3507 3506
f 3767 3512 3513
f 3768 3576 3566
f 3768 3566 3548
f 3768 3186 3185
f 3768 3185 3576
f 3768 3559 3186
f 3768 3548 3559
f 3769 3056 3055
f 3769 3057 3056
f 3769 3058 3057
f 3769 3059 3058
f 3769 3060 3059
f 3769 3061 3060
f 3769 3062 3061
f 3769 3270 3263
f 3769 3246 3062
f 3769 3690 3270
f 3769 3055 3690
f 3769 3263 3246
f 3770 3300 3712
f 3770 3712 3714
f 3770 3716 3718
f 3770 3714 3716
f 3770 3311 3301
f 3770 3724 3311
f 3770 3301 3300
f 3771 3770 3718
f 3771 3157 3156
f 3771 3725 3724
f 3771 3719 3721
f 3771 3724 3770
f 3771 3718 3719
f 3771 3156 3725
f 3772 3158 3157
f 3772 3771 3721
f 3772 3159 3158
f 3772 3717 3159
f 3772 3721 3717
f 3772 3157 3771
f 3773 3285 3729
f 3773 3294 3274
f 3773 3729 3731
f 3773 3274 3285
f 3773 3731 3294
f 3774 3309 3340
f 3774 3298 3309
f 3774 3729 3298
f 3775 3729 3774
f 3775 3340 3730
f 3775 3774 3340
f 3775 3730 3729
f 3776 3732 3734
f 3776 3734 3316
f 3776 3316 3294
f 3776 3294 3731
f 3776 3731 3732
f 3777 3732 3730
f 3777 3730 3340
f 3778 3316 3734
f 3778 3734 3736
f 3778 3338 3316
f 3779 3733 3732
f 3779 3780 3733
f 3779 3732 3777
f 3781 3736 3359
f 3781 3778 3736
f 3781 3338 3778
f 3781 3359 3338
f 3782 3733 3780
f 3782 3740 3733
f 3783 3366 3359
f 3783 3737 3784
f 3783 3359 3737
f 3785 3737 3740
f 3785 3740 3782
f 3785 3786 3737
f 3787 3366 3783
f 3787 3784 3788
f 3787 3783 3784
f 3787 3788 3366
f 3789 3737 3786
f 3789 3784 3737
f 3790 3366 3788
f 3790 3788 3791
f 3792 3382 3745
f 3792 3743 3382
f 3793 3784 3789
f 3793 3788 3784
f 3793 3794 3788
f 3795 3366 3790
f 3795 3381 3366
f 3795 3790 3791
f 3795 3791 3796
f 3795 3796 3381
f 3797 3791 3788
f 3797 3788 3794
f 3798 3745 3382
f 3798 3394 3745
f 3798 3136 3394
f 3798 3137 3136
f 3798 3138 3137
f 3798 3139 3138
f 3798 3382 3139
f 3799 3796 3800
f 3799 3381 3796
f 3801 3746 3394
f 3801 3394 3802
f 3803 3804 3796
f 3803 3791 3797
f 3803 3796 3791
f 3805 3800 3806
f 3805 3799 3800
f 3805 3393 3381
f 3805 3381 3799
f 3805 3806 3393
f 3807 3407 3808
f 3807 3801 3802
f 3807 3802 3407
f 3809 3800 3796
f 3809 3796 3804
f 3810 3394 3135
f 3810 3134 3133
f 3810 3135 3134
f 3810 3802 3394
f 3811 3132 3407
f 3811 3133 3132
f 3811 3810 3133
f 3811 3802 3810
f 3811 3407 3802
f 3812 3406 3393
f 3812 3806 3813
f 3812 3393 3806
f 3814 3808 3407
f 3814 3407 3815
f 3816 3800 3809
f 3816 3817 3806
f 3816 3806 3800
f 3818 3399 3406
f 3818 3406 3749
f 3819 3750 3406
f 3819 3406 3812
f 3819 3813 3750
f 3819 3812 3813
f 3820 3422 3821
f 3820 3814 3815
f 3820 3815 3422
f 3822 3806 3817
f 3822 3813 3806
f 3823 3407 3130
f 3823 3815 3407
f 3823 3130 3129
f 3824 3128 3422
f 3824 3815 3823
f 3824 3823 3129
f 3824 3129 3128
f 3824 3422 3815
f 3825 3399 3818
f 3825 3749 3752
f 3825 3752 3413
f 3825 3818 3749
f 3825 3413 3399
f 3826 3821 3422
f 3826 3422 3827
f 3828 3829 3750
f 3828 3750 3813
f 3828 3813 3822
f 3830 3429 3413
f 3830 3755 3757
f 3830 3413 3752
f 3830 3752 3755
f 3830 3757 3429
f 3831 3827 3437
f 3831 3437 3832
f 3831 3826 3827
f 3833 3750 3829
f 3833 3753 3750
f 3834 3827 3422
f 3834 3437 3827
f 3834 3125 3124
f 3834 3126 3125
f 3834 3124 3437
f 3834 3422 3126
f 3835 3437 3836
f 3835 3832 3437
f 3837 3753 3833
f 3837 3751 3753
f 3837 3759 3751
f 3838 3757 3761
f 3838 3444 3429
f 3838 3465 3444
f 3838 3761 3465
f 3838 3429 3757
f 3839 3451 3840
f 3839 3835 3836
f 3839 3836 3451
f 3841 3123 3122
f 3841 3836 3437
f 3841 3437 3123
f 3842 3451 3836
f 3842 3836 3841
f 3842 3121 3451
f 3842 3122 3121
f 3842 3841 3122
f 3843 3840 3451
f 3843 3451 3844
f 3845 3765 3756
f 3845 3756 3758
f 3846 3466 3847
f 3846 3843 3844
f 3846 3844 3466
f 3848 3844 3451
f 3848 3120 3199
f 3848 3451 3120
f 3849 3848 3199
f 3849 3844 3848
f 3850 3464 3465
f 3850 3762 3766
f 3850 3465 3762
f 3851 3847 3466
f 3851 3466 3852
f 3853 3199 3198
f 3853 3466 3844
f 3853 3198 3466
f 3853 3849 3199
f 3853 3844 3849
f 3854 3766 3496
f 3854 3496 3464
f 3854 3850 3766
f 3854 3464 3850
f 3855 3485 3508
f 3855 3851 3852
f 3855 3852 3485
f 3856 3197 3196
f 3856 3466 3197
f 3856 3852 3466
f 3857 3196 3195
f 3857 3856 3196
f 3857 3852 3856
f 3857 3485 3852
f 3857 3195 3485
f 3858 3506 3191
f 3858 3767 3506
f 3859 3858 3191
f 3859 3191 3190
f 3859 3540 3541
f 3859 3190 3540
f 3859 3541 3767
f 3859 3767 3858
f 3860 3780 3861
f 3860 3782 3780
f 3860 3861 3862
f 3863 3785 3782
f 3863 3782 3860
f 3864 3364 3369
f 3864 3369 3743
f 3864 3743 3792
f 3865 3866 3786
f 3865 3786 3785
f 3865 3785 3863
f 3865 3867 3866
f 3868 3786 3866
f 3868 3789 3786
f 3868 3866 3867
f 3869 3864 3792
f 3869 3792 3745
f 3869 3745 3746
f 3869 3746 3870
f 3871 3789 3868
f 3871 3793 3789
f 3872 3873 3870
f 3872 3746 3801
f 3872 3870 3746
f 3874 3875 3876
f 3874 3793 3871
f 3874 3794 3793
f 3874 3876 3794
f 3877 3872 3801
f 3877 3801 3807
f 3878 3876 3875
f 3878 3797 3794
f 3878 3794 3876
f 3879 3803 3797
f 3879 3797 3878
f 3880 3877 3807
f 3880 3808 3881
f 3880 3807 3808
f 3880 3881 3882
f 3883 3808 3814
f 3883 3881 3808
f 3883 3882 3881
f 3884 3803 3879
f 3884 3885 3886
f 3884 3804 3803
f 3884 3886 3804
f 3887 3814 3820
f 3887 3883 3814
f 3888 3886 3885
f 3888 3809 3804
f 3888 3804 3886
f 3889 3816 3809
f 3889 3809 3888
f 3890 3891 3892
f 3890 3820 3821
f 3890 3821 3891
f 3890 3887 3820
f 3893 3892 3891
f 3893 3821 3826
f 3893 3891 3821
f 3894 3895 3817
f 3894 3817 3816
f 3894 3816 3889
f 3894 3896 3895
f 3897 3826 3831
f 3897 3893 3826
f 3898 3817 3895
f 3898 3822 3817
f 3898 3895 3896
f 3899 3828 3822
f 3899 3822 3898
f 3900 3832 3901
f 3900 3831 3832
f 3900 3901 3902
f 3900 3897 3831
f 3903 3901 3832
f 3903 3832 3835
f 3903 3902 3901
f 3904 3905 3906
f 3904 3828 3899
f 3904 3829 3828
f 3904 3906 3829
f 3907 3903 3835
f 3907 3835 3839
f 3908 3906 3905
f 3908 3829 3906
f 3908 3833 3829
f 3909 3837 3833
f 3909 3833 3908
f 3910 3911 3912
f 3910 3839 3840
f 3910 3840 3911
f 3910 3907 3839
f 3913 3912 3911
f 3913 3911 3840
f 3913 3840 3843
f 3914 3915 3916
f 3914 3759 3837
f 3914 3837 3909
f 3914 3916 3759
f 3917 3843 3846
f 3917 3913 3843
f 3918 3845 3758
f 3918 3758 3759
f 3918 3759 3916
f 3919 3920 3921
f 3919 3846 3847
f 3919 3847 3920
f 3919 3917 3846
f 3922 3921 3920
f 3922 3847 3851
f 3922 3920 3847
f 3923 3478 3477
f 3923 3765 3845
f 3923 3477 3765
f 3923 3845 3918
f 3924 3851 3855
f 3924 3922 3851
f 3925 3924 3855
f 3925 3508 3926
f 3925 3926 3927
f 3925 3855 3508
f 3928 3863 3860
f 3928 3862 3929
f 3928 3860 3862
f 3930 3364 3864
f 3930 3864 3869
f 3931 3863 3928
f 3931 3867 3865
f 3931 3865 3863
f 3932 3870 3873
f 3932 3930 3869
f 3932 3873 3933
f 3932 3869 3870
f 3934 3871 3868
f 3934 3868 3867
f 3934 3867 3935
f 3936 3873 3872
f 3936 3872 3877
f 3936 3933 3873
f 3937 3871 3934
f 3937 3874 3871
f 3937 3875 3874
f 3938 3936 3877
f 3938 3880 3882
f 3938 3877 3880
f 3939 3878 3875
f 3939 3879 3878
f 3939 3875 3940
f 3941 3942 3882
f 3941 3882 3883
f 3941 3883 3887
f 3943 3884 3879
f 3943 3879 3939
f 3943 3885 3884
f 3944 3941 3887
f 3944 3887 3890
f 3944 3890 3892
f 3945 3889 3888
f 3945 3885 3946
f 3945 3888 3885
f 3947 3892 3893
f 3947 3948 3892
f 3947 3893 3897
f 3949 3894 3889
f 3949 3896 3894
f 3949 3889 3945
f 3950 3947 3897
f 3950 3900 3902
f 3950 3897 3900
f 3951 3899 3898
f 3951 3898 3896
f 3951 3896 3952
f 3953 3903 3907
f 3953 3954 3902
f 3953 3902 3903
f 3955 3905 3904
f 3955 3904 3899
f 3955 3899 3951
f 3956 3910 3912
f 3956 3953 3907
f 3956 3907 3910
f 3957 3905 3958
f 3957 3908 3905
f 3957 3909 3908
f 3959 3913 3917
f 3959 3912 3913
f 3959 3960 3912
f 3961 3915 3914
f 3961 3909 3957
f 3961 3914 3909
f 3962 3917 3919
f 3962 3919 3921
f 3962 3959 3917
f 3963 3916 3915
f 3963 3915 3964
f 3963 3918 3916
f 3965 3921 3922
f 3965 3922 3924
f 3965 3966 3921
f 3967 3923 3918
f 3967 3478 3923
f 3967 3918 3963
f 3968 3965 3924
f 3968 3925 3927
f 3968 3924 3925
f 3969 3355 3362
f 3969 3364 3930
f 3969 3362 3364
f 3970 3969 3930
f 3970 3930 3932
f 3970 3932 3933
f 3971 3931 3928
f 3971 3928 3929
f 3972 3867 3931
f 3972 3935 3867
f 3972 3931 3971
f 3973 3936 3938
f 3973 3933 3936
f 3974 3937 3934
f 3974 3934 3935
f 3974 3935 3975
f 3976 3882 3942
f 3976 3938 3882
f 3976 3973 3938
f 3977 3875 3937
f 3977 3937 3974
f 3977 3940 3875
f 3978 3975 3942
f 3978 3942 3941
f 3978 3941 3944
f 3979 3939 3940
f 3979 3943 3939
f 3980 3978 3944
f 3980 3944 3892
f 3980 3892 3948
f 3981 3943 3979
f 3981 3885 3943
f 3981 3946 3885
f 3982 3947 3950
f 3982 3948 3947
f 3983 3949 3945
f 3983 3945 3946
f 3984 3982 3950
f 3984 3950 3902
f 3984 3902 3954
f 3985 3896 3949
f 3985 3952 3896
f 3985 3949 3983
f 3986 3954 3953
f 3986 3953 3956
f 3987 3951 3952
f 3987 3952 3988
f 3987 3955 3951
f 3989 3986 3956
f 3989 3912 3960
f 3989 3956 3912
f 3990 3905 3955
f 3990 3955 3987
f 3990 3958 3905
f 3991 3988 3960
f 3991 3960 3959
f 3991 3959 3962
f 3992 3957 3958
f 3992 3961 3957
f 3993 3991 3962
f 3993 3921 3966
f 3993 3962 3921
f 3994 3964 3915
f 3994 3915 3961
f 3994 3995 3964
f 3994 3961 3992
f 3996 3966 3965
f 3996 3965 3968
f 3997 3963 3964
f 3997 3967 3963
f 3998 3968 3927
f 3998 3927 3999
f 3998 3996 3968
f 4000 3484 3478
f 4000 3489 3484
f 4000 3478 3967
f 4000 3967 3997
f 4001 3969 3970
f 4001 3355 3969
f 4002 4003 3929
f 4002 4001 3970
f 4002 3970 3933
f 4002 3933 4003
f 4004 3929 4003
f 4004 3933 3973
f 4004 3971 3929
f 4004 4003 3933
f 4005 3972 3971
f 4005 3971 4004
f 4005 3973 3976
f 4005 4004 3973
f 4006 3935 3972
f 4006 3976 3942
f 4006 3975 3935
f 4006 3942 3975
f 4006 3972 4005
f 4006 4005 3976
f 4007 3975 3978
f 4007 3974 3975
f 4008 3977 3974
f 4008 3974 4007
f 4008 4007 3978
f 4008 3978 3980
f 4009 4008 3980
f 4009 3940 3977
f 4009 3980 3948
f 4009 3948 4010
f 4009 4010 3940
f 4009 3977 4008
f 4011 3979 3940
f 4011 3948 3982
f 4011 4010 3948
f 4011 3940 4010
f 4012 3981 3979
f 4012 3982 3984
f 4012 4011 3982
f 4012 3979 4011
f 4013 3981 4012
f 4013 4012 3984
f 4013 4014 3946
f 4013 3946 3981
f 4013 3984 3954
f 4013 3954 4014
f 4015 3946 4014
f 4015 3954 3986
f 4015 4014 3954
f 4015 3983 3946
f 4016 4015 3986
f 4016 3985 3983
f 4016 3986 3989
f 4016 3983 4015
f 4017 4016 3989
f 4017 3952 3985
f 4017 3989 3960
f 4017 3960 3988
f 4017 3988 3952
f 4017 3985 4016
f 4018 3988 3991
f 4018 3987 3988
f 4019 4018 3991
f 4019 3987 4018
f 4019 3990 3987
f 4019 3991 3993
f 4020 4019 3993
f 4020 3990 4019
f 4020 3958 3990
f 4020 3993 3966
f 4020 3966 4021
f 4020 4021 3958
f 4022 3992 3958
f 4022 3966 3996
f 4022 4021 3966
f 4022 3958 4021
f 4023 3994 3992
f 4023 3996 3998
f 4023 4022 3996
f 4023 3992 4022
f 4024 3994 4023
f 4024 4023 3998
f 4024 3995 3994
f 4024 3998 3999
f 4024 3999 3995
f 4025 3997 3964
f 4025 3964 3995
f 4025 3995 3999
f 4026 3489 4000
f 4026 4000 3997
f 4026 3997 4025
f 4027 3346 3350
f 4027 3355 4001
f 4027 3350 3355
f 4028 4002 3929
f 4028 4027 4001
f 4028 4001 4002
f 4029 4025 3999
f 4029 4026 4025
f 4030 3498 3489
f 4030 4026 4029
f 4030 3489 4026
f 4030 3499 3498
f 4031 3346 4027
f 4031 4027 4028
f 4031 3339 3346
f 4032 4028 3929
f 4032 4031 4028
f 4032 3862 3861
f 4032 3929 3862
f 4033 3927 3926
f 4033 3999 3927
f 4033 4029 3999
f 4034 3513 3499
f 4034 4030 4029
f 4034 3499 4030
f 4034 4029 4033
f 4035 3861 3780
f 4035 4031 4032
f 4035 4032 3861
f 4036 3926 3508
f 4036 3507 3513
f 4036 3508 3507
f 4036 3513 4034
f 4036 4033 3926
f 4036 4034 4033
f 4037 3777 3340
f 4037 3779 3777
f 4038 4035 3780
f 4038 3780 3779
f 4038 4037 4035
f 4038 3779 4037
f 4039 4037 3340
f 4039 3339 4031
f 4039 4035 4037
f 4039 4031 4035
f 4039 3340 3339
f 4197 4041 4040
f 4197 4044 4041
f 4198 4045 4044
f 4198 4044 4197
f 4199 4046 4045
f 4199 4045 4198
f 4200 4047 4046
f 4200 4046 4199
f 4201 4048 4047
f 4201 4047 4200
f 4202 4049 4048
f 4202 4048 4201
f 4203 4050 4049
f 4203 4049 4202
f 4204 4051 4050
f 4204 4052 4051
f 4204 4050 4203
f 4205 4052 4204
f 4206 4053 4052
f 4206 4052 4205
f 4207 4054 4053
f 4207 4053 4206
f 4208 4055 4054
f 4208 4056 4055
f 4208 4054 4207
f 4209 4056 4208
f 4210 4057 4056
f 4210 4056 4209
f 4211 4058 4057
f 4211 4057 4210
f 4212 4059 4058
f 4212 4058 4211
f 4213 4060 4059
f 4213 4059 4212
f 4214 4061 4060
f 4214 4060 4213
f 4215 4062 4061
f 4215 4061 4214
f 4216 4063 4062
f 4216 4062 4215
f 4217 4063 4216
f 4217 4064 4063
f 4217 4065 4064
f 4218 4065 4217
f 4219 4065 4218
f 4219 4066 4065
f 4220 4066 4219
f 4220 4067 4066
f 4220 4068 4067
f 4221 4068 4220
f 4222 4069 4068
f 4222 4068 4221
f 4223 4070 4069
f 4223 4071 4070
f 4223 4069 4222
f 4224 4071 4223
f 4225 4072 4071
f 4225 4073 4072
f 4225 4071 4224
f 4226 4074 4073
f 4226 4073 4225
f 4227 4074 4226
f 4228 4075 4074
f 4228 4074 4227
f 4229 4076 4075
f 4229 4075 4228
f 4230 4077 4076
f 4230 4076 4229
f 4231 4078 4077
f 4231 4077 4230
f 4232 4079 4078
f 4232 4080 4079
f 4232 4078 4231
f 4233 4080 4232
f 4234 4081 4080
f 4234 4080 4233
f 4235 4082 4081
f 4235 4081 4234
f 4236 4083 4082
f 4236 4082 4235
f 4237 4084 4083
f 4237 4083 4236
f 4238 4085 4084
f 4238 4084 4237
f 4239 4086 4085
f 4239 4085 4238
f 4240 4087 4086
f 4240 4088 4087
f 4240 4086 4239
f 4241 4088 4240
f 4242 4088 4241
f 4242 4089 4088
f 4243 4089 4242
f 4243 4090 4089
f 4244 4090 4243
f 4244 4091 4090
f 4245 4091 4244
f 4245 4092 4091
f 4246 4092 4245
f 4246 4093 4092
f 4246 4094 4093
f 4247 4094 4246
f 4248 4094 4247
f 4248 4095 4094
f 4249 4095 4248
f 4249 4096 4095
f 4250 4096 4249
f 4250 4097 4096
f 4251 4097 4250
f 4251 4098 4097
f 4252 4098 4251
f 4252 4099 4098
f 4253 4099 4252
f 4253 4100 4099
f 4254 4100 4253
f 4254 4101 4100
f 4254 4102 4101
f 4255 4102 4254
f 4256 4103 4102
f 4256 4102 4255
f 4257 4104 4103
f 4257 4103 4256
f 4258 4104 4257
f 4258 4105 4104
f 4259 4106 4105
f 4259 4105 4258
f 4260 4107 4106
f 4260 4106 4259
f 4261 4108 4107
f 4261 4109 4108
f 4261 4107 4260
f 4262 4109 4261
f 4263 4110 4109
f 4263 4111 4110
f 4263 4109 4262
f 4264 4111 4263
f 4264 4112 4111
f 4265 4112 4264
f 4266 4113 4112
f 4266 4114 4113
f 4266 4112 4265
f 4267 4114 4266
f 4268 4114 4267
f 4268 4115 4114
f 4269 4115 4268
f 4269 4116 4115
f 4270 4116 4269
f 4270 4117 4116
f 4271 4117 4270
f 4271 4118 4117
f 4272 4118 4271
f 4272 4119 4118
f 4273 4119 4272
f 4273 4120 4119
f 4274 4120 4273
f 4274 4121 4120
f 4274 4122 4121
f 4275 4122 4274
f 4276 4122 4275
f 4276 4123 4122
f 4277 4123 4276
f 4277 4124 4123
f 4278 4124 4277
f 4278 4125 4124
f 4279 4125 4278
f 4279 4126 4125
f 4280 4126 4279
f 4280 4127 4126
f 4280 4128 4127
f 4281 4128 4280
f 4282 4128 4281
f 4282 4129 4128
f 4283 4129 4282
f 4283 4130 4129
f 4284 4130 4283
f 4284 4131 4130
f 4285 4131 4284
f 4285 4132 4131
f 4286 4132 4285
f 4286 4133 4132
f 4287 4133 4286
f 4287 4134 4133
f 4288 4134 4287
f 4288 4135 4134
f 4289 4135 4288
f 4289 4136 4135
f 4290 4136 4289
f 4290 4137 4136
f 4291 4137 4290
f 4291 4138 4137
f 4292 4138 4291
f 4292 4139 4138
f 4293 4139 4292
f 4293 4140 4139
f 4294 4140 4293
f 4294 4141 4140
f 4295 4141 4294
f 4295 4142 4141
f 4296 4143 4142
f 4296 4144 4143
f 4296 4142 4295
f 4297 4144 4296
f 4298 4145 4144
f 4298 4146 4145
f 4298 4144 4297
f 4299 4146 4298
f 4300 4147 4146
f 4300 4146 4299
f 4301 4148 4147
f 4301 4147 4300
f 4302 4149 4148
f 4302 4148 4301
f 4303 4150 4149
f 4303 4149 4302
f 4304 4151 4150
f 4304 4150 4303
f 4305 4152 4151
f 4305 4151 4304
f 4306 4153 4152
f 4306 4152 4305
f 4307 4154 4153
f 4307 4153 4306
f 4308 4155 4154
f 4308 4156 4155
f 4308 4154 4307
f 4309 4156 4308
f 4310 4157 4156
f 4310 4158 4157
f 4310 4156 4309
f 4311 4158 4310
f 4312 4159 4158
f 4312 4160 4159
f 4312 4158 4311
f 4313 4160 4312
f 4314 4161 4160
f 4314 4162 4161
f 4314 4160 4313
f 4315 4162 4314
f 4316 4163 4162
f 4316 4162 4315
f 4317 4164 4163
f 4317 4165 4164
f 4317 4163 4316
f 4318 4165 4317
f 4319 4165 4318
f 4319 4166 4165
f 4320 4166 4319
f 4320 4167 4166
f 4320 4168 4167
f 4321 4168 4320
f 4321 4169 4168
f 4322 4169 4321
f 4323 4169 4322
f 4323 4170 4169
f 4324 4171 4170
f 4324 4170 4323
f 4325 4172 4171
f 4325 4173 4172
f 4325 4171 4324
f 4326 4173 4325
f 4327 4174 4173
f 4327 4173 4326
f 4328 4175 4174
f 4328 4174 4327
f 4329 4176 4175
f 4329 4175 4328
f 4330 4177 4176
f 4330 4178 4177
f 4330 4176 4329
f 4331 4178 4330
f 4332 4179 4178
f 4332 4180 4179
f 4332 4178 4331
f 4333 4180 4332
f 4333 4181 4180
f 4334 4181 4333
f 4335 4182 4181
f 4335 4181 4334
f 4336 4183 4182
f 4336 4182 4335
f 4337 4184 4183
f 4337 4185 4184
f 4337 4183 4336
f 4338 4185 4337
f 4339 4186 4185
f 4339 4187 4186
f 4339 4185 4338
f 4340 4187 4339
f 4341 4188 4187
f 4341 4189 4188
f 4341 4187 4340
f 4342 4189 4341
f 4343 4189 4342
f 4343 4190 4189
f 4344 4190 4343
f 4344 4191 4190
f 4344 4192 4191
f 4345 4193 4192
f 4345 4192 4344
f 4346 4193 4345
f 4347 4193 4346
f 4347 4194 4193
f 4347 4195 4194
f 4348 4195 4347
f 4348 4196 4195
f 4349 4196 4348
f 4042 4196 4349
f 4042 4043 4196
f 4426 4428 4427
f 4425 4428 4426
f 4425 4429 4428
f 4424 4429 4425
f 4424 4430 4429
f 4423 4430 4424
f 4423 4431 4430
f 4422 4431 4423
f 4422 4432 4431
f 4421 4432 4422
f 4421 4433 4432
f 4420 4433 4421
f 4420 4434 4433
f 4419 4434 4420
f 4419 4435 4434
f 4418 4436 4435
f 4418 4435 4419
f 4417 4437 4436
f 4417 4436 4418
f 4416 4438 4437
f 4416 4437 4417
f 4415 4438 4416
f 4415 4439 4438
f 4414 4439 4415
f 4414 4440 4439
f 4413 4440 4414
f 4413 4441 4440
f 4412 4441 4413
f 4412 4442 4441
f 4411 4442 4412
f 4411 4443 4442
f 4410 4443 4411
f 4410 4444 4443
f 4409 4444 4410
f 4409 4445 4444
f 4408 4445 4409
f 4408 4446 4445
f 4407 4446 4408
f 4407 4447 4446
f 4406 4447 4407
f 4406 4448 4447
f 4405 4448 4406
f 4405 4449 4448
f 4404 4449 4405
f 4404 4450 4449
f 4403 4451 4450
f 4403 4450 4404
f 4402 4452 4451
f 4402 4451 4403
f 4401 4453 4452
f 4401 4452 4402
f 4400 4454 4453
f 4400 4453 4401
f 4399 4455 4454
f 4399 4454 4400
f 4398 4456 4455
f 4398 4455 4399
f 4397 4457 4456
f 4397 4456 4398
f 4396 4458 4457
f 4396 4457 4397
f 4395 4459 4458
f 4395 4458 4396
f 4394 4460 4459
f 4394 4459 4395
f 4393 4461 4460
f 4393 4460 4394
f 4392 4462 4461
f 4392 4461 4393
f 4391 4463 4462
f 4391 4462 4392
f 4390 4464 4463
f 4390 4463 4391
f 4389 4465 4464
f 4389 4464 4390
f 4388 4465 4389
f 4388 4466 4465
f 4387 4467 4466
f 4387 4466 4388
f 4386 4467 4387
f 4386 4468 4467
f 4385 4468 4386
f 4385 4469 4468
f 4351 4503 4502
f 4351 4350 4503
f 4384 4469 4385
f 4384 4470 4469
f 4352 4351 4502
f 4352 4502 4501
f 4383 4470 4384
f 4383 4471 4470
f 4353 4501 4500
f 4353 4352 4501
f 4382 4472 4471
f 4382 4471 4383
f 4354 4353 4500
f 4354 4500 4499
f 4381 4472 4382
f 4381 4473 4472
f 4355 4354 4499
f 4355 4499 4498
f 4380 4474 4473
f 4380 4473 4381
f 4356 4355 4498
f 4356 4498 4497
f 4379 4475 4474
f 4379 4474 4380
f 4357 4356 4497
f 4357 4497 4496
f 4378 4476 4475
f 4378 4475 4379
f 4358 4357 4496
f 4358 4496 4495
f 4377 4477 4476
f 4377 4476 4378
f 4359 4358 4495
f 4359 4495 4494
f 4376 4478 4477
f 4376 4477 4377
f 4360 4359 4494
f 4360 4494 4493
f 4375 4479 4478
f 4375 4478 4376
f 4361 4360 4493
f 4361 4493 4492
f 4374 4480 4479
f 4374 4479 4375
f 4362 4361 4492
f 4362 4492 4491
f 4373 4481 4480
f 4373 4480 4374
f 4363 4362 4491
f 4363 4491 4490
f 4372 4482 4481
f 4372 4481 4373
f 4364 4490 4489
f 4364 4363 4490
f 4371 4483 4482
f 4371 4482 4372
f 4365 4364 4489
f 4365 4489 4488
f 4370 4484 4483
f 4370 4483 4371
f 4366 4488 4487
f 4366 4365 4488
f 4369 4484 4370
f 4369 4485 4484
f 4367 4487 4486
f 4367 4366 4487
f 4368 4486 4485
f 4368 4485 4369
f 4368 4367 4486
