ISO-10303-21;
HEADER;
FILE_DESCRIPTION(('Open CASCADE Model'),'2;1');
FILE_NAME('duckling_crest_puff_mk2c','2026-09-28T21:03:42',('Author'),(
    'Open CASCADE'),'Open CASCADE STEP processor 8.0','build123d',
  'Unknown');
FILE_SCHEMA(('AUTOMOTIVE_DESIGN { 1 0 10303 214 1 1 1 1 }'));
ENDSEC;
DATA;
#1 = APPLICATION_PROTOCOL_DEFINITION('international standard',
  'automotive_design',2000,#2);
#2 = APPLICATION_CONTEXT(
  'core data for automotive mechanical design processes');
#3 = SHAPE_DEFINITION_REPRESENTATION(#4,#10);
#4 = PRODUCT_DEFINITION_SHAPE('','',#5);
#5 = PRODUCT_DEFINITION('design','',#6,#9);
#6 = PRODUCT_DEFINITION_FORMATION('','',#7);
#7 = PRODUCT('duckling_crest_puff_mk2c','duckling_crest_puff_mk2c','',(
    #8));
#8 = PRODUCT_CONTEXT('',#2,'mechanical');
#9 = PRODUCT_DEFINITION_CONTEXT('part definition',#2,'design');
#10 = ADVANCED_BREP_SHAPE_REPRESENTATION('',(#11,#15),#8034);
#11 = AXIS2_PLACEMENT_3D('',#12,#13,#14);
#12 = CARTESIAN_POINT('',(0.,0.,0.));
#13 = DIRECTION('',(0.,0.,1.));
#14 = DIRECTION('',(1.,0.,-0.));
#15 = MANIFOLD_SOLID_BREP('',#16);
#16 = CLOSED_SHELL('',(#17,#4984,#7043,#7382,#7931,#7938,#7975,#8030));
#17 = ADVANCED_FACE('',(#18),#187,.T.);
#18 = FACE_BOUND('',#19,.T.);
#19 = EDGE_LOOP('',(#20,#551,#971,#1747,#2523,#3011,#3175,#3447,#4553,
    #4861,#4890,#4891));
#20 = ORIENTED_EDGE('',*,*,#21,.F.);
#21 = EDGE_CURVE('',#22,#24,#26,.T.);
#22 = VERTEX_POINT('',#23);
#23 = CARTESIAN_POINT('',(-7.52450521771E-02,4.190178910257,3.));
#24 = VERTEX_POINT('',#25);
#25 = CARTESIAN_POINT('',(4.905033207648,-1.628858994907E-08,3.));
#26 = SURFACE_CURVE('',#27,(#186,#384),.PCURVE_S1.);
#27 = B_SPLINE_CURVE_WITH_KNOTS('',7,(#28,#29,#30,#31,#32,#33,#34,#35,
    #36,#37,#38,#39,#40,#41,#42,#43,#44,#45,#46,#47,#48,#49,#50,#51,#52,
    #53,#54,#55,#56,#57,#58,#59,#60,#61,#62,#63,#64,#65,#66,#67,#68,#69,
    #70,#71,#72,#73,#74,#75,#76,#77,#78,#79,#80,#81,#82,#83,#84,#85,#86,
    #87,#88,#89,#90,#91,#92,#93,#94,#95,#96,#97,#98,#99,#100,#101,#102,
    #103,#104,#105,#106,#107,#108,#109,#110,#111,#112,#113,#114,#115,
    #116,#117,#118,#119,#120,#121,#122,#123,#124,#125,#126,#127,#128,
    #129,#130,#131,#132,#133,#134,#135,#136,#137,#138,#139,#140,#141,
    #142,#143,#144,#145,#146,#147,#148,#149,#150,#151,#152,#153,#154,
    #155,#156,#157,#158,#159,#160,#161,#162,#163,#164,#165,#166,#167,
    #168,#169,#170,#171,#172,#173,#174,#175,#176,#177,#178,#179,#180,
    #181,#182,#183,#184,#185),.UNSPECIFIED.,.T.,.F.,(8,6,6,6,6,6,6,6,6,6
    ,6,6,6,6,6,6,6,6,6,6,6,6,6,6,6,6,8),(0.,7.198192536883E-02,
    0.114214560437,0.144679846156,0.16731896799,0.223883621128,
    0.290934631641,0.296035162593,0.386780087203,0.420087633643,
    0.438257337178,0.476418036993,0.511215772443,0.52723784899,
    0.554116637639,0.616840956224,0.624083201248,0.647904432796,
    0.722688050303,0.778713009445,0.800747574462,0.830396775576,
    0.871077460884,0.904619240242,0.922710181164,0.961021862819,1.),
  .UNSPECIFIED.);
#28 = CARTESIAN_POINT('',(4.769679945023,-0.670042526692,3.));
#29 = CARTESIAN_POINT('',(4.686533162151,-0.933099489968,3.));
#30 = CARTESIAN_POINT('',(4.577249146188,-1.188715238477,3.));
#31 = CARTESIAN_POINT('',(4.443593825956,-1.433889260138,3.));
#32 = CARTESIAN_POINT('',(4.288056899852,-1.666559777772,3.));
#33 = CARTESIAN_POINT('',(4.113260825706,-1.88530445544,3.));
#34 = CARTESIAN_POINT('',(3.921809215077,-2.089232704826,3.));
#35 = CARTESIAN_POINT('',(3.595368752851,-2.388526083603,3.));
#36 = CARTESIAN_POINT('',(3.469717818665,-2.493952335561,3.));
#37 = CARTESIAN_POINT('',(3.339575283298,-2.594054963789,3.));
#38 = CARTESIAN_POINT('',(3.205369842602,-2.688787070393,3.));
#39 = CARTESIAN_POINT('',(3.067501813507,-2.778129785954,3.));
#40 = CARTESIAN_POINT('',(2.926338882843,-2.862085767355,3.));
#41 = CARTESIAN_POINT('',(2.678243182653,-2.997362817321,3.));
#42 = CARTESIAN_POINT('',(2.572734446895,-3.051257775777,3.));
#43 = CARTESIAN_POINT('',(2.465811136218,-3.102363812635,3.));
#44 = CARTESIAN_POINT('',(2.357592559992,-3.150689553536,3.));
#45 = CARTESIAN_POINT('',(2.248191715961,-3.196245507274,3.));
#46 = CARTESIAN_POINT('',(2.137715156547,-3.239043564976,3.));
#47 = CARTESIAN_POINT('',(1.943441303696,-3.308860318606,3.));
#48 = CARTESIAN_POINT('',(1.860081423976,-3.33710803565,3.));
#49 = CARTESIAN_POINT('',(1.776224477619,-3.363844873637,3.));
#50 = CARTESIAN_POINT('',(1.691910406307,-3.389076031679,3.));
#51 = CARTESIAN_POINT('',(1.607177831794,-3.412806684779,3.));
#52 = CARTESIAN_POINT('',(1.522064055909,-3.435041983833,3.));
#53 = CARTESIAN_POINT('',(1.223082713474,-3.507619357218,3.));
#54 = CARTESIAN_POINT('',(1.007415626681,-3.550146389791,3.));
#55 = CARTESIAN_POINT('',(0.79015173482,-3.58345047102,3.));
#56 = CARTESIAN_POINT('',(0.571817142714,-3.607602407875,3.));
#57 = CARTESIAN_POINT('',(0.352918461525,-3.6226618341,3.));
#58 = CARTESIAN_POINT('',(0.133945144911,-3.628677547686,3.));
#59 = CARTESIAN_POINT('',(-0.343722169818,-3.622143897295,3.));
#60 = CARTESIAN_POINT('',(-0.602222945366,-3.605946061058,3.));
#61 = CARTESIAN_POINT('',(-0.859348190608,-3.577160656262,3.));
#62 = CARTESIAN_POINT('',(-1.114267635497,-3.535827712963,3.));
#63 = CARTESIAN_POINT('',(-1.366101143597,-3.481984103203,3.));
#64 = CARTESIAN_POINT('',(-1.613914845863,-3.415682654097,3.));
#65 = CARTESIAN_POINT('',(-1.87518500437,-3.331022453384,3.));
#66 = CARTESIAN_POINT('',(-1.893523534362,-3.325000217723,3.));
#67 = CARTESIAN_POINT('',(-1.911853277509,-3.318899851817,3.));
#68 = CARTESIAN_POINT('',(-1.930247842073,-3.312696424146,3.));
#69 = CARTESIAN_POINT('',(-1.948732072439,-3.306380758333,3.));
#70 = CARTESIAN_POINT('',(-1.967282049113,-3.299959433145,3.));
#71 = CARTESIAN_POINT('',(-2.315729317755,-3.177728784818,3.));
#72 = CARTESIAN_POINT('',(-2.639208710336,-3.037457015566,3.));
#73 = CARTESIAN_POINT('',(-2.953382699928,-2.871886067563,3.));
#74 = CARTESIAN_POINT('',(-3.254665484603,-2.680406057552,3.));
#75 = CARTESIAN_POINT('',(-3.53882729984,-2.462769715578,3.));
#76 = CARTESIAN_POINT('',(-3.801080299504,-2.219249423274,3.));
#77 = CARTESIAN_POINT('',(-4.122484225437,-1.852317558525,3.));
#78 = CARTESIAN_POINT('',(-4.205093211109,-1.750477975125,3.));
#79 = CARTESIAN_POINT('',(-4.283744240815,-1.645391862049,3.));
#80 = CARTESIAN_POINT('',(-4.35815437712,-1.537157774336,3.));
#81 = CARTESIAN_POINT('',(-4.428036131471,-1.425903943138,3.));
#82 = CARTESIAN_POINT('',(-4.493104458645,-1.311792848104,3.));
#83 = CARTESIAN_POINT('',(-4.585803242139,-1.13132782762,3.));
#84 = CARTESIAN_POINT('',(-4.617008309773,-1.066839610187,3.));
#85 = CARTESIAN_POINT('',(-4.646654175885,-1.001594233856,3.));
#86 = CARTESIAN_POINT('',(-4.674697240044,-0.935627911814,3.));
#87 = CARTESIAN_POINT('',(-4.701095576256,-0.868980168315,3.));
#88 = CARTESIAN_POINT('',(-4.725809429604,-0.801694032942,3.));
#89 = CARTESIAN_POINT('',(-4.797090977443,-0.591256711456,3.));
#90 = CARTESIAN_POINT('',(-4.837793073091,-0.446067845083,3.));
#91 = CARTESIAN_POINT('',(-4.870551662463,-0.298708270431,3.));
#92 = CARTESIAN_POINT('',(-4.895085384472,-0.149673733022,3.));
#93 = CARTESIAN_POINT('',(-4.911192515258,5.029127167179E-04,3.));
#94 = CARTESIAN_POINT('',(-4.918763958189,0.151250714762,3.));
#95 = CARTESIAN_POINT('',(-4.916929715669,0.439385229209,3.));
#96 = CARTESIAN_POINT('',(-4.908960868858,0.576802581832,3.));
#97 = CARTESIAN_POINT('',(-4.893898787472,0.713751512702,3.));
#98 = CARTESIAN_POINT('',(-4.871818579671,0.849798553802,3.));
#99 = CARTESIAN_POINT('',(-4.842861773881,0.984535591234,3.));
#100 = CARTESIAN_POINT('',(-4.807228395892,1.117579497996,3.));
#101 = CARTESIAN_POINT('',(-4.745803471863,1.308885121377,3.));
#102 = CARTESIAN_POINT('',(-4.725074688383,1.368766103349,3.));
#103 = CARTESIAN_POINT('',(-4.70300685623,1.428181480795,3.));
#104 = CARTESIAN_POINT('',(-4.679625517454,1.487100043196,3.));
#105 = CARTESIAN_POINT('',(-4.654957595447,1.545492601411,3.));
#106 = CARTESIAN_POINT('',(-4.629031394944,1.60333198768,3.));
#107 = CARTESIAN_POINT('',(-4.556321462041,1.756654770117,3.));
#108 = CARTESIAN_POINT('',(-4.507307982057,1.851089145631,3.));
#109 = CARTESIAN_POINT('',(-4.454974761331,1.943777612625,3.));
#110 = CARTESIAN_POINT('',(-4.399466454829,2.034618970522,3.));
#111 = CARTESIAN_POINT('',(-4.340930925816,2.123527741339,3.));
#112 = CARTESIAN_POINT('',(-4.279516398463,2.21043252331,3.));
#113 = CARTESIAN_POINT('',(-4.065673386299,2.493261147127,3.));
#114 = CARTESIAN_POINT('',(-3.90112866942,2.679967289968,3.));
#115 = CARTESIAN_POINT('',(-3.723546420611,2.854730296003,3.));
#116 = CARTESIAN_POINT('',(-3.534672334441,3.017180495262,3.));
#117 = CARTESIAN_POINT('',(-3.336113983367,3.16716366017,3.));
#118 = CARTESIAN_POINT('',(-3.129286817334,3.304676713261,3.));
#119 = CARTESIAN_POINT('',(-2.89067978432,3.444265337859,3.));
#120 = CARTESIAN_POINT('',(-2.865755090711,3.458626473888,3.));
#121 = CARTESIAN_POINT('',(-2.840603174653,3.47289731207,3.));
#122 = CARTESIAN_POINT('',(-2.815223572949,3.487075084276,3.));
#123 = CARTESIAN_POINT('',(-2.789616122574,3.501156857575,3.));
#124 = CARTESIAN_POINT('',(-2.76378096068,3.515139534233,3.));
#125 = CARTESIAN_POINT('',(-2.651993818691,3.57467506712,3.));
#126 = CARTESIAN_POINT('',(-2.565202069402,3.618481585383,3.));
#127 = CARTESIAN_POINT('',(-2.477411737317,3.660437786674,3.));
#128 = CARTESIAN_POINT('',(-2.388688415068,3.70054322225,3.));
#129 = CARTESIAN_POINT('',(-2.299094827328,3.738798614444,3.));
#130 = CARTESIAN_POINT('',(-2.208690830809,3.775205856674,3.));
#131 = CARTESIAN_POINT('',(-1.831356716888,3.918271350324,3.));
#132 = CARTESIAN_POINT('',(-1.537816942366,4.008564996541,3.));
#133 = CARTESIAN_POINT('',(-1.238585169369,4.080782845675,3.));
#134 = CARTESIAN_POINT('',(-0.935201607373,4.135027428295,3.));
#135 = CARTESIAN_POINT('',(-0.629090347952,4.171390996079,3.));
#136 = CARTESIAN_POINT('',(-0.321563330459,4.189934005781,3.));
#137 = CARTESIAN_POINT('',(0.2167405887,4.191135674518,3.));
#138 = CARTESIAN_POINT('',(0.447376683993,4.181628649959,3.));
#139 = CARTESIAN_POINT('',(0.677574756753,4.16209152078,3.));
#140 = CARTESIAN_POINT('',(0.906789587312,4.132489491223,3.));
#141 = CARTESIAN_POINT('',(1.134450872712,4.092771738505,3.));
#142 = CARTESIAN_POINT('',(1.35996217105,4.042872366273,3.));
#143 = CARTESIAN_POINT('',(1.670300717806,3.959036982415,3.));
#144 = CARTESIAN_POINT('',(1.757471225454,3.933783907445,3.));
#145 = CARTESIAN_POINT('',(1.844170966072,3.90693767561,3.));
#146 = CARTESIAN_POINT('',(1.930359073329,3.878493191889,3.));
#147 = CARTESIAN_POINT('',(2.015993032224,3.848445317096,3.));
#148 = CARTESIAN_POINT('',(2.101028679086,3.816788867879,3.));
#149 = CARTESIAN_POINT('',(2.298975482588,3.738750936177,3.));
#150 = CARTESIAN_POINT('',(2.411363402378,3.691061855307,3.));
#151 = CARTESIAN_POINT('',(2.522473130187,3.640438567671,3.));
#152 = CARTESIAN_POINT('',(2.632185613845,3.586869469286,3.));
#153 = CARTESIAN_POINT('',(2.740373841991,3.530344816458,3.));
#154 = CARTESIAN_POINT('',(2.846903106276,3.470857383614,3.));
#155 = CARTESIAN_POINT('',(3.095325294129,3.322711699351,3.));
#156 = CARTESIAN_POINT('',(3.235623399624,3.231438022492,3.));
#157 = CARTESIAN_POINT('',(3.372162186402,3.134570508485,3.));
#158 = CARTESIAN_POINT('',(3.504535068904,3.032116986477,3.));
#159 = CARTESIAN_POINT('',(3.632298394585,2.924112786181,3.));
#160 = CARTESIAN_POINT('',(3.75497756882,2.810628827224,3.));
#161 = CARTESIAN_POINT('',(3.968620106622,2.593786990653,3.));
#162 = CARTESIAN_POINT('',(4.061368206801,2.492149813078,3.));
#163 = CARTESIAN_POINT('',(4.150034467473,2.386937636077,3.));
#164 = CARTESIAN_POINT('',(4.23431969213,2.278245812963,3.));
#165 = CARTESIAN_POINT('',(4.313916125677,2.166201202484,3.));
#166 = CARTESIAN_POINT('',(4.388515079489,2.050967781252,3.));
#167 = CARTESIAN_POINT('',(4.495191605865,1.868992070482,3.));
#168 = CARTESIAN_POINT('',(4.531026927873,1.804364632129,3.));
#169 = CARTESIAN_POINT('',(4.565273042344,1.738902905402,3.));
#170 = CARTESIAN_POINT('',(4.597883377179,1.67264324408,3.));
#171 = CARTESIAN_POINT('',(4.628812817862,1.605625641445,3.));
#172 = CARTESIAN_POINT('',(4.658018257004,1.537893980287,3.));
#173 = CARTESIAN_POINT('',(4.743571462464,1.324648603687,3.));
#174 = CARTESIAN_POINT('',(4.793779277605,1.176791390624,3.));
#175 = CARTESIAN_POINT('',(4.835680716187,1.026410191769,3.));
#176 = CARTESIAN_POINT('',(4.868953866225,0.874036743533,3.));
#177 = CARTESIAN_POINT('',(4.893363433439,0.720250010954,3.));
#178 = CARTESIAN_POINT('',(4.908777688095,0.565678270063,3.));
#179 = CARTESIAN_POINT('',(4.921725361476,0.253635508791,3.));
#180 = CARTESIAN_POINT('',(4.91894469379,9.612130559068E-02,3.));
#181 = CARTESIAN_POINT('',(4.906844623677,-6.081976424628E-02,3.));
#182 = CARTESIAN_POINT('',(4.885561691712,-0.216513703825,3.));
#183 = CARTESIAN_POINT('',(4.855351308836,-0.37033122512,3.));
#184 = CARTESIAN_POINT('',(4.816571901142,-0.521687351029,3.));
#185 = CARTESIAN_POINT('',(4.769679945023,-0.670042526692,3.));
#186 = PCURVE('',#187,#223);
#187 = ( BOUNDED_SURFACE() B_SPLINE_SURFACE(2,2,(
    (#188,#189,#190,#191,#192)
    ,(#193,#194,#195,#196,#197)
    ,(#198,#199,#200,#201,#202)
    ,(#203,#204,#205,#206,#207)
    ,(#208,#209,#210,#211,#212)
    ,(#213,#214,#215,#216,#217)
    ,(#218,#219,#220,#221,#222
)),.UNSPECIFIED.,.T.,.F.,.F.) B_SPLINE_SURFACE_WITH_KNOTS((1,2,2,2,2,1),
  (3,2,3),(-2.094395102393,0.,2.094395102393,4.188790204786,
    6.28318530718,8.377580409573),(-1.570796326795,0.,1.570796326795),
.UNSPECIFIED.) GEOMETRIC_REPRESENTATION_ITEM() RATIONAL_B_SPLINE_SURFACE
((
    (1.,0.707106781187,1.,0.707106781187,1.)
    ,(0.5,0.353553390593,0.5,0.353553390593,0.5)
    ,(1.,0.707106781187,1.,0.707106781187,1.)
    ,(0.5,0.353553390593,0.5,0.353553390593,0.5)
    ,(1.,0.707106781187,1.,0.707106781187,1.)
    ,(0.5,0.353553390593,0.5,0.353553390593,0.5)
,(1.,0.707106781187,1.,0.707106781187,1.
))) REPRESENTATION_ITEM('') SURFACE() );
#188 = CARTESIAN_POINT('',(4.592425496803E-16,-0.868240888335,
    1.875961234939));
#189 = CARTESIAN_POINT('',(7.5,-0.868240888335,1.875961234939));
#190 = CARTESIAN_POINT('',(7.5,0.,6.8));
#191 = CARTESIAN_POINT('',(7.5,0.868240888335,11.724038765061));
#192 = CARTESIAN_POINT('',(4.592425496803E-16,0.868240888335,
    11.724038765061));
#193 = CARTESIAN_POINT('',(4.592425496803E-16,-0.868240888335,
    1.875961234939));
#194 = CARTESIAN_POINT('',(7.5,9.366181495095,7.135643677374E-02));
#195 = CARTESIAN_POINT('',(7.5,10.234422383429,4.995395201835));
#196 = CARTESIAN_POINT('',(7.5,11.102663271764,9.919433966896));
#197 = CARTESIAN_POINT('',(4.592425496803E-16,0.868240888335,
    11.724038765061));
#198 = CARTESIAN_POINT('',(-2.296212748401E-16,-0.868240888335,
    1.875961234939));
#199 = CARTESIAN_POINT('',(-3.75,4.24897030338,0.973658835856));
#200 = CARTESIAN_POINT('',(-3.75,5.117211191715,5.897697600917));
#201 = CARTESIAN_POINT('',(-3.75,5.985452080049,10.821736365978));
#202 = CARTESIAN_POINT('',(-2.296212748401E-16,0.868240888335,
    11.724038765061));
#203 = CARTESIAN_POINT('',(-9.184850993605E-16,-0.868240888335,
    1.875961234939));
#204 = CARTESIAN_POINT('',(-15.,-0.868240888335,1.875961234939));
#205 = CARTESIAN_POINT('',(-15.,1.447249995002E-15,6.8));
#206 = CARTESIAN_POINT('',(-15.,0.868240888335,11.724038765061));
#207 = CARTESIAN_POINT('',(-9.184850993605E-16,0.868240888335,
    11.724038765061));
#208 = CARTESIAN_POINT('',(-2.296212748401E-16,-0.868240888335,
    1.875961234939));
#209 = CARTESIAN_POINT('',(-3.75,-5.985452080049,2.778263634022));
#210 = CARTESIAN_POINT('',(-3.75,-5.117211191715,7.702302399083));
#211 = CARTESIAN_POINT('',(-3.75,-4.24897030338,12.626341164144));
#212 = CARTESIAN_POINT('',(-2.296212748401E-16,0.868240888335,
    11.724038765061));
#213 = CARTESIAN_POINT('',(4.592425496803E-16,-0.868240888335,
    1.875961234939));
#214 = CARTESIAN_POINT('',(7.5,-11.10266327176,3.680566033104));
#215 = CARTESIAN_POINT('',(7.5,-10.23442238342,8.604604798165));
#216 = CARTESIAN_POINT('',(7.5,-9.366181495095,13.528643563226));
#217 = CARTESIAN_POINT('',(4.592425496803E-16,0.868240888335,
    11.724038765061));
#218 = CARTESIAN_POINT('',(4.592425496803E-16,-0.868240888335,
    1.875961234939));
#219 = CARTESIAN_POINT('',(7.5,-0.868240888335,1.875961234939));
#220 = CARTESIAN_POINT('',(7.5,0.,6.8));
#221 = CARTESIAN_POINT('',(7.5,0.868240888335,11.724038765061));
#222 = CARTESIAN_POINT('',(4.592425496803E-16,0.868240888335,
    11.724038765061));
#223 = DEFINITIONAL_REPRESENTATION('',(#224),#383);
#224 = B_SPLINE_CURVE_WITH_KNOTS('',7,(#225,#226,#227,#228,#229,#230,
    #231,#232,#233,#234,#235,#236,#237,#238,#239,#240,#241,#242,#243,
    #244,#245,#246,#247,#248,#249,#250,#251,#252,#253,#254,#255,#256,
    #257,#258,#259,#260,#261,#262,#263,#264,#265,#266,#267,#268,#269,
    #270,#271,#272,#273,#274,#275,#276,#277,#278,#279,#280,#281,#282,
    #283,#284,#285,#286,#287,#288,#289,#290,#291,#292,#293,#294,#295,
    #296,#297,#298,#299,#300,#301,#302,#303,#304,#305,#306,#307,#308,
    #309,#310,#311,#312,#313,#314,#315,#316,#317,#318,#319,#320,#321,
    #322,#323,#324,#325,#326,#327,#328,#329,#330,#331,#332,#333,#334,
    #335,#336,#337,#338,#339,#340,#341,#342,#343,#344,#345,#346,#347,
    #348,#349,#350,#351,#352,#353,#354,#355,#356,#357,#358,#359,#360,
    #361,#362,#363,#364,#365,#366,#367,#368,#369,#370,#371,#372,#373,
    #374,#375,#376,#377,#378,#379,#380,#381,#382),.UNSPECIFIED.,.F.,.F.,
  (8,6,6,6,6,6,6,6,6,6,6,6,6,6,6,6,6,6,6,6,6,6,6,6,6,6,8),(0.,
    7.198192536883E-02,0.114214560437,0.144679846156,0.16731896799,
    0.223883621128,0.290934631641,0.296035162593,0.386780087203,
    0.420087633643,0.438257337178,0.476418036993,0.511215772443,
    0.52723784899,0.554116637639,0.616840956224,0.624083201248,
    0.647904432796,0.722688050303,0.778713009445,0.800747574462,
    0.830396775576,0.871077460884,0.904619240242,0.922710181164,
    0.961021862819,1.),.UNSPECIFIED.);
#225 = CARTESIAN_POINT('',(6.28318530718,-0.876624156079));
#226 = CARTESIAN_POINT('',(6.201089680468,-0.890275070702));
#227 = CARTESIAN_POINT('',(6.121731500973,-0.903828474009));
#228 = CARTESIAN_POINT('',(6.044867544121,-0.917127301119));
#229 = CARTESIAN_POINT('',(5.97012658998,-0.93004256844));
#230 = CARTESIAN_POINT('',(5.8971764144,-0.942462531255));
#231 = CARTESIAN_POINT('',(5.825699550892,-0.95429275884));
#232 = CARTESIAN_POINT('',(5.714145051646,-0.97200527723));
#233 = CARTESIAN_POINT('',(5.673289652523,-0.978326613111));
#234 = CARTESIAN_POINT('',(5.632759070149,-0.98440521476));
#235 = CARTESIAN_POINT('',(5.592488941986,-0.990227798358));
#236 = CARTESIAN_POINT('',(5.552418010544,-0.995782351454));
#237 = CARTESIAN_POINT('',(5.512486771346,-1.001058101071));
#238 = CARTESIAN_POINT('',(5.443889123462,-1.009643220361));
#239 = CARTESIAN_POINT('',(5.415184693117,-1.013090818702));
#240 = CARTESIAN_POINT('',(5.386500904012,-1.016384653541));
#241 = CARTESIAN_POINT('',(5.357816859651,-1.019521315037));
#242 = CARTESIAN_POINT('',(5.329112377732,-1.02249762961));
#243 = CARTESIAN_POINT('',(5.300367674979,-1.025310682769));
#244 = CARTESIAN_POINT('',(5.250157988685,-1.029924977877));
#245 = CARTESIAN_POINT('',(5.228719926958,-1.0318004961));
#246 = CARTESIAN_POINT('',(5.207240928778,-1.033583302112));
#247 = CARTESIAN_POINT('',(5.185713146679,-1.035272382618));
#248 = CARTESIAN_POINT('',(5.164128823765,-1.03686680552));
#249 = CARTESIAN_POINT('',(5.142480293705,-1.038365719911));
#250 = CARTESIAN_POINT('',(5.066491004301,-1.043272892552));
#251 = CARTESIAN_POINT('',(5.01177639313,-1.046176311079));
#252 = CARTESIAN_POINT('',(4.956492953293,-1.048466801687));
#253 = CARTESIAN_POINT('',(4.90052481951,-1.050135875139));
#254 = CARTESIAN_POINT('',(4.843755931068,-1.051178766637));
#255 = CARTESIAN_POINT('',(4.786062507744,-1.051594839515));
#256 = CARTESIAN_POINT('',(4.657655756826,-1.051142790932));
#257 = CARTESIAN_POINT('',(4.586519692886,-1.050022245708));
#258 = CARTESIAN_POINT('',(4.513663692821,-1.048032722757));
#259 = CARTESIAN_POINT('',(4.4388415356,-1.045188539981));
#260 = CARTESIAN_POINT('',(4.36177722643,-1.041512915238));
#261 = CARTESIAN_POINT('',(4.282141828744,-1.037037326374));
#262 = CARTESIAN_POINT('',(4.193239656836,-1.031400824624));
#263 = CARTESIAN_POINT('',(4.186960052798,-1.031000227128));
#264 = CARTESIAN_POINT('',(4.180679058381,-1.030594796286));
#265 = CARTESIAN_POINT('',(4.174393963374,-1.030182890837));
#266 = CARTESIAN_POINT('',(4.168105798868,-1.02976391923));
#267 = CARTESIAN_POINT('',(4.161819337249,-1.029338339629));
#268 = CARTESIAN_POINT('',(4.04388072045,-1.021245320668));
#269 = CARTESIAN_POINT('',(3.939335019798,-1.012088234564));
#270 = CARTESIAN_POINT('',(3.840500561593,-1.001477471292));
#271 = CARTESIAN_POINT('',(3.746340706631,-0.989485059193));
#272 = CARTESIAN_POINT('',(3.655951224709,-0.976217773755));
#273 = CARTESIAN_POINT('',(3.568524084643,-0.961805532906));
#274 = CARTESIAN_POINT('',(3.451999110451,-0.940743868058));
#275 = CARTESIAN_POINT('',(3.421018155078,-0.934956851505));
#276 = CARTESIAN_POINT('',(3.390310642127,-0.929046550538));
#277 = CARTESIAN_POINT('',(3.359847304894,-0.923022712953));
#278 = CARTESIAN_POINT('',(3.329601832606,-0.916896152297));
#279 = CARTESIAN_POINT('',(3.299551044435,-0.910678832989));
#280 = CARTESIAN_POINT('',(3.253377323971,-0.900950017146));
#281 = CARTESIAN_POINT('',(3.237131642501,-0.897493005018));
#282 = CARTESIAN_POINT('',(3.220934920123,-0.894015084417));
#283 = CARTESIAN_POINT('',(3.204784274271,-0.890518511781));
#284 = CARTESIAN_POINT('',(3.18867708933,-0.887005638837));
#285 = CARTESIAN_POINT('',(3.17261106718,-0.883478916823));
#286 = CARTESIAN_POINT('',(3.122924207324,-0.872510225181));
#287 = CARTESIAN_POINT('',(3.08943260036,-0.865028713792));
#288 = CARTESIAN_POINT('',(3.056098014649,-0.857521422853));
#289 = CARTESIAN_POINT('',(3.022907297425,-0.850013512877));
#290 = CARTESIAN_POINT('',(2.989848545576,-0.842530268393));
#291 = CARTESIAN_POINT('',(2.956914850184,-0.835097226597));
#292 = CARTESIAN_POINT('',(2.89419387686,-0.821031932245));
#293 = CARTESIAN_POINT('',(2.864379952104,-0.81438567278));
#294 = CARTESIAN_POINT('',(2.834668006553,-0.80782118934));
#295 = CARTESIAN_POINT('',(2.805054578984,-0.801355809328));
#296 = CARTESIAN_POINT('',(2.775534087947,-0.795004908151));
#297 = CARTESIAN_POINT('',(2.746101128171,-0.788782182725));
#298 = CARTESIAN_POINT('',(2.703239770129,-0.779899443918));
#299 = CARTESIAN_POINT('',(2.689744126326,-0.777128623718));
#300 = CARTESIAN_POINT('',(2.676265113405,-0.774388576433));
#301 = CARTESIAN_POINT('',(2.66280190191,-0.771680315448));
#302 = CARTESIAN_POINT('',(2.64935355509,-0.76900475548));
#303 = CARTESIAN_POINT('',(2.635919028903,-0.766362712581));
#304 = CARTESIAN_POINT('',(2.599980536707,-0.759380019775));
#305 = CARTESIAN_POINT('',(2.577499513316,-0.755101479457));
#306 = CARTESIAN_POINT('',(2.55504861814,-0.750922682152));
#307 = CARTESIAN_POINT('',(2.532621317046,-0.7468462456));
#308 = CARTESIAN_POINT('',(2.510210174968,-0.742874113623));
#309 = CARTESIAN_POINT('',(2.487807005402,-0.739007663449));
#310 = CARTESIAN_POINT('',(2.413121098156,-0.726473829263));
#311 = CARTESIAN_POINT('',(2.360846883258,-0.718282410852));
#312 = CARTESIAN_POINT('',(2.308448194916,-0.710681200271));
#313 = CARTESIAN_POINT('',(2.255785827295,-0.703667627819));
#314 = CARTESIAN_POINT('',(2.202714400346,-0.697232825086));
#315 = CARTESIAN_POINT('',(2.149073129599,-0.691364368447));
#316 = CARTESIAN_POINT('',(2.08838464409,-0.685433999568));
#317 = CARTESIAN_POINT('',(2.082100666166,-0.684824222491));
#318 = CARTESIAN_POINT('',(2.075816212655,-0.684218622906));
#319 = CARTESIAN_POINT('',(2.069532249572,-0.683617309133));
#320 = CARTESIAN_POINT('',(2.063249076972,-0.683020396231));
#321 = CARTESIAN_POINT('',(2.05696632895,-0.682428006005));
#322 = CARTESIAN_POINT('',(2.030015727349,-0.679907072686));
#323 = CARTESIAN_POINT('',(2.009684563506,-0.678055586506));
#324 = CARTESIAN_POINT('',(1.98967070541,-0.676285337032));
#325 = CARTESIAN_POINT('',(1.969956395141,-0.674595845495));
#326 = CARTESIAN_POINT('',(1.95052489356,-0.672986625789));
#327 = CARTESIAN_POINT('',(1.931360480314,-0.671457184468));
#328 = CARTESIAN_POINT('',(1.853076638735,-0.665454422833));
#329 = CARTESIAN_POINT('',(1.796204147195,-0.661684200176));
#330 = CARTESIAN_POINT('',(1.741349874177,-0.658679123087));
#331 = CARTESIAN_POINT('',(1.688144799505,-0.656427014046));
#332 = CARTESIAN_POINT('',(1.636280108034,-0.654919016856));
#333 = CARTESIAN_POINT('',(1.58547272948,-0.654150069533));
#334 = CARTESIAN_POINT('',(1.497971951767,-0.654100238441));
#335 = CARTESIAN_POINT('',(1.460941859683,-0.654494478607));
#336 = CARTESIAN_POINT('',(1.424244921633,-0.655304622457));
#337 = CARTESIAN_POINT('',(1.387779197414,-0.656532871682));
#338 = CARTESIAN_POINT('',(1.351447927741,-0.658182877374));
#339 = CARTESIAN_POINT('',(1.315153819365,-0.66025978697));
#340 = CARTESIAN_POINT('',(1.264493150992,-0.663758336547));
#341 = CARTESIAN_POINT('',(1.250182828761,-0.66481302122));
#342 = CARTESIAN_POINT('',(1.235856606619,-0.665935241153));
#343 = CARTESIAN_POINT('',(1.221508393527,-0.667125443459));
#344 = CARTESIAN_POINT('',(1.207132028275,-0.668384104679));
#345 = CARTESIAN_POINT('',(1.19272127949,-0.669711730777));
#346 = CARTESIAN_POINT('',(1.158824330434,-0.672988798071));
#347 = CARTESIAN_POINT('',(1.13930529447,-0.6749945548));
#348 = CARTESIAN_POINT('',(1.119697083663,-0.677127440775));
#349 = CARTESIAN_POINT('',(1.099984012288,-0.679388819011));
#350 = CARTESIAN_POINT('',(1.080150079961,-0.681780085006));
#351 = CARTESIAN_POINT('',(1.060178688637,-0.684302649658));
#352 = CARTESIAN_POINT('',(1.012437691184,-0.690601133519));
#353 = CARTESIAN_POINT('',(0.984532308611,-0.694494051651));
#354 = CARTESIAN_POINT('',(0.956290546499,-0.698640353241));
#355 = CARTESIAN_POINT('',(0.927666421444,-0.703043386113));
#356 = CARTESIAN_POINT('',(0.898612403702,-0.707705842655));
#357 = CARTESIAN_POINT('',(0.869078188867,-0.712629433232));
#358 = CARTESIAN_POINT('',(0.814217400741,-0.722089766949));
#359 = CARTESIAN_POINT('',(0.789062672292,-0.726542647998));
#360 = CARTESIAN_POINT('',(0.763516200329,-0.731173174557));
#361 = CARTESIAN_POINT('',(0.737548152569,-0.735980478929));
#362 = CARTESIAN_POINT('',(0.711128147376,-0.740962536618));
#363 = CARTESIAN_POINT('',(0.684225452812,-0.746115849025));
#364 = CARTESIAN_POINT('',(0.642022073095,-0.754304107165));
#365 = CARTESIAN_POINT('',(0.627085626217,-0.757221355409));
#366 = CARTESIAN_POINT('',(0.611995149757,-0.760186013221));
#367 = CARTESIAN_POINT('',(0.596745891159,-0.76319707896));
#368 = CARTESIAN_POINT('',(0.581333101538,-0.766253387551));
#369 = CARTESIAN_POINT('',(0.565752096593,-0.769353591023));
#370 = CARTESIAN_POINT('',(0.516636107617,-0.779151199187));
#371 = CARTESIAN_POINT('',(0.482493901405,-0.785997198312));
#372 = CARTESIAN_POINT('',(0.447535050664,-0.793018082592));
#373 = CARTESIAN_POINT('',(0.411717753638,-0.800195335137));
#374 = CARTESIAN_POINT('',(0.374996029595,-0.807507605112));
#375 = CARTESIAN_POINT('',(0.3373246136,-0.814930133069));
#376 = CARTESIAN_POINT('',(0.259338469638,-0.830068345975));
#377 = CARTESIAN_POINT('',(0.218979343058,-0.837788802177));
#378 = CARTESIAN_POINT('',(0.177552880611,-0.845564743294));
#379 = CARTESIAN_POINT('',(0.135006956877,-0.853366077064));
#380 = CARTESIAN_POINT('',(9.127863506152E-02,-0.86116292646));
#381 = CARTESIAN_POINT('',(4.629913981482E-02,-0.868925504762));
#382 = CARTESIAN_POINT('',(0.,-0.876624156079));
#383 = ( GEOMETRIC_REPRESENTATION_CONTEXT(2) 
PARAMETRIC_REPRESENTATION_CONTEXT() REPRESENTATION_CONTEXT('2D SPACE',''
  ) );
#384 = PCURVE('',#385,#390);
#385 = PLANE('',#386);
#386 = AXIS2_PLACEMENT_3D('',#387,#388,#389);
#387 = CARTESIAN_POINT('',(0.134129896014,3.066547563779E-16,3.));
#388 = DIRECTION('',(0.,0.,1.));
#389 = DIRECTION('',(1.,0.,-0.));
#390 = DEFINITIONAL_REPRESENTATION('',(#391),#550);
#391 = B_SPLINE_CURVE_WITH_KNOTS('',7,(#392,#393,#394,#395,#396,#397,
    #398,#399,#400,#401,#402,#403,#404,#405,#406,#407,#408,#409,#410,
    #411,#412,#413,#414,#415,#416,#417,#418,#419,#420,#421,#422,#423,
    #424,#425,#426,#427,#428,#429,#430,#431,#432,#433,#434,#435,#436,
    #437,#438,#439,#440,#441,#442,#443,#444,#445,#446,#447,#448,#449,
    #450,#451,#452,#453,#454,#455,#456,#457,#458,#459,#460,#461,#462,
    #463,#464,#465,#466,#467,#468,#469,#470,#471,#472,#473,#474,#475,
    #476,#477,#478,#479,#480,#481,#482,#483,#484,#485,#486,#487,#488,
    #489,#490,#491,#492,#493,#494,#495,#496,#497,#498,#499,#500,#501,
    #502,#503,#504,#505,#506,#507,#508,#509,#510,#511,#512,#513,#514,
    #515,#516,#517,#518,#519,#520,#521,#522,#523,#524,#525,#526,#527,
    #528,#529,#530,#531,#532,#533,#534,#535,#536,#537,#538,#539,#540,
    #541,#542,#543,#544,#545,#546,#547,#548,#549),.UNSPECIFIED.,.T.,.F.,
  (8,6,6,6,6,6,6,6,6,6,6,6,6,6,6,6,6,6,6,6,6,6,6,6,6,6,8),(0.,
    7.198192536883E-02,0.114214560437,0.144679846156,0.16731896799,
    0.223883621128,0.290934631641,0.296035162593,0.386780087203,
    0.420087633643,0.438257337178,0.476418036993,0.511215772443,
    0.52723784899,0.554116637639,0.616840956224,0.624083201248,
    0.647904432796,0.722688050303,0.778713009445,0.800747574462,
    0.830396775576,0.871077460884,0.904619240242,0.922710181164,
    0.961021862819,1.),.UNSPECIFIED.);
#392 = CARTESIAN_POINT('',(4.635550049009,-0.670042526692));
#393 = CARTESIAN_POINT('',(4.552403266136,-0.933099489968));
#394 = CARTESIAN_POINT('',(4.443119250174,-1.188715238477));
#395 = CARTESIAN_POINT('',(4.309463929942,-1.433889260138));
#396 = CARTESIAN_POINT('',(4.153927003838,-1.666559777772));
#397 = CARTESIAN_POINT('',(3.979130929691,-1.88530445544));
#398 = CARTESIAN_POINT('',(3.787679319062,-2.089232704826));
#399 = CARTESIAN_POINT('',(3.461238856837,-2.388526083603));
#400 = CARTESIAN_POINT('',(3.335587922651,-2.493952335561));
#401 = CARTESIAN_POINT('',(3.205445387283,-2.594054963789));
#402 = CARTESIAN_POINT('',(3.071239946588,-2.688787070393));
#403 = CARTESIAN_POINT('',(2.933371917493,-2.778129785954));
#404 = CARTESIAN_POINT('',(2.792208986828,-2.862085767355));
#405 = CARTESIAN_POINT('',(2.544113286638,-2.997362817321));
#406 = CARTESIAN_POINT('',(2.438604550881,-3.051257775777));
#407 = CARTESIAN_POINT('',(2.331681240203,-3.102363812635));
#408 = CARTESIAN_POINT('',(2.223462663978,-3.150689553536));
#409 = CARTESIAN_POINT('',(2.114061819946,-3.196245507274));
#410 = CARTESIAN_POINT('',(2.003585260533,-3.239043564976));
#411 = CARTESIAN_POINT('',(1.809311407682,-3.308860318606));
#412 = CARTESIAN_POINT('',(1.725951527961,-3.33710803565));
#413 = CARTESIAN_POINT('',(1.642094581605,-3.363844873637));
#414 = CARTESIAN_POINT('',(1.557780510293,-3.389076031679));
#415 = CARTESIAN_POINT('',(1.47304793578,-3.412806684779));
#416 = CARTESIAN_POINT('',(1.387934159895,-3.435041983833));
#417 = CARTESIAN_POINT('',(1.08895281746,-3.507619357218));
#418 = CARTESIAN_POINT('',(0.873285730667,-3.550146389791));
#419 = CARTESIAN_POINT('',(0.656021838806,-3.58345047102));
#420 = CARTESIAN_POINT('',(0.4376872467,-3.607602407875));
#421 = CARTESIAN_POINT('',(0.21878856551,-3.6226618341));
#422 = CARTESIAN_POINT('',(-1.847511031568E-04,-3.628677547686));
#423 = CARTESIAN_POINT('',(-0.477852065832,-3.622143897295));
#424 = CARTESIAN_POINT('',(-0.73635284138,-3.605946061058));
#425 = CARTESIAN_POINT('',(-0.993478086622,-3.577160656262));
#426 = CARTESIAN_POINT('',(-1.248397531511,-3.535827712963));
#427 = CARTESIAN_POINT('',(-1.500231039611,-3.481984103203));
#428 = CARTESIAN_POINT('',(-1.748044741878,-3.415682654097));
#429 = CARTESIAN_POINT('',(-2.009314900384,-3.331022453384));
#430 = CARTESIAN_POINT('',(-2.027653430376,-3.325000217723));
#431 = CARTESIAN_POINT('',(-2.045983173523,-3.318899851817));
#432 = CARTESIAN_POINT('',(-2.064377738087,-3.312696424146));
#433 = CARTESIAN_POINT('',(-2.082861968454,-3.306380758333));
#434 = CARTESIAN_POINT('',(-2.101411945128,-3.299959433145));
#435 = CARTESIAN_POINT('',(-2.449859213769,-3.177728784818));
#436 = CARTESIAN_POINT('',(-2.77333860635,-3.037457015566));
#437 = CARTESIAN_POINT('',(-3.087512595942,-2.871886067563));
#438 = CARTESIAN_POINT('',(-3.388795380617,-2.680406057552));
#439 = CARTESIAN_POINT('',(-3.672957195855,-2.462769715578));
#440 = CARTESIAN_POINT('',(-3.935210195519,-2.219249423274));
#441 = CARTESIAN_POINT('',(-4.256614121451,-1.852317558525));
#442 = CARTESIAN_POINT('',(-4.339223107123,-1.750477975125));
#443 = CARTESIAN_POINT('',(-4.41787413683,-1.645391862049));
#444 = CARTESIAN_POINT('',(-4.492284273135,-1.537157774336));
#445 = CARTESIAN_POINT('',(-4.562166027485,-1.425903943138));
#446 = CARTESIAN_POINT('',(-4.627234354659,-1.311792848104));
#447 = CARTESIAN_POINT('',(-4.719933138153,-1.13132782762));
#448 = CARTESIAN_POINT('',(-4.751138205787,-1.066839610187));
#449 = CARTESIAN_POINT('',(-4.780784071899,-1.001594233856));
#450 = CARTESIAN_POINT('',(-4.808827136059,-0.935627911814));
#451 = CARTESIAN_POINT('',(-4.835225472271,-0.868980168315));
#452 = CARTESIAN_POINT('',(-4.859939325618,-0.801694032942));
#453 = CARTESIAN_POINT('',(-4.931220873458,-0.591256711456));
#454 = CARTESIAN_POINT('',(-4.971922969106,-0.446067845083));
#455 = CARTESIAN_POINT('',(-5.004681558478,-0.298708270431));
#456 = CARTESIAN_POINT('',(-5.029215280486,-0.149673733022));
#457 = CARTESIAN_POINT('',(-5.045322411273,5.029127167176E-04));
#458 = CARTESIAN_POINT('',(-5.052893854203,0.151250714762));
#459 = CARTESIAN_POINT('',(-5.051059611684,0.439385229209));
#460 = CARTESIAN_POINT('',(-5.043090764873,0.576802581832));
#461 = CARTESIAN_POINT('',(-5.028028683486,0.713751512702));
#462 = CARTESIAN_POINT('',(-5.005948475685,0.849798553802));
#463 = CARTESIAN_POINT('',(-4.976991669895,0.984535591234));
#464 = CARTESIAN_POINT('',(-4.941358291907,1.117579497996));
#465 = CARTESIAN_POINT('',(-4.879933367877,1.308885121377));
#466 = CARTESIAN_POINT('',(-4.859204584398,1.368766103349));
#467 = CARTESIAN_POINT('',(-4.837136752244,1.428181480795));
#468 = CARTESIAN_POINT('',(-4.813755413468,1.487100043196));
#469 = CARTESIAN_POINT('',(-4.789087491462,1.545492601411));
#470 = CARTESIAN_POINT('',(-4.763161290958,1.60333198768));
#471 = CARTESIAN_POINT('',(-4.690451358056,1.756654770117));
#472 = CARTESIAN_POINT('',(-4.641437878071,1.851089145631));
#473 = CARTESIAN_POINT('',(-4.589104657346,1.943777612625));
#474 = CARTESIAN_POINT('',(-4.533596350843,2.034618970522));
#475 = CARTESIAN_POINT('',(-4.47506082183,2.123527741339));
#476 = CARTESIAN_POINT('',(-4.413646294478,2.21043252331));
#477 = CARTESIAN_POINT('',(-4.199803282313,2.493261147127));
#478 = CARTESIAN_POINT('',(-4.035258565434,2.679967289968));
#479 = CARTESIAN_POINT('',(-3.857676316625,2.854730296003));
#480 = CARTESIAN_POINT('',(-3.668802230455,3.017180495262));
#481 = CARTESIAN_POINT('',(-3.470243879382,3.16716366017));
#482 = CARTESIAN_POINT('',(-3.263416713349,3.304676713261));
#483 = CARTESIAN_POINT('',(-3.024809680334,3.444265337859));
#484 = CARTESIAN_POINT('',(-2.999884986725,3.458626473888));
#485 = CARTESIAN_POINT('',(-2.974733070667,3.47289731207));
#486 = CARTESIAN_POINT('',(-2.949353468963,3.487075084276));
#487 = CARTESIAN_POINT('',(-2.923746018589,3.501156857575));
#488 = CARTESIAN_POINT('',(-2.897910856694,3.515139534233));
#489 = CARTESIAN_POINT('',(-2.786123714705,3.57467506712));
#490 = CARTESIAN_POINT('',(-2.699331965417,3.618481585383));
#491 = CARTESIAN_POINT('',(-2.611541633332,3.660437786674));
#492 = CARTESIAN_POINT('',(-2.522818311083,3.70054322225));
#493 = CARTESIAN_POINT('',(-2.433224723342,3.738798614444));
#494 = CARTESIAN_POINT('',(-2.342820726823,3.775205856674));
#495 = CARTESIAN_POINT('',(-1.965486612902,3.918271350324));
#496 = CARTESIAN_POINT('',(-1.671946838381,4.008564996541));
#497 = CARTESIAN_POINT('',(-1.372715065383,4.080782845675));
#498 = CARTESIAN_POINT('',(-1.069331503387,4.135027428295));
#499 = CARTESIAN_POINT('',(-0.763220243966,4.171390996079));
#500 = CARTESIAN_POINT('',(-0.455693226474,4.189934005781));
#501 = CARTESIAN_POINT('',(8.261069268574E-02,4.191135674518));
#502 = CARTESIAN_POINT('',(0.313246787979,4.181628649959));
#503 = CARTESIAN_POINT('',(0.543444860739,4.16209152078));
#504 = CARTESIAN_POINT('',(0.772659691298,4.132489491223));
#505 = CARTESIAN_POINT('',(1.000320976698,4.092771738505));
#506 = CARTESIAN_POINT('',(1.225832275035,4.042872366273));
#507 = CARTESIAN_POINT('',(1.536170821792,3.959036982415));
#508 = CARTESIAN_POINT('',(1.623341329439,3.933783907445));
#509 = CARTESIAN_POINT('',(1.710041070058,3.90693767561));
#510 = CARTESIAN_POINT('',(1.796229177315,3.878493191889));
#511 = CARTESIAN_POINT('',(1.88186313621,3.848445317096));
#512 = CARTESIAN_POINT('',(1.966898783071,3.816788867879));
#513 = CARTESIAN_POINT('',(2.164845586574,3.738750936177));
#514 = CARTESIAN_POINT('',(2.277233506364,3.691061855307));
#515 = CARTESIAN_POINT('',(2.388343234172,3.640438567671));
#516 = CARTESIAN_POINT('',(2.498055717831,3.586869469286));
#517 = CARTESIAN_POINT('',(2.606243945976,3.530344816458));
#518 = CARTESIAN_POINT('',(2.712773210262,3.470857383614));
#519 = CARTESIAN_POINT('',(2.961195398115,3.322711699351));
#520 = CARTESIAN_POINT('',(3.10149350361,3.231438022492));
#521 = CARTESIAN_POINT('',(3.238032290388,3.134570508485));
#522 = CARTESIAN_POINT('',(3.37040517289,3.032116986477));
#523 = CARTESIAN_POINT('',(3.498168498571,2.924112786181));
#524 = CARTESIAN_POINT('',(3.620847672806,2.810628827224));
#525 = CARTESIAN_POINT('',(3.834490210608,2.593786990653));
#526 = CARTESIAN_POINT('',(3.927238310787,2.492149813078));
#527 = CARTESIAN_POINT('',(4.015904571458,2.386937636077));
#528 = CARTESIAN_POINT('',(4.100189796115,2.278245812963));
#529 = CARTESIAN_POINT('',(4.179786229662,2.166201202484));
#530 = CARTESIAN_POINT('',(4.254385183474,2.050967781252));
#531 = CARTESIAN_POINT('',(4.361061709851,1.868992070482));
#532 = CARTESIAN_POINT('',(4.396897031859,1.804364632129));
#533 = CARTESIAN_POINT('',(4.43114314633,1.738902905402));
#534 = CARTESIAN_POINT('',(4.463753481164,1.67264324408));
#535 = CARTESIAN_POINT('',(4.494682921847,1.605625641445));
#536 = CARTESIAN_POINT('',(4.523888360989,1.537893980287));
#537 = CARTESIAN_POINT('',(4.609441566449,1.324648603687));
#538 = CARTESIAN_POINT('',(4.65964938159,1.176791390624));
#539 = CARTESIAN_POINT('',(4.701550820173,1.026410191769));
#540 = CARTESIAN_POINT('',(4.734823970211,0.874036743533));
#541 = CARTESIAN_POINT('',(4.759233537424,0.720250010954));
#542 = CARTESIAN_POINT('',(4.77464779208,0.565678270063));
#543 = CARTESIAN_POINT('',(4.787595465462,0.253635508791));
#544 = CARTESIAN_POINT('',(4.784814797775,9.612130559068E-02));
#545 = CARTESIAN_POINT('',(4.772714727663,-6.081976424628E-02));
#546 = CARTESIAN_POINT('',(4.751431795697,-0.216513703825));
#547 = CARTESIAN_POINT('',(4.721221412822,-0.37033122512));
#548 = CARTESIAN_POINT('',(4.682442005128,-0.521687351029));
#549 = CARTESIAN_POINT('',(4.635550049009,-0.670042526692));
#550 = ( GEOMETRIC_REPRESENTATION_CONTEXT(2) 
PARAMETRIC_REPRESENTATION_CONTEXT() REPRESENTATION_CONTEXT('2D SPACE',''
  ) );
#551 = ORIENTED_EDGE('',*,*,#552,.T.);
#552 = EDGE_CURVE('',#22,#553,#555,.T.);
#553 = VERTEX_POINT('',#554);
#554 = CARTESIAN_POINT('',(-1.353416259063,4.881726989654,9.290649923795
    ));
#555 = SURFACE_CURVE('',#556,(#657,#796),.PCURVE_S1.);
#556 = B_SPLINE_CURVE_WITH_KNOTS('',8,(#557,#558,#559,#560,#561,#562,
    #563,#564,#565,#566,#567,#568,#569,#570,#571,#572,#573,#574,#575,
    #576,#577,#578,#579,#580,#581,#582,#583,#584,#585,#586,#587,#588,
    #589,#590,#591,#592,#593,#594,#595,#596,#597,#598,#599,#600,#601,
    #602,#603,#604,#605,#606,#607,#608,#609,#610,#611,#612,#613,#614,
    #615,#616,#617,#618,#619,#620,#621,#622,#623,#624,#625,#626,#627,
    #628,#629,#630,#631,#632,#633,#634,#635,#636,#637,#638,#639,#640,
    #641,#642,#643,#644,#645,#646,#647,#648,#649,#650,#651,#652,#653,
    #654,#655,#656),.UNSPECIFIED.,.F.,.F.,(9,7,7,7,7,7,7,7,7,7,7,7,7,7,9
    ),(0.234819978812,0.277836864257,0.345081705318,0.391804619881,
    0.523642859905,0.539239647222,0.560889979266,0.569924204554,
    0.638287858571,0.709789164187,0.737976021531,0.780075043945,
    0.874273252251,0.968945778711,1.),.UNSPECIFIED.);
#557 = CARTESIAN_POINT('',(-7.524505220683E-02,4.190178910557,
    2.999999999665));
#558 = CARTESIAN_POINT('',(-2.664231690765E-02,4.221800578195,
    3.024063689271));
#559 = CARTESIAN_POINT('',(2.140603770837E-02,4.25358258003,
    3.049032612827));
#560 = CARTESIAN_POINT('',(6.887685487003E-02,4.285509838579,
    3.074912072266));
#561 = CARTESIAN_POINT('',(0.115746818421,4.317566184463,3.10170677614)
  );
#562 = CARTESIAN_POINT('',(0.161992516246,4.349734311636,3.129420743644)
  );
#563 = CARTESIAN_POINT('',(0.207590510207,4.381995737707,3.158057196275)
  );
#564 = CARTESIAN_POINT('',(0.252517413317,4.414330772415,3.18761843363)
  );
#565 = CARTESIAN_POINT('',(0.365895210799,4.497347639242,3.265763962934)
  );
#566 = CARTESIAN_POINT('',(0.433342317431,4.548104412174,3.315684192161)
  );
#567 = CARTESIAN_POINT('',(0.499000995167,4.598907984678,3.367869723965)
  );
#568 = CARTESIAN_POINT('',(0.562782731294,4.649670374692,3.422317953607)
  );
#569 = CARTESIAN_POINT('',(0.624601628804,4.700296859046,3.479019139219)
  );
#570 = CARTESIAN_POINT('',(0.684375217578,4.750686398,3.537955207145));
#571 = CARTESIAN_POINT('',(0.74202526556,4.800732059769,3.599098557279)
  );
#572 = CARTESIAN_POINT('',(0.836008544847,4.88477694886,3.706401461026)
  );
#573 = CARTESIAN_POINT('',(0.873478414466,4.919012904663,3.751439432982)
  );
#574 = CARTESIAN_POINT('',(0.909863655101,4.952991372491,3.797512302249)
  );
#575 = CARTESIAN_POINT('',(0.945141306486,4.986673954142,3.844605266596)
  );
#576 = CARTESIAN_POINT('',(0.979289991787,5.020021793189,3.892701203572)
  );
#577 = CARTESIAN_POINT('',(1.012289917608,5.05299557498,3.941780670516)
  );
#578 = CARTESIAN_POINT('',(1.044122873986,5.085555526635,3.991821904547)
  );
#579 = CARTESIAN_POINT('',(1.161255395745,5.20825520557,4.186648111065)
  );
#580 = CARTESIAN_POINT('',(1.238338026916,5.295258578782,4.337995801418)
  );
#581 = CARTESIAN_POINT('',(1.305606474643,5.377747764924,4.496257896587)
  );
#582 = CARTESIAN_POINT('',(1.362814839912,5.454843678105,4.660739714788)
  );
#583 = CARTESIAN_POINT('',(1.409823977224,5.525750139239,4.830642344541)
  );
#584 = CARTESIAN_POINT('',(1.446559173979,5.589789764821,5.005064171287)
  );
#585 = CARTESIAN_POINT('',(1.47298651001,5.646437523554,5.182999475597)
  );
#586 = CARTESIAN_POINT('',(1.491015134358,5.701138650432,5.384668130809)
  );
#587 = CARTESIAN_POINT('',(1.492778206754,5.7068172543,5.40603629286));
#588 = CARTESIAN_POINT('',(1.494397121339,5.712387219874,5.427436837111)
  );
#589 = CARTESIAN_POINT('',(1.495871891589,5.717848031134,5.44886800406)
  );
#590 = CARTESIAN_POINT('',(1.497202537541,5.723199208596,5.470328026686)
  );
#591 = CARTESIAN_POINT('',(1.498389085797,5.72844030931,5.491815130452)
  );
#592 = CARTESIAN_POINT('',(1.49943156952,5.733570926863,5.513327533306)
  );
#593 = CARTESIAN_POINT('',(1.501577203657,5.745558765008,5.564758041656)
  );
#594 = CARTESIAN_POINT('',(1.50254776354,5.752318295595,5.59471963895));
#595 = CARTESIAN_POINT('',(1.503241108205,5.758867752295,5.624743577813)
  );
#596 = CARTESIAN_POINT('',(1.503656661786,5.765205737974,5.654825155788)
  );
#597 = CARTESIAN_POINT('',(1.503793872427,5.771330989207,5.684959627705)
  );
#598 = CARTESIAN_POINT('',(1.503652212281,5.777242376272,5.715142205679)
  );
#599 = CARTESIAN_POINT('',(1.503231177514,5.782938903158,5.745368059117)
  );
#600 = CARTESIAN_POINT('',(1.502237822153,5.790706731275,5.788260947954)
  );
#601 = CARTESIAN_POINT('',(1.501896608771,5.79295635149,5.800897135981)
  );
#602 = CARTESIAN_POINT('',(1.501506572403,5.795168673383,5.813541529354)
  );
#603 = CARTESIAN_POINT('',(1.501067681151,5.797343469254,5.82619291669)
  );
#604 = CARTESIAN_POINT('',(1.500579878904,5.799480710862,5.838851164138)
  );
#605 = CARTESIAN_POINT('',(1.500043105789,5.801580409843,5.851516334133)
  );
#606 = CARTESIAN_POINT('',(1.499457326102,5.803642399618,5.864187480993)
  );
#607 = CARTESIAN_POINT('',(1.494018584121,5.820984870956,5.972794890489)
  );
#608 = CARTESIAN_POINT('',(1.486404923316,5.834143625625,6.06906387719)
  );
#609 = CARTESIAN_POINT('',(1.475961127258,5.84511815275,6.165514234098)
  );
#610 = CARTESIAN_POINT('',(1.462668932479,5.853897948662,6.261986139302)
  );
#611 = CARTESIAN_POINT('',(1.446513850026,5.860486402569,6.358317769553)
  );
#612 = CARTESIAN_POINT('',(1.427486830395,5.864900389698,6.454345773921)
  );
#613 = CARTESIAN_POINT('',(1.405585928475,5.86716986443,6.549905747451)
  );
#614 = CARTESIAN_POINT('',(1.354913336905,5.867512739697,6.744116499804)
  );
#615 = CARTESIAN_POINT('',(1.325871300837,5.865388665901,6.842713293463)
  );
#616 = CARTESIAN_POINT('',(1.293700265928,5.861013592348,6.940432935733)
  );
#617 = CARTESIAN_POINT('',(1.258418271023,5.854450880834,7.037092530142)
  );
#618 = CARTESIAN_POINT('',(1.220054518779,5.845776825349,7.132517048605)
  );
#619 = CARTESIAN_POINT('',(1.178650906288,5.83507858281,7.226539946271)
  );
#620 = CARTESIAN_POINT('',(1.134263555666,5.822452103617,7.319003776183)
  );
#621 = CARTESIAN_POINT('',(1.068318307518,5.802302878487,7.445538552468)
  );
#622 = CARTESIAN_POINT('',(1.049219483576,5.796321890726,7.481051557446)
  );
#623 = CARTESIAN_POINT('',(1.029672135398,5.790063398099,7.516291000649)
  );
#624 = CARTESIAN_POINT('',(1.009680811939,5.783533790671,7.551248417373)
  );
#625 = CARTESIAN_POINT('',(0.989250348661,5.776739549833,7.585915696882)
  );
#626 = CARTESIAN_POINT('',(0.968385867535,5.769687248306,7.620285082406)
  );
#627 = CARTESIAN_POINT('',(0.947092777041,5.76238355014,7.654349171145)
  );
#628 = CARTESIAN_POINT('',(0.892942464991,5.743561301468,7.738511523417)
  );
#629 = CARTESIAN_POINT('',(0.85956448696,5.73174134704,7.788225403715));
#630 = CARTESIAN_POINT('',(0.825262011827,5.719398010989,7.837219143884)
  );
#631 = CARTESIAN_POINT('',(0.790055222073,5.706553844373,7.885471229355)
  );
#632 = CARTESIAN_POINT('',(0.753965308918,5.693231285739,7.932962042266)
  );
#633 = CARTESIAN_POINT('',(0.717014472309,5.679452661127,7.979673861459)
  );
#634 = CARTESIAN_POINT('',(0.679225920932,5.665240184067,8.025590862485)
  );
#635 = CARTESIAN_POINT('',(0.554250166189,5.617893529796,8.171630458657)
  );
#636 = CARTESIAN_POINT('',(0.463804717868,5.583109323177,8.268510154855)
  );
#637 = CARTESIAN_POINT('',(0.369553588887,5.54650722278,8.361183863787)
  );
#638 = CARTESIAN_POINT('',(0.271780687191,5.508320990631,8.449542892373)
  );
#639 = CARTESIAN_POINT('',(0.170781734223,5.468770065756,8.53351653165)
  );
#640 = CARTESIAN_POINT('',(6.686081137799E-02,5.428057893681,
    8.613065349995));
#641 = CARTESIAN_POINT('',(-3.967051427885E-02,5.3863727834,
    8.688175444783));
#642 = CARTESIAN_POINT('',(-0.257860388658,5.301195882165,8.829887765536
    ));
#643 = CARTESIAN_POINT('',(-0.36939103921,5.257754931617,8.896347146147)
  );
#644 = CARTESIAN_POINT('',(-0.482912350423,5.21368660936,8.958368760495)
  );
#645 = CARTESIAN_POINT('',(-0.598124817497,5.169143384033,9.015978477284
    ));
#646 = CARTESIAN_POINT('',(-0.714550750671,5.124333828495,9.069138503773
    ));
#647 = CARTESIAN_POINT('',(-0.831514087639,5.079528985758,9.117785326444
    ));
#648 = CARTESIAN_POINT('',(-0.948033354921,5.035100949968,9.161859585613
    ));
#649 = CARTESIAN_POINT('',(-1.100422016922,4.977247557008,9.214312764689
    ));
#650 = CARTESIAN_POINT('',(-1.137838232382,4.96306339911,9.226764989664)
  );
#651 = CARTESIAN_POINT('',(-1.174971615963,4.949006690133,9.238709908384
    ));
#652 = CARTESIAN_POINT('',(-1.211747374889,4.935104966102,9.250142067368
    ));
#653 = CARTESIAN_POINT('',(-1.248078470394,4.921390150908,9.26105566421)
  );
#654 = CARTESIAN_POINT('',(-1.283868787254,4.907897355087,9.271445885665
    ));
#655 = CARTESIAN_POINT('',(-1.319016303323,4.894663674607,9.281310245743
    ));
#656 = CARTESIAN_POINT('',(-1.353416259063,4.881726989654,9.290649923795
    ));
#657 = PCURVE('',#187,#658);
#658 = DEFINITIONAL_REPRESENTATION('',(#659),#795);
#659 = B_SPLINE_CURVE_WITH_KNOTS('',3,(#660,#661,#662,#663,#664,#665,
    #666,#667,#668,#669,#670,#671,#672,#673,#674,#675,#676,#677,#678,
    #679,#680,#681,#682,#683,#684,#685,#686,#687,#688,#689,#690,#691,
    #692,#693,#694,#695,#696,#697,#698,#699,#700,#701,#702,#703,#704,
    #705,#706,#707,#708,#709,#710,#711,#712,#713,#714,#715,#716,#717,
    #718,#719,#720,#721,#722,#723,#724,#725,#726,#727,#728,#729,#730,
    #731,#732,#733,#734,#735,#736,#737,#738,#739,#740,#741,#742,#743,
    #744,#745,#746,#747,#748,#749,#750,#751,#752,#753,#754,#755,#756,
    #757,#758,#759,#760,#761,#762,#763,#764,#765,#766,#767,#768,#769,
    #770,#771,#772,#773,#774,#775,#776,#777,#778,#779,#780,#781,#782,
    #783,#784,#785,#786,#787,#788,#789,#790,#791,#792,#793,#794),
  .UNSPECIFIED.,.F.,.F.,(4,1,1,1,1,1,1,1,1,1,1,1,1,1,1,1,1,1,1,1,1,1,1,1
    ,1,1,1,1,1,1,1,1,1,1,1,1,1,1,1,1,1,1,1,1,1,1,1,1,1,1,1,1,1,1,1,1,1,1
    ,1,1,1,1,1,1,1,1,1,1,1,1,1,1,1,1,1,1,1,1,1,1,1,1,1,1,1,1,1,1,1,1,1,1
    ,1,1,1,1,1,1,1,1,1,1,1,1,1,1,1,1,1,1,1,1,1,1,1,1,1,1,1,1,1,1,1,1,1,1
    ,1,1,1,1,1,1,4),(0.234819978812,0.240616797155,0.246413615497,
    0.252210433839,0.258007252182,0.263804070524,0.269600888866,
    0.275397707209,0.281194525551,0.286991343893,0.292788162236,
    0.298584980578,0.30438179892,0.310178617263,0.315975435605,
    0.321772253947,0.32756907229,0.333365890632,0.339162708974,
    0.344959527317,0.350756345659,0.356553164001,0.362349982344,
    0.368146800686,0.373943619028,0.379740437371,0.385537255713,
    0.391334074055,0.397130892398,0.40292771074,0.408724529082,
    0.414521347425,0.420318165767,0.426114984109,0.431911802452,
    0.437708620794,0.443505439136,0.449302257479,0.455099075821,
    0.460895894163,0.466692712506,0.472489530848,0.47828634919,
    0.484083167533,0.489879985875,0.495676804217,0.50147362256,
    0.507270440902,0.513067259244,0.518864077587,0.524660895929,
    0.530457714271,0.536254532614,0.542051350956,0.547848169298,
    0.553644987641,0.559441805983,0.565238624325,0.571035442667,
    0.57683226101,0.582629079352,0.588425897694,0.594222716037,
    0.600019534379,0.605816352721,0.611613171064,0.617409989406,
    0.623206807748,0.629003626091,0.634800444433,0.640597262775,
    0.646394081118,0.65219089946,0.657987717802,0.663784536145,
    0.669581354487,0.675378172829,0.681174991172,0.686971809514,
    0.692768627856,0.698565446199,0.704362264541,0.710159082883,
    0.715955901226,0.721752719568,0.72754953791,0.733346356253,
    0.739143174595,0.744939992937,0.75073681128,0.756533629622,
    0.762330447964,0.768127266307,0.773924084649,0.779720902991,
    0.785517721334,0.791314539676,0.797111358018,0.802908176361,
    0.808704994703,0.814501813045,0.820298631388,0.82609544973,
    0.831892268072,0.837689086415,0.843485904757,0.849282723099,
    0.855079541442,0.860876359784,0.866673178126,0.872469996469,
    0.878266814811,0.884063633153,0.889860451496,0.895657269838,
    0.90145408818,0.907250906523,0.913047724865,0.918844543207,
    0.92464136155,0.930438179892,0.936234998234,0.942031816577,
    0.947828634919,0.953625453261,0.959422271604,0.965219089946,
    0.971015908288,0.976812726631,0.982609544973,0.988406363315,
    0.994203181658,1.),.QUASI_UNIFORM_KNOTS.);
#660 = CARTESIAN_POINT('',(1.545448301751,-0.65413991379));
#661 = CARTESIAN_POINT('',(1.542576723551,-0.651635005375));
#662 = CARTESIAN_POINT('',(1.536905454032,-0.646564329091));
#663 = CARTESIAN_POINT('',(1.528613155746,-0.638777448968));
#664 = CARTESIAN_POINT('',(1.520534469666,-0.630811409062));
#665 = CARTESIAN_POINT('',(1.512668188983,-0.622667938919));
#666 = CARTESIAN_POINT('',(1.505012978682,-0.614348783105));
#667 = CARTESIAN_POINT('',(1.49756736295,-0.605855702112));
#668 = CARTESIAN_POINT('',(1.490329742622,-0.597190477368));
#669 = CARTESIAN_POINT('',(1.483298388567,-0.588354893612));
#670 = CARTESIAN_POINT('',(1.476471595228,-0.57935093572));
#671 = CARTESIAN_POINT('',(1.469847445566,-0.570180487299));
#672 = CARTESIAN_POINT('',(1.463423926572,-0.560845463133));
#673 = CARTESIAN_POINT('',(1.457198920678,-0.55134778818));
#674 = CARTESIAN_POINT('',(1.451170218852,-0.541689404073));
#675 = CARTESIAN_POINT('',(1.445335527636,-0.531872269115));
#676 = CARTESIAN_POINT('',(1.439692477588,-0.521898361096));
#677 = CARTESIAN_POINT('',(1.43423863079,-0.511769679657));
#678 = CARTESIAN_POINT('',(1.428971489131,-0.501488251989));
#679 = CARTESIAN_POINT('',(1.423888498739,-0.491056129969));
#680 = CARTESIAN_POINT('',(1.418987067223,-0.480475422459));
#681 = CARTESIAN_POINT('',(1.414264531635,-0.469748199717));
#682 = CARTESIAN_POINT('',(1.409718182793,-0.458876529322));
#683 = CARTESIAN_POINT('',(1.405345305283,-0.447862570755));
#684 = CARTESIAN_POINT('',(1.401143143297,-0.436708463363));
#685 = CARTESIAN_POINT('',(1.397108920789,-0.425416359417));
#686 = CARTESIAN_POINT('',(1.393239851459,-0.413988434146));
#687 = CARTESIAN_POINT('',(1.389533131817,-0.402426843873));
#688 = CARTESIAN_POINT('',(1.385986009496,-0.390733914927));
#689 = CARTESIAN_POINT('',(1.382595565811,-0.37891146079));
#690 = CARTESIAN_POINT('',(1.379358920022,-0.366961259041));
#691 = CARTESIAN_POINT('',(1.376273473745,-0.354885964779));
#692 = CARTESIAN_POINT('',(1.373336545162,-0.342687946095));
#693 = CARTESIAN_POINT('',(1.370545484896,-0.33036959497));
#694 = CARTESIAN_POINT('',(1.367897662799,-0.317933248385));
#695 = CARTESIAN_POINT('',(1.365390487822,-0.305381214566));
#696 = CARTESIAN_POINT('',(1.363021417617,-0.292715771706));
#697 = CARTESIAN_POINT('',(1.360787969564,-0.279939174704));
#698 = CARTESIAN_POINT('',(1.358687730199,-0.267053660357));
#699 = CARTESIAN_POINT('',(1.356718363925,-0.254061453584));
#700 = CARTESIAN_POINT('',(1.354877620848,-0.24096477396));
#701 = CARTESIAN_POINT('',(1.353163343869,-0.227765842767));
#702 = CARTESIAN_POINT('',(1.351573475054,-0.214466890517));
#703 = CARTESIAN_POINT('',(1.350106061349,-0.201070164962));
#704 = CARTESIAN_POINT('',(1.34875925968,-0.187577939581));
#705 = CARTESIAN_POINT('',(1.34753134149,-0.173992522708));
#706 = CARTESIAN_POINT('',(1.346420696708,-0.160316266702));
#707 = CARTESIAN_POINT('',(1.345425837397,-0.146551579562));
#708 = CARTESIAN_POINT('',(1.344545400247,-0.132700930038));
#709 = CARTESIAN_POINT('',(1.343778151231,-0.118766879845));
#710 = CARTESIAN_POINT('',(1.343122980141,-0.104752017614));
#711 = CARTESIAN_POINT('',(1.342578930966,-9.06592626143E-02));
#712 = CARTESIAN_POINT('',(1.342145088697,-7.64907018126E-02));
#713 = CARTESIAN_POINT('',(1.341820737916,-6.224789151467E-02));
#714 = CARTESIAN_POINT('',(1.341605292777,-4.793609486139E-02));
#715 = CARTESIAN_POINT('',(1.341498170866,-3.353449052536E-02));
#716 = CARTESIAN_POINT('',(1.341499570529,-1.904847446111E-02));
#717 = CARTESIAN_POINT('',(1.341609725029,-4.476242139056E-03));
#718 = CARTESIAN_POINT('',(1.341829022794,1.016555741453E-02));
#719 = CARTESIAN_POINT('',(1.342158184868,2.470592762213E-02));
#720 = CARTESIAN_POINT('',(1.342598014289,3.917590037522E-02));
#721 = CARTESIAN_POINT('',(1.343149442272,5.356372286746E-02));
#722 = CARTESIAN_POINT('',(1.343813517347,6.786910093388E-02));
#723 = CARTESIAN_POINT('',(1.344591420368,8.208872133876E-02));
#724 = CARTESIAN_POINT('',(1.345484453877,9.622011814556E-02));
#725 = CARTESIAN_POINT('',(1.3464940382,0.110260624061));
#726 = CARTESIAN_POINT('',(1.347621705569,0.124207639233));
#727 = CARTESIAN_POINT('',(1.348869094465,0.13805854661));
#728 = CARTESIAN_POINT('',(1.350237943864,0.151810724885));
#729 = CARTESIAN_POINT('',(1.351730086262,0.16546152577));
#730 = CARTESIAN_POINT('',(1.353347443904,0.179008297587));
#731 = CARTESIAN_POINT('',(1.355092011414,0.19244826043));
#732 = CARTESIAN_POINT('',(1.356965905922,0.205779126118));
#733 = CARTESIAN_POINT('',(1.358971257808,0.218998119982));
#734 = CARTESIAN_POINT('',(1.361110263203,0.232102545869));
#735 = CARTESIAN_POINT('',(1.363385172666,0.245089748482));
#736 = CARTESIAN_POINT('',(1.365798283815,0.25795711183));
#737 = CARTESIAN_POINT('',(1.368351932228,0.27070204877));
#738 = CARTESIAN_POINT('',(1.371048482146,0.283321993876));
#739 = CARTESIAN_POINT('',(1.373890316327,0.295814395757));
#740 = CARTESIAN_POINT('',(1.376879825866,0.308176712168));
#741 = CARTESIAN_POINT('',(1.380019397164,0.320406398524));
#742 = CARTESIAN_POINT('',(1.383311406223,0.332500924146));
#743 = CARTESIAN_POINT('',(1.386758182112,0.344457688403));
#744 = CARTESIAN_POINT('',(1.390362082742,0.356274316962));
#745 = CARTESIAN_POINT('',(1.394125461326,0.367948527488));
#746 = CARTESIAN_POINT('',(1.398050593012,0.379477937542));
#747 = CARTESIAN_POINT('',(1.402139727509,0.390860256207));
#748 = CARTESIAN_POINT('',(1.406395051689,0.402093217121));
#749 = CARTESIAN_POINT('',(1.410818728023,0.413174622107));
#750 = CARTESIAN_POINT('',(1.415412829265,0.424102307482));
#751 = CARTESIAN_POINT('',(1.420179368109,0.434874164536));
#752 = CARTESIAN_POINT('',(1.425120297015,0.445488142856));
#753 = CARTESIAN_POINT('',(1.43023749588,0.455942246821));
#754 = CARTESIAN_POINT('',(1.435532759546,0.46623452777));
#755 = CARTESIAN_POINT('',(1.441007795319,0.476363101511));
#756 = CARTESIAN_POINT('',(1.446664178612,0.486326069842));
#757 = CARTESIAN_POINT('',(1.452503417168,0.496121610011));
#758 = CARTESIAN_POINT('',(1.458526955058,0.505748034471));
#759 = CARTESIAN_POINT('',(1.464736117946,0.515203673411));
#760 = CARTESIAN_POINT('',(1.471132118062,0.524486900649));
#761 = CARTESIAN_POINT('',(1.477716042644,0.533596122282));
#762 = CARTESIAN_POINT('',(1.484488846176,0.542529776171));
#763 = CARTESIAN_POINT('',(1.491451340979,0.551286329348));
#764 = CARTESIAN_POINT('',(1.498604187579,0.55986427673));
#765 = CARTESIAN_POINT('',(1.505947884605,0.568262140327));
#766 = CARTESIAN_POINT('',(1.513482757767,0.576478468635));
#767 = CARTESIAN_POINT('',(1.52120895003,0.584511838096));
#768 = CARTESIAN_POINT('',(1.529126404919,0.592360849225));
#769 = CARTESIAN_POINT('',(1.537234873155,0.600024145));
#770 = CARTESIAN_POINT('',(1.545533829911,0.607500348347));
#771 = CARTESIAN_POINT('',(1.554022723349,0.614788303667));
#772 = CARTESIAN_POINT('',(1.562699984577,0.621886185678));
#773 = CARTESIAN_POINT('',(1.571559919895,0.628789462168));
#774 = CARTESIAN_POINT('',(1.580603517255,0.635499337395));
#775 = CARTESIAN_POINT('',(1.58982943484,0.642015186185));
#776 = CARTESIAN_POINT('',(1.599235892469,0.648336311859));
#777 = CARTESIAN_POINT('',(1.608820049374,0.654461551155));
#778 = CARTESIAN_POINT('',(1.618578049752,0.660389456215));
#779 = CARTESIAN_POINT('',(1.628504882404,0.666118322381));
#780 = CARTESIAN_POINT('',(1.638594282696,0.671646258155));
#781 = CARTESIAN_POINT('',(1.648838614752,0.676971244958));
#782 = CARTESIAN_POINT('',(1.659228753536,0.682091202084));
#783 = CARTESIAN_POINT('',(1.669753952595,0.687004050017));
#784 = CARTESIAN_POINT('',(1.680401739895,0.691707786627));
#785 = CARTESIAN_POINT('',(1.691157694766,0.696200527506));
#786 = CARTESIAN_POINT('',(1.702005663429,0.700480693067));
#787 = CARTESIAN_POINT('',(1.712926345885,0.704546662405));
#788 = CARTESIAN_POINT('',(1.723901985291,0.708398432403));
#789 = CARTESIAN_POINT('',(1.734893240736,0.71203009122));
#790 = CARTESIAN_POINT('',(1.745864192346,0.715439321174));
#791 = CARTESIAN_POINT('',(1.756773738827,0.718624412593));
#792 = CARTESIAN_POINT('',(1.767575543301,0.721584173448));
#793 = CARTESIAN_POINT('',(1.774670260983,0.723407506267));
#794 = CARTESIAN_POINT('',(1.778182603178,0.724281723374));
#795 = ( GEOMETRIC_REPRESENTATION_CONTEXT(2) 
PARAMETRIC_REPRESENTATION_CONTEXT() REPRESENTATION_CONTEXT('2D SPACE',''
  ) );
#796 = PCURVE('',#797,#833);
#797 = ( BOUNDED_SURFACE() B_SPLINE_SURFACE(2,2,(
    (#798,#799,#800,#801,#802)
    ,(#803,#804,#805,#806,#807)
    ,(#808,#809,#810,#811,#812)
    ,(#813,#814,#815,#816,#817)
    ,(#818,#819,#820,#821,#822)
    ,(#823,#824,#825,#826,#827)
    ,(#828,#829,#830,#831,#832
)),.UNSPECIFIED.,.T.,.F.,.F.) B_SPLINE_SURFACE_WITH_KNOTS((1,2,2,2,2,1),
  (3,2,3),(-2.094395102393,0.,2.094395102393,4.188790204786,
    6.28318530718,8.377580409573),(-1.570796326795,0.,1.570796326795),
.UNSPECIFIED.) GEOMETRIC_REPRESENTATION_ITEM() RATIONAL_B_SPLINE_SURFACE
((
    (1.,0.707106781187,1.,0.707106781187,1.)
    ,(0.5,0.353553390593,0.5,0.353553390593,0.5)
    ,(1.,0.707106781187,1.,0.707106781187,1.)
    ,(0.5,0.353553390593,0.5,0.353553390593,0.5)
    ,(1.,0.707106781187,1.,0.707106781187,1.)
    ,(0.5,0.353553390593,0.5,0.353553390593,0.5)
,(1.,0.707106781187,1.,0.707106781187,1.
))) REPRESENTATION_ITEM('') SURFACE() );
#798 = CARTESIAN_POINT('',(-2.5,3.094133342141,2.619259607988));
#799 = CARTESIAN_POINT('',(2.5,3.094133342141,2.619259607988));
#800 = CARTESIAN_POINT('',(2.5,4.,6.));
#801 = CARTESIAN_POINT('',(2.5,4.905866657859,9.380740392012));
#802 = CARTESIAN_POINT('',(-2.5,4.905866657859,9.380740392012));
#803 = CARTESIAN_POINT('',(-2.5,3.094133342141,2.619259607988));
#804 = CARTESIAN_POINT('',(2.5,8.113231164568,1.274396399736));
#805 = CARTESIAN_POINT('',(2.5,9.019097822427,4.655136791748));
#806 = CARTESIAN_POINT('',(2.5,9.924964480286,8.03587718376));
#807 = CARTESIAN_POINT('',(-2.5,4.905866657859,9.380740392012));
#808 = CARTESIAN_POINT('',(-2.5,3.094133342141,2.619259607988));
#809 = CARTESIAN_POINT('',(-5.,5.603682253355,1.946828003862));
#810 = CARTESIAN_POINT('',(-5.,6.509548911213,5.327568395874));
#811 = CARTESIAN_POINT('',(-5.,7.415415569072,8.708308787886));
#812 = CARTESIAN_POINT('',(-2.5,4.905866657859,9.380740392012));
#813 = CARTESIAN_POINT('',(-2.5,3.094133342141,2.619259607988));
#814 = CARTESIAN_POINT('',(-12.5,3.094133342141,2.619259607988));
#815 = CARTESIAN_POINT('',(-12.5,4.,6.));
#816 = CARTESIAN_POINT('',(-12.5,4.905866657859,9.380740392012));
#817 = CARTESIAN_POINT('',(-2.5,4.905866657859,9.380740392012));
#818 = CARTESIAN_POINT('',(-2.5,3.094133342141,2.619259607988));
#819 = CARTESIAN_POINT('',(-5.,0.584584430928,3.291691212114));
#820 = CARTESIAN_POINT('',(-5.,1.490451088787,6.672431604126));
#821 = CARTESIAN_POINT('',(-5.,2.396317746645,10.053171996138));
#822 = CARTESIAN_POINT('',(-2.5,4.905866657859,9.380740392012));
#823 = CARTESIAN_POINT('',(-2.5,3.094133342141,2.619259607988));
#824 = CARTESIAN_POINT('',(2.5,-1.924964480286,3.96412281624));
#825 = CARTESIAN_POINT('',(2.5,-1.019097822427,7.344863208252));
#826 = CARTESIAN_POINT('',(2.5,-0.113231164568,10.725603600264));
#827 = CARTESIAN_POINT('',(-2.5,4.905866657859,9.380740392012));
#828 = CARTESIAN_POINT('',(-2.5,3.094133342141,2.619259607988));
#829 = CARTESIAN_POINT('',(2.5,3.094133342141,2.619259607988));
#830 = CARTESIAN_POINT('',(2.5,4.,6.));
#831 = CARTESIAN_POINT('',(2.5,4.905866657859,9.380740392012));
#832 = CARTESIAN_POINT('',(-2.5,4.905866657859,9.380740392012));
#833 = DEFINITIONAL_REPRESENTATION('',(#834),#970);
#834 = B_SPLINE_CURVE_WITH_KNOTS('',3,(#835,#836,#837,#838,#839,#840,
    #841,#842,#843,#844,#845,#846,#847,#848,#849,#850,#851,#852,#853,
    #854,#855,#856,#857,#858,#859,#860,#861,#862,#863,#864,#865,#866,
    #867,#868,#869,#870,#871,#872,#873,#874,#875,#876,#877,#878,#879,
    #880,#881,#882,#883,#884,#885,#886,#887,#888,#889,#890,#891,#892,
    #893,#894,#895,#896,#897,#898,#899,#900,#901,#902,#903,#904,#905,
    #906,#907,#908,#909,#910,#911,#912,#913,#914,#915,#916,#917,#918,
    #919,#920,#921,#922,#923,#924,#925,#926,#927,#928,#929,#930,#931,
    #932,#933,#934,#935,#936,#937,#938,#939,#940,#941,#942,#943,#944,
    #945,#946,#947,#948,#949,#950,#951,#952,#953,#954,#955,#956,#957,
    #958,#959,#960,#961,#962,#963,#964,#965,#966,#967,#968,#969),
  .UNSPECIFIED.,.F.,.F.,(4,1,1,1,1,1,1,1,1,1,1,1,1,1,1,1,1,1,1,1,1,1,1,1
    ,1,1,1,1,1,1,1,1,1,1,1,1,1,1,1,1,1,1,1,1,1,1,1,1,1,1,1,1,1,1,1,1,1,1
    ,1,1,1,1,1,1,1,1,1,1,1,1,1,1,1,1,1,1,1,1,1,1,1,1,1,1,1,1,1,1,1,1,1,1
    ,1,1,1,1,1,1,1,1,1,1,1,1,1,1,1,1,1,1,1,1,1,1,1,1,1,1,1,1,1,1,1,1,1,1
    ,1,1,1,1,1,1,4),(0.234819978812,0.240616797155,0.246413615497,
    0.252210433839,0.258007252182,0.263804070524,0.269600888866,
    0.275397707209,0.281194525551,0.286991343893,0.292788162236,
    0.298584980578,0.30438179892,0.310178617263,0.315975435605,
    0.321772253947,0.32756907229,0.333365890632,0.339162708974,
    0.344959527317,0.350756345659,0.356553164001,0.362349982344,
    0.368146800686,0.373943619028,0.379740437371,0.385537255713,
    0.391334074055,0.397130892398,0.40292771074,0.408724529082,
    0.414521347425,0.420318165767,0.426114984109,0.431911802452,
    0.437708620794,0.443505439136,0.449302257479,0.455099075821,
    0.460895894163,0.466692712506,0.472489530848,0.47828634919,
    0.484083167533,0.489879985875,0.495676804217,0.50147362256,
    0.507270440902,0.513067259244,0.518864077587,0.524660895929,
    0.530457714271,0.536254532614,0.542051350956,0.547848169298,
    0.553644987641,0.559441805983,0.565238624325,0.571035442667,
    0.57683226101,0.582629079352,0.588425897694,0.594222716037,
    0.600019534379,0.605816352721,0.611613171064,0.617409989406,
    0.623206807748,0.629003626091,0.634800444433,0.640597262775,
    0.646394081118,0.65219089946,0.657987717802,0.663784536145,
    0.669581354487,0.675378172829,0.681174991172,0.686971809514,
    0.692768627856,0.698565446199,0.704362264541,0.710159082883,
    0.715955901226,0.721752719568,0.72754953791,0.733346356253,
    0.739143174595,0.744939992937,0.75073681128,0.756533629622,
    0.762330447964,0.768127266307,0.773924084649,0.779720902991,
    0.785517721334,0.791314539676,0.797111358018,0.802908176361,
    0.808704994703,0.814501813045,0.820298631388,0.82609544973,
    0.831892268072,0.837689086415,0.843485904757,0.849282723099,
    0.855079541442,0.860876359784,0.866673178126,0.872469996469,
    0.878266814811,0.884063633153,0.889860451496,0.895657269838,
    0.90145408818,0.907250906523,0.913047724865,0.918844543207,
    0.92464136155,0.930438179892,0.936234998234,0.942031816577,
    0.947828634919,0.953625453261,0.959422271604,0.965219089946,
    0.971015908288,0.976812726631,0.982609544973,0.988406363315,
    0.994203181658,1.),.QUASI_UNIFORM_KNOTS.);
#835 = CARTESIAN_POINT('',(0.618826601546,-0.942554972424));
#836 = CARTESIAN_POINT('',(0.619661877584,-0.937253833537));
#837 = CARTESIAN_POINT('',(0.621314815788,-0.926636852131));
#838 = CARTESIAN_POINT('',(0.623743328649,-0.910665051547));
#839 = CARTESIAN_POINT('',(0.626123028081,-0.894644698964));
#840 = CARTESIAN_POINT('',(0.62845552665,-0.87857359163));
#841 = CARTESIAN_POINT('',(0.630742170145,-0.862449543867));
#842 = CARTESIAN_POINT('',(0.63298401864,-0.846270389037));
#843 = CARTESIAN_POINT('',(0.635181881457,-0.83003399093));
#844 = CARTESIAN_POINT('',(0.637336336191,-0.813738213556));
#845 = CARTESIAN_POINT('',(0.639447699774,-0.79738127822));
#846 = CARTESIAN_POINT('',(0.641516142313,-0.780961203707));
#847 = CARTESIAN_POINT('',(0.643541638702,-0.764476056755));
#848 = CARTESIAN_POINT('',(0.645523997129,-0.74792391354));
#849 = CARTESIAN_POINT('',(0.647462869882,-0.731302872504));
#850 = CARTESIAN_POINT('',(0.649357766315,-0.714611054195));
#851 = CARTESIAN_POINT('',(0.651208062841,-0.697846605717));
#852 = CARTESIAN_POINT('',(0.653013012213,-0.681007703806));
#853 = CARTESIAN_POINT('',(0.654771749577,-0.664092562952));
#854 = CARTESIAN_POINT('',(0.656483304333,-0.647099428932));
#855 = CARTESIAN_POINT('',(0.658146585198,-0.630026629915));
#856 = CARTESIAN_POINT('',(0.659760460824,-0.61287241612));
#857 = CARTESIAN_POINT('',(0.661323698239,-0.595635027109));
#858 = CARTESIAN_POINT('',(0.662834948528,-0.578312837023));
#859 = CARTESIAN_POINT('',(0.664292833076,-0.560904170034));
#860 = CARTESIAN_POINT('',(0.665695918533,-0.543407354899));
#861 = CARTESIAN_POINT('',(0.667042720802,-0.525820739117));
#862 = CARTESIAN_POINT('',(0.668331706732,-0.508142624046));
#863 = CARTESIAN_POINT('',(0.669561280781,-0.490371553984));
#864 = CARTESIAN_POINT('',(0.670729841241,-0.472505265118));
#865 = CARTESIAN_POINT('',(0.671835798115,-0.454541429039));
#866 = CARTESIAN_POINT('',(0.672877469595,-0.43647902791));
#867 = CARTESIAN_POINT('',(0.673853184662,-0.418316567411));
#868 = CARTESIAN_POINT('',(0.674761266154,-0.400052556466));
#869 = CARTESIAN_POINT('',(0.675600044428,-0.381685386649));
#870 = CARTESIAN_POINT('',(0.676367861914,-0.363213372179));
#871 = CARTESIAN_POINT('',(0.677063079324,-0.344634746742));
#872 = CARTESIAN_POINT('',(0.677684080744,-0.325947671834));
#873 = CARTESIAN_POINT('',(0.678229278457,-0.307150242087));
#874 = CARTESIAN_POINT('',(0.678697117386,-0.288240491591));
#875 = CARTESIAN_POINT('',(0.679086079281,-0.269216400226));
#876 = CARTESIAN_POINT('',(0.679394686725,-0.250075900408));
#877 = CARTESIAN_POINT('',(0.67962150704,-0.230816884219));
#878 = CARTESIAN_POINT('',(0.679765156176,-0.211437211095));
#879 = CARTESIAN_POINT('',(0.679824302658,-0.191934715909));
#880 = CARTESIAN_POINT('',(0.679797671687,-0.172307218482));
#881 = CARTESIAN_POINT('',(0.679684049418,-0.152552530993));
#882 = CARTESIAN_POINT('',(0.679482287784,-0.132668476848));
#883 = CARTESIAN_POINT('',(0.679191308783,-0.112652870781));
#884 = CARTESIAN_POINT('',(0.678810112793,-9.250364796088E-02));
#885 = CARTESIAN_POINT('',(0.678337774225,-7.221844163564E-02));
#886 = CARTESIAN_POINT('',(0.677773487233,-5.179622383234E-02));
#887 = CARTESIAN_POINT('',(0.67711641557,-3.123112146704E-02));
#888 = CARTESIAN_POINT('',(0.676365796097,-1.052961044385E-02));
#889 = CARTESIAN_POINT('',(0.675521179386,1.034591005309E-02));
#890 = CARTESIAN_POINT('',(0.674580450123,3.104785301279E-02));
#891 = CARTESIAN_POINT('',(0.673542798283,5.161237834885E-02));
#892 = CARTESIAN_POINT('',(0.672407398537,7.203264474953E-02));
#893 = CARTESIAN_POINT('',(0.671173442543,9.231480281802E-02));
#894 = CARTESIAN_POINT('',(0.669839516002,0.112470626969));
#895 = CARTESIAN_POINT('',(0.66840496659,0.132500517775));
#896 = CARTESIAN_POINT('',(0.666869056389,0.152406942889));
#897 = CARTESIAN_POINT('',(0.665231134531,0.172191695604));
#898 = CARTESIAN_POINT('',(0.663490602888,0.191856715269));
#899 = CARTESIAN_POINT('',(0.661646914924,0.21140385376));
#900 = CARTESIAN_POINT('',(0.659699567028,0.23083492439));
#901 = CARTESIAN_POINT('',(0.657648093138,0.250151675576));
#902 = CARTESIAN_POINT('',(0.655492060009,0.269355783913));
#903 = CARTESIAN_POINT('',(0.653231062768,0.288448845906));
#904 = CARTESIAN_POINT('',(0.650864724663,0.307432356887));
#905 = CARTESIAN_POINT('',(0.648392685714,0.326307743928));
#906 = CARTESIAN_POINT('',(0.645814637375,0.345076197092));
#907 = CARTESIAN_POINT('',(0.643130136543,0.363739525811));
#908 = CARTESIAN_POINT('',(0.640338833861,0.382298804283));
#909 = CARTESIAN_POINT('',(0.637440347655,0.400755157417));
#910 = CARTESIAN_POINT('',(0.634434252778,0.419109708969));
#911 = CARTESIAN_POINT('',(0.631320068782,0.437363580357));
#912 = CARTESIAN_POINT('',(0.628097247964,0.455517876643));
#913 = CARTESIAN_POINT('',(0.624765162944,0.473573676851));
#914 = CARTESIAN_POINT('',(0.621323093888,0.491532023065));
#915 = CARTESIAN_POINT('',(0.617770214418,0.509393913073));
#916 = CARTESIAN_POINT('',(0.614105579105,0.527160282631));
#917 = CARTESIAN_POINT('',(0.610328101011,0.544832027956));
#918 = CARTESIAN_POINT('',(0.606436561567,0.562409879547));
#919 = CARTESIAN_POINT('',(0.602429493136,0.579894836324));
#920 = CARTESIAN_POINT('',(0.59830520726,0.597287973814));
#921 = CARTESIAN_POINT('',(0.594061817738,0.614590156337));
#922 = CARTESIAN_POINT('',(0.589697156166,0.631802321037));
#923 = CARTESIAN_POINT('',(0.585208786937,0.648925367368));
#924 = CARTESIAN_POINT('',(0.580593931006,0.66596025141));
#925 = CARTESIAN_POINT('',(0.575849472871,0.682907889538));
#926 = CARTESIAN_POINT('',(0.570971911037,0.699769213518));
#927 = CARTESIAN_POINT('',(0.565957310341,0.716545179256));
#928 = CARTESIAN_POINT('',(0.560801267246,0.733236754247));
#929 = CARTESIAN_POINT('',(0.555498869795,0.74984489975));
#930 = CARTESIAN_POINT('',(0.55004464545,0.766370589258));
#931 = CARTESIAN_POINT('',(0.544432539721,0.78281468146));
#932 = CARTESIAN_POINT('',(0.538655804714,0.799178086113));
#933 = CARTESIAN_POINT('',(0.532706914592,0.815461828526));
#934 = CARTESIAN_POINT('',(0.526577535676,0.831666869091));
#935 = CARTESIAN_POINT('',(0.520258436667,0.847794135561));
#936 = CARTESIAN_POINT('',(0.513739402233,0.863844498289));
#937 = CARTESIAN_POINT('',(0.507009131375,0.879818760086));
#938 = CARTESIAN_POINT('',(0.500055123451,0.89571764129));
#939 = CARTESIAN_POINT('',(0.492863548744,0.911541764925));
#940 = CARTESIAN_POINT('',(0.485419101412,0.927291640652));
#941 = CARTESIAN_POINT('',(0.477704832665,0.942967646554));
#942 = CARTESIAN_POINT('',(0.469701958654,0.958570012473));
#943 = CARTESIAN_POINT('',(0.461389647937,0.974098789498));
#944 = CARTESIAN_POINT('',(0.452744751775,0.989553861742));
#945 = CARTESIAN_POINT('',(0.443741592145,1.004934789364));
#946 = CARTESIAN_POINT('',(0.434351352321,1.020241268689));
#947 = CARTESIAN_POINT('',(0.424542736964,1.035471274593));
#948 = CARTESIAN_POINT('',(0.414285333716,1.050616169094));
#949 = CARTESIAN_POINT('',(0.403536696219,1.06567916675));
#950 = CARTESIAN_POINT('',(0.392251731289,1.080659250417));
#951 = CARTESIAN_POINT('',(0.380379950087,1.095554692773));
#952 = CARTESIAN_POINT('',(0.367865420534,1.110362043501));
#953 = CARTESIAN_POINT('',(0.354645896213,1.125076315339));
#954 = CARTESIAN_POINT('',(0.340652057449,1.13969083107));
#955 = CARTESIAN_POINT('',(0.32580660594,1.154197142785));
#956 = CARTESIAN_POINT('',(0.310023279162,1.168584912223));
#957 = CARTESIAN_POINT('',(0.293205759675,1.182841785943));
#958 = CARTESIAN_POINT('',(0.275246517779,1.196953246923));
#959 = CARTESIAN_POINT('',(0.256025501236,1.210902494158));
#960 = CARTESIAN_POINT('',(0.235409079227,1.224670181962));
#961 = CARTESIAN_POINT('',(0.213247884795,1.23823467006));
#962 = CARTESIAN_POINT('',(0.189378884126,1.251570390517));
#963 = CARTESIAN_POINT('',(0.163612207138,1.264653314075));
#964 = CARTESIAN_POINT('',(0.135788379025,1.277434073835));
#965 = CARTESIAN_POINT('',(0.105728175364,1.289868931493));
#966 = CARTESIAN_POINT('',(7.325671689186E-02,1.301909664097));
#967 = CARTESIAN_POINT('',(3.821151777372E-02,1.313503918231));
#968 = CARTESIAN_POINT('',(1.305139595304E-02,1.320899573986));
#969 = CARTESIAN_POINT('',(0.,1.324504983756));
#970 = ( GEOMETRIC_REPRESENTATION_CONTEXT(2) 
PARAMETRIC_REPRESENTATION_CONTEXT() REPRESENTATION_CONTEXT('2D SPACE',''
  ) );
#971 = ORIENTED_EDGE('',*,*,#972,.T.);
#972 = EDGE_CURVE('',#553,#973,#975,.T.);
#973 = VERTEX_POINT('',#974);
#974 = CARTESIAN_POINT('',(-6.741823158241,2.611535632651,6.8));
#975 = SURFACE_CURVE('',#976,(#1231,#1489),.PCURVE_S1.);
#976 = B_SPLINE_CURVE_WITH_KNOTS('',8,(#977,#978,#979,#980,#981,#982,
    #983,#984,#985,#986,#987,#988,#989,#990,#991,#992,#993,#994,#995,
    #996,#997,#998,#999,#1000,#1001,#1002,#1003,#1004,#1005,#1006,#1007,
    #1008,#1009,#1010,#1011,#1012,#1013,#1014,#1015,#1016,#1017,#1018,
    #1019,#1020,#1021,#1022,#1023,#1024,#1025,#1026,#1027,#1028,#1029,
    #1030,#1031,#1032,#1033,#1034,#1035,#1036,#1037,#1038,#1039,#1040,
    #1041,#1042,#1043,#1044,#1045,#1046,#1047,#1048,#1049,#1050,#1051,
    #1052,#1053,#1054,#1055,#1056,#1057,#1058,#1059,#1060,#1061,#1062,
    #1063,#1064,#1065,#1066,#1067,#1068,#1069,#1070,#1071,#1072,#1073,
    #1074,#1075,#1076,#1077,#1078,#1079,#1080,#1081,#1082,#1083,#1084,
    #1085,#1086,#1087,#1088,#1089,#1090,#1091,#1092,#1093,#1094,#1095,
    #1096,#1097,#1098,#1099,#1100,#1101,#1102,#1103,#1104,#1105,#1106,
    #1107,#1108,#1109,#1110,#1111,#1112,#1113,#1114,#1115,#1116,#1117,
    #1118,#1119,#1120,#1121,#1122,#1123,#1124,#1125,#1126,#1127,#1128,
    #1129,#1130,#1131,#1132,#1133,#1134,#1135,#1136,#1137,#1138,#1139,
    #1140,#1141,#1142,#1143,#1144,#1145,#1146,#1147,#1148,#1149,#1150,
    #1151,#1152,#1153,#1154,#1155,#1156,#1157,#1158,#1159,#1160,#1161,
    #1162,#1163,#1164,#1165,#1166,#1167,#1168,#1169,#1170,#1171,#1172,
    #1173,#1174,#1175,#1176,#1177,#1178,#1179,#1180,#1181,#1182,#1183,
    #1184,#1185,#1186,#1187,#1188,#1189,#1190,#1191,#1192,#1193,#1194,
    #1195,#1196,#1197,#1198,#1199,#1200,#1201,#1202,#1203,#1204,#1205,
    #1206,#1207,#1208,#1209,#1210,#1211,#1212,#1213,#1214,#1215,#1216,
    #1217,#1218,#1219,#1220,#1221,#1222,#1223,#1224,#1225,#1226,#1227,
    #1228,#1229,#1230),.UNSPECIFIED.,.F.,.F.,(9,7,7,7,7,7,7,7,7,7,7,7,7,
    7,7,7,7,7,7,7,7,7,7,7,7,7,7,7,7,7,7,7,7,7,7,7,9),(0.,
    1.112179572844E-02,6.33618956997E-02,7.270820561003E-02,
    0.107661631054,0.131849225909,0.137962122176,0.159700128204,
    0.163903039359,0.178534903678,0.192763228473,0.204977270416,
    0.250548344493,0.370615524936,0.472180144197,0.474045683962,
    0.476356140306,0.489834740296,0.564267141872,0.607946217219,
    0.659079260055,0.765631868272,0.806748425504,0.814493778485,
    0.822586206526,0.831057943951,0.850029142552,0.857992525101,
    0.867476002247,0.872441074608,0.890629156931,0.913744498681,
    0.932940329908,0.939178374193,0.960637977982,0.984213255761,1.),
  .UNSPECIFIED.);
#977 = CARTESIAN_POINT('',(-1.353416259063,4.881726989654,9.290649923795
    ));
#978 = CARTESIAN_POINT('',(-1.371932820297,4.874763524583,9.295677199581
    ));
#979 = CARTESIAN_POINT('',(-1.390320888816,4.867852983527,9.300576274491
    ));
#980 = CARTESIAN_POINT('',(-1.408573619242,4.860997781712,9.305348327078
    ));
#981 = CARTESIAN_POINT('',(-1.426684585306,4.854200172565,9.309994707938
    ));
#982 = CARTESIAN_POINT('',(-1.444647779852,4.84746224772,9.314516939711)
  );
#983 = CARTESIAN_POINT('',(-1.46245761483,4.840785937017,9.318916717079)
  );
#984 = CARTESIAN_POINT('',(-1.480108921307,4.834173008502,9.323195906771
    ));
#985 = CARTESIAN_POINT('',(-1.579739858344,4.796868786449,9.346899336253
    ));
#986 = CARTESIAN_POINT('',(-1.658365898056,4.767514345468,9.363846746555
    ));
#987 = CARTESIAN_POINT('',(-1.732829613234,4.73978631385,9.378360248383)
  );
#988 = CARTESIAN_POINT('',(-1.803056598133,4.713693225587,9.39077884625)
  );
#989 = CARTESIAN_POINT('',(-1.869518159211,4.689044940935,9.401471843849
    ));
#990 = CARTESIAN_POINT('',(-1.93300235808,4.665539101753,9.410761994216)
  );
#991 = CARTESIAN_POINT('',(-1.99440693886,4.642836660274,9.418900290229)
  );
#992 = CARTESIAN_POINT('',(-2.065580964666,4.616558505825,9.42735703035)
  );
#993 = CARTESIAN_POINT('',(-2.076348974348,4.612583851125,9.428609479283
    ));
#994 = CARTESIAN_POINT('',(-2.087089480878,4.608620327227,9.429832038047
    ));
#995 = CARTESIAN_POINT('',(-2.097808337769,4.604665751627,9.431025668605
    ));
#996 = CARTESIAN_POINT('',(-2.10851144417,4.600717927997,9.432191253846)
  );
#997 = CARTESIAN_POINT('',(-2.119204744866,4.596774646185,9.433329597587
    ));
#998 = CARTESIAN_POINT('',(-2.129894230275,4.592833682216,9.434441424566
    ));
#999 = CARTESIAN_POINT('',(-2.180570891902,4.574154639925,9.439588615969
    ));
#1000 = CARTESIAN_POINT('',(-2.220575525925,4.559421787307,
    9.443287032032));
#1001 = CARTESIAN_POINT('',(-2.260930937943,4.544571512699,
    9.446657810774));
#1002 = CARTESIAN_POINT('',(-2.301955507176,4.529486294981,
    9.449718843303));
#1003 = CARTESIAN_POINT('',(-2.343959805091,4.514051932591,
    9.452470539668));
#1004 = CARTESIAN_POINT('',(-2.387240820948,4.498159529781,
    9.454895556925));
#1005 = CARTESIAN_POINT('',(-2.432065500467,4.481711356212,
    9.456958445297));
#1006 = CARTESIAN_POINT('',(-2.510875404082,4.45281076896,9.459744851114
    ));
#1007 = CARTESIAN_POINT('',(-2.543943944987,4.440689092581,
    9.460684997468));
#1008 = CARTESIAN_POINT('',(-2.577910768279,4.42824300322,9.461408222032
    ));
#1009 = CARTESIAN_POINT('',(-2.612822178341,4.415455511793,
    9.461892679624));
#1010 = CARTESIAN_POINT('',(-2.648705946872,4.402316343564,9.46211343773
    ));
#1011 = CARTESIAN_POINT('',(-2.685568023793,4.388823094062,
    9.462043804891));
#1012 = CARTESIAN_POINT('',(-2.723389248152,4.374982384991,
    9.461656659094));
#1013 = CARTESIAN_POINT('',(-2.771910947283,4.357229511412,
    9.460741078084));
#1014 = CARTESIAN_POINT('',(-2.781758817969,4.353626606027,
    9.460534426878));
#1015 = CARTESIAN_POINT('',(-2.791665692273,4.350002286776,
    9.460305385395));
#1016 = CARTESIAN_POINT('',(-2.801630376787,4.346356980047,
    9.460053542168));
#1017 = CARTESIAN_POINT('',(-2.811652285067,4.342690889344,
    9.459778478375));
#1018 = CARTESIAN_POINT('',(-2.821730889213,4.339004195928,
    9.459479779506));
#1019 = CARTESIAN_POINT('',(-2.831864974419,4.335297331537,
    9.459157050721));
#1020 = CARTESIAN_POINT('',(-2.878286491463,4.318317682817,
    9.457575354805));
#1021 = CARTESIAN_POINT('',(-2.915213179687,4.304812342751,
    9.456031953717));
#1022 = CARTESIAN_POINT('',(-2.952790852939,4.291069665803,
    9.454161879299));
#1023 = CARTESIAN_POINT('',(-2.990971348631,4.277106524161,
    9.451949013321));
#1024 = CARTESIAN_POINT('',(-3.029703299598,4.262940829112,
    9.449379017461));
#1025 = CARTESIAN_POINT('',(-3.06893401088,4.248590855757,9.446439419087
    ));
#1026 = CARTESIAN_POINT('',(-3.108611336511,4.234074567745,
    9.443119697038));
#1027 = CARTESIAN_POINT('',(-3.15643366224,4.216573432807,9.438694377486
    ));
#1028 = CARTESIAN_POINT('',(-3.164187547859,4.213735655863,
    9.437963712222));
#1029 = CARTESIAN_POINT('',(-3.171988160731,4.210880616758,9.43721545083
    ));
#1030 = CARTESIAN_POINT('',(-3.179779421381,4.208028828859,
    9.436454638062));
#1031 = CARTESIAN_POINT('',(-3.187617207984,4.205159833512,
    9.435675988434));
#1032 = CARTESIAN_POINT('',(-3.195457092056,4.202289879981,
    9.434883480258));
#1033 = CARTESIAN_POINT('',(-3.203323477121,4.199410027774,9.43407474475
    ));
#1034 = CARTESIAN_POINT('',(-3.238645968443,4.186477670468,
    9.430381831192));
#1035 = CARTESIAN_POINT('',(-3.266304490022,4.176348753859,
    9.427324334961));
#1036 = CARTESIAN_POINT('',(-3.294154929633,4.16614663185,9.424076113529
    ));
#1037 = CARTESIAN_POINT('',(-3.322173467523,4.155879583019,
    9.420635394004));
#1038 = CARTESIAN_POINT('',(-3.35033865946,4.14555500323,9.41700069592)
  );
#1039 = CARTESIAN_POINT('',(-3.378631436733,4.135179405632,
    9.413170831235));
#1040 = CARTESIAN_POINT('',(-3.407035106151,4.124758420658,
    9.409144904334));
#1041 = CARTESIAN_POINT('',(-3.463249567956,4.104123699898,
    9.400816148122));
#1042 = CARTESIAN_POINT('',(-3.491054433705,4.093912424448,
    9.396523862303));
#1043 = CARTESIAN_POINT('',(-3.518936753872,4.083667347908,9.3920448191)
  );
#1044 = CARTESIAN_POINT('',(-3.546884530432,4.073392402963,9.38737845342
    ));
#1045 = CARTESIAN_POINT('',(-3.574886960753,4.063091076753,
    9.382524270546));
#1046 = CARTESIAN_POINT('',(-3.602934437594,4.052766410874,
    9.377481846139));
#1047 = CARTESIAN_POINT('',(-3.63101854911,4.04242100138,9.372250826234)
  );
#1048 = CARTESIAN_POINT('',(-3.68326561424,4.023160214011,9.362178294034
    ));
#1049 = CARTESIAN_POINT('',(-3.707420523757,4.01424983966,9.357386442279
    ));
#1050 = CARTESIAN_POINT('',(-3.731592104015,4.005327287151,
    9.352455172343));
#1051 = CARTESIAN_POINT('',(-3.755775976507,3.996393844999,
    9.347384290919));
#1052 = CARTESIAN_POINT('',(-3.779968087599,3.987450678815,
    9.342173611029));
#1053 = CARTESIAN_POINT('',(-3.804164708532,3.978498831299,
    9.336822952028));
#1054 = CARTESIAN_POINT('',(-3.828362435421,3.969539222245,
    9.331332139598));
#1055 = CARTESIAN_POINT('',(-3.942833499786,3.927118008772,
    9.304690998171));
#1056 = CARTESIAN_POINT('',(-4.033068261007,3.893571258312,
    9.281730303869));
#1057 = CARTESIAN_POINT('',(-4.123116988369,3.859968466881,
    9.256806208281));
#1058 = CARTESIAN_POINT('',(-4.21285459509,3.826337451261,9.229909054247
    ));
#1059 = CARTESIAN_POINT('',(-4.302171510842,3.792699628826,
    9.201030152319));
#1060 = CARTESIAN_POINT('',(-4.390970108605,3.759071287078,
    9.170159768555));
#1061 = CARTESIAN_POINT('',(-4.479162439709,3.725464269171,
    9.137285189811));
#1062 = CARTESIAN_POINT('',(-4.797225591259,3.60341681961,9.010446682809
    ));
#1063 = CARTESIAN_POINT('',(-5.022764822247,3.515246849169,
    8.904572771858));
#1064 = CARTESIAN_POINT('',(-5.241988941553,3.427461573928,
    8.784445855989));
#1065 = CARTESIAN_POINT('',(-5.453278651916,3.340219356524,
    8.649747324909));
#1066 = CARTESIAN_POINT('',(-5.65466723361,3.253762453765,8.500243520262
    ));
#1067 = CARTESIAN_POINT('',(-5.8438880908,3.168412366874,8.335854604639)
  );
#1068 = CARTESIAN_POINT('',(-6.018399492064,3.084582767944,
    8.156713678165));
#1069 = CARTESIAN_POINT('',(-6.308324789932,2.9336197564,7.799624400538)
  );
#1070 = CARTESIAN_POINT('',(-6.428697795789,2.865906097735,
    7.625750498636));
#1071 = CARTESIAN_POINT('',(-6.534717207056,2.800086698762,
    7.442171513931));
#1072 = CARTESIAN_POINT('',(-6.624472030202,2.736663181871,
    7.249730382502));
#1073 = CARTESIAN_POINT('',(-6.696158025747,2.676194935051,
    7.049643335251));
#1074 = CARTESIAN_POINT('',(-6.748239073793,2.619296016433,
    6.843560184345));
#1075 = CARTESIAN_POINT('',(-6.779715082344,2.566608942057,
    6.633643491128));
#1076 = CARTESIAN_POINT('',(-6.790793290712,2.517839691212,
    6.418810388045));
#1077 = CARTESIAN_POINT('',(-6.790986128696,2.51696173435,6.414935411224
    ));
#1078 = CARTESIAN_POINT('',(-6.791171921665,2.516085867454,
    6.411062172909));
#1079 = CARTESIAN_POINT('',(-6.791350648924,2.515212285231,
    6.407191557865));
#1080 = CARTESIAN_POINT('',(-6.791522326297,2.514340969892,
    6.403323501404));
#1081 = CARTESIAN_POINT('',(-6.791687006125,2.513471691151,6.39945698939
    ));
#1082 = CARTESIAN_POINT('',(-6.79184477726,2.51260400623,6.395590058236)
  );
#1083 = CARTESIAN_POINT('',(-6.792182736552,2.510663807059,
    6.386926501879));
#1084 = CARTESIAN_POINT('',(-6.792346067291,2.509668017474,
    6.382468505329));
#1085 = CARTESIAN_POINT('',(-6.792495343414,2.508708114495,
    6.378161884918));
#1086 = CARTESIAN_POINT('',(-6.792635898831,2.507755076914,
    6.373877369508));
#1087 = CARTESIAN_POINT('',(-6.792769801697,2.506792399838,
    6.369540343274));
#1088 = CARTESIAN_POINT('',(-6.792896840865,2.505815855606,
    6.365130851822));
#1089 = CARTESIAN_POINT('',(-6.793015512346,2.504833254706,6.36068360831
    ));
#1090 = CARTESIAN_POINT('',(-6.79375689878,2.498211039863,6.330645161843
    ));
#1091 = CARTESIAN_POINT('',(-6.794087073686,2.492624681514,
    6.304969884191));
#1092 = CARTESIAN_POINT('',(-6.794113822918,2.487106177944,
    6.279266254959));
#1093 = CARTESIAN_POINT('',(-6.793836609771,2.481656549085,
    6.253538380565));
#1094 = CARTESIAN_POINT('',(-6.793255068401,2.476276788502,
    6.227790385491));
#1095 = CARTESIAN_POINT('',(-6.792369003822,2.470967863388,
    6.202026412286));
#1096 = CARTESIAN_POINT('',(-6.791178391907,2.465730714567,6.17625062156
    ));
#1097 = CARTESIAN_POINT('',(-6.781427577178,2.432046726263,
    6.008084261873));
#1098 = CARTESIAN_POINT('',(-6.763885876865,2.405734069624,
    5.865418626945));
#1099 = CARTESIAN_POINT('',(-6.737077257312,2.381799565296,
    5.723248922922));
#1100 = CARTESIAN_POINT('',(-6.701201973445,2.360363567744,
    5.582271048463));
#1101 = CARTESIAN_POINT('',(-6.656596700357,2.341505971138,
    5.443102183685));
#1102 = CARTESIAN_POINT('',(-6.60369878295,2.325273713669,5.306284797375
    ));
#1103 = CARTESIAN_POINT('',(-6.543019591119,2.311685322239,
    5.172290642898));
#1104 = CARTESIAN_POINT('',(-6.435285654309,2.294305070709,
    4.964787542756));
#1105 = CARTESIAN_POINT('',(-6.392953682687,2.288784289898,
    4.889149852795));
#1106 = CARTESIAN_POINT('',(-6.348239817343,2.284168213018,
    4.814684822843));
#1107 = CARTESIAN_POINT('',(-6.301255021061,2.28045215598,4.741454329511
    ));
#1108 = CARTESIAN_POINT('',(-6.252110812369,2.277629205227,
    4.669509946281));
#1109 = CARTESIAN_POINT('',(-6.200917610233,2.275690730283,
    4.598893913686));
#1110 = CARTESIAN_POINT('',(-6.147783078761,2.274626896306,4.52964010949
    ));
#1111 = CARTESIAN_POINT('',(-6.028456675482,2.274193364927,
    4.382328500094));
#1112 = CARTESIAN_POINT('',(-5.961585474854,2.275143739554,
    4.304786934694));
#1113 = CARTESIAN_POINT('',(-5.892362203918,2.277261216696,
    4.229190945259));
#1114 = CARTESIAN_POINT('',(-5.820946344853,2.280527445218,
    4.155570310538));
#1115 = CARTESIAN_POINT('',(-5.74749032303,2.284923346211,4.083945198788
    ));
#1116 = CARTESIAN_POINT('',(-5.672138301938,2.290429652528,
    4.014327401118));
#1117 = CARTESIAN_POINT('',(-5.595024978112,2.297027448318,
    3.946721564846));
#1118 = CARTESIAN_POINT('',(-5.352171479555,2.320684318927,
    3.744437222047));
#1119 = CARTESIAN_POINT('',(-5.181010592603,2.341326281328,
    3.616521650486));
#1120 = CARTESIAN_POINT('',(-5.003876564209,2.366461020545,
    3.497319026664));
#1121 = CARTESIAN_POINT('',(-4.821751676414,2.395939039856,
    3.386757693942));
#1122 = CARTESIAN_POINT('',(-4.635521896466,2.429620471719,
    3.284746841564));
#1123 = CARTESIAN_POINT('',(-4.445980139369,2.467375436751,
    3.191182521693));
#1124 = CARTESIAN_POINT('',(-4.25381921037,2.509090059906,3.105954156063
    ));
#1125 = CARTESIAN_POINT('',(-3.984719895626,2.572255940387,
    2.999250767415));
#1126 = CARTESIAN_POINT('',(-3.909505091304,2.590416168092,
    2.970771550452));
#1127 = CARTESIAN_POINT('',(-3.834037282702,2.609143167962,
    2.943516580893));
#1128 = CARTESIAN_POINT('',(-3.758354472793,2.628430405371,
    2.917481622884));
#1129 = CARTESIAN_POINT('',(-3.682499359249,2.648269869355,
    2.892664407885));
#1130 = CARTESIAN_POINT('',(-3.606519573252,2.668651777786,
    2.869064120272));
#1131 = CARTESIAN_POINT('',(-3.530469603196,2.689563662497,
    2.846681093146));
#1132 = CARTESIAN_POINT('',(-3.440090716838,2.715023617378,
    2.821530126799));
#1133 = CARTESIAN_POINT('',(-3.42576450882,2.719077498094,2.817586651902
    ));
#1134 = CARTESIAN_POINT('',(-3.41143904118,2.723149331944,2.813686542013
    ));
#1135 = CARTESIAN_POINT('',(-3.397114904322,2.72723895803,2.809829838826
    ));
#1136 = CARTESIAN_POINT('',(-3.382792753392,2.73134619327,2.806016594346
    ));
#1137 = CARTESIAN_POINT('',(-3.368473308279,2.735470832397,
    2.802246870892));
#1138 = CARTESIAN_POINT('',(-3.354157353615,2.739612647957,
    2.798520741094));
#1139 = CARTESIAN_POINT('',(-3.324892809571,2.748116489904,
    2.790990822981));
#1140 = CARTESIAN_POINT('',(-3.309944698472,2.752480039397,
    2.787191047528));
#1141 = CARTESIAN_POINT('',(-3.295002330686,2.756861769202,
    2.783439050441));
#1142 = CARTESIAN_POINT('',(-3.280066813719,2.761261346975,
    2.779734947114));
#1143 = CARTESIAN_POINT('',(-3.26513943738,2.765678377624,2.776078879435
    ));
#1144 = CARTESIAN_POINT('',(-3.250221673777,2.770112403305,2.77247101578
    ));
#1145 = CARTESIAN_POINT('',(-3.235315177321,2.774562903424,2.76891155102
    ));
#1146 = CARTESIAN_POINT('',(-3.20483030646,2.783705038186,2.761725307411
    ));
#1147 = CARTESIAN_POINT('',(-3.18925347081,2.788398098738,2.758103228153
    ));
#1148 = CARTESIAN_POINT('',(-3.173693218994,2.793107865583,
    2.754534702834));
#1149 = CARTESIAN_POINT('',(-3.158152075375,2.797833525248,
    2.751020043113));
#1150 = CARTESIAN_POINT('',(-3.142633147458,2.802574061498,
    2.747559638214));
#1151 = CARTESIAN_POINT('',(-3.127140125887,2.807328255337,
    2.744153954926));
#1152 = CARTESIAN_POINT('',(-3.111677284447,2.812094685008,
    2.740803537602));
#1153 = CARTESIAN_POINT('',(-3.061701202921,2.827569192912,
    2.730131383117));
#1154 = CARTESIAN_POINT('',(-3.027375469849,2.838305299994,
    2.723043875105));
#1155 = CARTESIAN_POINT('',(-2.993268787936,2.84907915003,2.71623967305)
  );
#1156 = CARTESIAN_POINT('',(-2.959452028754,2.859866735357,
    2.709727804832));
#1157 = CARTESIAN_POINT('',(-2.926068433618,2.870620025611,
    2.703529193178));
#1158 = CARTESIAN_POINT('',(-2.89334251615,2.881261617306,2.697672929992
    ));
#1159 = CARTESIAN_POINT('',(-2.861575468248,2.891684264387,
    2.692191331078));
#1160 = CARTESIAN_POINT('',(-2.818311364246,2.905995954793,
    2.684980371393));
#1161 = CARTESIAN_POINT('',(-2.805755197465,2.9101646321,2.682920515373)
  );
#1162 = CARTESIAN_POINT('',(-2.79346568521,2.914259294373,2.680935936302
    ));
#1163 = CARTESIAN_POINT('',(-2.781474923396,2.91826818084,2.679029436516
    ));
#1164 = CARTESIAN_POINT('',(-2.769814180452,2.922179631889,
    2.677203318681));
#1165 = CARTESIAN_POINT('',(-2.758512483931,2.925982604532,
    2.675459254936));
#1166 = CARTESIAN_POINT('',(-2.747595207125,2.929667187869,
    2.673798156039));
#1167 = CARTESIAN_POINT('',(-2.72456341005,2.937462196557,2.670340663199
    ));
#1168 = CARTESIAN_POINT('',(-2.712611890916,2.941521831607,
    2.668578160214));
#1169 = CARTESIAN_POINT('',(-2.701265529916,2.945388954621,
    2.666932920479));
#1170 = CARTESIAN_POINT('',(-2.69053836875,2.949056472036,2.665401975846
    ));
#1171 = CARTESIAN_POINT('',(-2.68042586665,2.952523730938,2.663979915203
    ));
#1172 = CARTESIAN_POINT('',(-2.670909707837,2.95579498417,2.662659798569
    ));
#1173 = CARTESIAN_POINT('',(-2.661962608986,2.958877855445,2.6614340712)
  );
#1174 = CARTESIAN_POINT('',(-2.649150343837,2.9633021614,2.659699356578)
  );
#1175 = CARTESIAN_POINT('',(-2.64489468365,2.96477354494,2.659127058528)
  );
#1176 = CARTESIAN_POINT('',(-2.640781112846,2.966197483062,
    2.658577451821));
#1177 = CARTESIAN_POINT('',(-2.636804505914,2.967575554415,
    2.658049432802));
#1178 = CARTESIAN_POINT('',(-2.632959645107,2.968909388308,
    2.657541925877));
#1179 = CARTESIAN_POINT('',(-2.629241220445,2.970200664716,
    2.657053883517));
#1180 = CARTESIAN_POINT('',(-2.625643829711,2.971451114276,
    2.656584286254));
#1181 = CARTESIAN_POINT('',(-2.609407241283,2.977100155205,
    2.654475880295));
#1182 = CARTESIAN_POINT('',(-2.597789262152,2.981157672406,
    2.652999913334));
#1183 = CARTESIAN_POINT('',(-2.587153652176,2.984884152624,
    2.651674299537));
#1184 = CARTESIAN_POINT('',(-2.577367310111,2.988322648191,
    2.650474813266));
#1185 = CARTESIAN_POINT('',(-2.568316095486,2.991510681317,
    2.649381976919));
#1186 = CARTESIAN_POINT('',(-2.559902501722,2.994480744358,
    2.648380092364));
#1187 = CARTESIAN_POINT('',(-2.552043329265,2.99726080009,2.647456272352
    ));
#1188 = CARTESIAN_POINT('',(-2.535293195805,3.003196927197,
    2.645510604672));
#1189 = CARTESIAN_POINT('',(-2.526702714828,3.006249769653,
    2.644530532906));
#1190 = CARTESIAN_POINT('',(-2.518750965935,3.009082255015,
    2.643637289786));
#1191 = CARTESIAN_POINT('',(-2.511327198195,3.011732146002,
    2.642814869143));
#1192 = CARTESIAN_POINT('',(-2.504343907213,3.014229520669,
    2.642051137975));
#1193 = CARTESIAN_POINT('',(-2.497728979315,3.016599307173,2.64133639389
    ));
#1194 = CARTESIAN_POINT('',(-2.491420932271,3.018862855019,
    2.640662567536));
#1195 = CARTESIAN_POINT('',(-2.48034005394,3.022845313714,2.639492006881
    ));
#1196 = CARTESIAN_POINT('',(-2.475488428932,3.024591429331,
    2.638984615287));
#1197 = CARTESIAN_POINT('',(-2.470782545389,3.026287322489,
    2.638497135453));
#1198 = CARTESIAN_POINT('',(-2.466196276611,3.027942176625,
    2.638026372332));
#1199 = CARTESIAN_POINT('',(-2.461706402267,3.029564200842,
    2.637569585525));
#1200 = CARTESIAN_POINT('',(-2.457291809313,3.031160904977,2.63712437921
    ));
#1201 = CARTESIAN_POINT('',(-2.452932692901,3.032739374677,
    2.636688592062));
#1202 = CARTESIAN_POINT('',(-2.447204938567,3.034815828521,
    2.636120969629));
#1203 = CARTESIAN_POINT('',(-2.445803948429,3.035323914998,
    2.635982533143));
#1204 = CARTESIAN_POINT('',(-2.444406135607,3.035831040238,
    2.635844809443));
#1205 = CARTESIAN_POINT('',(-2.443010853412,3.036337437412,
    2.635707731719));
#1206 = CARTESIAN_POINT('',(-2.441617459737,3.036843338516,
    2.635571234631));
#1207 = CARTESIAN_POINT('',(-2.440225317048,3.037348974374,
    2.635435254313));
#1208 = CARTESIAN_POINT('',(-2.438833792393,3.037854574638,
    2.635299728367));
#1209 = CARTESIAN_POINT('',(-2.432655214027,3.040100356722,
    2.634699726859));
#1210 = CARTESIAN_POINT('',(-2.427868112421,3.041842600195,
    2.634239510267));
#1211 = CARTESIAN_POINT('',(-2.423055017459,3.043596537629,
    2.633781450807));
#1212 = CARTESIAN_POINT('',(-2.418190322376,3.045371541591,2.63332319475
    ));
#1213 = CARTESIAN_POINT('',(-2.413247658523,3.047177329613,
    2.632862455994));
#1214 = CARTESIAN_POINT('',(-2.408198805108,3.049024375998,
    2.632396942143));
#1215 = CARTESIAN_POINT('',(-2.403012598948,3.050924323643,2.63192428057
    ));
#1216 = CARTESIAN_POINT('',(-2.391766778876,3.055050311961,
    2.630912080682));
#1217 = CARTESIAN_POINT('',(-2.385672489518,3.0572896253,2.630370566307)
  );
#1218 = CARTESIAN_POINT('',(-2.379322069108,3.05962678505,2.629814043169
    ));
#1219 = CARTESIAN_POINT('',(-2.372662895463,3.062081664606,
    2.629238947002));
#1220 = CARTESIAN_POINT('',(-2.365633758484,3.064677512493,2.62864140443
    ));
#1221 = CARTESIAN_POINT('',(-2.358159987373,3.067442903288,
    2.628017129921));
#1222 = CARTESIAN_POINT('',(-2.350148577857,3.070413688525,
    2.627361322734));
#1223 = CARTESIAN_POINT('',(-2.335680793344,3.075792015507,
    2.626204697172));
#1224 = CARTESIAN_POINT('',(-2.329585427198,3.078061270449,
    2.625724295674));
#1225 = CARTESIAN_POINT('',(-2.323161302484,3.08045669712,2.62522578912)
  );
#1226 = CARTESIAN_POINT('',(-2.31636802137,3.08299404988,2.624707465192)
  );
#1227 = CARTESIAN_POINT('',(-2.309159274132,3.085691489989,
    2.624167568677));
#1228 = CARTESIAN_POINT('',(-2.30148140662,3.088570222824,2.623604400626
    ));
#1229 = CARTESIAN_POINT('',(-2.293271987709,3.091655135098,
    2.623016417513));
#1230 = CARTESIAN_POINT('',(-2.284458376762,3.094975432073,2.6224023304)
  );
#1231 = PCURVE('',#187,#1232);
#1232 = DEFINITIONAL_REPRESENTATION('',(#1233),#1488);
#1233 = B_SPLINE_CURVE_WITH_KNOTS('',8,(#1234,#1235,#1236,#1237,#1238,
    #1239,#1240,#1241,#1242,#1243,#1244,#1245,#1246,#1247,#1248,#1249,
    #1250,#1251,#1252,#1253,#1254,#1255,#1256,#1257,#1258,#1259,#1260,
    #1261,#1262,#1263,#1264,#1265,#1266,#1267,#1268,#1269,#1270,#1271,
    #1272,#1273,#1274,#1275,#1276,#1277,#1278,#1279,#1280,#1281,#1282,
    #1283,#1284,#1285,#1286,#1287,#1288,#1289,#1290,#1291,#1292,#1293,
    #1294,#1295,#1296,#1297,#1298,#1299,#1300,#1301,#1302,#1303,#1304,
    #1305,#1306,#1307,#1308,#1309,#1310,#1311,#1312,#1313,#1314,#1315,
    #1316,#1317,#1318,#1319,#1320,#1321,#1322,#1323,#1324,#1325,#1326,
    #1327,#1328,#1329,#1330,#1331,#1332,#1333,#1334,#1335,#1336,#1337,
    #1338,#1339,#1340,#1341,#1342,#1343,#1344,#1345,#1346,#1347,#1348,
    #1349,#1350,#1351,#1352,#1353,#1354,#1355,#1356,#1357,#1358,#1359,
    #1360,#1361,#1362,#1363,#1364,#1365,#1366,#1367,#1368,#1369,#1370,
    #1371,#1372,#1373,#1374,#1375,#1376,#1377,#1378,#1379,#1380,#1381,
    #1382,#1383,#1384,#1385,#1386,#1387,#1388,#1389,#1390,#1391,#1392,
    #1393,#1394,#1395,#1396,#1397,#1398,#1399,#1400,#1401,#1402,#1403,
    #1404,#1405,#1406,#1407,#1408,#1409,#1410,#1411,#1412,#1413,#1414,
    #1415,#1416,#1417,#1418,#1419,#1420,#1421,#1422,#1423,#1424,#1425,
    #1426,#1427,#1428,#1429,#1430,#1431,#1432,#1433,#1434,#1435,#1436,
    #1437,#1438,#1439,#1440,#1441,#1442,#1443,#1444,#1445,#1446,#1447,
    #1448,#1449,#1450,#1451,#1452,#1453,#1454,#1455,#1456,#1457,#1458,
    #1459,#1460,#1461,#1462,#1463,#1464,#1465,#1466,#1467,#1468,#1469,
    #1470,#1471,#1472,#1473,#1474,#1475,#1476,#1477,#1478,#1479,#1480,
    #1481,#1482,#1483,#1484,#1485,#1486,#1487),.UNSPECIFIED.,.F.,.F.,(9,
    7,7,7,7,7,7,7,7,7,7,7,7,7,7,7,7,7,7,7,7,7,7,7,7,7,7,7,7,7,7,7,7,7,7,
    7,9),(0.,1.112179572844E-02,6.33618956997E-02,7.270820561003E-02,
    0.107661631054,0.131849225909,0.137962122176,0.159700128204,
    0.163903039359,0.178534903678,0.192763228473,0.204977270416,
    0.250548344493,0.370615524936,0.472180144197,0.474045683962,
    0.476356140306,0.489834740296,0.564267141872,0.607946217219,
    0.659079260055,0.765631868272,0.806748425504,0.814493778485,
    0.822586206526,0.831057943951,0.850029142552,0.857992525101,
    0.867476002247,0.872441074608,0.890629156931,0.913744498681,
    0.932940329908,0.939178374193,0.960637977982,0.984213255761,1.),
  .UNSPECIFIED.);
#1234 = CARTESIAN_POINT('',(1.778182603178,0.724281723374));
#1235 = CARTESIAN_POINT('',(1.781980335741,0.725227187476));
#1236 = CARTESIAN_POINT('',(1.785764456523,0.72614398323));
#1237 = CARTESIAN_POINT('',(1.789533150774,0.727032415134));
#1238 = CARTESIAN_POINT('',(1.793284677467,0.727892828893));
#1239 = CARTESIAN_POINT('',(1.797017369295,0.728725611413));
#1240 = CARTESIAN_POINT('',(1.800729632676,0.729531190803));
#1241 = CARTESIAN_POINT('',(1.804419947748,0.730310036377));
#1242 = CARTESIAN_POINT('',(1.825310758925,0.734597760419));
#1243 = CARTESIAN_POINT('',(1.842036483661,0.737557958447));
#1244 = CARTESIAN_POINT('',(1.858084072431,0.739986228643));
#1245 = CARTESIAN_POINT('',(1.873386205498,0.741963154507));
#1246 = CARTESIAN_POINT('',(1.888004403764,0.743570755408));
#1247 = CARTESIAN_POINT('',(1.902083940143,0.744875788471));
#1248 = CARTESIAN_POINT('',(1.915805960436,0.745925581664));
#1249 = CARTESIAN_POINT('',(1.931826581516,0.746896852486));
#1250 = CARTESIAN_POINT('',(1.934253551524,0.7470370106));
#1251 = CARTESIAN_POINT('',(1.936677457564,0.74717009341));
#1252 = CARTESIAN_POINT('',(1.9390995651,0.747296243912));
#1253 = CARTESIAN_POINT('',(1.941521159581,0.747415584715));
#1254 = CARTESIAN_POINT('',(1.94394354644,0.747528218037));
#1255 = CARTESIAN_POINT('',(1.946368051095,0.747634225715));
#1256 = CARTESIAN_POINT('',(1.957876161911,0.748105560227));
#1257 = CARTESIAN_POINT('',(1.96700213282,0.74838558095));
#1258 = CARTESIAN_POINT('',(1.976247786089,0.748577043204));
#1259 = CARTESIAN_POINT('',(1.985685832079,0.748679151105));
#1260 = CARTESIAN_POINT('',(1.995388845125,0.748686840277));
#1261 = CARTESIAN_POINT('',(2.005427675115,0.748590800143));
#1262 = CARTESIAN_POINT('',(2.015867262626,0.748377679291));
#1263 = CARTESIAN_POINT('',(2.034297473383,0.747790230932));
#1264 = CARTESIAN_POINT('',(2.042051335238,0.747485770217));
#1265 = CARTESIAN_POINT('',(2.050036852111,0.747111706003));
#1266 = CARTESIAN_POINT('',(2.058265998861,0.746661807883));
#1267 = CARTESIAN_POINT('',(2.066746390229,0.746129403563));
#1268 = CARTESIAN_POINT('',(2.075480354798,0.745507781662));
#1269 = CARTESIAN_POINT('',(2.084464008948,0.744790594506));
#1270 = CARTESIAN_POINT('',(2.096017780395,0.743765448889));
#1271 = CARTESIAN_POINT('',(2.098361105401,0.743552164525));
#1272 = CARTESIAN_POINT('',(2.100710951407,0.743332301324));
#1273 = CARTESIAN_POINT('',(2.103071470502,0.743105779442));
#1274 = CARTESIAN_POINT('',(2.105441242202,0.742872507554));
#1275 = CARTESIAN_POINT('',(2.107817830747,0.742632394785));
#1276 = CARTESIAN_POINT('',(2.11020397758,0.742385366793));
#1277 = CARTESIAN_POINT('',(2.12110910497,0.741227992341));
#1278 = CARTESIAN_POINT('',(2.12972069349,0.740236135716));
#1279 = CARTESIAN_POINT('',(2.138417360044,0.739152236139));
#1280 = CARTESIAN_POINT('',(2.147183429326,0.737973327463));
#1281 = CARTESIAN_POINT('',(2.156002889242,0.736697000949));
#1282 = CARTESIAN_POINT('',(2.164859896089,0.735321394728));
#1283 = CARTESIAN_POINT('',(2.173739279735,0.733845183266));
#1284 = CARTESIAN_POINT('',(2.184345443056,0.731962542513));
#1285 = CARTESIAN_POINT('',(2.186062145067,0.731654087239));
#1286 = CARTESIAN_POINT('',(2.187786206453,0.731340560001));
#1287 = CARTESIAN_POINT('',(2.189505157136,0.731024136479));
#1288 = CARTESIAN_POINT('',(2.191231364262,0.730702592195));
#1289 = CARTESIAN_POINT('',(2.192954944752,0.730377647244));
#1290 = CARTESIAN_POINT('',(2.194681286532,0.730048317459));
#1291 = CARTESIAN_POINT('',(2.202419196421,0.728554637743));
#1292 = CARTESIAN_POINT('',(2.208440697994,0.727344855592));
#1293 = CARTESIAN_POINT('',(2.214465680698,0.726085750738));
#1294 = CARTESIAN_POINT('',(2.220488027614,0.724777458957));
#1295 = CARTESIAN_POINT('',(2.226502297661,0.723420158571));
#1296 = CARTESIAN_POINT('',(2.232503725602,0.722014070451));
#1297 = CARTESIAN_POINT('',(2.238488222038,0.720559458015));
#1298 = CARTESIAN_POINT('',(2.250252029952,0.71759523649));
#1299 = CARTESIAN_POINT('',(2.256032250974,0.716088220457));
#1300 = CARTESIAN_POINT('',(2.2617898749,0.714535840254));
#1301 = CARTESIAN_POINT('',(2.267522076981,0.712938359604));
#1302 = CARTESIAN_POINT('',(2.273226369294,0.711296044828));
#1303 = CARTESIAN_POINT('',(2.278900600739,0.709609164842));
#1304 = CARTESIAN_POINT('',(2.284542957045,0.707877991164));
#1305 = CARTESIAN_POINT('',(2.294966900487,0.704578910791));
#1306 = CARTESIAN_POINT('',(2.29975718044,0.703022581211));
#1307 = CARTESIAN_POINT('',(2.304521827983,0.701433979493));
#1308 = CARTESIAN_POINT('',(2.30925996641,0.699813273547));
#1309 = CARTESIAN_POINT('',(2.313970814956,0.698160628866));
#1310 = CARTESIAN_POINT('',(2.318653688792,0.696476208525));
#1311 = CARTESIAN_POINT('',(2.32330799903,0.694760173184));
#1312 = CARTESIAN_POINT('',(2.345190248622,0.686492712408));
#1313 = CARTESIAN_POINT('',(2.362040176584,0.679535696684));
#1314 = CARTESIAN_POINT('',(2.378459976728,0.672148611174));
#1315 = CARTESIAN_POINT('',(2.394435201836,0.664339024318));
#1316 = CARTESIAN_POINT('',(2.409957997943,0.656114436411));
#1317 = CARTESIAN_POINT('',(2.425025508403,0.647481674342));
#1318 = CARTESIAN_POINT('',(2.439638701402,0.638446340379));
#1319 = CARTESIAN_POINT('',(2.491116996828,0.604156261662));
#1320 = CARTESIAN_POINT('',(2.525264794432,0.576560382342));
#1321 = CARTESIAN_POINT('',(2.556352550462,0.546291630984));
#1322 = CARTESIAN_POINT('',(2.584503949409,0.513400320119));
#1323 = CARTESIAN_POINT('',(2.609842657645,0.477919739439));
#1324 = CARTESIAN_POINT('',(2.632484007378,0.439861138347));
#1325 = CARTESIAN_POINT('',(2.652521474728,0.399208560026));
#1326 = CARTESIAN_POINT('',(2.684812134112,0.319310980702));
#1327 = CARTESIAN_POINT('',(2.697788572562,0.280815300234));
#1328 = CARTESIAN_POINT('',(2.708957015381,0.240473957286));
#1329 = CARTESIAN_POINT('',(2.718322253198,0.198342323805));
#1330 = CARTESIAN_POINT('',(2.725884055868,0.154505787151));
#1331 = CARTESIAN_POINT('',(2.731631624591,0.109093550746));
#1332 = CARTESIAN_POINT('',(2.735548502968,6.23196392178E-02));
#1333 = CARTESIAN_POINT('',(2.737685728725,1.3698488531E-02));
#1334 = CARTESIAN_POINT('',(2.737723660318,1.28212534342E-02));
#1335 = CARTESIAN_POINT('',(2.737760958957,1.194416289913E-02));
#1336 = CARTESIAN_POINT('',(2.73779761821,1.106741654378E-02));
#1337 = CARTESIAN_POINT('',(2.73783363998,1.01909986615E-02));
#1338 = CARTESIAN_POINT('',(2.73786903451,9.314678221028E-03));
#1339 = CARTESIAN_POINT('',(2.737903820379,8.438008866491E-03));
#1340 = CARTESIAN_POINT('',(2.737980383769,6.473348194471E-03));
#1341 = CARTESIAN_POINT('',(2.738018846252,5.461951502059E-03));
#1342 = CARTESIAN_POINT('',(2.738055250671,4.484626450735E-03));
#1343 = CARTESIAN_POINT('',(2.738090765366,3.51205543346E-03));
#1344 = CARTESIAN_POINT('',(2.738125975455,2.527224373845E-03));
#1345 = CARTESIAN_POINT('',(2.738160969991,1.525531474422E-03));
#1346 = CARTESIAN_POINT('',(2.738195429121,5.148959649265E-04));
#1347 = CARTESIAN_POINT('',(2.738422867852,-6.311017986527E-03));
#1348 = CARTESIAN_POINT('',(2.738590472314,-1.212797128967E-02));
#1349 = CARTESIAN_POINT('',(2.738731469789,-1.793445073794E-02));
#1350 = CARTESIAN_POINT('',(2.738845808395,-2.372991931984E-02));
#1351 = CARTESIAN_POINT('',(2.73893343921,-2.951384533324E-02));
#1352 = CARTESIAN_POINT('',(2.738994316265,-3.528570238545E-02));
#1353 = CARTESIAN_POINT('',(2.73902839655,-4.104496939316E-02));
#1354 = CARTESIAN_POINT('',(2.739075652806,-7.852296301994E-02));
#1355 = CARTESIAN_POINT('',(2.738297217333,-0.109866117354));
#1356 = CARTESIAN_POINT('',(2.736692788386,-0.140716304391));
#1357 = CARTESIAN_POINT('',(2.734259646537,-0.170995721408));
#1358 = CARTESIAN_POINT('',(2.730996576933,-0.200644486584));
#1359 = CARTESIAN_POINT('',(2.726902129637,-0.229614347097));
#1360 = CARTESIAN_POINT('',(2.721974461515,-0.257864660882));
#1361 = CARTESIAN_POINT('',(2.712831621456,-0.301496091223));
#1362 = CARTESIAN_POINT('',(2.709162708379,-0.317374292339));
#1363 = CARTESIAN_POINT('',(2.705205263041,-0.332990054402));
#1364 = CARTESIAN_POINT('',(2.700958209516,-0.348339457941));
#1365 = CARTESIAN_POINT('',(2.696420093855,-0.363419653829));
#1366 = CARTESIAN_POINT('',(2.691589024588,-0.37822865211));
#1367 = CARTESIAN_POINT('',(2.686462613229,-0.392765110817));
#1368 = CARTESIAN_POINT('',(2.674687471186,-0.423725182277));
#1369 = CARTESIAN_POINT('',(2.667928401596,-0.440047136414));
#1370 = CARTESIAN_POINT('',(2.660755876955,-0.455993002111));
#1371 = CARTESIAN_POINT('',(2.653164235631,-0.471562046281));
#1372 = CARTESIAN_POINT('',(2.645146954171,-0.486753668381));
#1373 = CARTESIAN_POINT('',(2.636696618075,-0.501567280946));
#1374 = CARTESIAN_POINT('',(2.627804892549,-0.516002190132));
#1375 = CARTESIAN_POINT('',(2.598994505275,-0.55934632525));
#1376 = CARTESIAN_POINT('',(2.577575568111,-0.586977639406));
#1377 = CARTESIAN_POINT('',(2.554118000617,-0.612953507086));
#1378 = CARTESIAN_POINT('',(2.528525345131,-0.637250882695));
#1379 = CARTESIAN_POINT('',(2.500699125819,-0.659828306007));
#1380 = CARTESIAN_POINT('',(2.470547934628,-0.680629223082));
#1381 = CARTESIAN_POINT('',(2.437998483786,-0.699587386509));
#1382 = CARTESIAN_POINT('',(2.389510308455,-0.723208306028));
#1383 = CARTESIAN_POINT('',(2.375648543932,-0.729499172237));
#1384 = CARTESIAN_POINT('',(2.361423761833,-0.735500073569));
#1385 = CARTESIAN_POINT('',(2.346835485559,-0.741206506467));
#1386 = CARTESIAN_POINT('',(2.331885511181,-0.74661355386));
#1387 = CARTESIAN_POINT('',(2.316578260467,-0.751716095464));
#1388 = CARTESIAN_POINT('',(2.300921572402,-0.756509011022));
#1389 = CARTESIAN_POINT('',(2.281915931711,-0.761830966356));
#1390 = CARTESIAN_POINT('',(2.278891381416,-0.762663396987));
#1391 = CARTESIAN_POINT('',(2.275855066269,-0.763484610377));
#1392 = CARTESIAN_POINT('',(2.27280710772,-0.764294567693));
#1393 = CARTESIAN_POINT('',(2.26974764541,-0.765093228788));
#1394 = CARTESIAN_POINT('',(2.266676837174,-0.765880552203));
#1395 = CARTESIAN_POINT('',(2.263594859041,-0.766656495165));
#1396 = CARTESIAN_POINT('',(2.257270353305,-0.768219790158));
#1397 = CARTESIAN_POINT('',(2.254026840316,-0.769006093864));
#1398 = CARTESIAN_POINT('',(2.250771576833,-0.769779875225));
#1399 = CARTESIAN_POINT('',(2.247504821563,-0.770541081212));
#1400 = CARTESIAN_POINT('',(2.244226881357,-0.771289655245));
#1401 = CARTESIAN_POINT('',(2.240938111211,-0.772025537197));
#1402 = CARTESIAN_POINT('',(2.237638914266,-0.772748663392));
#1403 = CARTESIAN_POINT('',(2.230865459478,-0.774202561504));
#1404 = CARTESIAN_POINT('',(2.227390316059,-0.774932098575));
#1405 = CARTESIAN_POINT('',(2.223904787023,-0.775647503228));
#1406 = CARTESIAN_POINT('',(2.220409497978,-0.776348690513));
#1407 = CARTESIAN_POINT('',(2.216905224673,-0.777035565116));
#1408 = CARTESIAN_POINT('',(2.213392892993,-0.77770802136));
#1409 = CARTESIAN_POINT('',(2.209873578962,-0.778365943205));
#1410 = CARTESIAN_POINT('',(2.198454641843,-0.780449696199));
#1411 = CARTESIAN_POINT('',(2.190542653616,-0.781814757159));
#1412 = CARTESIAN_POINT('',(2.182613452638,-0.783105771896));
#1413 = CARTESIAN_POINT('',(2.174685030912,-0.784321083062));
#1414 = CARTESIAN_POINT('',(2.16679301389,-0.785457018207));
#1415 = CARTESIAN_POINT('',(2.158994274513,-0.786509109752));
#1416 = CARTESIAN_POINT('',(2.151366952779,-0.787473439094));
#1417 = CARTESIAN_POINT('',(2.140907949224,-0.788715156274));
#1418 = CARTESIAN_POINT('',(2.137863312084,-0.78906626644));
#1419 = CARTESIAN_POINT('',(2.134874531263,-0.78940103148));
#1420 = CARTESIAN_POINT('',(2.13195009718,-0.789719234209));
#1421 = CARTESIAN_POINT('',(2.129098398561,-0.790020786346));
#1422 = CARTESIAN_POINT('',(2.126327350645,-0.790305739598));
#1423 = CARTESIAN_POINT('',(2.123644023383,-0.790574296726));
#1424 = CARTESIAN_POINT('',(2.117970175651,-0.791127558374));
#1425 = CARTESIAN_POINT('',(2.115017211744,-0.7914056729));
#1426 = CARTESIAN_POINT('',(2.11220606868,-0.791661738742));
#1427 = CARTESIAN_POINT('',(2.109541622325,-0.79189685221));
#1428 = CARTESIAN_POINT('',(2.107024066928,-0.79211246194));
#1429 = CARTESIAN_POINT('',(2.104650048391,-0.792310197458));
#1430 = CARTESIAN_POINT('',(2.102413797549,-0.792491697734));
#1431 = CARTESIAN_POINT('',(2.099205760762,-0.792745740548));
#1432 = CARTESIAN_POINT('',(2.098139392624,-0.792829008799));
#1433 = CARTESIAN_POINT('',(2.097107605637,-0.79290847253));
#1434 = CARTESIAN_POINT('',(2.096109046585,-0.7929843501));
#1435 = CARTESIAN_POINT('',(2.095142562418,-0.793056850193));
#1436 = CARTESIAN_POINT('',(2.094207200252,-0.793126171815));
#1437 = CARTESIAN_POINT('',(2.093302207369,-0.7931925043));
#1438 = CARTESIAN_POINT('',(2.089220509224,-0.793488715987));
#1439 = CARTESIAN_POINT('',(2.086302175356,-0.793691306609));
#1440 = CARTESIAN_POINT('',(2.083632547177,-0.793869440267));
#1441 = CARTESIAN_POINT('',(2.081177678466,-0.79402752935));
#1442 = CARTESIAN_POINT('',(2.078908535768,-0.794168989149));
#1443 = CARTESIAN_POINT('',(2.076800374932,-0.794296469478));
#1444 = CARTESIAN_POINT('',(2.074832117665,-0.794412086279));
#1445 = CARTESIAN_POINT('',(2.070639143144,-0.794651806141));
#1446 = CARTESIAN_POINT('',(2.068490210876,-0.794769632143));
#1447 = CARTESIAN_POINT('',(2.066502246111,-0.794874678324));
#1448 = CARTESIAN_POINT('',(2.064647273798,-0.794969432419));
#1449 = CARTESIAN_POINT('',(2.062903228717,-0.795055712898));
#1450 = CARTESIAN_POINT('',(2.06125195039,-0.795134933157));
#1451 = CARTESIAN_POINT('',(2.059677973186,-0.795208239823));
#1452 = CARTESIAN_POINT('',(2.056914266879,-0.795333232057));
#1453 = CARTESIAN_POINT('',(2.055704675307,-0.79538647978));
#1454 = CARTESIAN_POINT('',(2.054531845377,-0.79543677997));
#1455 = CARTESIAN_POINT('',(2.053389224486,-0.795484552574));
#1456 = CARTESIAN_POINT('',(2.05227099763,-0.795530142223));
#1457 = CARTESIAN_POINT('',(2.051171886106,-0.795573834626));
#1458 = CARTESIAN_POINT('',(2.050086946215,-0.795615872943));
#1459 = CARTESIAN_POINT('',(2.048661838756,-0.795669668128));
#1460 = CARTESIAN_POINT('',(2.048313300165,-0.795682710043));
#1461 = CARTESIAN_POINT('',(2.04796558988,-0.79569560711));
#1462 = CARTESIAN_POINT('',(2.047618546829,-0.795708366183));
#1463 = CARTESIAN_POINT('',(2.047272011174,-0.795720993778));
#1464 = CARTESIAN_POINT('',(2.046925824314,-0.795733496072));
#1465 = CARTESIAN_POINT('',(2.046579828881,-0.795745878908));
#1466 = CARTESIAN_POINT('',(2.045043725624,-0.795800353431));
#1467 = CARTESIAN_POINT('',(2.043854015128,-0.795841212839));
#1468 = CARTESIAN_POINT('',(2.042658295205,-0.795880947629));
#1469 = CARTESIAN_POINT('',(2.041450215751,-0.795919744834));
#1470 = CARTESIAN_POINT('',(2.040223251179,-0.79595775724));
#1471 = CARTESIAN_POINT('',(2.038970433002,-0.795995103717));
#1472 = CARTESIAN_POINT('',(2.037684082407,-0.796031869555));
#1473 = CARTESIAN_POINT('',(2.034896027642,-0.796107909363));
#1474 = CARTESIAN_POINT('',(2.033385840817,-0.796147086385));
#1475 = CARTESIAN_POINT('',(2.031812971227,-0.796185665799));
#1476 = CARTESIAN_POINT('',(2.030164498006,-0.796223663566));
#1477 = CARTESIAN_POINT('',(2.028425420708,-0.796261019246));
#1478 = CARTESIAN_POINT('',(2.026577489463,-0.79629753157));
#1479 = CARTESIAN_POINT('',(2.024598035142,-0.796332794023));
#1480 = CARTESIAN_POINT('',(2.021026304121,-0.79638844591));
#1481 = CARTESIAN_POINT('',(2.019522248551,-0.796409894485));
#1482 = CARTESIAN_POINT('',(2.017937912255,-0.796430236761));
#1483 = CARTESIAN_POINT('',(2.016263491998,-0.796449187897));
#1484 = CARTESIAN_POINT('',(2.014487774669,-0.796466361069));
#1485 = CARTESIAN_POINT('',(2.012597810104,-0.796481210949));
#1486 = CARTESIAN_POINT('',(2.010578583902,-0.796492977187));
#1487 = CARTESIAN_POINT('',(2.00841269025,-0.796500627891));
#1488 = ( GEOMETRIC_REPRESENTATION_CONTEXT(2) 
PARAMETRIC_REPRESENTATION_CONTEXT() REPRESENTATION_CONTEXT('2D SPACE',''
  ) );
#1489 = PCURVE('',#797,#1490);
#1490 = DEFINITIONAL_REPRESENTATION('',(#1491),#1746);
#1491 = B_SPLINE_CURVE_WITH_KNOTS('',8,(#1492,#1493,#1494,#1495,#1496,
    #1497,#1498,#1499,#1500,#1501,#1502,#1503,#1504,#1505,#1506,#1507,
    #1508,#1509,#1510,#1511,#1512,#1513,#1514,#1515,#1516,#1517,#1518,
    #1519,#1520,#1521,#1522,#1523,#1524,#1525,#1526,#1527,#1528,#1529,
    #1530,#1531,#1532,#1533,#1534,#1535,#1536,#1537,#1538,#1539,#1540,
    #1541,#1542,#1543,#1544,#1545,#1546,#1547,#1548,#1549,#1550,#1551,
    #1552,#1553,#1554,#1555,#1556,#1557,#1558,#1559,#1560,#1561,#1562,
    #1563,#1564,#1565,#1566,#1567,#1568,#1569,#1570,#1571,#1572,#1573,
    #1574,#1575,#1576,#1577,#1578,#1579,#1580,#1581,#1582,#1583,#1584,
    #1585,#1586,#1587,#1588,#1589,#1590,#1591,#1592,#1593,#1594,#1595,
    #1596,#1597,#1598,#1599,#1600,#1601,#1602,#1603,#1604,#1605,#1606,
    #1607,#1608,#1609,#1610,#1611,#1612,#1613,#1614,#1615,#1616,#1617,
    #1618,#1619,#1620,#1621,#1622,#1623,#1624,#1625,#1626,#1627,#1628,
    #1629,#1630,#1631,#1632,#1633,#1634,#1635,#1636,#1637,#1638,#1639,
    #1640,#1641,#1642,#1643,#1644,#1645,#1646,#1647,#1648,#1649,#1650,
    #1651,#1652,#1653,#1654,#1655,#1656,#1657,#1658,#1659,#1660,#1661,
    #1662,#1663,#1664,#1665,#1666,#1667,#1668,#1669,#1670,#1671,#1672,
    #1673,#1674,#1675,#1676,#1677,#1678,#1679,#1680,#1681,#1682,#1683,
    #1684,#1685,#1686,#1687,#1688,#1689,#1690,#1691,#1692,#1693,#1694,
    #1695,#1696,#1697,#1698,#1699,#1700,#1701,#1702,#1703,#1704,#1705,
    #1706,#1707,#1708,#1709,#1710,#1711,#1712,#1713,#1714,#1715,#1716,
    #1717,#1718,#1719,#1720,#1721,#1722,#1723,#1724,#1725,#1726,#1727,
    #1728,#1729,#1730,#1731,#1732,#1733,#1734,#1735,#1736,#1737,#1738,
    #1739,#1740,#1741,#1742,#1743,#1744,#1745),.UNSPECIFIED.,.F.,.F.,(9,
    7,7,7,7,7,7,7,7,7,7,7,7,7,7,7,7,7,7,7,7,7,7,7,7,7,7,7,7,7,7,7,7,7,7,
    7,9),(0.,1.112179572844E-02,6.33618956997E-02,7.270820561003E-02,
    0.107661631054,0.131849225909,0.137962122176,0.159700128204,
    0.163903039359,0.178534903678,0.192763228473,0.204977270416,
    0.250548344493,0.370615524936,0.472180144197,0.474045683962,
    0.476356140306,0.489834740296,0.564267141872,0.607946217219,
    0.659079260055,0.765631868272,0.806748425504,0.814493778485,
    0.822586206526,0.831057943951,0.850029142552,0.857992525101,
    0.867476002247,0.872441074608,0.890629156931,0.913744498681,
    0.932940329908,0.939178374193,0.960637977982,0.984213255761,1.),
  .UNSPECIFIED.);
#1492 = CARTESIAN_POINT('',(6.28318530718,1.324504983756));
#1493 = CARTESIAN_POINT('',(6.269075701823,1.328403653095));
#1494 = CARTESIAN_POINT('',(6.25470224518,1.332238539675));
#1495 = CARTESIAN_POINT('',(6.24006348917,1.336007230368));
#1496 = CARTESIAN_POINT('',(6.225158862331,1.339707395692));
#1497 = CARTESIAN_POINT('',(6.209988669818,1.343336789814));
#1498 = CARTESIAN_POINT('',(6.194554093402,1.346893250553));
#1499 = CARTESIAN_POINT('',(6.178857191476,1.350374699374));
#1500 = CARTESIAN_POINT('',(6.087952670456,1.369770147814));
#1501 = CARTESIAN_POINT('',(6.007209724838,1.384079081939));
#1502 = CARTESIAN_POINT('',(5.921103385381,1.396467862928));
#1503 = CARTESIAN_POINT('',(5.830376248491,1.4068276968));
#1504 = CARTESIAN_POINT('',(5.736045053914,1.415172560026));
#1505 = CARTESIAN_POINT('',(5.639170748333,1.421575414205));
#1506 = CARTESIAN_POINT('',(5.54065214489,1.426099678383));
#1507 = CARTESIAN_POINT('',(5.423477082199,1.429257746077));
#1508 = CARTESIAN_POINT('',(5.405666929108,1.429677910255));
#1509 = CARTESIAN_POINT('',(5.387833766691,1.430039160414));
#1510 = CARTESIAN_POINT('',(5.369982219769,1.430341639736));
#1511 = CARTESIAN_POINT('',(5.352116893067,1.430585452282));
#1512 = CARTESIAN_POINT('',(5.334242371219,1.430770663));
#1513 = CARTESIAN_POINT('',(5.316363218763,1.430897297715));
#1514 = CARTESIAN_POINT('',(5.231619084048,1.431219811629));
#1515 = CARTESIAN_POINT('',(5.164771526741,1.430654762275));
#1516 = CARTESIAN_POINT('',(5.098154223431,1.429270130491));
#1517 = CARTESIAN_POINT('',(5.032006237824,1.427056042952));
#1518 = CARTESIAN_POINT('',(4.966596446254,1.423995017801));
#1519 = CARTESIAN_POINT('',(4.902218782085,1.420066135865));
#1520 = CARTESIAN_POINT('',(4.839179060389,1.415251182881));
#1521 = CARTESIAN_POINT('',(4.735281200581,1.405592535149));
#1522 = CARTESIAN_POINT('',(4.693574313129,1.401214922405));
#1523 = CARTESIAN_POINT('',(4.65276258326,1.396408296313));
#1524 = CARTESIAN_POINT('',(4.612951031289,1.391174545366));
#1525 = CARTESIAN_POINT('',(4.574236182485,1.385519798076));
#1526 = CARTESIAN_POINT('',(4.536702414413,1.379455146306));
#1527 = CARTESIAN_POINT('',(4.500418304282,1.372997368609));
#1528 = CARTESIAN_POINT('',(4.456591257491,1.364444088425));
#1529 = CARTESIAN_POINT('',(4.447831876121,1.362694755611));
#1530 = CARTESIAN_POINT('',(4.439155001674,1.360921882289));
#1531 = CARTESIAN_POINT('',(4.430561744122,1.359125913389));
#1532 = CARTESIAN_POINT('',(4.422052511345,1.357307189916));
#1533 = CARTESIAN_POINT('',(4.413627508501,1.355466045037));
#1534 = CARTESIAN_POINT('',(4.405287416235,1.3536029349));
#1535 = CARTESIAN_POINT('',(4.367676264921,1.345016024515));
#1536 = CARTESIAN_POINT('',(4.339394073223,1.338040395844));
#1537 = CARTESIAN_POINT('',(4.312199460666,1.330809988066));
#1538 = CARTESIAN_POINT('',(4.286088384647,1.323344398803));
#1539 = CARTESIAN_POINT('',(4.261042513902,1.315663554987));
#1540 = CARTESIAN_POINT('',(4.237032733623,1.30778709745));
#1541 = CARTESIAN_POINT('',(4.214022650575,1.299733765513));
#1542 = CARTESIAN_POINT('',(4.187711835204,1.289932853599));
#1543 = CARTESIAN_POINT('',(4.183466077485,1.288340819462));
#1544 = CARTESIAN_POINT('',(4.17933003489,1.286736330776));
#1545 = CARTESIAN_POINT('',(4.175175198582,1.28513092015));
#1546 = CARTESIAN_POINT('',(4.171131613295,1.283513180473));
#1547 = CARTESIAN_POINT('',(4.167097390795,1.281892256395));
#1548 = CARTESIAN_POINT('',(4.163129866524,1.28026318934));
#1549 = CARTESIAN_POINT('',(4.145543585625,1.272936372723));
#1550 = CARTESIAN_POINT('',(4.132463020311,1.267167401908));
#1551 = CARTESIAN_POINT('',(4.119933139165,1.261328473864));
#1552 = CARTESIAN_POINT('',(4.107924678078,1.255426121062));
#1553 = CARTESIAN_POINT('',(4.096409169496,1.249466255868));
#1554 = CARTESIAN_POINT('',(4.085358942422,1.243454170554));
#1555 = CARTESIAN_POINT('',(4.074747122413,1.237394537286));
#1556 = CARTESIAN_POINT('',(4.054629698841,1.225356587649));
#1557 = CARTESIAN_POINT('',(4.045102292677,1.219380765344));
#1558 = CARTESIAN_POINT('',(4.035942210607,1.213367633787));
#1559 = CARTESIAN_POINT('',(4.027127641778,1.207320517085));
#1560 = CARTESIAN_POINT('',(4.01863816697,1.201242370887));
#1561 = CARTESIAN_POINT('',(4.01045475859,1.195135782384));
#1562 = CARTESIAN_POINT('',(4.002559780676,1.189002970311));
#1563 = CARTESIAN_POINT('',(3.988393337578,1.177560264718));
#1564 = CARTESIAN_POINT('',(3.982050154756,1.172256861771));
#1565 = CARTESIAN_POINT('',(3.975897203694,1.166936777446));
#1566 = CARTESIAN_POINT('',(3.969924855969,1.161601097985));
#1567 = CARTESIAN_POINT('',(3.96412409147,1.156250794521));
#1568 = CARTESIAN_POINT('',(3.958486498398,1.150886723081));
#1569 = CARTESIAN_POINT('',(3.95300427327,1.145509624587));
#1570 = CARTESIAN_POINT('',(3.927768651903,1.120011690784));
#1571 = CARTESIAN_POINT('',(3.909930836213,1.099733631836));
#1572 = CARTESIAN_POINT('',(3.893774406674,1.079315591587));
#1573 = CARTESIAN_POINT('',(3.879020855396,1.058775595086));
#1574 = CARTESIAN_POINT('',(3.865460238778,1.038123273198));
#1575 = CARTESIAN_POINT('',(3.852926655129,1.01736202293));
#1576 = CARTESIAN_POINT('',(3.841284494923,0.996490103734));
#1577 = CARTESIAN_POINT('',(3.80181486978,0.920199315104));
#1578 = CARTESIAN_POINT('',(3.778667574967,0.864144469825));
#1579 = CARTESIAN_POINT('',(3.758948947889,0.807182924449));
#1580 = CARTESIAN_POINT('',(3.741874941529,0.749100491171));
#1581 = CARTESIAN_POINT('',(3.726841363981,0.689672080642));
#1582 = CARTESIAN_POINT('',(3.713527271585,0.628637460795));
#1583 = CARTESIAN_POINT('',(3.701676246222,0.565696985635));
#1584 = CARTESIAN_POINT('',(3.682207303721,0.445335041834));
#1585 = CARTESIAN_POINT('',(3.674217895233,0.38855879633));
#1586 = CARTESIAN_POINT('',(3.667075571924,0.330035836355));
#1587 = CARTESIAN_POINT('',(3.660728742364,0.269640416199));
#1588 = CARTESIAN_POINT('',(3.655143766696,0.207264337325));
#1589 = CARTESIAN_POINT('',(3.650298200714,0.142819941698));
#1590 = CARTESIAN_POINT('',(3.646175808368,7.629071637786E-02));
#1591 = CARTESIAN_POINT('',(3.642693224733,6.63349543856E-03));
#1592 = CARTESIAN_POINT('',(3.64263065215,5.376858377124E-03));
#1593 = CARTESIAN_POINT('',(3.64256834971,4.120221315688E-03));
#1594 = CARTESIAN_POINT('',(3.642506330521,2.863584254252E-03));
#1595 = CARTESIAN_POINT('',(3.64244459273,1.606947192817E-03));
#1596 = CARTESIAN_POINT('',(3.642383119532,3.50310131381E-04));
#1597 = CARTESIAN_POINT('',(3.642321879165,-9.063269300551E-04));
#1598 = CARTESIAN_POINT('',(3.642185210593,-3.719193187658E-03));
#1599 = CARTESIAN_POINT('',(3.642115250087,-5.165334365651E-03));
#1600 = CARTESIAN_POINT('',(3.642047958408,-6.561385743878E-03));
#1601 = CARTESIAN_POINT('',(3.641981285745,-7.949357374992E-03));
#1602 = CARTESIAN_POINT('',(3.641914083547,-9.353383363225E-03));
#1603 = CARTESIAN_POINT('',(3.641846070616,-1.077983408172E-02));
#1604 = CARTESIAN_POINT('',(3.641777799187,-1.221742838988E-02));
#1605 = CARTESIAN_POINT('',(3.641318722263,-2.192076991935E-02));
#1606 = CARTESIAN_POINT('',(3.64093670025,-3.018061788294E-02));
#1607 = CARTESIAN_POINT('',(3.640564537165,-3.84167381556E-02));
#1608 = CARTESIAN_POINT('',(3.64020221369,-4.662898190339E-02));
#1609 = CARTESIAN_POINT('',(3.639849709012,-5.481720304435E-02));
#1610 = CARTESIAN_POINT('',(3.639507000816,-6.298125824838E-02));
#1611 = CARTESIAN_POINT('',(3.63917406529,-7.112100693734E-02));
#1612 = CARTESIAN_POINT('',(3.637066140266,-0.124051206617));
#1613 = CARTESIAN_POINT('',(3.635578064321,-0.16813603866));
#1614 = CARTESIAN_POINT('',(3.634383604795,-0.211443047124));
#1615 = CARTESIAN_POINT('',(3.633476472025,-0.253956689094));
#1616 = CARTESIAN_POINT('',(3.632848802234,-0.295679770038));
#1617 = CARTESIAN_POINT('',(3.632492297427,-0.336623855329));
#1618 = CARTESIAN_POINT('',(3.632398834121,-0.376803962255));
#1619 = CARTESIAN_POINT('',(3.632655438604,-0.439378275498));
#1620 = CARTESIAN_POINT('',(3.632838233092,-0.462265519014));
#1621 = CARTESIAN_POINT('',(3.633107410894,-0.484905419867));
#1622 = CARTESIAN_POINT('',(3.633461573959,-0.507305265498));
#1623 = CARTESIAN_POINT('',(3.63389950076,-0.52947330575));
#1624 = CARTESIAN_POINT('',(3.634420207359,-0.551418584609));
#1625 = CARTESIAN_POINT('',(3.635023008475,-0.573150771947));
#1626 = CARTESIAN_POINT('',(3.636508982867,-0.619883272671));
#1627 = CARTESIAN_POINT('',(3.637422395003,-0.644807849325));
#1628 = CARTESIAN_POINT('',(3.638447378989,-0.669470665323));
#1629 = CARTESIAN_POINT('',(3.63958406659,-0.693888701287));
#1630 = CARTESIAN_POINT('',(3.640833386471,-0.718079061652));
#1631 = CARTESIAN_POINT('',(3.642197293372,-0.742059057956));
#1632 = CARTESIAN_POINT('',(3.643678997267,-0.76584629213));
#1633 = CARTESIAN_POINT('',(3.648625944495,-0.838663107492));
#1634 = CARTESIAN_POINT('',(3.652500890923,-0.887093233413));
#1635 = CARTESIAN_POINT('',(3.656946123208,-0.934927235481));
#1636 = CARTESIAN_POINT('',(3.66205132291,-0.982317925324));
#1637 = CARTESIAN_POINT('',(3.667900371666,-1.029407154121));
#1638 = CARTESIAN_POINT('',(3.674746228799,-1.076329278857));
#1639 = CARTESIAN_POINT('',(3.682835806628,-1.12322173815));
#1640 = CARTESIAN_POINT('',(3.6971355535,-1.188355384098));
#1641 = CARTESIAN_POINT('',(3.701448351507,-1.206503847676));
#1642 = CARTESIAN_POINT('',(3.706150810083,-1.224673017176));
#1643 = CARTESIAN_POINT('',(3.711314235786,-1.242869442616));
#1644 = CARTESIAN_POINT('',(3.717041365857,-1.26109791968));
#1645 = CARTESIAN_POINT('',(3.723469000951,-1.279361455431));
#1646 = CARTESIAN_POINT('',(3.730797838843,-1.297660421421));
#1647 = CARTESIAN_POINT('',(3.741011811949,-1.31944245021));
#1648 = CARTESIAN_POINT('',(3.742675843606,-1.322896232241));
#1649 = CARTESIAN_POINT('',(3.744387208364,-1.326350963484));
#1650 = CARTESIAN_POINT('',(3.74614854922,-1.329806573028));
#1651 = CARTESIAN_POINT('',(3.747962787117,-1.333262970187));
#1652 = CARTESIAN_POINT('',(3.749833120939,-1.336720044501));
#1653 = CARTESIAN_POINT('',(3.751763027515,-1.340177665735));
#1654 = CARTESIAN_POINT('',(3.755838786412,-1.347248658952));
#1655 = CARTESIAN_POINT('',(3.757990631595,-1.350862044546));
#1656 = CARTESIAN_POINT('',(3.760216005472,-1.354475681564));
#1657 = CARTESIAN_POINT('',(3.762519704099,-1.358089357573));
#1658 = CARTESIAN_POINT('',(3.764907111284,-1.361702806811));
#1659 = CARTESIAN_POINT('',(3.767384198585,-1.365315710183));
#1660 = CARTESIAN_POINT('',(3.76995752531,-1.368927695263));
#1661 = CARTESIAN_POINT('',(3.775436349824,-1.376318217343));
#1662 = CARTESIAN_POINT('',(3.778352199778,-1.38009654824));
#1663 = CARTESIAN_POINT('',(3.78138982884,-1.383872885005));
#1664 = CARTESIAN_POINT('',(3.78455857601,-1.387646619491));
#1665 = CARTESIAN_POINT('',(3.787869078823,-1.391416979382));
#1666 = CARTESIAN_POINT('',(3.791333273355,-1.395183028191));
#1667 = CARTESIAN_POINT('',(3.794964394219,-1.398943665261));
#1668 = CARTESIAN_POINT('',(3.807314915859,-1.411104058586));
#1669 = CARTESIAN_POINT('',(3.816753588818,-1.419465567797));
#1670 = CARTESIAN_POINT('',(3.827270111951,-1.427781953373));
#1671 = CARTESIAN_POINT('',(3.839086310373,-1.436034082057));
#1672 = CARTESIAN_POINT('',(3.852463014601,-1.444184214781));
#1673 = CARTESIAN_POINT('',(3.867727726435,-1.452172825332));
#1674 = CARTESIAN_POINT('',(3.885262724912,-1.459919294126));
#1675 = CARTESIAN_POINT('',(3.913825421281,-1.470446213208));
#1676 = CARTESIAN_POINT('',(3.922720426714,-1.473498357612));
#1677 = CARTESIAN_POINT('',(3.93208314867,-1.476482037264));
#1678 = CARTESIAN_POINT('',(3.941926890053,-1.479388834549));
#1679 = CARTESIAN_POINT('',(3.95225873043,-1.482210560585));
#1680 = CARTESIAN_POINT('',(3.96307744681,-1.484939644647));
#1681 = CARTESIAN_POINT('',(3.974371434437,-1.487569523594));
#1682 = CARTESIAN_POINT('',(4.000103916612,-1.493102618018));
#1683 = CARTESIAN_POINT('',(4.014738172933,-1.495963702344));
#1684 = CARTESIAN_POINT('',(4.029979143952,-1.498668748962));
#1685 = CARTESIAN_POINT('',(4.045775718925,-1.501214258355));
#1686 = CARTESIAN_POINT('',(4.062069919845,-1.503601531702));
#1687 = CARTESIAN_POINT('',(4.078800892322,-1.505835435788));
#1688 = CARTESIAN_POINT('',(4.095908896476,-1.507923167915));
#1689 = CARTESIAN_POINT('',(4.122464780608,-1.510893866789));
#1690 = CARTESIAN_POINT('',(4.1316794666,-1.511876968265));
#1691 = CARTESIAN_POINT('',(4.140975919978,-1.512823640985));
#1692 = CARTESIAN_POINT('',(4.150347254121,-1.513735222416));
#1693 = CARTESIAN_POINT('',(4.159787131605,-1.514613071744));
#1694 = CARTESIAN_POINT('',(4.16928976421,-1.515458569882));
#1695 = CARTESIAN_POINT('',(4.178849912913,-1.516273119465));
#1696 = CARTESIAN_POINT('',(4.223688249669,-1.519933855145));
#1697 = CARTESIAN_POINT('',(4.259419618696,-1.522506540498));
#1698 = CARTESIAN_POINT('',(4.295544281699,-1.524814516339));
#1699 = CARTESIAN_POINT('',(4.331970568554,-1.526890922499));
#1700 = CARTESIAN_POINT('',(4.368627081986,-1.528764187678));
#1701 = CARTESIAN_POINT('',(4.405461927267,-1.530458493897));
#1702 = CARTESIAN_POINT('',(4.442441941917,-1.531994240964));
#1703 = CARTESIAN_POINT('',(4.526714755037,-1.535160506798));
#1704 = CARTESIAN_POINT('',(4.574067789189,-1.536703441052));
#1705 = CARTESIAN_POINT('',(4.621563772065,-1.538052363526));
#1706 = CARTESIAN_POINT('',(4.669166855946,-1.539233489717));
#1707 = CARTESIAN_POINT('',(4.71685044515,-1.540266882889));
#1708 = CARTESIAN_POINT('',(4.764595650615,-1.54116834394));
#1709 = CARTESIAN_POINT('',(4.812390355074,-1.541950509019));
#1710 = CARTESIAN_POINT('',(4.899955801194,-1.543181742009));
#1711 = CARTESIAN_POINT('',(4.93971019601,-1.543664816413));
#1712 = CARTESIAN_POINT('',(4.979486610117,-1.544077944363));
#1713 = CARTESIAN_POINT('',(5.019280421777,-1.544425536019));
#1714 = CARTESIAN_POINT('',(5.059087738079,-1.544710984809));
#1715 = CARTESIAN_POINT('',(5.098905282329,-1.544936806768));
#1716 = CARTESIAN_POINT('',(5.138730281439,-1.545104779874));
#1717 = CARTESIAN_POINT('',(5.191503956548,-1.545252251235));
#1718 = CARTESIAN_POINT('',(5.204448073968,-1.545282431615));
#1719 = CARTESIAN_POINT('',(5.217392616197,-1.545306662719));
#1720 = CARTESIAN_POINT('',(5.23033749496,-1.545324975347));
#1721 = CARTESIAN_POINT('',(5.243282623095,-1.545337392913));
#1722 = CARTESIAN_POINT('',(5.256227914553,-1.545343931446));
#1723 = CARTESIAN_POINT('',(5.269173284394,-1.545344599586));
#1724 = CARTESIAN_POINT('',(5.326651987912,-1.545321495642));
#1725 = CARTESIAN_POINT('',(5.371185016875,-1.545234178166));
#1726 = CARTESIAN_POINT('',(5.415714593934,-1.545077416642));
#1727 = CARTESIAN_POINT('',(5.460237331021,-1.54485029565));
#1728 = CARTESIAN_POINT('',(5.504749445419,-1.544550881122));
#1729 = CARTESIAN_POINT('',(5.549246611433,-1.544176087591));
#1730 = CARTESIAN_POINT('',(5.59372381207,-1.543721545447));
#1731 = CARTESIAN_POINT('',(5.687006832847,-1.542588097143));
#1732 = CARTESIAN_POINT('',(5.735804701098,-1.541891700777));
#1733 = CARTESIAN_POINT('',(5.784563135178,-1.541084000983));
#1734 = CARTESIAN_POINT('',(5.833272539207,-1.540155103094));
#1735 = CARTESIAN_POINT('',(5.881918491469,-1.539092345573));
#1736 = CARTESIAN_POINT('',(5.930480854193,-1.537879149709));
#1737 = CARTESIAN_POINT('',(5.978932883315,-1.536493869309));
#1738 = CARTESIAN_POINT('',(6.059587344289,-1.533847104937));
#1739 = CARTESIAN_POINT('',(6.091865632674,-1.532695946483));
#1740 = CARTESIAN_POINT('',(6.124066091238,-1.531446551712));
#1741 = CARTESIAN_POINT('',(6.156174267637,-1.530089045747));
#1742 = CARTESIAN_POINT('',(6.188169960582,-1.528611945522));
#1743 = CARTESIAN_POINT('',(6.220026811055,-1.527001813146));
#1744 = CARTESIAN_POINT('',(6.251711893528,-1.525242909274));
#1745 = CARTESIAN_POINT('',(6.28318530718,-1.523316846464));
#1746 = ( GEOMETRIC_REPRESENTATION_CONTEXT(2) 
PARAMETRIC_REPRESENTATION_CONTEXT() REPRESENTATION_CONTEXT('2D SPACE',''
  ) );
#1747 = ORIENTED_EDGE('',*,*,#1748,.T.);
#1748 = EDGE_CURVE('',#973,#1749,#1751,.T.);
#1749 = VERTEX_POINT('',#1750);
#1750 = CARTESIAN_POINT('',(-3.985152693778,2.572372281457,3.));
#1751 = SURFACE_CURVE('',#1752,(#2007,#2265),.PCURVE_S1.);
#1752 = B_SPLINE_CURVE_WITH_KNOTS('',8,(#1753,#1754,#1755,#1756,#1757,
    #1758,#1759,#1760,#1761,#1762,#1763,#1764,#1765,#1766,#1767,#1768,
    #1769,#1770,#1771,#1772,#1773,#1774,#1775,#1776,#1777,#1778,#1779,
    #1780,#1781,#1782,#1783,#1784,#1785,#1786,#1787,#1788,#1789,#1790,
    #1791,#1792,#1793,#1794,#1795,#1796,#1797,#1798,#1799,#1800,#1801,
    #1802,#1803,#1804,#1805,#1806,#1807,#1808,#1809,#1810,#1811,#1812,
    #1813,#1814,#1815,#1816,#1817,#1818,#1819,#1820,#1821,#1822,#1823,
    #1824,#1825,#1826,#1827,#1828,#1829,#1830,#1831,#1832,#1833,#1834,
    #1835,#1836,#1837,#1838,#1839,#1840,#1841,#1842,#1843,#1844,#1845,
    #1846,#1847,#1848,#1849,#1850,#1851,#1852,#1853,#1854,#1855,#1856,
    #1857,#1858,#1859,#1860,#1861,#1862,#1863,#1864,#1865,#1866,#1867,
    #1868,#1869,#1870,#1871,#1872,#1873,#1874,#1875,#1876,#1877,#1878,
    #1879,#1880,#1881,#1882,#1883,#1884,#1885,#1886,#1887,#1888,#1889,
    #1890,#1891,#1892,#1893,#1894,#1895,#1896,#1897,#1898,#1899,#1900,
    #1901,#1902,#1903,#1904,#1905,#1906,#1907,#1908,#1909,#1910,#1911,
    #1912,#1913,#1914,#1915,#1916,#1917,#1918,#1919,#1920,#1921,#1922,
    #1923,#1924,#1925,#1926,#1927,#1928,#1929,#1930,#1931,#1932,#1933,
    #1934,#1935,#1936,#1937,#1938,#1939,#1940,#1941,#1942,#1943,#1944,
    #1945,#1946,#1947,#1948,#1949,#1950,#1951,#1952,#1953,#1954,#1955,
    #1956,#1957,#1958,#1959,#1960,#1961,#1962,#1963,#1964,#1965,#1966,
    #1967,#1968,#1969,#1970,#1971,#1972,#1973,#1974,#1975,#1976,#1977,
    #1978,#1979,#1980,#1981,#1982,#1983,#1984,#1985,#1986,#1987,#1988,
    #1989,#1990,#1991,#1992,#1993,#1994,#1995,#1996,#1997,#1998,#1999,
    #2000,#2001,#2002,#2003,#2004,#2005,#2006),.UNSPECIFIED.,.F.,.F.,(9,
    7,7,7,7,7,7,7,7,7,7,7,7,7,7,7,7,7,7,7,7,7,7,7,7,7,7,7,7,7,7,7,7,7,7,
    7,9),(0.,1.112179572844E-02,6.33618956997E-02,7.270820561003E-02,
    0.107661631054,0.131849225909,0.137962122176,0.159700128204,
    0.163903039359,0.178534903678,0.192763228473,0.204977270416,
    0.250548344493,0.370615524936,0.472180144197,0.474045683962,
    0.476356140306,0.489834740296,0.564267141872,0.607946217219,
    0.659079260055,0.765631868272,0.806748425504,0.814493778485,
    0.822586206526,0.831057943951,0.850029142552,0.857992525101,
    0.867476002247,0.872441074608,0.890629156931,0.913744498681,
    0.932940329908,0.939178374193,0.960637977982,0.984213255761,1.),
  .UNSPECIFIED.);
#1753 = CARTESIAN_POINT('',(-1.353416259063,4.881726989654,
    9.290649923795));
#1754 = CARTESIAN_POINT('',(-1.371932820297,4.874763524583,
    9.295677199581));
#1755 = CARTESIAN_POINT('',(-1.390320888816,4.867852983527,
    9.300576274491));
#1756 = CARTESIAN_POINT('',(-1.408573619242,4.860997781712,
    9.305348327078));
#1757 = CARTESIAN_POINT('',(-1.426684585306,4.854200172565,
    9.309994707938));
#1758 = CARTESIAN_POINT('',(-1.444647779852,4.84746224772,9.314516939711
    ));
#1759 = CARTESIAN_POINT('',(-1.46245761483,4.840785937017,9.318916717079
    ));
#1760 = CARTESIAN_POINT('',(-1.480108921307,4.834173008502,
    9.323195906771));
#1761 = CARTESIAN_POINT('',(-1.579739858344,4.796868786449,
    9.346899336253));
#1762 = CARTESIAN_POINT('',(-1.658365898056,4.767514345468,
    9.363846746555));
#1763 = CARTESIAN_POINT('',(-1.732829613234,4.73978631385,9.378360248383
    ));
#1764 = CARTESIAN_POINT('',(-1.803056598133,4.713693225587,9.39077884625
    ));
#1765 = CARTESIAN_POINT('',(-1.869518159211,4.689044940935,
    9.401471843849));
#1766 = CARTESIAN_POINT('',(-1.93300235808,4.665539101753,9.410761994216
    ));
#1767 = CARTESIAN_POINT('',(-1.99440693886,4.642836660274,9.418900290229
    ));
#1768 = CARTESIAN_POINT('',(-2.065580964666,4.616558505825,9.42735703035
    ));
#1769 = CARTESIAN_POINT('',(-2.076348974348,4.612583851125,
    9.428609479283));
#1770 = CARTESIAN_POINT('',(-2.087089480878,4.608620327227,
    9.429832038047));
#1771 = CARTESIAN_POINT('',(-2.097808337769,4.604665751627,
    9.431025668605));
#1772 = CARTESIAN_POINT('',(-2.10851144417,4.600717927997,9.432191253846
    ));
#1773 = CARTESIAN_POINT('',(-2.119204744866,4.596774646185,
    9.433329597587));
#1774 = CARTESIAN_POINT('',(-2.129894230275,4.592833682216,
    9.434441424566));
#1775 = CARTESIAN_POINT('',(-2.180570891902,4.574154639925,
    9.439588615969));
#1776 = CARTESIAN_POINT('',(-2.220575525925,4.559421787307,
    9.443287032032));
#1777 = CARTESIAN_POINT('',(-2.260930937943,4.544571512699,
    9.446657810774));
#1778 = CARTESIAN_POINT('',(-2.301955507176,4.529486294981,
    9.449718843303));
#1779 = CARTESIAN_POINT('',(-2.343959805091,4.514051932591,
    9.452470539668));
#1780 = CARTESIAN_POINT('',(-2.387240820948,4.498159529781,
    9.454895556925));
#1781 = CARTESIAN_POINT('',(-2.432065500467,4.481711356212,
    9.456958445297));
#1782 = CARTESIAN_POINT('',(-2.510875404082,4.45281076896,9.459744851114
    ));
#1783 = CARTESIAN_POINT('',(-2.543943944987,4.440689092581,
    9.460684997468));
#1784 = CARTESIAN_POINT('',(-2.577910768279,4.42824300322,9.461408222032
    ));
#1785 = CARTESIAN_POINT('',(-2.612822178341,4.415455511793,
    9.461892679624));
#1786 = CARTESIAN_POINT('',(-2.648705946872,4.402316343564,9.46211343773
    ));
#1787 = CARTESIAN_POINT('',(-2.685568023793,4.388823094062,
    9.462043804891));
#1788 = CARTESIAN_POINT('',(-2.723389248152,4.374982384991,
    9.461656659094));
#1789 = CARTESIAN_POINT('',(-2.771910947283,4.357229511412,
    9.460741078084));
#1790 = CARTESIAN_POINT('',(-2.781758817969,4.353626606027,
    9.460534426878));
#1791 = CARTESIAN_POINT('',(-2.791665692273,4.350002286776,
    9.460305385395));
#1792 = CARTESIAN_POINT('',(-2.801630376787,4.346356980047,
    9.460053542168));
#1793 = CARTESIAN_POINT('',(-2.811652285067,4.342690889344,
    9.459778478375));
#1794 = CARTESIAN_POINT('',(-2.821730889213,4.339004195928,
    9.459479779506));
#1795 = CARTESIAN_POINT('',(-2.831864974419,4.335297331537,
    9.459157050721));
#1796 = CARTESIAN_POINT('',(-2.878286491463,4.318317682817,
    9.457575354805));
#1797 = CARTESIAN_POINT('',(-2.915213179687,4.304812342751,
    9.456031953717));
#1798 = CARTESIAN_POINT('',(-2.952790852939,4.291069665803,
    9.454161879299));
#1799 = CARTESIAN_POINT('',(-2.990971348631,4.277106524161,
    9.451949013321));
#1800 = CARTESIAN_POINT('',(-3.029703299598,4.262940829112,
    9.449379017461));
#1801 = CARTESIAN_POINT('',(-3.06893401088,4.248590855757,9.446439419087
    ));
#1802 = CARTESIAN_POINT('',(-3.108611336511,4.234074567745,
    9.443119697038));
#1803 = CARTESIAN_POINT('',(-3.15643366224,4.216573432807,9.438694377486
    ));
#1804 = CARTESIAN_POINT('',(-3.164187547859,4.213735655863,
    9.437963712222));
#1805 = CARTESIAN_POINT('',(-3.171988160731,4.210880616758,9.43721545083
    ));
#1806 = CARTESIAN_POINT('',(-3.179779421381,4.208028828859,
    9.436454638062));
#1807 = CARTESIAN_POINT('',(-3.187617207984,4.205159833512,
    9.435675988434));
#1808 = CARTESIAN_POINT('',(-3.195457092056,4.202289879981,
    9.434883480258));
#1809 = CARTESIAN_POINT('',(-3.203323477121,4.199410027774,9.43407474475
    ));
#1810 = CARTESIAN_POINT('',(-3.238645968443,4.186477670468,
    9.430381831192));
#1811 = CARTESIAN_POINT('',(-3.266304490022,4.176348753859,
    9.427324334961));
#1812 = CARTESIAN_POINT('',(-3.294154929633,4.16614663185,9.424076113529
    ));
#1813 = CARTESIAN_POINT('',(-3.322173467523,4.155879583019,
    9.420635394004));
#1814 = CARTESIAN_POINT('',(-3.35033865946,4.14555500323,9.41700069592)
  );
#1815 = CARTESIAN_POINT('',(-3.378631436733,4.135179405632,
    9.413170831235));
#1816 = CARTESIAN_POINT('',(-3.407035106151,4.124758420658,
    9.409144904334));
#1817 = CARTESIAN_POINT('',(-3.463249567956,4.104123699898,
    9.400816148122));
#1818 = CARTESIAN_POINT('',(-3.491054433705,4.093912424448,
    9.396523862303));
#1819 = CARTESIAN_POINT('',(-3.518936753872,4.083667347908,9.3920448191)
  );
#1820 = CARTESIAN_POINT('',(-3.546884530432,4.073392402963,9.38737845342
    ));
#1821 = CARTESIAN_POINT('',(-3.574886960753,4.063091076753,
    9.382524270546));
#1822 = CARTESIAN_POINT('',(-3.602934437594,4.052766410874,
    9.377481846139));
#1823 = CARTESIAN_POINT('',(-3.63101854911,4.04242100138,9.372250826234)
  );
#1824 = CARTESIAN_POINT('',(-3.68326561424,4.023160214011,9.362178294034
    ));
#1825 = CARTESIAN_POINT('',(-3.707420523757,4.01424983966,9.357386442279
    ));
#1826 = CARTESIAN_POINT('',(-3.731592104015,4.005327287151,
    9.352455172343));
#1827 = CARTESIAN_POINT('',(-3.755775976507,3.996393844999,
    9.347384290919));
#1828 = CARTESIAN_POINT('',(-3.779968087599,3.987450678815,
    9.342173611029));
#1829 = CARTESIAN_POINT('',(-3.804164708532,3.978498831299,
    9.336822952028));
#1830 = CARTESIAN_POINT('',(-3.828362435421,3.969539222245,
    9.331332139598));
#1831 = CARTESIAN_POINT('',(-3.942833499786,3.927118008772,
    9.304690998171));
#1832 = CARTESIAN_POINT('',(-4.033068261007,3.893571258312,
    9.281730303869));
#1833 = CARTESIAN_POINT('',(-4.123116988369,3.859968466881,
    9.256806208281));
#1834 = CARTESIAN_POINT('',(-4.21285459509,3.826337451261,9.229909054247
    ));
#1835 = CARTESIAN_POINT('',(-4.302171510842,3.792699628826,
    9.201030152319));
#1836 = CARTESIAN_POINT('',(-4.390970108605,3.759071287078,
    9.170159768555));
#1837 = CARTESIAN_POINT('',(-4.479162439709,3.725464269171,
    9.137285189811));
#1838 = CARTESIAN_POINT('',(-4.797225591259,3.60341681961,9.010446682809
    ));
#1839 = CARTESIAN_POINT('',(-5.022764822247,3.515246849169,
    8.904572771858));
#1840 = CARTESIAN_POINT('',(-5.241988941553,3.427461573928,
    8.784445855989));
#1841 = CARTESIAN_POINT('',(-5.453278651916,3.340219356524,
    8.649747324909));
#1842 = CARTESIAN_POINT('',(-5.65466723361,3.253762453765,8.500243520262
    ));
#1843 = CARTESIAN_POINT('',(-5.8438880908,3.168412366874,8.335854604639)
  );
#1844 = CARTESIAN_POINT('',(-6.018399492064,3.084582767944,
    8.156713678165));
#1845 = CARTESIAN_POINT('',(-6.308324789932,2.9336197564,7.799624400538)
  );
#1846 = CARTESIAN_POINT('',(-6.428697795789,2.865906097735,
    7.625750498636));
#1847 = CARTESIAN_POINT('',(-6.534717207056,2.800086698762,
    7.442171513931));
#1848 = CARTESIAN_POINT('',(-6.624472030202,2.736663181871,
    7.249730382502));
#1849 = CARTESIAN_POINT('',(-6.696158025747,2.676194935051,
    7.049643335251));
#1850 = CARTESIAN_POINT('',(-6.748239073793,2.619296016433,
    6.843560184345));
#1851 = CARTESIAN_POINT('',(-6.779715082344,2.566608942057,
    6.633643491128));
#1852 = CARTESIAN_POINT('',(-6.790793290712,2.517839691212,
    6.418810388045));
#1853 = CARTESIAN_POINT('',(-6.790986128696,2.51696173435,6.414935411224
    ));
#1854 = CARTESIAN_POINT('',(-6.791171921665,2.516085867454,
    6.411062172909));
#1855 = CARTESIAN_POINT('',(-6.791350648924,2.515212285231,
    6.407191557865));
#1856 = CARTESIAN_POINT('',(-6.791522326297,2.514340969892,
    6.403323501404));
#1857 = CARTESIAN_POINT('',(-6.791687006125,2.513471691151,6.39945698939
    ));
#1858 = CARTESIAN_POINT('',(-6.79184477726,2.51260400623,6.395590058236)
  );
#1859 = CARTESIAN_POINT('',(-6.792182736552,2.510663807059,
    6.386926501879));
#1860 = CARTESIAN_POINT('',(-6.792346067291,2.509668017474,
    6.382468505329));
#1861 = CARTESIAN_POINT('',(-6.792495343414,2.508708114495,
    6.378161884918));
#1862 = CARTESIAN_POINT('',(-6.792635898831,2.507755076914,
    6.373877369508));
#1863 = CARTESIAN_POINT('',(-6.792769801697,2.506792399838,
    6.369540343274));
#1864 = CARTESIAN_POINT('',(-6.792896840865,2.505815855606,
    6.365130851822));
#1865 = CARTESIAN_POINT('',(-6.793015512346,2.504833254706,6.36068360831
    ));
#1866 = CARTESIAN_POINT('',(-6.79375689878,2.498211039863,6.330645161843
    ));
#1867 = CARTESIAN_POINT('',(-6.794087073686,2.492624681514,
    6.304969884191));
#1868 = CARTESIAN_POINT('',(-6.794113822918,2.487106177944,
    6.279266254959));
#1869 = CARTESIAN_POINT('',(-6.793836609771,2.481656549085,
    6.253538380565));
#1870 = CARTESIAN_POINT('',(-6.793255068401,2.476276788502,
    6.227790385491));
#1871 = CARTESIAN_POINT('',(-6.792369003822,2.470967863388,
    6.202026412286));
#1872 = CARTESIAN_POINT('',(-6.791178391907,2.465730714567,6.17625062156
    ));
#1873 = CARTESIAN_POINT('',(-6.781427577178,2.432046726263,
    6.008084261873));
#1874 = CARTESIAN_POINT('',(-6.763885876865,2.405734069624,
    5.865418626945));
#1875 = CARTESIAN_POINT('',(-6.737077257312,2.381799565296,
    5.723248922922));
#1876 = CARTESIAN_POINT('',(-6.701201973445,2.360363567744,
    5.582271048463));
#1877 = CARTESIAN_POINT('',(-6.656596700357,2.341505971138,
    5.443102183685));
#1878 = CARTESIAN_POINT('',(-6.60369878295,2.325273713669,5.306284797375
    ));
#1879 = CARTESIAN_POINT('',(-6.543019591119,2.311685322239,
    5.172290642898));
#1880 = CARTESIAN_POINT('',(-6.435285654309,2.294305070709,
    4.964787542756));
#1881 = CARTESIAN_POINT('',(-6.392953682687,2.288784289898,
    4.889149852795));
#1882 = CARTESIAN_POINT('',(-6.348239817343,2.284168213018,
    4.814684822843));
#1883 = CARTESIAN_POINT('',(-6.301255021061,2.28045215598,4.741454329511
    ));
#1884 = CARTESIAN_POINT('',(-6.252110812369,2.277629205227,
    4.669509946281));
#1885 = CARTESIAN_POINT('',(-6.200917610233,2.275690730283,
    4.598893913686));
#1886 = CARTESIAN_POINT('',(-6.147783078761,2.274626896306,4.52964010949
    ));
#1887 = CARTESIAN_POINT('',(-6.028456675482,2.274193364927,
    4.382328500094));
#1888 = CARTESIAN_POINT('',(-5.961585474854,2.275143739554,
    4.304786934694));
#1889 = CARTESIAN_POINT('',(-5.892362203918,2.277261216696,
    4.229190945259));
#1890 = CARTESIAN_POINT('',(-5.820946344853,2.280527445218,
    4.155570310538));
#1891 = CARTESIAN_POINT('',(-5.74749032303,2.284923346211,4.083945198788
    ));
#1892 = CARTESIAN_POINT('',(-5.672138301938,2.290429652528,
    4.014327401118));
#1893 = CARTESIAN_POINT('',(-5.595024978112,2.297027448318,
    3.946721564846));
#1894 = CARTESIAN_POINT('',(-5.352171479555,2.320684318927,
    3.744437222047));
#1895 = CARTESIAN_POINT('',(-5.181010592603,2.341326281328,
    3.616521650486));
#1896 = CARTESIAN_POINT('',(-5.003876564209,2.366461020545,
    3.497319026664));
#1897 = CARTESIAN_POINT('',(-4.821751676414,2.395939039856,
    3.386757693942));
#1898 = CARTESIAN_POINT('',(-4.635521896466,2.429620471719,
    3.284746841564));
#1899 = CARTESIAN_POINT('',(-4.445980139369,2.467375436751,
    3.191182521693));
#1900 = CARTESIAN_POINT('',(-4.25381921037,2.509090059906,3.105954156063
    ));
#1901 = CARTESIAN_POINT('',(-3.984719895626,2.572255940387,
    2.999250767415));
#1902 = CARTESIAN_POINT('',(-3.909505091304,2.590416168092,
    2.970771550452));
#1903 = CARTESIAN_POINT('',(-3.834037282702,2.609143167962,
    2.943516580893));
#1904 = CARTESIAN_POINT('',(-3.758354472793,2.628430405371,
    2.917481622884));
#1905 = CARTESIAN_POINT('',(-3.682499359249,2.648269869355,
    2.892664407885));
#1906 = CARTESIAN_POINT('',(-3.606519573252,2.668651777786,
    2.869064120272));
#1907 = CARTESIAN_POINT('',(-3.530469603196,2.689563662497,
    2.846681093146));
#1908 = CARTESIAN_POINT('',(-3.440090716838,2.715023617378,
    2.821530126799));
#1909 = CARTESIAN_POINT('',(-3.42576450882,2.719077498094,2.817586651902
    ));
#1910 = CARTESIAN_POINT('',(-3.41143904118,2.723149331944,2.813686542013
    ));
#1911 = CARTESIAN_POINT('',(-3.397114904322,2.72723895803,2.809829838826
    ));
#1912 = CARTESIAN_POINT('',(-3.382792753392,2.73134619327,2.806016594346
    ));
#1913 = CARTESIAN_POINT('',(-3.368473308279,2.735470832397,
    2.802246870892));
#1914 = CARTESIAN_POINT('',(-3.354157353615,2.739612647957,
    2.798520741094));
#1915 = CARTESIAN_POINT('',(-3.324892809571,2.748116489904,
    2.790990822981));
#1916 = CARTESIAN_POINT('',(-3.309944698472,2.752480039397,
    2.787191047528));
#1917 = CARTESIAN_POINT('',(-3.295002330686,2.756861769202,
    2.783439050441));
#1918 = CARTESIAN_POINT('',(-3.280066813719,2.761261346975,
    2.779734947114));
#1919 = CARTESIAN_POINT('',(-3.26513943738,2.765678377624,2.776078879435
    ));
#1920 = CARTESIAN_POINT('',(-3.250221673777,2.770112403305,2.77247101578
    ));
#1921 = CARTESIAN_POINT('',(-3.235315177321,2.774562903424,2.76891155102
    ));
#1922 = CARTESIAN_POINT('',(-3.20483030646,2.783705038186,2.761725307411
    ));
#1923 = CARTESIAN_POINT('',(-3.18925347081,2.788398098738,2.758103228153
    ));
#1924 = CARTESIAN_POINT('',(-3.173693218994,2.793107865583,
    2.754534702834));
#1925 = CARTESIAN_POINT('',(-3.158152075375,2.797833525248,
    2.751020043113));
#1926 = CARTESIAN_POINT('',(-3.142633147458,2.802574061498,
    2.747559638214));
#1927 = CARTESIAN_POINT('',(-3.127140125887,2.807328255337,
    2.744153954926));
#1928 = CARTESIAN_POINT('',(-3.111677284447,2.812094685008,
    2.740803537602));
#1929 = CARTESIAN_POINT('',(-3.061701202921,2.827569192912,
    2.730131383117));
#1930 = CARTESIAN_POINT('',(-3.027375469849,2.838305299994,
    2.723043875105));
#1931 = CARTESIAN_POINT('',(-2.993268787936,2.84907915003,2.71623967305)
  );
#1932 = CARTESIAN_POINT('',(-2.959452028754,2.859866735357,
    2.709727804832));
#1933 = CARTESIAN_POINT('',(-2.926068433618,2.870620025611,
    2.703529193178));
#1934 = CARTESIAN_POINT('',(-2.89334251615,2.881261617306,2.697672929992
    ));
#1935 = CARTESIAN_POINT('',(-2.861575468248,2.891684264387,
    2.692191331078));
#1936 = CARTESIAN_POINT('',(-2.818311364246,2.905995954793,
    2.684980371393));
#1937 = CARTESIAN_POINT('',(-2.805755197465,2.9101646321,2.682920515373)
  );
#1938 = CARTESIAN_POINT('',(-2.79346568521,2.914259294373,2.680935936302
    ));
#1939 = CARTESIAN_POINT('',(-2.781474923396,2.91826818084,2.679029436516
    ));
#1940 = CARTESIAN_POINT('',(-2.769814180452,2.922179631889,
    2.677203318681));
#1941 = CARTESIAN_POINT('',(-2.758512483931,2.925982604532,
    2.675459254936));
#1942 = CARTESIAN_POINT('',(-2.747595207125,2.929667187869,
    2.673798156039));
#1943 = CARTESIAN_POINT('',(-2.72456341005,2.937462196557,2.670340663199
    ));
#1944 = CARTESIAN_POINT('',(-2.712611890916,2.941521831607,
    2.668578160214));
#1945 = CARTESIAN_POINT('',(-2.701265529916,2.945388954621,
    2.666932920479));
#1946 = CARTESIAN_POINT('',(-2.69053836875,2.949056472036,2.665401975846
    ));
#1947 = CARTESIAN_POINT('',(-2.68042586665,2.952523730938,2.663979915203
    ));
#1948 = CARTESIAN_POINT('',(-2.670909707837,2.95579498417,2.662659798569
    ));
#1949 = CARTESIAN_POINT('',(-2.661962608986,2.958877855445,2.6614340712)
  );
#1950 = CARTESIAN_POINT('',(-2.649150343837,2.9633021614,2.659699356578)
  );
#1951 = CARTESIAN_POINT('',(-2.64489468365,2.96477354494,2.659127058528)
  );
#1952 = CARTESIAN_POINT('',(-2.640781112846,2.966197483062,
    2.658577451821));
#1953 = CARTESIAN_POINT('',(-2.636804505914,2.967575554415,
    2.658049432802));
#1954 = CARTESIAN_POINT('',(-2.632959645107,2.968909388308,
    2.657541925877));
#1955 = CARTESIAN_POINT('',(-2.629241220445,2.970200664716,
    2.657053883517));
#1956 = CARTESIAN_POINT('',(-2.625643829711,2.971451114276,
    2.656584286254));
#1957 = CARTESIAN_POINT('',(-2.609407241283,2.977100155205,
    2.654475880295));
#1958 = CARTESIAN_POINT('',(-2.597789262152,2.981157672406,
    2.652999913334));
#1959 = CARTESIAN_POINT('',(-2.587153652176,2.984884152624,
    2.651674299537));
#1960 = CARTESIAN_POINT('',(-2.577367310111,2.988322648191,
    2.650474813266));
#1961 = CARTESIAN_POINT('',(-2.568316095486,2.991510681317,
    2.649381976919));
#1962 = CARTESIAN_POINT('',(-2.559902501722,2.994480744358,
    2.648380092364));
#1963 = CARTESIAN_POINT('',(-2.552043329265,2.99726080009,2.647456272352
    ));
#1964 = CARTESIAN_POINT('',(-2.535293195805,3.003196927197,
    2.645510604672));
#1965 = CARTESIAN_POINT('',(-2.526702714828,3.006249769653,
    2.644530532906));
#1966 = CARTESIAN_POINT('',(-2.518750965935,3.009082255015,
    2.643637289786));
#1967 = CARTESIAN_POINT('',(-2.511327198195,3.011732146002,
    2.642814869143));
#1968 = CARTESIAN_POINT('',(-2.504343907213,3.014229520669,
    2.642051137975));
#1969 = CARTESIAN_POINT('',(-2.497728979315,3.016599307173,2.64133639389
    ));
#1970 = CARTESIAN_POINT('',(-2.491420932271,3.018862855019,
    2.640662567536));
#1971 = CARTESIAN_POINT('',(-2.48034005394,3.022845313714,2.639492006881
    ));
#1972 = CARTESIAN_POINT('',(-2.475488428932,3.024591429331,
    2.638984615287));
#1973 = CARTESIAN_POINT('',(-2.470782545389,3.026287322489,
    2.638497135453));
#1974 = CARTESIAN_POINT('',(-2.466196276611,3.027942176625,
    2.638026372332));
#1975 = CARTESIAN_POINT('',(-2.461706402267,3.029564200842,
    2.637569585525));
#1976 = CARTESIAN_POINT('',(-2.457291809313,3.031160904977,2.63712437921
    ));
#1977 = CARTESIAN_POINT('',(-2.452932692901,3.032739374677,
    2.636688592062));
#1978 = CARTESIAN_POINT('',(-2.447204938567,3.034815828521,
    2.636120969629));
#1979 = CARTESIAN_POINT('',(-2.445803948429,3.035323914998,
    2.635982533143));
#1980 = CARTESIAN_POINT('',(-2.444406135607,3.035831040238,
    2.635844809443));
#1981 = CARTESIAN_POINT('',(-2.443010853412,3.036337437412,
    2.635707731719));
#1982 = CARTESIAN_POINT('',(-2.441617459737,3.036843338516,
    2.635571234631));
#1983 = CARTESIAN_POINT('',(-2.440225317048,3.037348974374,
    2.635435254313));
#1984 = CARTESIAN_POINT('',(-2.438833792393,3.037854574638,
    2.635299728367));
#1985 = CARTESIAN_POINT('',(-2.432655214027,3.040100356722,
    2.634699726859));
#1986 = CARTESIAN_POINT('',(-2.427868112421,3.041842600195,
    2.634239510267));
#1987 = CARTESIAN_POINT('',(-2.423055017459,3.043596537629,
    2.633781450807));
#1988 = CARTESIAN_POINT('',(-2.418190322376,3.045371541591,2.63332319475
    ));
#1989 = CARTESIAN_POINT('',(-2.413247658523,3.047177329613,
    2.632862455994));
#1990 = CARTESIAN_POINT('',(-2.408198805108,3.049024375998,
    2.632396942143));
#1991 = CARTESIAN_POINT('',(-2.403012598948,3.050924323643,2.63192428057
    ));
#1992 = CARTESIAN_POINT('',(-2.391766778876,3.055050311961,
    2.630912080682));
#1993 = CARTESIAN_POINT('',(-2.385672489518,3.0572896253,2.630370566307)
  );
#1994 = CARTESIAN_POINT('',(-2.379322069108,3.05962678505,2.629814043169
    ));
#1995 = CARTESIAN_POINT('',(-2.372662895463,3.062081664606,
    2.629238947002));
#1996 = CARTESIAN_POINT('',(-2.365633758484,3.064677512493,2.62864140443
    ));
#1997 = CARTESIAN_POINT('',(-2.358159987373,3.067442903288,
    2.628017129921));
#1998 = CARTESIAN_POINT('',(-2.350148577857,3.070413688525,
    2.627361322734));
#1999 = CARTESIAN_POINT('',(-2.335680793344,3.075792015507,
    2.626204697172));
#2000 = CARTESIAN_POINT('',(-2.329585427198,3.078061270449,
    2.625724295674));
#2001 = CARTESIAN_POINT('',(-2.323161302484,3.08045669712,2.62522578912)
  );
#2002 = CARTESIAN_POINT('',(-2.31636802137,3.08299404988,2.624707465192)
  );
#2003 = CARTESIAN_POINT('',(-2.309159274132,3.085691489989,
    2.624167568677));
#2004 = CARTESIAN_POINT('',(-2.30148140662,3.088570222824,2.623604400626
    ));
#2005 = CARTESIAN_POINT('',(-2.293271987709,3.091655135098,
    2.623016417513));
#2006 = CARTESIAN_POINT('',(-2.284458376762,3.094975432073,2.6224023304)
  );
#2007 = PCURVE('',#187,#2008);
#2008 = DEFINITIONAL_REPRESENTATION('',(#2009),#2264);
#2009 = B_SPLINE_CURVE_WITH_KNOTS('',8,(#2010,#2011,#2012,#2013,#2014,
    #2015,#2016,#2017,#2018,#2019,#2020,#2021,#2022,#2023,#2024,#2025,
    #2026,#2027,#2028,#2029,#2030,#2031,#2032,#2033,#2034,#2035,#2036,
    #2037,#2038,#2039,#2040,#2041,#2042,#2043,#2044,#2045,#2046,#2047,
    #2048,#2049,#2050,#2051,#2052,#2053,#2054,#2055,#2056,#2057,#2058,
    #2059,#2060,#2061,#2062,#2063,#2064,#2065,#2066,#2067,#2068,#2069,
    #2070,#2071,#2072,#2073,#2074,#2075,#2076,#2077,#2078,#2079,#2080,
    #2081,#2082,#2083,#2084,#2085,#2086,#2087,#2088,#2089,#2090,#2091,
    #2092,#2093,#2094,#2095,#2096,#2097,#2098,#2099,#2100,#2101,#2102,
    #2103,#2104,#2105,#2106,#2107,#2108,#2109,#2110,#2111,#2112,#2113,
    #2114,#2115,#2116,#2117,#2118,#2119,#2120,#2121,#2122,#2123,#2124,
    #2125,#2126,#2127,#2128,#2129,#2130,#2131,#2132,#2133,#2134,#2135,
    #2136,#2137,#2138,#2139,#2140,#2141,#2142,#2143,#2144,#2145,#2146,
    #2147,#2148,#2149,#2150,#2151,#2152,#2153,#2154,#2155,#2156,#2157,
    #2158,#2159,#2160,#2161,#2162,#2163,#2164,#2165,#2166,#2167,#2168,
    #2169,#2170,#2171,#2172,#2173,#2174,#2175,#2176,#2177,#2178,#2179,
    #2180,#2181,#2182,#2183,#2184,#2185,#2186,#2187,#2188,#2189,#2190,
    #2191,#2192,#2193,#2194,#2195,#2196,#2197,#2198,#2199,#2200,#2201,
    #2202,#2203,#2204,#2205,#2206,#2207,#2208,#2209,#2210,#2211,#2212,
    #2213,#2214,#2215,#2216,#2217,#2218,#2219,#2220,#2221,#2222,#2223,
    #2224,#2225,#2226,#2227,#2228,#2229,#2230,#2231,#2232,#2233,#2234,
    #2235,#2236,#2237,#2238,#2239,#2240,#2241,#2242,#2243,#2244,#2245,
    #2246,#2247,#2248,#2249,#2250,#2251,#2252,#2253,#2254,#2255,#2256,
    #2257,#2258,#2259,#2260,#2261,#2262,#2263),.UNSPECIFIED.,.F.,.F.,(9,
    7,7,7,7,7,7,7,7,7,7,7,7,7,7,7,7,7,7,7,7,7,7,7,7,7,7,7,7,7,7,7,7,7,7,
    7,9),(0.,1.112179572844E-02,6.33618956997E-02,7.270820561003E-02,
    0.107661631054,0.131849225909,0.137962122176,0.159700128204,
    0.163903039359,0.178534903678,0.192763228473,0.204977270416,
    0.250548344493,0.370615524936,0.472180144197,0.474045683962,
    0.476356140306,0.489834740296,0.564267141872,0.607946217219,
    0.659079260055,0.765631868272,0.806748425504,0.814493778485,
    0.822586206526,0.831057943951,0.850029142552,0.857992525101,
    0.867476002247,0.872441074608,0.890629156931,0.913744498681,
    0.932940329908,0.939178374193,0.960637977982,0.984213255761,1.),
  .UNSPECIFIED.);
#2010 = CARTESIAN_POINT('',(1.778182603178,0.724281723374));
#2011 = CARTESIAN_POINT('',(1.781980335741,0.725227187476));
#2012 = CARTESIAN_POINT('',(1.785764456523,0.72614398323));
#2013 = CARTESIAN_POINT('',(1.789533150774,0.727032415134));
#2014 = CARTESIAN_POINT('',(1.793284677467,0.727892828893));
#2015 = CARTESIAN_POINT('',(1.797017369295,0.728725611413));
#2016 = CARTESIAN_POINT('',(1.800729632676,0.729531190803));
#2017 = CARTESIAN_POINT('',(1.804419947748,0.730310036377));
#2018 = CARTESIAN_POINT('',(1.825310758925,0.734597760419));
#2019 = CARTESIAN_POINT('',(1.842036483661,0.737557958447));
#2020 = CARTESIAN_POINT('',(1.858084072431,0.739986228643));
#2021 = CARTESIAN_POINT('',(1.873386205498,0.741963154507));
#2022 = CARTESIAN_POINT('',(1.888004403764,0.743570755408));
#2023 = CARTESIAN_POINT('',(1.902083940143,0.744875788471));
#2024 = CARTESIAN_POINT('',(1.915805960436,0.745925581664));
#2025 = CARTESIAN_POINT('',(1.931826581516,0.746896852486));
#2026 = CARTESIAN_POINT('',(1.934253551524,0.7470370106));
#2027 = CARTESIAN_POINT('',(1.936677457564,0.74717009341));
#2028 = CARTESIAN_POINT('',(1.9390995651,0.747296243912));
#2029 = CARTESIAN_POINT('',(1.941521159581,0.747415584715));
#2030 = CARTESIAN_POINT('',(1.94394354644,0.747528218037));
#2031 = CARTESIAN_POINT('',(1.946368051095,0.747634225715));
#2032 = CARTESIAN_POINT('',(1.957876161911,0.748105560227));
#2033 = CARTESIAN_POINT('',(1.96700213282,0.74838558095));
#2034 = CARTESIAN_POINT('',(1.976247786089,0.748577043204));
#2035 = CARTESIAN_POINT('',(1.985685832079,0.748679151105));
#2036 = CARTESIAN_POINT('',(1.995388845125,0.748686840277));
#2037 = CARTESIAN_POINT('',(2.005427675115,0.748590800143));
#2038 = CARTESIAN_POINT('',(2.015867262626,0.748377679291));
#2039 = CARTESIAN_POINT('',(2.034297473383,0.747790230932));
#2040 = CARTESIAN_POINT('',(2.042051335238,0.747485770217));
#2041 = CARTESIAN_POINT('',(2.050036852111,0.747111706003));
#2042 = CARTESIAN_POINT('',(2.058265998861,0.746661807883));
#2043 = CARTESIAN_POINT('',(2.066746390229,0.746129403563));
#2044 = CARTESIAN_POINT('',(2.075480354798,0.745507781662));
#2045 = CARTESIAN_POINT('',(2.084464008948,0.744790594506));
#2046 = CARTESIAN_POINT('',(2.096017780395,0.743765448889));
#2047 = CARTESIAN_POINT('',(2.098361105401,0.743552164525));
#2048 = CARTESIAN_POINT('',(2.100710951407,0.743332301324));
#2049 = CARTESIAN_POINT('',(2.103071470502,0.743105779442));
#2050 = CARTESIAN_POINT('',(2.105441242202,0.742872507554));
#2051 = CARTESIAN_POINT('',(2.107817830747,0.742632394785));
#2052 = CARTESIAN_POINT('',(2.11020397758,0.742385366793));
#2053 = CARTESIAN_POINT('',(2.12110910497,0.741227992341));
#2054 = CARTESIAN_POINT('',(2.12972069349,0.740236135716));
#2055 = CARTESIAN_POINT('',(2.138417360044,0.739152236139));
#2056 = CARTESIAN_POINT('',(2.147183429326,0.737973327463));
#2057 = CARTESIAN_POINT('',(2.156002889242,0.736697000949));
#2058 = CARTESIAN_POINT('',(2.164859896089,0.735321394728));
#2059 = CARTESIAN_POINT('',(2.173739279735,0.733845183266));
#2060 = CARTESIAN_POINT('',(2.184345443056,0.731962542513));
#2061 = CARTESIAN_POINT('',(2.186062145067,0.731654087239));
#2062 = CARTESIAN_POINT('',(2.187786206453,0.731340560001));
#2063 = CARTESIAN_POINT('',(2.189505157136,0.731024136479));
#2064 = CARTESIAN_POINT('',(2.191231364262,0.730702592195));
#2065 = CARTESIAN_POINT('',(2.192954944752,0.730377647244));
#2066 = CARTESIAN_POINT('',(2.194681286532,0.730048317459));
#2067 = CARTESIAN_POINT('',(2.202419196421,0.728554637743));
#2068 = CARTESIAN_POINT('',(2.208440697994,0.727344855592));
#2069 = CARTESIAN_POINT('',(2.214465680698,0.726085750738));
#2070 = CARTESIAN_POINT('',(2.220488027614,0.724777458957));
#2071 = CARTESIAN_POINT('',(2.226502297661,0.723420158571));
#2072 = CARTESIAN_POINT('',(2.232503725602,0.722014070451));
#2073 = CARTESIAN_POINT('',(2.238488222038,0.720559458015));
#2074 = CARTESIAN_POINT('',(2.250252029952,0.71759523649));
#2075 = CARTESIAN_POINT('',(2.256032250974,0.716088220457));
#2076 = CARTESIAN_POINT('',(2.2617898749,0.714535840254));
#2077 = CARTESIAN_POINT('',(2.267522076981,0.712938359604));
#2078 = CARTESIAN_POINT('',(2.273226369294,0.711296044828));
#2079 = CARTESIAN_POINT('',(2.278900600739,0.709609164842));
#2080 = CARTESIAN_POINT('',(2.284542957045,0.707877991164));
#2081 = CARTESIAN_POINT('',(2.294966900487,0.704578910791));
#2082 = CARTESIAN_POINT('',(2.29975718044,0.703022581211));
#2083 = CARTESIAN_POINT('',(2.304521827983,0.701433979493));
#2084 = CARTESIAN_POINT('',(2.30925996641,0.699813273547));
#2085 = CARTESIAN_POINT('',(2.313970814956,0.698160628866));
#2086 = CARTESIAN_POINT('',(2.318653688792,0.696476208525));
#2087 = CARTESIAN_POINT('',(2.32330799903,0.694760173184));
#2088 = CARTESIAN_POINT('',(2.345190248622,0.686492712408));
#2089 = CARTESIAN_POINT('',(2.362040176584,0.679535696684));
#2090 = CARTESIAN_POINT('',(2.378459976728,0.672148611174));
#2091 = CARTESIAN_POINT('',(2.394435201836,0.664339024318));
#2092 = CARTESIAN_POINT('',(2.409957997943,0.656114436411));
#2093 = CARTESIAN_POINT('',(2.425025508403,0.647481674342));
#2094 = CARTESIAN_POINT('',(2.439638701402,0.638446340379));
#2095 = CARTESIAN_POINT('',(2.491116996828,0.604156261662));
#2096 = CARTESIAN_POINT('',(2.525264794432,0.576560382342));
#2097 = CARTESIAN_POINT('',(2.556352550462,0.546291630984));
#2098 = CARTESIAN_POINT('',(2.584503949409,0.513400320119));
#2099 = CARTESIAN_POINT('',(2.609842657645,0.477919739439));
#2100 = CARTESIAN_POINT('',(2.632484007378,0.439861138347));
#2101 = CARTESIAN_POINT('',(2.652521474728,0.399208560026));
#2102 = CARTESIAN_POINT('',(2.684812134112,0.319310980702));
#2103 = CARTESIAN_POINT('',(2.697788572562,0.280815300234));
#2104 = CARTESIAN_POINT('',(2.708957015381,0.240473957286));
#2105 = CARTESIAN_POINT('',(2.718322253198,0.198342323805));
#2106 = CARTESIAN_POINT('',(2.725884055868,0.154505787151));
#2107 = CARTESIAN_POINT('',(2.731631624591,0.109093550746));
#2108 = CARTESIAN_POINT('',(2.735548502968,6.23196392178E-02));
#2109 = CARTESIAN_POINT('',(2.737685728725,1.3698488531E-02));
#2110 = CARTESIAN_POINT('',(2.737723660318,1.28212534342E-02));
#2111 = CARTESIAN_POINT('',(2.737760958957,1.194416289913E-02));
#2112 = CARTESIAN_POINT('',(2.73779761821,1.106741654378E-02));
#2113 = CARTESIAN_POINT('',(2.73783363998,1.01909986615E-02));
#2114 = CARTESIAN_POINT('',(2.73786903451,9.314678221028E-03));
#2115 = CARTESIAN_POINT('',(2.737903820379,8.438008866491E-03));
#2116 = CARTESIAN_POINT('',(2.737980383769,6.473348194471E-03));
#2117 = CARTESIAN_POINT('',(2.738018846252,5.461951502059E-03));
#2118 = CARTESIAN_POINT('',(2.738055250671,4.484626450735E-03));
#2119 = CARTESIAN_POINT('',(2.738090765366,3.51205543346E-03));
#2120 = CARTESIAN_POINT('',(2.738125975455,2.527224373845E-03));
#2121 = CARTESIAN_POINT('',(2.738160969991,1.525531474422E-03));
#2122 = CARTESIAN_POINT('',(2.738195429121,5.148959649265E-04));
#2123 = CARTESIAN_POINT('',(2.738422867852,-6.311017986527E-03));
#2124 = CARTESIAN_POINT('',(2.738590472314,-1.212797128967E-02));
#2125 = CARTESIAN_POINT('',(2.738731469789,-1.793445073794E-02));
#2126 = CARTESIAN_POINT('',(2.738845808395,-2.372991931984E-02));
#2127 = CARTESIAN_POINT('',(2.73893343921,-2.951384533324E-02));
#2128 = CARTESIAN_POINT('',(2.738994316265,-3.528570238545E-02));
#2129 = CARTESIAN_POINT('',(2.73902839655,-4.104496939316E-02));
#2130 = CARTESIAN_POINT('',(2.739075652806,-7.852296301994E-02));
#2131 = CARTESIAN_POINT('',(2.738297217333,-0.109866117354));
#2132 = CARTESIAN_POINT('',(2.736692788386,-0.140716304391));
#2133 = CARTESIAN_POINT('',(2.734259646537,-0.170995721408));
#2134 = CARTESIAN_POINT('',(2.730996576933,-0.200644486584));
#2135 = CARTESIAN_POINT('',(2.726902129637,-0.229614347097));
#2136 = CARTESIAN_POINT('',(2.721974461515,-0.257864660882));
#2137 = CARTESIAN_POINT('',(2.712831621456,-0.301496091223));
#2138 = CARTESIAN_POINT('',(2.709162708379,-0.317374292339));
#2139 = CARTESIAN_POINT('',(2.705205263041,-0.332990054402));
#2140 = CARTESIAN_POINT('',(2.700958209516,-0.348339457941));
#2141 = CARTESIAN_POINT('',(2.696420093855,-0.363419653829));
#2142 = CARTESIAN_POINT('',(2.691589024588,-0.37822865211));
#2143 = CARTESIAN_POINT('',(2.686462613229,-0.392765110817));
#2144 = CARTESIAN_POINT('',(2.674687471186,-0.423725182277));
#2145 = CARTESIAN_POINT('',(2.667928401596,-0.440047136414));
#2146 = CARTESIAN_POINT('',(2.660755876955,-0.455993002111));
#2147 = CARTESIAN_POINT('',(2.653164235631,-0.471562046281));
#2148 = CARTESIAN_POINT('',(2.645146954171,-0.486753668381));
#2149 = CARTESIAN_POINT('',(2.636696618075,-0.501567280946));
#2150 = CARTESIAN_POINT('',(2.627804892549,-0.516002190132));
#2151 = CARTESIAN_POINT('',(2.598994505275,-0.55934632525));
#2152 = CARTESIAN_POINT('',(2.577575568111,-0.586977639406));
#2153 = CARTESIAN_POINT('',(2.554118000617,-0.612953507086));
#2154 = CARTESIAN_POINT('',(2.528525345131,-0.637250882695));
#2155 = CARTESIAN_POINT('',(2.500699125819,-0.659828306007));
#2156 = CARTESIAN_POINT('',(2.470547934628,-0.680629223082));
#2157 = CARTESIAN_POINT('',(2.437998483786,-0.699587386509));
#2158 = CARTESIAN_POINT('',(2.389510308455,-0.723208306028));
#2159 = CARTESIAN_POINT('',(2.375648543932,-0.729499172237));
#2160 = CARTESIAN_POINT('',(2.361423761833,-0.735500073569));
#2161 = CARTESIAN_POINT('',(2.346835485559,-0.741206506467));
#2162 = CARTESIAN_POINT('',(2.331885511181,-0.74661355386));
#2163 = CARTESIAN_POINT('',(2.316578260467,-0.751716095464));
#2164 = CARTESIAN_POINT('',(2.300921572402,-0.756509011022));
#2165 = CARTESIAN_POINT('',(2.281915931711,-0.761830966356));
#2166 = CARTESIAN_POINT('',(2.278891381416,-0.762663396987));
#2167 = CARTESIAN_POINT('',(2.275855066269,-0.763484610377));
#2168 = CARTESIAN_POINT('',(2.27280710772,-0.764294567693));
#2169 = CARTESIAN_POINT('',(2.26974764541,-0.765093228788));
#2170 = CARTESIAN_POINT('',(2.266676837174,-0.765880552203));
#2171 = CARTESIAN_POINT('',(2.263594859041,-0.766656495165));
#2172 = CARTESIAN_POINT('',(2.257270353305,-0.768219790158));
#2173 = CARTESIAN_POINT('',(2.254026840316,-0.769006093864));
#2174 = CARTESIAN_POINT('',(2.250771576833,-0.769779875225));
#2175 = CARTESIAN_POINT('',(2.247504821563,-0.770541081212));
#2176 = CARTESIAN_POINT('',(2.244226881357,-0.771289655245));
#2177 = CARTESIAN_POINT('',(2.240938111211,-0.772025537197));
#2178 = CARTESIAN_POINT('',(2.237638914266,-0.772748663392));
#2179 = CARTESIAN_POINT('',(2.230865459478,-0.774202561504));
#2180 = CARTESIAN_POINT('',(2.227390316059,-0.774932098575));
#2181 = CARTESIAN_POINT('',(2.223904787023,-0.775647503228));
#2182 = CARTESIAN_POINT('',(2.220409497978,-0.776348690513));
#2183 = CARTESIAN_POINT('',(2.216905224673,-0.777035565116));
#2184 = CARTESIAN_POINT('',(2.213392892993,-0.77770802136));
#2185 = CARTESIAN_POINT('',(2.209873578962,-0.778365943205));
#2186 = CARTESIAN_POINT('',(2.198454641843,-0.780449696199));
#2187 = CARTESIAN_POINT('',(2.190542653616,-0.781814757159));
#2188 = CARTESIAN_POINT('',(2.182613452638,-0.783105771896));
#2189 = CARTESIAN_POINT('',(2.174685030912,-0.784321083062));
#2190 = CARTESIAN_POINT('',(2.16679301389,-0.785457018207));
#2191 = CARTESIAN_POINT('',(2.158994274513,-0.786509109752));
#2192 = CARTESIAN_POINT('',(2.151366952779,-0.787473439094));
#2193 = CARTESIAN_POINT('',(2.140907949224,-0.788715156274));
#2194 = CARTESIAN_POINT('',(2.137863312084,-0.78906626644));
#2195 = CARTESIAN_POINT('',(2.134874531263,-0.78940103148));
#2196 = CARTESIAN_POINT('',(2.13195009718,-0.789719234209));
#2197 = CARTESIAN_POINT('',(2.129098398561,-0.790020786346));
#2198 = CARTESIAN_POINT('',(2.126327350645,-0.790305739598));
#2199 = CARTESIAN_POINT('',(2.123644023383,-0.790574296726));
#2200 = CARTESIAN_POINT('',(2.117970175651,-0.791127558374));
#2201 = CARTESIAN_POINT('',(2.115017211744,-0.7914056729));
#2202 = CARTESIAN_POINT('',(2.11220606868,-0.791661738742));
#2203 = CARTESIAN_POINT('',(2.109541622325,-0.79189685221));
#2204 = CARTESIAN_POINT('',(2.107024066928,-0.79211246194));
#2205 = CARTESIAN_POINT('',(2.104650048391,-0.792310197458));
#2206 = CARTESIAN_POINT('',(2.102413797549,-0.792491697734));
#2207 = CARTESIAN_POINT('',(2.099205760762,-0.792745740548));
#2208 = CARTESIAN_POINT('',(2.098139392624,-0.792829008799));
#2209 = CARTESIAN_POINT('',(2.097107605637,-0.79290847253));
#2210 = CARTESIAN_POINT('',(2.096109046585,-0.7929843501));
#2211 = CARTESIAN_POINT('',(2.095142562418,-0.793056850193));
#2212 = CARTESIAN_POINT('',(2.094207200252,-0.793126171815));
#2213 = CARTESIAN_POINT('',(2.093302207369,-0.7931925043));
#2214 = CARTESIAN_POINT('',(2.089220509224,-0.793488715987));
#2215 = CARTESIAN_POINT('',(2.086302175356,-0.793691306609));
#2216 = CARTESIAN_POINT('',(2.083632547177,-0.793869440267));
#2217 = CARTESIAN_POINT('',(2.081177678466,-0.79402752935));
#2218 = CARTESIAN_POINT('',(2.078908535768,-0.794168989149));
#2219 = CARTESIAN_POINT('',(2.076800374932,-0.794296469478));
#2220 = CARTESIAN_POINT('',(2.074832117665,-0.794412086279));
#2221 = CARTESIAN_POINT('',(2.070639143144,-0.794651806141));
#2222 = CARTESIAN_POINT('',(2.068490210876,-0.794769632143));
#2223 = CARTESIAN_POINT('',(2.066502246111,-0.794874678324));
#2224 = CARTESIAN_POINT('',(2.064647273798,-0.794969432419));
#2225 = CARTESIAN_POINT('',(2.062903228717,-0.795055712898));
#2226 = CARTESIAN_POINT('',(2.06125195039,-0.795134933157));
#2227 = CARTESIAN_POINT('',(2.059677973186,-0.795208239823));
#2228 = CARTESIAN_POINT('',(2.056914266879,-0.795333232057));
#2229 = CARTESIAN_POINT('',(2.055704675307,-0.79538647978));
#2230 = CARTESIAN_POINT('',(2.054531845377,-0.79543677997));
#2231 = CARTESIAN_POINT('',(2.053389224486,-0.795484552574));
#2232 = CARTESIAN_POINT('',(2.05227099763,-0.795530142223));
#2233 = CARTESIAN_POINT('',(2.051171886106,-0.795573834626));
#2234 = CARTESIAN_POINT('',(2.050086946215,-0.795615872943));
#2235 = CARTESIAN_POINT('',(2.048661838756,-0.795669668128));
#2236 = CARTESIAN_POINT('',(2.048313300165,-0.795682710043));
#2237 = CARTESIAN_POINT('',(2.04796558988,-0.79569560711));
#2238 = CARTESIAN_POINT('',(2.047618546829,-0.795708366183));
#2239 = CARTESIAN_POINT('',(2.047272011174,-0.795720993778));
#2240 = CARTESIAN_POINT('',(2.046925824314,-0.795733496072));
#2241 = CARTESIAN_POINT('',(2.046579828881,-0.795745878908));
#2242 = CARTESIAN_POINT('',(2.045043725624,-0.795800353431));
#2243 = CARTESIAN_POINT('',(2.043854015128,-0.795841212839));
#2244 = CARTESIAN_POINT('',(2.042658295205,-0.795880947629));
#2245 = CARTESIAN_POINT('',(2.041450215751,-0.795919744834));
#2246 = CARTESIAN_POINT('',(2.040223251179,-0.79595775724));
#2247 = CARTESIAN_POINT('',(2.038970433002,-0.795995103717));
#2248 = CARTESIAN_POINT('',(2.037684082407,-0.796031869555));
#2249 = CARTESIAN_POINT('',(2.034896027642,-0.796107909363));
#2250 = CARTESIAN_POINT('',(2.033385840817,-0.796147086385));
#2251 = CARTESIAN_POINT('',(2.031812971227,-0.796185665799));
#2252 = CARTESIAN_POINT('',(2.030164498006,-0.796223663566));
#2253 = CARTESIAN_POINT('',(2.028425420708,-0.796261019246));
#2254 = CARTESIAN_POINT('',(2.026577489463,-0.79629753157));
#2255 = CARTESIAN_POINT('',(2.024598035142,-0.796332794023));
#2256 = CARTESIAN_POINT('',(2.021026304121,-0.79638844591));
#2257 = CARTESIAN_POINT('',(2.019522248551,-0.796409894485));
#2258 = CARTESIAN_POINT('',(2.017937912255,-0.796430236761));
#2259 = CARTESIAN_POINT('',(2.016263491998,-0.796449187897));
#2260 = CARTESIAN_POINT('',(2.014487774669,-0.796466361069));
#2261 = CARTESIAN_POINT('',(2.012597810104,-0.796481210949));
#2262 = CARTESIAN_POINT('',(2.010578583902,-0.796492977187));
#2263 = CARTESIAN_POINT('',(2.00841269025,-0.796500627891));
#2264 = ( GEOMETRIC_REPRESENTATION_CONTEXT(2) 
PARAMETRIC_REPRESENTATION_CONTEXT() REPRESENTATION_CONTEXT('2D SPACE',''
  ) );
#2265 = PCURVE('',#797,#2266);
#2266 = DEFINITIONAL_REPRESENTATION('',(#2267),#2522);
#2267 = B_SPLINE_CURVE_WITH_KNOTS('',8,(#2268,#2269,#2270,#2271,#2272,
    #2273,#2274,#2275,#2276,#2277,#2278,#2279,#2280,#2281,#2282,#2283,
    #2284,#2285,#2286,#2287,#2288,#2289,#2290,#2291,#2292,#2293,#2294,
    #2295,#2296,#2297,#2298,#2299,#2300,#2301,#2302,#2303,#2304,#2305,
    #2306,#2307,#2308,#2309,#2310,#2311,#2312,#2313,#2314,#2315,#2316,
    #2317,#2318,#2319,#2320,#2321,#2322,#2323,#2324,#2325,#2326,#2327,
    #2328,#2329,#2330,#2331,#2332,#2333,#2334,#2335,#2336,#2337,#2338,
    #2339,#2340,#2341,#2342,#2343,#2344,#2345,#2346,#2347,#2348,#2349,
    #2350,#2351,#2352,#2353,#2354,#2355,#2356,#2357,#2358,#2359,#2360,
    #2361,#2362,#2363,#2364,#2365,#2366,#2367,#2368,#2369,#2370,#2371,
    #2372,#2373,#2374,#2375,#2376,#2377,#2378,#2379,#2380,#2381,#2382,
    #2383,#2384,#2385,#2386,#2387,#2388,#2389,#2390,#2391,#2392,#2393,
    #2394,#2395,#2396,#2397,#2398,#2399,#2400,#2401,#2402,#2403,#2404,
    #2405,#2406,#2407,#2408,#2409,#2410,#2411,#2412,#2413,#2414,#2415,
    #2416,#2417,#2418,#2419,#2420,#2421,#2422,#2423,#2424,#2425,#2426,
    #2427,#2428,#2429,#2430,#2431,#2432,#2433,#2434,#2435,#2436,#2437,
    #2438,#2439,#2440,#2441,#2442,#2443,#2444,#2445,#2446,#2447,#2448,
    #2449,#2450,#2451,#2452,#2453,#2454,#2455,#2456,#2457,#2458,#2459,
    #2460,#2461,#2462,#2463,#2464,#2465,#2466,#2467,#2468,#2469,#2470,
    #2471,#2472,#2473,#2474,#2475,#2476,#2477,#2478,#2479,#2480,#2481,
    #2482,#2483,#2484,#2485,#2486,#2487,#2488,#2489,#2490,#2491,#2492,
    #2493,#2494,#2495,#2496,#2497,#2498,#2499,#2500,#2501,#2502,#2503,
    #2504,#2505,#2506,#2507,#2508,#2509,#2510,#2511,#2512,#2513,#2514,
    #2515,#2516,#2517,#2518,#2519,#2520,#2521),.UNSPECIFIED.,.F.,.F.,(9,
    7,7,7,7,7,7,7,7,7,7,7,7,7,7,7,7,7,7,7,7,7,7,7,7,7,7,7,7,7,7,7,7,7,7,
    7,9),(0.,1.112179572844E-02,6.33618956997E-02,7.270820561003E-02,
    0.107661631054,0.131849225909,0.137962122176,0.159700128204,
    0.163903039359,0.178534903678,0.192763228473,0.204977270416,
    0.250548344493,0.370615524936,0.472180144197,0.474045683962,
    0.476356140306,0.489834740296,0.564267141872,0.607946217219,
    0.659079260055,0.765631868272,0.806748425504,0.814493778485,
    0.822586206526,0.831057943951,0.850029142552,0.857992525101,
    0.867476002247,0.872441074608,0.890629156931,0.913744498681,
    0.932940329908,0.939178374193,0.960637977982,0.984213255761,1.),
  .UNSPECIFIED.);
#2268 = CARTESIAN_POINT('',(6.28318530718,1.324504983756));
#2269 = CARTESIAN_POINT('',(6.269075701823,1.328403653095));
#2270 = CARTESIAN_POINT('',(6.25470224518,1.332238539675));
#2271 = CARTESIAN_POINT('',(6.24006348917,1.336007230368));
#2272 = CARTESIAN_POINT('',(6.225158862331,1.339707395692));
#2273 = CARTESIAN_POINT('',(6.209988669818,1.343336789814));
#2274 = CARTESIAN_POINT('',(6.194554093402,1.346893250553));
#2275 = CARTESIAN_POINT('',(6.178857191476,1.350374699374));
#2276 = CARTESIAN_POINT('',(6.087952670456,1.369770147814));
#2277 = CARTESIAN_POINT('',(6.007209724838,1.384079081939));
#2278 = CARTESIAN_POINT('',(5.921103385381,1.396467862928));
#2279 = CARTESIAN_POINT('',(5.830376248491,1.4068276968));
#2280 = CARTESIAN_POINT('',(5.736045053914,1.415172560026));
#2281 = CARTESIAN_POINT('',(5.639170748333,1.421575414205));
#2282 = CARTESIAN_POINT('',(5.54065214489,1.426099678383));
#2283 = CARTESIAN_POINT('',(5.423477082199,1.429257746077));
#2284 = CARTESIAN_POINT('',(5.405666929108,1.429677910255));
#2285 = CARTESIAN_POINT('',(5.387833766691,1.430039160414));
#2286 = CARTESIAN_POINT('',(5.369982219769,1.430341639736));
#2287 = CARTESIAN_POINT('',(5.352116893067,1.430585452282));
#2288 = CARTESIAN_POINT('',(5.334242371219,1.430770663));
#2289 = CARTESIAN_POINT('',(5.316363218763,1.430897297715));
#2290 = CARTESIAN_POINT('',(5.231619084048,1.431219811629));
#2291 = CARTESIAN_POINT('',(5.164771526741,1.430654762275));
#2292 = CARTESIAN_POINT('',(5.098154223431,1.429270130491));
#2293 = CARTESIAN_POINT('',(5.032006237824,1.427056042952));
#2294 = CARTESIAN_POINT('',(4.966596446254,1.423995017801));
#2295 = CARTESIAN_POINT('',(4.902218782085,1.420066135865));
#2296 = CARTESIAN_POINT('',(4.839179060389,1.415251182881));
#2297 = CARTESIAN_POINT('',(4.735281200581,1.405592535149));
#2298 = CARTESIAN_POINT('',(4.693574313129,1.401214922405));
#2299 = CARTESIAN_POINT('',(4.65276258326,1.396408296313));
#2300 = CARTESIAN_POINT('',(4.612951031289,1.391174545366));
#2301 = CARTESIAN_POINT('',(4.574236182485,1.385519798076));
#2302 = CARTESIAN_POINT('',(4.536702414413,1.379455146306));
#2303 = CARTESIAN_POINT('',(4.500418304282,1.372997368609));
#2304 = CARTESIAN_POINT('',(4.456591257491,1.364444088425));
#2305 = CARTESIAN_POINT('',(4.447831876121,1.362694755611));
#2306 = CARTESIAN_POINT('',(4.439155001674,1.360921882289));
#2307 = CARTESIAN_POINT('',(4.430561744122,1.359125913389));
#2308 = CARTESIAN_POINT('',(4.422052511345,1.357307189916));
#2309 = CARTESIAN_POINT('',(4.413627508501,1.355466045037));
#2310 = CARTESIAN_POINT('',(4.405287416235,1.3536029349));
#2311 = CARTESIAN_POINT('',(4.367676264921,1.345016024515));
#2312 = CARTESIAN_POINT('',(4.339394073223,1.338040395844));
#2313 = CARTESIAN_POINT('',(4.312199460666,1.330809988066));
#2314 = CARTESIAN_POINT('',(4.286088384647,1.323344398803));
#2315 = CARTESIAN_POINT('',(4.261042513902,1.315663554987));
#2316 = CARTESIAN_POINT('',(4.237032733623,1.30778709745));
#2317 = CARTESIAN_POINT('',(4.214022650575,1.299733765513));
#2318 = CARTESIAN_POINT('',(4.187711835204,1.289932853599));
#2319 = CARTESIAN_POINT('',(4.183466077485,1.288340819462));
#2320 = CARTESIAN_POINT('',(4.17933003489,1.286736330776));
#2321 = CARTESIAN_POINT('',(4.175175198582,1.28513092015));
#2322 = CARTESIAN_POINT('',(4.171131613295,1.283513180473));
#2323 = CARTESIAN_POINT('',(4.167097390795,1.281892256395));
#2324 = CARTESIAN_POINT('',(4.163129866524,1.28026318934));
#2325 = CARTESIAN_POINT('',(4.145543585625,1.272936372723));
#2326 = CARTESIAN_POINT('',(4.132463020311,1.267167401908));
#2327 = CARTESIAN_POINT('',(4.119933139165,1.261328473864));
#2328 = CARTESIAN_POINT('',(4.107924678078,1.255426121062));
#2329 = CARTESIAN_POINT('',(4.096409169496,1.249466255868));
#2330 = CARTESIAN_POINT('',(4.085358942422,1.243454170554));
#2331 = CARTESIAN_POINT('',(4.074747122413,1.237394537286));
#2332 = CARTESIAN_POINT('',(4.054629698841,1.225356587649));
#2333 = CARTESIAN_POINT('',(4.045102292677,1.219380765344));
#2334 = CARTESIAN_POINT('',(4.035942210607,1.213367633787));
#2335 = CARTESIAN_POINT('',(4.027127641778,1.207320517085));
#2336 = CARTESIAN_POINT('',(4.01863816697,1.201242370887));
#2337 = CARTESIAN_POINT('',(4.01045475859,1.195135782384));
#2338 = CARTESIAN_POINT('',(4.002559780676,1.189002970311));
#2339 = CARTESIAN_POINT('',(3.988393337578,1.177560264718));
#2340 = CARTESIAN_POINT('',(3.982050154756,1.172256861771));
#2341 = CARTESIAN_POINT('',(3.975897203694,1.166936777446));
#2342 = CARTESIAN_POINT('',(3.969924855969,1.161601097985));
#2343 = CARTESIAN_POINT('',(3.96412409147,1.156250794521));
#2344 = CARTESIAN_POINT('',(3.958486498398,1.150886723081));
#2345 = CARTESIAN_POINT('',(3.95300427327,1.145509624587));
#2346 = CARTESIAN_POINT('',(3.927768651903,1.120011690784));
#2347 = CARTESIAN_POINT('',(3.909930836213,1.099733631836));
#2348 = CARTESIAN_POINT('',(3.893774406674,1.079315591587));
#2349 = CARTESIAN_POINT('',(3.879020855396,1.058775595086));
#2350 = CARTESIAN_POINT('',(3.865460238778,1.038123273198));
#2351 = CARTESIAN_POINT('',(3.852926655129,1.01736202293));
#2352 = CARTESIAN_POINT('',(3.841284494923,0.996490103734));
#2353 = CARTESIAN_POINT('',(3.80181486978,0.920199315104));
#2354 = CARTESIAN_POINT('',(3.778667574967,0.864144469825));
#2355 = CARTESIAN_POINT('',(3.758948947889,0.807182924449));
#2356 = CARTESIAN_POINT('',(3.741874941529,0.749100491171));
#2357 = CARTESIAN_POINT('',(3.726841363981,0.689672080642));
#2358 = CARTESIAN_POINT('',(3.713527271585,0.628637460795));
#2359 = CARTESIAN_POINT('',(3.701676246222,0.565696985635));
#2360 = CARTESIAN_POINT('',(3.682207303721,0.445335041834));
#2361 = CARTESIAN_POINT('',(3.674217895233,0.38855879633));
#2362 = CARTESIAN_POINT('',(3.667075571924,0.330035836355));
#2363 = CARTESIAN_POINT('',(3.660728742364,0.269640416199));
#2364 = CARTESIAN_POINT('',(3.655143766696,0.207264337325));
#2365 = CARTESIAN_POINT('',(3.650298200714,0.142819941698));
#2366 = CARTESIAN_POINT('',(3.646175808368,7.629071637786E-02));
#2367 = CARTESIAN_POINT('',(3.642693224733,6.63349543856E-03));
#2368 = CARTESIAN_POINT('',(3.64263065215,5.376858377124E-03));
#2369 = CARTESIAN_POINT('',(3.64256834971,4.120221315688E-03));
#2370 = CARTESIAN_POINT('',(3.642506330521,2.863584254252E-03));
#2371 = CARTESIAN_POINT('',(3.64244459273,1.606947192817E-03));
#2372 = CARTESIAN_POINT('',(3.642383119532,3.50310131381E-04));
#2373 = CARTESIAN_POINT('',(3.642321879165,-9.063269300551E-04));
#2374 = CARTESIAN_POINT('',(3.642185210593,-3.719193187658E-03));
#2375 = CARTESIAN_POINT('',(3.642115250087,-5.165334365651E-03));
#2376 = CARTESIAN_POINT('',(3.642047958408,-6.561385743878E-03));
#2377 = CARTESIAN_POINT('',(3.641981285745,-7.949357374992E-03));
#2378 = CARTESIAN_POINT('',(3.641914083547,-9.353383363225E-03));
#2379 = CARTESIAN_POINT('',(3.641846070616,-1.077983408172E-02));
#2380 = CARTESIAN_POINT('',(3.641777799187,-1.221742838988E-02));
#2381 = CARTESIAN_POINT('',(3.641318722263,-2.192076991935E-02));
#2382 = CARTESIAN_POINT('',(3.64093670025,-3.018061788294E-02));
#2383 = CARTESIAN_POINT('',(3.640564537165,-3.84167381556E-02));
#2384 = CARTESIAN_POINT('',(3.64020221369,-4.662898190339E-02));
#2385 = CARTESIAN_POINT('',(3.639849709012,-5.481720304435E-02));
#2386 = CARTESIAN_POINT('',(3.639507000816,-6.298125824838E-02));
#2387 = CARTESIAN_POINT('',(3.63917406529,-7.112100693734E-02));
#2388 = CARTESIAN_POINT('',(3.637066140266,-0.124051206617));
#2389 = CARTESIAN_POINT('',(3.635578064321,-0.16813603866));
#2390 = CARTESIAN_POINT('',(3.634383604795,-0.211443047124));
#2391 = CARTESIAN_POINT('',(3.633476472025,-0.253956689094));
#2392 = CARTESIAN_POINT('',(3.632848802234,-0.295679770038));
#2393 = CARTESIAN_POINT('',(3.632492297427,-0.336623855329));
#2394 = CARTESIAN_POINT('',(3.632398834121,-0.376803962255));
#2395 = CARTESIAN_POINT('',(3.632655438604,-0.439378275498));
#2396 = CARTESIAN_POINT('',(3.632838233092,-0.462265519014));
#2397 = CARTESIAN_POINT('',(3.633107410894,-0.484905419867));
#2398 = CARTESIAN_POINT('',(3.633461573959,-0.507305265498));
#2399 = CARTESIAN_POINT('',(3.63389950076,-0.52947330575));
#2400 = CARTESIAN_POINT('',(3.634420207359,-0.551418584609));
#2401 = CARTESIAN_POINT('',(3.635023008475,-0.573150771947));
#2402 = CARTESIAN_POINT('',(3.636508982867,-0.619883272671));
#2403 = CARTESIAN_POINT('',(3.637422395003,-0.644807849325));
#2404 = CARTESIAN_POINT('',(3.638447378989,-0.669470665323));
#2405 = CARTESIAN_POINT('',(3.63958406659,-0.693888701287));
#2406 = CARTESIAN_POINT('',(3.640833386471,-0.718079061652));
#2407 = CARTESIAN_POINT('',(3.642197293372,-0.742059057956));
#2408 = CARTESIAN_POINT('',(3.643678997267,-0.76584629213));
#2409 = CARTESIAN_POINT('',(3.648625944495,-0.838663107492));
#2410 = CARTESIAN_POINT('',(3.652500890923,-0.887093233413));
#2411 = CARTESIAN_POINT('',(3.656946123208,-0.934927235481));
#2412 = CARTESIAN_POINT('',(3.66205132291,-0.982317925324));
#2413 = CARTESIAN_POINT('',(3.667900371666,-1.029407154121));
#2414 = CARTESIAN_POINT('',(3.674746228799,-1.076329278857));
#2415 = CARTESIAN_POINT('',(3.682835806628,-1.12322173815));
#2416 = CARTESIAN_POINT('',(3.6971355535,-1.188355384098));
#2417 = CARTESIAN_POINT('',(3.701448351507,-1.206503847676));
#2418 = CARTESIAN_POINT('',(3.706150810083,-1.224673017176));
#2419 = CARTESIAN_POINT('',(3.711314235786,-1.242869442616));
#2420 = CARTESIAN_POINT('',(3.717041365857,-1.26109791968));
#2421 = CARTESIAN_POINT('',(3.723469000951,-1.279361455431));
#2422 = CARTESIAN_POINT('',(3.730797838843,-1.297660421421));
#2423 = CARTESIAN_POINT('',(3.741011811949,-1.31944245021));
#2424 = CARTESIAN_POINT('',(3.742675843606,-1.322896232241));
#2425 = CARTESIAN_POINT('',(3.744387208364,-1.326350963484));
#2426 = CARTESIAN_POINT('',(3.74614854922,-1.329806573028));
#2427 = CARTESIAN_POINT('',(3.747962787117,-1.333262970187));
#2428 = CARTESIAN_POINT('',(3.749833120939,-1.336720044501));
#2429 = CARTESIAN_POINT('',(3.751763027515,-1.340177665735));
#2430 = CARTESIAN_POINT('',(3.755838786412,-1.347248658952));
#2431 = CARTESIAN_POINT('',(3.757990631595,-1.350862044546));
#2432 = CARTESIAN_POINT('',(3.760216005472,-1.354475681564));
#2433 = CARTESIAN_POINT('',(3.762519704099,-1.358089357573));
#2434 = CARTESIAN_POINT('',(3.764907111284,-1.361702806811));
#2435 = CARTESIAN_POINT('',(3.767384198585,-1.365315710183));
#2436 = CARTESIAN_POINT('',(3.76995752531,-1.368927695263));
#2437 = CARTESIAN_POINT('',(3.775436349824,-1.376318217343));
#2438 = CARTESIAN_POINT('',(3.778352199778,-1.38009654824));
#2439 = CARTESIAN_POINT('',(3.78138982884,-1.383872885005));
#2440 = CARTESIAN_POINT('',(3.78455857601,-1.387646619491));
#2441 = CARTESIAN_POINT('',(3.787869078823,-1.391416979382));
#2442 = CARTESIAN_POINT('',(3.791333273355,-1.395183028191));
#2443 = CARTESIAN_POINT('',(3.794964394219,-1.398943665261));
#2444 = CARTESIAN_POINT('',(3.807314915859,-1.411104058586));
#2445 = CARTESIAN_POINT('',(3.816753588818,-1.419465567797));
#2446 = CARTESIAN_POINT('',(3.827270111951,-1.427781953373));
#2447 = CARTESIAN_POINT('',(3.839086310373,-1.436034082057));
#2448 = CARTESIAN_POINT('',(3.852463014601,-1.444184214781));
#2449 = CARTESIAN_POINT('',(3.867727726435,-1.452172825332));
#2450 = CARTESIAN_POINT('',(3.885262724912,-1.459919294126));
#2451 = CARTESIAN_POINT('',(3.913825421281,-1.470446213208));
#2452 = CARTESIAN_POINT('',(3.922720426714,-1.473498357612));
#2453 = CARTESIAN_POINT('',(3.93208314867,-1.476482037264));
#2454 = CARTESIAN_POINT('',(3.941926890053,-1.479388834549));
#2455 = CARTESIAN_POINT('',(3.95225873043,-1.482210560585));
#2456 = CARTESIAN_POINT('',(3.96307744681,-1.484939644647));
#2457 = CARTESIAN_POINT('',(3.974371434437,-1.487569523594));
#2458 = CARTESIAN_POINT('',(4.000103916612,-1.493102618018));
#2459 = CARTESIAN_POINT('',(4.014738172933,-1.495963702344));
#2460 = CARTESIAN_POINT('',(4.029979143952,-1.498668748962));
#2461 = CARTESIAN_POINT('',(4.045775718925,-1.501214258355));
#2462 = CARTESIAN_POINT('',(4.062069919845,-1.503601531702));
#2463 = CARTESIAN_POINT('',(4.078800892322,-1.505835435788));
#2464 = CARTESIAN_POINT('',(4.095908896476,-1.507923167915));
#2465 = CARTESIAN_POINT('',(4.122464780608,-1.510893866789));
#2466 = CARTESIAN_POINT('',(4.1316794666,-1.511876968265));
#2467 = CARTESIAN_POINT('',(4.140975919978,-1.512823640985));
#2468 = CARTESIAN_POINT('',(4.150347254121,-1.513735222416));
#2469 = CARTESIAN_POINT('',(4.159787131605,-1.514613071744));
#2470 = CARTESIAN_POINT('',(4.16928976421,-1.515458569882));
#2471 = CARTESIAN_POINT('',(4.178849912913,-1.516273119465));
#2472 = CARTESIAN_POINT('',(4.223688249669,-1.519933855145));
#2473 = CARTESIAN_POINT('',(4.259419618696,-1.522506540498));
#2474 = CARTESIAN_POINT('',(4.295544281699,-1.524814516339));
#2475 = CARTESIAN_POINT('',(4.331970568554,-1.526890922499));
#2476 = CARTESIAN_POINT('',(4.368627081986,-1.528764187678));
#2477 = CARTESIAN_POINT('',(4.405461927267,-1.530458493897));
#2478 = CARTESIAN_POINT('',(4.442441941917,-1.531994240964));
#2479 = CARTESIAN_POINT('',(4.526714755037,-1.535160506798));
#2480 = CARTESIAN_POINT('',(4.574067789189,-1.536703441052));
#2481 = CARTESIAN_POINT('',(4.621563772065,-1.538052363526));
#2482 = CARTESIAN_POINT('',(4.669166855946,-1.539233489717));
#2483 = CARTESIAN_POINT('',(4.71685044515,-1.540266882889));
#2484 = CARTESIAN_POINT('',(4.764595650615,-1.54116834394));
#2485 = CARTESIAN_POINT('',(4.812390355074,-1.541950509019));
#2486 = CARTESIAN_POINT('',(4.899955801194,-1.543181742009));
#2487 = CARTESIAN_POINT('',(4.93971019601,-1.543664816413));
#2488 = CARTESIAN_POINT('',(4.979486610117,-1.544077944363));
#2489 = CARTESIAN_POINT('',(5.019280421777,-1.544425536019));
#2490 = CARTESIAN_POINT('',(5.059087738079,-1.544710984809));
#2491 = CARTESIAN_POINT('',(5.098905282329,-1.544936806768));
#2492 = CARTESIAN_POINT('',(5.138730281439,-1.545104779874));
#2493 = CARTESIAN_POINT('',(5.191503956548,-1.545252251235));
#2494 = CARTESIAN_POINT('',(5.204448073968,-1.545282431615));
#2495 = CARTESIAN_POINT('',(5.217392616197,-1.545306662719));
#2496 = CARTESIAN_POINT('',(5.23033749496,-1.545324975347));
#2497 = CARTESIAN_POINT('',(5.243282623095,-1.545337392913));
#2498 = CARTESIAN_POINT('',(5.256227914553,-1.545343931446));
#2499 = CARTESIAN_POINT('',(5.269173284394,-1.545344599586));
#2500 = CARTESIAN_POINT('',(5.326651987912,-1.545321495642));
#2501 = CARTESIAN_POINT('',(5.371185016875,-1.545234178166));
#2502 = CARTESIAN_POINT('',(5.415714593934,-1.545077416642));
#2503 = CARTESIAN_POINT('',(5.460237331021,-1.54485029565));
#2504 = CARTESIAN_POINT('',(5.504749445419,-1.544550881122));
#2505 = CARTESIAN_POINT('',(5.549246611433,-1.544176087591));
#2506 = CARTESIAN_POINT('',(5.59372381207,-1.543721545447));
#2507 = CARTESIAN_POINT('',(5.687006832847,-1.542588097143));
#2508 = CARTESIAN_POINT('',(5.735804701098,-1.541891700777));
#2509 = CARTESIAN_POINT('',(5.784563135178,-1.541084000983));
#2510 = CARTESIAN_POINT('',(5.833272539207,-1.540155103094));
#2511 = CARTESIAN_POINT('',(5.881918491469,-1.539092345573));
#2512 = CARTESIAN_POINT('',(5.930480854193,-1.537879149709));
#2513 = CARTESIAN_POINT('',(5.978932883315,-1.536493869309));
#2514 = CARTESIAN_POINT('',(6.059587344289,-1.533847104937));
#2515 = CARTESIAN_POINT('',(6.091865632674,-1.532695946483));
#2516 = CARTESIAN_POINT('',(6.124066091238,-1.531446551712));
#2517 = CARTESIAN_POINT('',(6.156174267637,-1.530089045747));
#2518 = CARTESIAN_POINT('',(6.188169960582,-1.528611945522));
#2519 = CARTESIAN_POINT('',(6.220026811055,-1.527001813146));
#2520 = CARTESIAN_POINT('',(6.251711893528,-1.525242909274));
#2521 = CARTESIAN_POINT('',(6.28318530718,-1.523316846464));
#2522 = ( GEOMETRIC_REPRESENTATION_CONTEXT(2) 
PARAMETRIC_REPRESENTATION_CONTEXT() REPRESENTATION_CONTEXT('2D SPACE',''
  ) );
#2523 = ORIENTED_EDGE('',*,*,#2524,.F.);
#2524 = EDGE_CURVE('',#2525,#1749,#2527,.T.);
#2525 = VERTEX_POINT('',#2526);
#2526 = CARTESIAN_POINT('',(-4.905033206542,-4.148607041232E-09,3.));
#2527 = SURFACE_CURVE('',#2528,(#2687,#2849),.PCURVE_S1.);
#2528 = B_SPLINE_CURVE_WITH_KNOTS('',7,(#2529,#2530,#2531,#2532,#2533,
    #2534,#2535,#2536,#2537,#2538,#2539,#2540,#2541,#2542,#2543,#2544,
    #2545,#2546,#2547,#2548,#2549,#2550,#2551,#2552,#2553,#2554,#2555,
    #2556,#2557,#2558,#2559,#2560,#2561,#2562,#2563,#2564,#2565,#2566,
    #2567,#2568,#2569,#2570,#2571,#2572,#2573,#2574,#2575,#2576,#2577,
    #2578,#2579,#2580,#2581,#2582,#2583,#2584,#2585,#2586,#2587,#2588,
    #2589,#2590,#2591,#2592,#2593,#2594,#2595,#2596,#2597,#2598,#2599,
    #2600,#2601,#2602,#2603,#2604,#2605,#2606,#2607,#2608,#2609,#2610,
    #2611,#2612,#2613,#2614,#2615,#2616,#2617,#2618,#2619,#2620,#2621,
    #2622,#2623,#2624,#2625,#2626,#2627,#2628,#2629,#2630,#2631,#2632,
    #2633,#2634,#2635,#2636,#2637,#2638,#2639,#2640,#2641,#2642,#2643,
    #2644,#2645,#2646,#2647,#2648,#2649,#2650,#2651,#2652,#2653,#2654,
    #2655,#2656,#2657,#2658,#2659,#2660,#2661,#2662,#2663,#2664,#2665,
    #2666,#2667,#2668,#2669,#2670,#2671,#2672,#2673,#2674,#2675,#2676,
    #2677,#2678,#2679,#2680,#2681,#2682,#2683,#2684,#2685,#2686),
  .UNSPECIFIED.,.T.,.F.,(8,6,6,6,6,6,6,6,6,6,6,6,6,6,6,6,6,6,6,6,6,6,6,6
    ,6,6,8),(0.,7.198192536883E-02,0.114214560437,0.144679846156,
    0.16731896799,0.223883621128,0.290934631641,0.296035162593,
    0.386780087203,0.420087633643,0.438257337178,0.476418036993,
    0.511215772443,0.52723784899,0.554116637639,0.616840956224,
    0.624083201248,0.647904432796,0.722688050303,0.778713009445,
    0.800747574462,0.830396775576,0.871077460884,0.904619240242,
    0.922710181164,0.961021862819,1.),.UNSPECIFIED.);
#2529 = CARTESIAN_POINT('',(4.769679945023,-0.670042526692,3.));
#2530 = CARTESIAN_POINT('',(4.686533162151,-0.933099489968,3.));
#2531 = CARTESIAN_POINT('',(4.577249146188,-1.188715238477,3.));
#2532 = CARTESIAN_POINT('',(4.443593825956,-1.433889260138,3.));
#2533 = CARTESIAN_POINT('',(4.288056899852,-1.666559777772,3.));
#2534 = CARTESIAN_POINT('',(4.113260825706,-1.88530445544,3.));
#2535 = CARTESIAN_POINT('',(3.921809215077,-2.089232704826,3.));
#2536 = CARTESIAN_POINT('',(3.595368752851,-2.388526083603,3.));
#2537 = CARTESIAN_POINT('',(3.469717818665,-2.493952335561,3.));
#2538 = CARTESIAN_POINT('',(3.339575283298,-2.594054963789,3.));
#2539 = CARTESIAN_POINT('',(3.205369842602,-2.688787070393,3.));
#2540 = CARTESIAN_POINT('',(3.067501813507,-2.778129785954,3.));
#2541 = CARTESIAN_POINT('',(2.926338882843,-2.862085767355,3.));
#2542 = CARTESIAN_POINT('',(2.678243182653,-2.997362817321,3.));
#2543 = CARTESIAN_POINT('',(2.572734446895,-3.051257775777,3.));
#2544 = CARTESIAN_POINT('',(2.465811136218,-3.102363812635,3.));
#2545 = CARTESIAN_POINT('',(2.357592559992,-3.150689553536,3.));
#2546 = CARTESIAN_POINT('',(2.248191715961,-3.196245507274,3.));
#2547 = CARTESIAN_POINT('',(2.137715156547,-3.239043564976,3.));
#2548 = CARTESIAN_POINT('',(1.943441303696,-3.308860318606,3.));
#2549 = CARTESIAN_POINT('',(1.860081423976,-3.33710803565,3.));
#2550 = CARTESIAN_POINT('',(1.776224477619,-3.363844873637,3.));
#2551 = CARTESIAN_POINT('',(1.691910406307,-3.389076031679,3.));
#2552 = CARTESIAN_POINT('',(1.607177831794,-3.412806684779,3.));
#2553 = CARTESIAN_POINT('',(1.522064055909,-3.435041983833,3.));
#2554 = CARTESIAN_POINT('',(1.223082713474,-3.507619357218,3.));
#2555 = CARTESIAN_POINT('',(1.007415626681,-3.550146389791,3.));
#2556 = CARTESIAN_POINT('',(0.79015173482,-3.58345047102,3.));
#2557 = CARTESIAN_POINT('',(0.571817142714,-3.607602407875,3.));
#2558 = CARTESIAN_POINT('',(0.352918461525,-3.6226618341,3.));
#2559 = CARTESIAN_POINT('',(0.133945144911,-3.628677547686,3.));
#2560 = CARTESIAN_POINT('',(-0.343722169818,-3.622143897295,3.));
#2561 = CARTESIAN_POINT('',(-0.602222945366,-3.605946061058,3.));
#2562 = CARTESIAN_POINT('',(-0.859348190608,-3.577160656262,3.));
#2563 = CARTESIAN_POINT('',(-1.114267635497,-3.535827712963,3.));
#2564 = CARTESIAN_POINT('',(-1.366101143597,-3.481984103203,3.));
#2565 = CARTESIAN_POINT('',(-1.613914845863,-3.415682654097,3.));
#2566 = CARTESIAN_POINT('',(-1.87518500437,-3.331022453384,3.));
#2567 = CARTESIAN_POINT('',(-1.893523534362,-3.325000217723,3.));
#2568 = CARTESIAN_POINT('',(-1.911853277509,-3.318899851817,3.));
#2569 = CARTESIAN_POINT('',(-1.930247842073,-3.312696424146,3.));
#2570 = CARTESIAN_POINT('',(-1.948732072439,-3.306380758333,3.));
#2571 = CARTESIAN_POINT('',(-1.967282049113,-3.299959433145,3.));
#2572 = CARTESIAN_POINT('',(-2.315729317755,-3.177728784818,3.));
#2573 = CARTESIAN_POINT('',(-2.639208710336,-3.037457015566,3.));
#2574 = CARTESIAN_POINT('',(-2.953382699928,-2.871886067563,3.));
#2575 = CARTESIAN_POINT('',(-3.254665484603,-2.680406057552,3.));
#2576 = CARTESIAN_POINT('',(-3.53882729984,-2.462769715578,3.));
#2577 = CARTESIAN_POINT('',(-3.801080299504,-2.219249423274,3.));
#2578 = CARTESIAN_POINT('',(-4.122484225437,-1.852317558525,3.));
#2579 = CARTESIAN_POINT('',(-4.205093211109,-1.750477975125,3.));
#2580 = CARTESIAN_POINT('',(-4.283744240815,-1.645391862049,3.));
#2581 = CARTESIAN_POINT('',(-4.35815437712,-1.537157774336,3.));
#2582 = CARTESIAN_POINT('',(-4.428036131471,-1.425903943138,3.));
#2583 = CARTESIAN_POINT('',(-4.493104458645,-1.311792848104,3.));
#2584 = CARTESIAN_POINT('',(-4.585803242139,-1.13132782762,3.));
#2585 = CARTESIAN_POINT('',(-4.617008309773,-1.066839610187,3.));
#2586 = CARTESIAN_POINT('',(-4.646654175885,-1.001594233856,3.));
#2587 = CARTESIAN_POINT('',(-4.674697240044,-0.935627911814,3.));
#2588 = CARTESIAN_POINT('',(-4.701095576256,-0.868980168315,3.));
#2589 = CARTESIAN_POINT('',(-4.725809429604,-0.801694032942,3.));
#2590 = CARTESIAN_POINT('',(-4.797090977443,-0.591256711456,3.));
#2591 = CARTESIAN_POINT('',(-4.837793073091,-0.446067845083,3.));
#2592 = CARTESIAN_POINT('',(-4.870551662463,-0.298708270431,3.));
#2593 = CARTESIAN_POINT('',(-4.895085384472,-0.149673733022,3.));
#2594 = CARTESIAN_POINT('',(-4.911192515258,5.029127167179E-04,3.));
#2595 = CARTESIAN_POINT('',(-4.918763958189,0.151250714762,3.));
#2596 = CARTESIAN_POINT('',(-4.916929715669,0.439385229209,3.));
#2597 = CARTESIAN_POINT('',(-4.908960868858,0.576802581832,3.));
#2598 = CARTESIAN_POINT('',(-4.893898787472,0.713751512702,3.));
#2599 = CARTESIAN_POINT('',(-4.871818579671,0.849798553802,3.));
#2600 = CARTESIAN_POINT('',(-4.842861773881,0.984535591234,3.));
#2601 = CARTESIAN_POINT('',(-4.807228395892,1.117579497996,3.));
#2602 = CARTESIAN_POINT('',(-4.745803471863,1.308885121377,3.));
#2603 = CARTESIAN_POINT('',(-4.725074688383,1.368766103349,3.));
#2604 = CARTESIAN_POINT('',(-4.70300685623,1.428181480795,3.));
#2605 = CARTESIAN_POINT('',(-4.679625517454,1.487100043196,3.));
#2606 = CARTESIAN_POINT('',(-4.654957595447,1.545492601411,3.));
#2607 = CARTESIAN_POINT('',(-4.629031394944,1.60333198768,3.));
#2608 = CARTESIAN_POINT('',(-4.556321462041,1.756654770117,3.));
#2609 = CARTESIAN_POINT('',(-4.507307982057,1.851089145631,3.));
#2610 = CARTESIAN_POINT('',(-4.454974761331,1.943777612625,3.));
#2611 = CARTESIAN_POINT('',(-4.399466454829,2.034618970522,3.));
#2612 = CARTESIAN_POINT('',(-4.340930925816,2.123527741339,3.));
#2613 = CARTESIAN_POINT('',(-4.279516398463,2.21043252331,3.));
#2614 = CARTESIAN_POINT('',(-4.065673386299,2.493261147127,3.));
#2615 = CARTESIAN_POINT('',(-3.90112866942,2.679967289968,3.));
#2616 = CARTESIAN_POINT('',(-3.723546420611,2.854730296003,3.));
#2617 = CARTESIAN_POINT('',(-3.534672334441,3.017180495262,3.));
#2618 = CARTESIAN_POINT('',(-3.336113983367,3.16716366017,3.));
#2619 = CARTESIAN_POINT('',(-3.129286817334,3.304676713261,3.));
#2620 = CARTESIAN_POINT('',(-2.89067978432,3.444265337859,3.));
#2621 = CARTESIAN_POINT('',(-2.865755090711,3.458626473888,3.));
#2622 = CARTESIAN_POINT('',(-2.840603174653,3.47289731207,3.));
#2623 = CARTESIAN_POINT('',(-2.815223572949,3.487075084276,3.));
#2624 = CARTESIAN_POINT('',(-2.789616122574,3.501156857575,3.));
#2625 = CARTESIAN_POINT('',(-2.76378096068,3.515139534233,3.));
#2626 = CARTESIAN_POINT('',(-2.651993818691,3.57467506712,3.));
#2627 = CARTESIAN_POINT('',(-2.565202069402,3.618481585383,3.));
#2628 = CARTESIAN_POINT('',(-2.477411737317,3.660437786674,3.));
#2629 = CARTESIAN_POINT('',(-2.388688415068,3.70054322225,3.));
#2630 = CARTESIAN_POINT('',(-2.299094827328,3.738798614444,3.));
#2631 = CARTESIAN_POINT('',(-2.208690830809,3.775205856674,3.));
#2632 = CARTESIAN_POINT('',(-1.831356716888,3.918271350324,3.));
#2633 = CARTESIAN_POINT('',(-1.537816942366,4.008564996541,3.));
#2634 = CARTESIAN_POINT('',(-1.238585169369,4.080782845675,3.));
#2635 = CARTESIAN_POINT('',(-0.935201607373,4.135027428295,3.));
#2636 = CARTESIAN_POINT('',(-0.629090347952,4.171390996079,3.));
#2637 = CARTESIAN_POINT('',(-0.321563330459,4.189934005781,3.));
#2638 = CARTESIAN_POINT('',(0.2167405887,4.191135674518,3.));
#2639 = CARTESIAN_POINT('',(0.447376683993,4.181628649959,3.));
#2640 = CARTESIAN_POINT('',(0.677574756753,4.16209152078,3.));
#2641 = CARTESIAN_POINT('',(0.906789587312,4.132489491223,3.));
#2642 = CARTESIAN_POINT('',(1.134450872712,4.092771738505,3.));
#2643 = CARTESIAN_POINT('',(1.35996217105,4.042872366273,3.));
#2644 = CARTESIAN_POINT('',(1.670300717806,3.959036982415,3.));
#2645 = CARTESIAN_POINT('',(1.757471225454,3.933783907445,3.));
#2646 = CARTESIAN_POINT('',(1.844170966072,3.90693767561,3.));
#2647 = CARTESIAN_POINT('',(1.930359073329,3.878493191889,3.));
#2648 = CARTESIAN_POINT('',(2.015993032224,3.848445317096,3.));
#2649 = CARTESIAN_POINT('',(2.101028679086,3.816788867879,3.));
#2650 = CARTESIAN_POINT('',(2.298975482588,3.738750936177,3.));
#2651 = CARTESIAN_POINT('',(2.411363402378,3.691061855307,3.));
#2652 = CARTESIAN_POINT('',(2.522473130187,3.640438567671,3.));
#2653 = CARTESIAN_POINT('',(2.632185613845,3.586869469286,3.));
#2654 = CARTESIAN_POINT('',(2.740373841991,3.530344816458,3.));
#2655 = CARTESIAN_POINT('',(2.846903106276,3.470857383614,3.));
#2656 = CARTESIAN_POINT('',(3.095325294129,3.322711699351,3.));
#2657 = CARTESIAN_POINT('',(3.235623399624,3.231438022492,3.));
#2658 = CARTESIAN_POINT('',(3.372162186402,3.134570508485,3.));
#2659 = CARTESIAN_POINT('',(3.504535068904,3.032116986477,3.));
#2660 = CARTESIAN_POINT('',(3.632298394585,2.924112786181,3.));
#2661 = CARTESIAN_POINT('',(3.75497756882,2.810628827224,3.));
#2662 = CARTESIAN_POINT('',(3.968620106622,2.593786990653,3.));
#2663 = CARTESIAN_POINT('',(4.061368206801,2.492149813078,3.));
#2664 = CARTESIAN_POINT('',(4.150034467473,2.386937636077,3.));
#2665 = CARTESIAN_POINT('',(4.23431969213,2.278245812963,3.));
#2666 = CARTESIAN_POINT('',(4.313916125677,2.166201202484,3.));
#2667 = CARTESIAN_POINT('',(4.388515079489,2.050967781252,3.));
#2668 = CARTESIAN_POINT('',(4.495191605865,1.868992070482,3.));
#2669 = CARTESIAN_POINT('',(4.531026927873,1.804364632129,3.));
#2670 = CARTESIAN_POINT('',(4.565273042344,1.738902905402,3.));
#2671 = CARTESIAN_POINT('',(4.597883377179,1.67264324408,3.));
#2672 = CARTESIAN_POINT('',(4.628812817862,1.605625641445,3.));
#2673 = CARTESIAN_POINT('',(4.658018257004,1.537893980287,3.));
#2674 = CARTESIAN_POINT('',(4.743571462464,1.324648603687,3.));
#2675 = CARTESIAN_POINT('',(4.793779277605,1.176791390624,3.));
#2676 = CARTESIAN_POINT('',(4.835680716187,1.026410191769,3.));
#2677 = CARTESIAN_POINT('',(4.868953866225,0.874036743533,3.));
#2678 = CARTESIAN_POINT('',(4.893363433439,0.720250010954,3.));
#2679 = CARTESIAN_POINT('',(4.908777688095,0.565678270063,3.));
#2680 = CARTESIAN_POINT('',(4.921725361476,0.253635508791,3.));
#2681 = CARTESIAN_POINT('',(4.91894469379,9.612130559068E-02,3.));
#2682 = CARTESIAN_POINT('',(4.906844623677,-6.081976424628E-02,3.));
#2683 = CARTESIAN_POINT('',(4.885561691712,-0.216513703825,3.));
#2684 = CARTESIAN_POINT('',(4.855351308836,-0.37033122512,3.));
#2685 = CARTESIAN_POINT('',(4.816571901142,-0.521687351029,3.));
#2686 = CARTESIAN_POINT('',(4.769679945023,-0.670042526692,3.));
#2687 = PCURVE('',#187,#2688);
#2688 = DEFINITIONAL_REPRESENTATION('',(#2689),#2848);
#2689 = B_SPLINE_CURVE_WITH_KNOTS('',7,(#2690,#2691,#2692,#2693,#2694,
    #2695,#2696,#2697,#2698,#2699,#2700,#2701,#2702,#2703,#2704,#2705,
    #2706,#2707,#2708,#2709,#2710,#2711,#2712,#2713,#2714,#2715,#2716,
    #2717,#2718,#2719,#2720,#2721,#2722,#2723,#2724,#2725,#2726,#2727,
    #2728,#2729,#2730,#2731,#2732,#2733,#2734,#2735,#2736,#2737,#2738,
    #2739,#2740,#2741,#2742,#2743,#2744,#2745,#2746,#2747,#2748,#2749,
    #2750,#2751,#2752,#2753,#2754,#2755,#2756,#2757,#2758,#2759,#2760,
    #2761,#2762,#2763,#2764,#2765,#2766,#2767,#2768,#2769,#2770,#2771,
    #2772,#2773,#2774,#2775,#2776,#2777,#2778,#2779,#2780,#2781,#2782,
    #2783,#2784,#2785,#2786,#2787,#2788,#2789,#2790,#2791,#2792,#2793,
    #2794,#2795,#2796,#2797,#2798,#2799,#2800,#2801,#2802,#2803,#2804,
    #2805,#2806,#2807,#2808,#2809,#2810,#2811,#2812,#2813,#2814,#2815,
    #2816,#2817,#2818,#2819,#2820,#2821,#2822,#2823,#2824,#2825,#2826,
    #2827,#2828,#2829,#2830,#2831,#2832,#2833,#2834,#2835,#2836,#2837,
    #2838,#2839,#2840,#2841,#2842,#2843,#2844,#2845,#2846,#2847),
  .UNSPECIFIED.,.F.,.F.,(8,6,6,6,6,6,6,6,6,6,6,6,6,6,6,6,6,6,6,6,6,6,6,6
    ,6,6,8),(0.,7.198192536883E-02,0.114214560437,0.144679846156,
    0.16731896799,0.223883621128,0.290934631641,0.296035162593,
    0.386780087203,0.420087633643,0.438257337178,0.476418036993,
    0.511215772443,0.52723784899,0.554116637639,0.616840956224,
    0.624083201248,0.647904432796,0.722688050303,0.778713009445,
    0.800747574462,0.830396775576,0.871077460884,0.904619240242,
    0.922710181164,0.961021862819,1.),.UNSPECIFIED.);
#2690 = CARTESIAN_POINT('',(6.28318530718,-0.876624156079));
#2691 = CARTESIAN_POINT('',(6.201089680468,-0.890275070702));
#2692 = CARTESIAN_POINT('',(6.121731500973,-0.903828474009));
#2693 = CARTESIAN_POINT('',(6.044867544121,-0.917127301119));
#2694 = CARTESIAN_POINT('',(5.97012658998,-0.93004256844));
#2695 = CARTESIAN_POINT('',(5.8971764144,-0.942462531255));
#2696 = CARTESIAN_POINT('',(5.825699550892,-0.95429275884));
#2697 = CARTESIAN_POINT('',(5.714145051646,-0.97200527723));
#2698 = CARTESIAN_POINT('',(5.673289652523,-0.978326613111));
#2699 = CARTESIAN_POINT('',(5.632759070149,-0.98440521476));
#2700 = CARTESIAN_POINT('',(5.592488941986,-0.990227798358));
#2701 = CARTESIAN_POINT('',(5.552418010544,-0.995782351454));
#2702 = CARTESIAN_POINT('',(5.512486771346,-1.001058101071));
#2703 = CARTESIAN_POINT('',(5.443889123462,-1.009643220361));
#2704 = CARTESIAN_POINT('',(5.415184693117,-1.013090818702));
#2705 = CARTESIAN_POINT('',(5.386500904012,-1.016384653541));
#2706 = CARTESIAN_POINT('',(5.357816859651,-1.019521315037));
#2707 = CARTESIAN_POINT('',(5.329112377732,-1.02249762961));
#2708 = CARTESIAN_POINT('',(5.300367674979,-1.025310682769));
#2709 = CARTESIAN_POINT('',(5.250157988685,-1.029924977877));
#2710 = CARTESIAN_POINT('',(5.228719926958,-1.0318004961));
#2711 = CARTESIAN_POINT('',(5.207240928778,-1.033583302112));
#2712 = CARTESIAN_POINT('',(5.185713146679,-1.035272382618));
#2713 = CARTESIAN_POINT('',(5.164128823765,-1.03686680552));
#2714 = CARTESIAN_POINT('',(5.142480293705,-1.038365719911));
#2715 = CARTESIAN_POINT('',(5.066491004301,-1.043272892552));
#2716 = CARTESIAN_POINT('',(5.01177639313,-1.046176311079));
#2717 = CARTESIAN_POINT('',(4.956492953293,-1.048466801687));
#2718 = CARTESIAN_POINT('',(4.90052481951,-1.050135875139));
#2719 = CARTESIAN_POINT('',(4.843755931068,-1.051178766637));
#2720 = CARTESIAN_POINT('',(4.786062507744,-1.051594839515));
#2721 = CARTESIAN_POINT('',(4.657655756826,-1.051142790932));
#2722 = CARTESIAN_POINT('',(4.586519692886,-1.050022245708));
#2723 = CARTESIAN_POINT('',(4.513663692821,-1.048032722757));
#2724 = CARTESIAN_POINT('',(4.4388415356,-1.045188539981));
#2725 = CARTESIAN_POINT('',(4.36177722643,-1.041512915238));
#2726 = CARTESIAN_POINT('',(4.282141828744,-1.037037326374));
#2727 = CARTESIAN_POINT('',(4.193239656836,-1.031400824624));
#2728 = CARTESIAN_POINT('',(4.186960052798,-1.031000227128));
#2729 = CARTESIAN_POINT('',(4.180679058381,-1.030594796286));
#2730 = CARTESIAN_POINT('',(4.174393963374,-1.030182890837));
#2731 = CARTESIAN_POINT('',(4.168105798868,-1.02976391923));
#2732 = CARTESIAN_POINT('',(4.161819337249,-1.029338339629));
#2733 = CARTESIAN_POINT('',(4.04388072045,-1.021245320668));
#2734 = CARTESIAN_POINT('',(3.939335019798,-1.012088234564));
#2735 = CARTESIAN_POINT('',(3.840500561593,-1.001477471292));
#2736 = CARTESIAN_POINT('',(3.746340706631,-0.989485059193));
#2737 = CARTESIAN_POINT('',(3.655951224709,-0.976217773755));
#2738 = CARTESIAN_POINT('',(3.568524084643,-0.961805532906));
#2739 = CARTESIAN_POINT('',(3.451999110451,-0.940743868058));
#2740 = CARTESIAN_POINT('',(3.421018155078,-0.934956851505));
#2741 = CARTESIAN_POINT('',(3.390310642127,-0.929046550538));
#2742 = CARTESIAN_POINT('',(3.359847304894,-0.923022712953));
#2743 = CARTESIAN_POINT('',(3.329601832606,-0.916896152297));
#2744 = CARTESIAN_POINT('',(3.299551044435,-0.910678832989));
#2745 = CARTESIAN_POINT('',(3.253377323971,-0.900950017146));
#2746 = CARTESIAN_POINT('',(3.237131642501,-0.897493005018));
#2747 = CARTESIAN_POINT('',(3.220934920123,-0.894015084417));
#2748 = CARTESIAN_POINT('',(3.204784274271,-0.890518511781));
#2749 = CARTESIAN_POINT('',(3.18867708933,-0.887005638837));
#2750 = CARTESIAN_POINT('',(3.17261106718,-0.883478916823));
#2751 = CARTESIAN_POINT('',(3.122924207324,-0.872510225181));
#2752 = CARTESIAN_POINT('',(3.08943260036,-0.865028713792));
#2753 = CARTESIAN_POINT('',(3.056098014649,-0.857521422853));
#2754 = CARTESIAN_POINT('',(3.022907297425,-0.850013512877));
#2755 = CARTESIAN_POINT('',(2.989848545576,-0.842530268393));
#2756 = CARTESIAN_POINT('',(2.956914850184,-0.835097226597));
#2757 = CARTESIAN_POINT('',(2.89419387686,-0.821031932245));
#2758 = CARTESIAN_POINT('',(2.864379952104,-0.81438567278));
#2759 = CARTESIAN_POINT('',(2.834668006553,-0.80782118934));
#2760 = CARTESIAN_POINT('',(2.805054578984,-0.801355809328));
#2761 = CARTESIAN_POINT('',(2.775534087947,-0.795004908151));
#2762 = CARTESIAN_POINT('',(2.746101128171,-0.788782182725));
#2763 = CARTESIAN_POINT('',(2.703239770129,-0.779899443918));
#2764 = CARTESIAN_POINT('',(2.689744126326,-0.777128623718));
#2765 = CARTESIAN_POINT('',(2.676265113405,-0.774388576433));
#2766 = CARTESIAN_POINT('',(2.66280190191,-0.771680315448));
#2767 = CARTESIAN_POINT('',(2.64935355509,-0.76900475548));
#2768 = CARTESIAN_POINT('',(2.635919028903,-0.766362712581));
#2769 = CARTESIAN_POINT('',(2.599980536707,-0.759380019775));
#2770 = CARTESIAN_POINT('',(2.577499513316,-0.755101479457));
#2771 = CARTESIAN_POINT('',(2.55504861814,-0.750922682152));
#2772 = CARTESIAN_POINT('',(2.532621317046,-0.7468462456));
#2773 = CARTESIAN_POINT('',(2.510210174968,-0.742874113623));
#2774 = CARTESIAN_POINT('',(2.487807005402,-0.739007663449));
#2775 = CARTESIAN_POINT('',(2.413121098156,-0.726473829263));
#2776 = CARTESIAN_POINT('',(2.360846883258,-0.718282410852));
#2777 = CARTESIAN_POINT('',(2.308448194916,-0.710681200271));
#2778 = CARTESIAN_POINT('',(2.255785827295,-0.703667627819));
#2779 = CARTESIAN_POINT('',(2.202714400346,-0.697232825086));
#2780 = CARTESIAN_POINT('',(2.149073129599,-0.691364368447));
#2781 = CARTESIAN_POINT('',(2.08838464409,-0.685433999568));
#2782 = CARTESIAN_POINT('',(2.082100666166,-0.684824222491));
#2783 = CARTESIAN_POINT('',(2.075816212655,-0.684218622906));
#2784 = CARTESIAN_POINT('',(2.069532249572,-0.683617309133));
#2785 = CARTESIAN_POINT('',(2.063249076972,-0.683020396231));
#2786 = CARTESIAN_POINT('',(2.05696632895,-0.682428006005));
#2787 = CARTESIAN_POINT('',(2.030015727349,-0.679907072686));
#2788 = CARTESIAN_POINT('',(2.009684563506,-0.678055586506));
#2789 = CARTESIAN_POINT('',(1.98967070541,-0.676285337032));
#2790 = CARTESIAN_POINT('',(1.969956395141,-0.674595845495));
#2791 = CARTESIAN_POINT('',(1.95052489356,-0.672986625789));
#2792 = CARTESIAN_POINT('',(1.931360480314,-0.671457184468));
#2793 = CARTESIAN_POINT('',(1.853076638735,-0.665454422833));
#2794 = CARTESIAN_POINT('',(1.796204147195,-0.661684200176));
#2795 = CARTESIAN_POINT('',(1.741349874177,-0.658679123087));
#2796 = CARTESIAN_POINT('',(1.688144799505,-0.656427014046));
#2797 = CARTESIAN_POINT('',(1.636280108034,-0.654919016856));
#2798 = CARTESIAN_POINT('',(1.58547272948,-0.654150069533));
#2799 = CARTESIAN_POINT('',(1.497971951767,-0.654100238441));
#2800 = CARTESIAN_POINT('',(1.460941859683,-0.654494478607));
#2801 = CARTESIAN_POINT('',(1.424244921633,-0.655304622457));
#2802 = CARTESIAN_POINT('',(1.387779197414,-0.656532871682));
#2803 = CARTESIAN_POINT('',(1.351447927741,-0.658182877374));
#2804 = CARTESIAN_POINT('',(1.315153819365,-0.66025978697));
#2805 = CARTESIAN_POINT('',(1.264493150992,-0.663758336547));
#2806 = CARTESIAN_POINT('',(1.250182828761,-0.66481302122));
#2807 = CARTESIAN_POINT('',(1.235856606619,-0.665935241153));
#2808 = CARTESIAN_POINT('',(1.221508393527,-0.667125443459));
#2809 = CARTESIAN_POINT('',(1.207132028275,-0.668384104679));
#2810 = CARTESIAN_POINT('',(1.19272127949,-0.669711730777));
#2811 = CARTESIAN_POINT('',(1.158824330434,-0.672988798071));
#2812 = CARTESIAN_POINT('',(1.13930529447,-0.6749945548));
#2813 = CARTESIAN_POINT('',(1.119697083663,-0.677127440775));
#2814 = CARTESIAN_POINT('',(1.099984012288,-0.679388819011));
#2815 = CARTESIAN_POINT('',(1.080150079961,-0.681780085006));
#2816 = CARTESIAN_POINT('',(1.060178688637,-0.684302649658));
#2817 = CARTESIAN_POINT('',(1.012437691184,-0.690601133519));
#2818 = CARTESIAN_POINT('',(0.984532308611,-0.694494051651));
#2819 = CARTESIAN_POINT('',(0.956290546499,-0.698640353241));
#2820 = CARTESIAN_POINT('',(0.927666421444,-0.703043386113));
#2821 = CARTESIAN_POINT('',(0.898612403702,-0.707705842655));
#2822 = CARTESIAN_POINT('',(0.869078188867,-0.712629433232));
#2823 = CARTESIAN_POINT('',(0.814217400741,-0.722089766949));
#2824 = CARTESIAN_POINT('',(0.789062672292,-0.726542647998));
#2825 = CARTESIAN_POINT('',(0.763516200329,-0.731173174557));
#2826 = CARTESIAN_POINT('',(0.737548152569,-0.735980478929));
#2827 = CARTESIAN_POINT('',(0.711128147376,-0.740962536618));
#2828 = CARTESIAN_POINT('',(0.684225452812,-0.746115849025));
#2829 = CARTESIAN_POINT('',(0.642022073095,-0.754304107165));
#2830 = CARTESIAN_POINT('',(0.627085626217,-0.757221355409));
#2831 = CARTESIAN_POINT('',(0.611995149757,-0.760186013221));
#2832 = CARTESIAN_POINT('',(0.596745891159,-0.76319707896));
#2833 = CARTESIAN_POINT('',(0.581333101538,-0.766253387551));
#2834 = CARTESIAN_POINT('',(0.565752096593,-0.769353591023));
#2835 = CARTESIAN_POINT('',(0.516636107617,-0.779151199187));
#2836 = CARTESIAN_POINT('',(0.482493901405,-0.785997198312));
#2837 = CARTESIAN_POINT('',(0.447535050664,-0.793018082592));
#2838 = CARTESIAN_POINT('',(0.411717753638,-0.800195335137));
#2839 = CARTESIAN_POINT('',(0.374996029595,-0.807507605112));
#2840 = CARTESIAN_POINT('',(0.3373246136,-0.814930133069));
#2841 = CARTESIAN_POINT('',(0.259338469638,-0.830068345975));
#2842 = CARTESIAN_POINT('',(0.218979343058,-0.837788802177));
#2843 = CARTESIAN_POINT('',(0.177552880611,-0.845564743294));
#2844 = CARTESIAN_POINT('',(0.135006956877,-0.853366077064));
#2845 = CARTESIAN_POINT('',(9.127863506152E-02,-0.86116292646));
#2846 = CARTESIAN_POINT('',(4.629913981482E-02,-0.868925504762));
#2847 = CARTESIAN_POINT('',(0.,-0.876624156079));
#2848 = ( GEOMETRIC_REPRESENTATION_CONTEXT(2) 
PARAMETRIC_REPRESENTATION_CONTEXT() REPRESENTATION_CONTEXT('2D SPACE',''
  ) );
#2849 = PCURVE('',#385,#2850);
#2850 = DEFINITIONAL_REPRESENTATION('',(#2851),#3010);
#2851 = B_SPLINE_CURVE_WITH_KNOTS('',7,(#2852,#2853,#2854,#2855,#2856,
    #2857,#2858,#2859,#2860,#2861,#2862,#2863,#2864,#2865,#2866,#2867,
    #2868,#2869,#2870,#2871,#2872,#2873,#2874,#2875,#2876,#2877,#2878,
    #2879,#2880,#2881,#2882,#2883,#2884,#2885,#2886,#2887,#2888,#2889,
    #2890,#2891,#2892,#2893,#2894,#2895,#2896,#2897,#2898,#2899,#2900,
    #2901,#2902,#2903,#2904,#2905,#2906,#2907,#2908,#2909,#2910,#2911,
    #2912,#2913,#2914,#2915,#2916,#2917,#2918,#2919,#2920,#2921,#2922,
    #2923,#2924,#2925,#2926,#2927,#2928,#2929,#2930,#2931,#2932,#2933,
    #2934,#2935,#2936,#2937,#2938,#2939,#2940,#2941,#2942,#2943,#2944,
    #2945,#2946,#2947,#2948,#2949,#2950,#2951,#2952,#2953,#2954,#2955,
    #2956,#2957,#2958,#2959,#2960,#2961,#2962,#2963,#2964,#2965,#2966,
    #2967,#2968,#2969,#2970,#2971,#2972,#2973,#2974,#2975,#2976,#2977,
    #2978,#2979,#2980,#2981,#2982,#2983,#2984,#2985,#2986,#2987,#2988,
    #2989,#2990,#2991,#2992,#2993,#2994,#2995,#2996,#2997,#2998,#2999,
    #3000,#3001,#3002,#3003,#3004,#3005,#3006,#3007,#3008,#3009),
  .UNSPECIFIED.,.T.,.F.,(8,6,6,6,6,6,6,6,6,6,6,6,6,6,6,6,6,6,6,6,6,6,6,6
    ,6,6,8),(0.,7.198192536883E-02,0.114214560437,0.144679846156,
    0.16731896799,0.223883621128,0.290934631641,0.296035162593,
    0.386780087203,0.420087633643,0.438257337178,0.476418036993,
    0.511215772443,0.52723784899,0.554116637639,0.616840956224,
    0.624083201248,0.647904432796,0.722688050303,0.778713009445,
    0.800747574462,0.830396775576,0.871077460884,0.904619240242,
    0.922710181164,0.961021862819,1.),.UNSPECIFIED.);
#2852 = CARTESIAN_POINT('',(4.635550049009,-0.670042526692));
#2853 = CARTESIAN_POINT('',(4.552403266136,-0.933099489968));
#2854 = CARTESIAN_POINT('',(4.443119250174,-1.188715238477));
#2855 = CARTESIAN_POINT('',(4.309463929942,-1.433889260138));
#2856 = CARTESIAN_POINT('',(4.153927003838,-1.666559777772));
#2857 = CARTESIAN_POINT('',(3.979130929691,-1.88530445544));
#2858 = CARTESIAN_POINT('',(3.787679319062,-2.089232704826));
#2859 = CARTESIAN_POINT('',(3.461238856837,-2.388526083603));
#2860 = CARTESIAN_POINT('',(3.335587922651,-2.493952335561));
#2861 = CARTESIAN_POINT('',(3.205445387283,-2.594054963789));
#2862 = CARTESIAN_POINT('',(3.071239946588,-2.688787070393));
#2863 = CARTESIAN_POINT('',(2.933371917493,-2.778129785954));
#2864 = CARTESIAN_POINT('',(2.792208986828,-2.862085767355));
#2865 = CARTESIAN_POINT('',(2.544113286638,-2.997362817321));
#2866 = CARTESIAN_POINT('',(2.438604550881,-3.051257775777));
#2867 = CARTESIAN_POINT('',(2.331681240203,-3.102363812635));
#2868 = CARTESIAN_POINT('',(2.223462663978,-3.150689553536));
#2869 = CARTESIAN_POINT('',(2.114061819946,-3.196245507274));
#2870 = CARTESIAN_POINT('',(2.003585260533,-3.239043564976));
#2871 = CARTESIAN_POINT('',(1.809311407682,-3.308860318606));
#2872 = CARTESIAN_POINT('',(1.725951527961,-3.33710803565));
#2873 = CARTESIAN_POINT('',(1.642094581605,-3.363844873637));
#2874 = CARTESIAN_POINT('',(1.557780510293,-3.389076031679));
#2875 = CARTESIAN_POINT('',(1.47304793578,-3.412806684779));
#2876 = CARTESIAN_POINT('',(1.387934159895,-3.435041983833));
#2877 = CARTESIAN_POINT('',(1.08895281746,-3.507619357218));
#2878 = CARTESIAN_POINT('',(0.873285730667,-3.550146389791));
#2879 = CARTESIAN_POINT('',(0.656021838806,-3.58345047102));
#2880 = CARTESIAN_POINT('',(0.4376872467,-3.607602407875));
#2881 = CARTESIAN_POINT('',(0.21878856551,-3.6226618341));
#2882 = CARTESIAN_POINT('',(-1.847511031568E-04,-3.628677547686));
#2883 = CARTESIAN_POINT('',(-0.477852065832,-3.622143897295));
#2884 = CARTESIAN_POINT('',(-0.73635284138,-3.605946061058));
#2885 = CARTESIAN_POINT('',(-0.993478086622,-3.577160656262));
#2886 = CARTESIAN_POINT('',(-1.248397531511,-3.535827712963));
#2887 = CARTESIAN_POINT('',(-1.500231039611,-3.481984103203));
#2888 = CARTESIAN_POINT('',(-1.748044741878,-3.415682654097));
#2889 = CARTESIAN_POINT('',(-2.009314900384,-3.331022453384));
#2890 = CARTESIAN_POINT('',(-2.027653430376,-3.325000217723));
#2891 = CARTESIAN_POINT('',(-2.045983173523,-3.318899851817));
#2892 = CARTESIAN_POINT('',(-2.064377738087,-3.312696424146));
#2893 = CARTESIAN_POINT('',(-2.082861968454,-3.306380758333));
#2894 = CARTESIAN_POINT('',(-2.101411945128,-3.299959433145));
#2895 = CARTESIAN_POINT('',(-2.449859213769,-3.177728784818));
#2896 = CARTESIAN_POINT('',(-2.77333860635,-3.037457015566));
#2897 = CARTESIAN_POINT('',(-3.087512595942,-2.871886067563));
#2898 = CARTESIAN_POINT('',(-3.388795380617,-2.680406057552));
#2899 = CARTESIAN_POINT('',(-3.672957195855,-2.462769715578));
#2900 = CARTESIAN_POINT('',(-3.935210195519,-2.219249423274));
#2901 = CARTESIAN_POINT('',(-4.256614121451,-1.852317558525));
#2902 = CARTESIAN_POINT('',(-4.339223107123,-1.750477975125));
#2903 = CARTESIAN_POINT('',(-4.41787413683,-1.645391862049));
#2904 = CARTESIAN_POINT('',(-4.492284273135,-1.537157774336));
#2905 = CARTESIAN_POINT('',(-4.562166027485,-1.425903943138));
#2906 = CARTESIAN_POINT('',(-4.627234354659,-1.311792848104));
#2907 = CARTESIAN_POINT('',(-4.719933138153,-1.13132782762));
#2908 = CARTESIAN_POINT('',(-4.751138205787,-1.066839610187));
#2909 = CARTESIAN_POINT('',(-4.780784071899,-1.001594233856));
#2910 = CARTESIAN_POINT('',(-4.808827136059,-0.935627911814));
#2911 = CARTESIAN_POINT('',(-4.835225472271,-0.868980168315));
#2912 = CARTESIAN_POINT('',(-4.859939325618,-0.801694032942));
#2913 = CARTESIAN_POINT('',(-4.931220873458,-0.591256711456));
#2914 = CARTESIAN_POINT('',(-4.971922969106,-0.446067845083));
#2915 = CARTESIAN_POINT('',(-5.004681558478,-0.298708270431));
#2916 = CARTESIAN_POINT('',(-5.029215280486,-0.149673733022));
#2917 = CARTESIAN_POINT('',(-5.045322411273,5.029127167176E-04));
#2918 = CARTESIAN_POINT('',(-5.052893854203,0.151250714762));
#2919 = CARTESIAN_POINT('',(-5.051059611684,0.439385229209));
#2920 = CARTESIAN_POINT('',(-5.043090764873,0.576802581832));
#2921 = CARTESIAN_POINT('',(-5.028028683486,0.713751512702));
#2922 = CARTESIAN_POINT('',(-5.005948475685,0.849798553802));
#2923 = CARTESIAN_POINT('',(-4.976991669895,0.984535591234));
#2924 = CARTESIAN_POINT('',(-4.941358291907,1.117579497996));
#2925 = CARTESIAN_POINT('',(-4.879933367877,1.308885121377));
#2926 = CARTESIAN_POINT('',(-4.859204584398,1.368766103349));
#2927 = CARTESIAN_POINT('',(-4.837136752244,1.428181480795));
#2928 = CARTESIAN_POINT('',(-4.813755413468,1.487100043196));
#2929 = CARTESIAN_POINT('',(-4.789087491462,1.545492601411));
#2930 = CARTESIAN_POINT('',(-4.763161290958,1.60333198768));
#2931 = CARTESIAN_POINT('',(-4.690451358056,1.756654770117));
#2932 = CARTESIAN_POINT('',(-4.641437878071,1.851089145631));
#2933 = CARTESIAN_POINT('',(-4.589104657346,1.943777612625));
#2934 = CARTESIAN_POINT('',(-4.533596350843,2.034618970522));
#2935 = CARTESIAN_POINT('',(-4.47506082183,2.123527741339));
#2936 = CARTESIAN_POINT('',(-4.413646294478,2.21043252331));
#2937 = CARTESIAN_POINT('',(-4.199803282313,2.493261147127));
#2938 = CARTESIAN_POINT('',(-4.035258565434,2.679967289968));
#2939 = CARTESIAN_POINT('',(-3.857676316625,2.854730296003));
#2940 = CARTESIAN_POINT('',(-3.668802230455,3.017180495262));
#2941 = CARTESIAN_POINT('',(-3.470243879382,3.16716366017));
#2942 = CARTESIAN_POINT('',(-3.263416713349,3.304676713261));
#2943 = CARTESIAN_POINT('',(-3.024809680334,3.444265337859));
#2944 = CARTESIAN_POINT('',(-2.999884986725,3.458626473888));
#2945 = CARTESIAN_POINT('',(-2.974733070667,3.47289731207));
#2946 = CARTESIAN_POINT('',(-2.949353468963,3.487075084276));
#2947 = CARTESIAN_POINT('',(-2.923746018589,3.501156857575));
#2948 = CARTESIAN_POINT('',(-2.897910856694,3.515139534233));
#2949 = CARTESIAN_POINT('',(-2.786123714705,3.57467506712));
#2950 = CARTESIAN_POINT('',(-2.699331965417,3.618481585383));
#2951 = CARTESIAN_POINT('',(-2.611541633332,3.660437786674));
#2952 = CARTESIAN_POINT('',(-2.522818311083,3.70054322225));
#2953 = CARTESIAN_POINT('',(-2.433224723342,3.738798614444));
#2954 = CARTESIAN_POINT('',(-2.342820726823,3.775205856674));
#2955 = CARTESIAN_POINT('',(-1.965486612902,3.918271350324));
#2956 = CARTESIAN_POINT('',(-1.671946838381,4.008564996541));
#2957 = CARTESIAN_POINT('',(-1.372715065383,4.080782845675));
#2958 = CARTESIAN_POINT('',(-1.069331503387,4.135027428295));
#2959 = CARTESIAN_POINT('',(-0.763220243966,4.171390996079));
#2960 = CARTESIAN_POINT('',(-0.455693226474,4.189934005781));
#2961 = CARTESIAN_POINT('',(8.261069268574E-02,4.191135674518));
#2962 = CARTESIAN_POINT('',(0.313246787979,4.181628649959));
#2963 = CARTESIAN_POINT('',(0.543444860739,4.16209152078));
#2964 = CARTESIAN_POINT('',(0.772659691298,4.132489491223));
#2965 = CARTESIAN_POINT('',(1.000320976698,4.092771738505));
#2966 = CARTESIAN_POINT('',(1.225832275035,4.042872366273));
#2967 = CARTESIAN_POINT('',(1.536170821792,3.959036982415));
#2968 = CARTESIAN_POINT('',(1.623341329439,3.933783907445));
#2969 = CARTESIAN_POINT('',(1.710041070058,3.90693767561));
#2970 = CARTESIAN_POINT('',(1.796229177315,3.878493191889));
#2971 = CARTESIAN_POINT('',(1.88186313621,3.848445317096));
#2972 = CARTESIAN_POINT('',(1.966898783071,3.816788867879));
#2973 = CARTESIAN_POINT('',(2.164845586574,3.738750936177));
#2974 = CARTESIAN_POINT('',(2.277233506364,3.691061855307));
#2975 = CARTESIAN_POINT('',(2.388343234172,3.640438567671));
#2976 = CARTESIAN_POINT('',(2.498055717831,3.586869469286));
#2977 = CARTESIAN_POINT('',(2.606243945976,3.530344816458));
#2978 = CARTESIAN_POINT('',(2.712773210262,3.470857383614));
#2979 = CARTESIAN_POINT('',(2.961195398115,3.322711699351));
#2980 = CARTESIAN_POINT('',(3.10149350361,3.231438022492));
#2981 = CARTESIAN_POINT('',(3.238032290388,3.134570508485));
#2982 = CARTESIAN_POINT('',(3.37040517289,3.032116986477));
#2983 = CARTESIAN_POINT('',(3.498168498571,2.924112786181));
#2984 = CARTESIAN_POINT('',(3.620847672806,2.810628827224));
#2985 = CARTESIAN_POINT('',(3.834490210608,2.593786990653));
#2986 = CARTESIAN_POINT('',(3.927238310787,2.492149813078));
#2987 = CARTESIAN_POINT('',(4.015904571458,2.386937636077));
#2988 = CARTESIAN_POINT('',(4.100189796115,2.278245812963));
#2989 = CARTESIAN_POINT('',(4.179786229662,2.166201202484));
#2990 = CARTESIAN_POINT('',(4.254385183474,2.050967781252));
#2991 = CARTESIAN_POINT('',(4.361061709851,1.868992070482));
#2992 = CARTESIAN_POINT('',(4.396897031859,1.804364632129));
#2993 = CARTESIAN_POINT('',(4.43114314633,1.738902905402));
#2994 = CARTESIAN_POINT('',(4.463753481164,1.67264324408));
#2995 = CARTESIAN_POINT('',(4.494682921847,1.605625641445));
#2996 = CARTESIAN_POINT('',(4.523888360989,1.537893980287));
#2997 = CARTESIAN_POINT('',(4.609441566449,1.324648603687));
#2998 = CARTESIAN_POINT('',(4.65964938159,1.176791390624));
#2999 = CARTESIAN_POINT('',(4.701550820173,1.026410191769));
#3000 = CARTESIAN_POINT('',(4.734823970211,0.874036743533));
#3001 = CARTESIAN_POINT('',(4.759233537424,0.720250010954));
#3002 = CARTESIAN_POINT('',(4.77464779208,0.565678270063));
#3003 = CARTESIAN_POINT('',(4.787595465462,0.253635508791));
#3004 = CARTESIAN_POINT('',(4.784814797775,9.612130559068E-02));
#3005 = CARTESIAN_POINT('',(4.772714727663,-6.081976424628E-02));
#3006 = CARTESIAN_POINT('',(4.751431795697,-0.216513703825));
#3007 = CARTESIAN_POINT('',(4.721221412822,-0.37033122512));
#3008 = CARTESIAN_POINT('',(4.682442005128,-0.521687351029));
#3009 = CARTESIAN_POINT('',(4.635550049009,-0.670042526692));
#3010 = ( GEOMETRIC_REPRESENTATION_CONTEXT(2) 
PARAMETRIC_REPRESENTATION_CONTEXT() REPRESENTATION_CONTEXT('2D SPACE',''
  ) );
#3011 = ORIENTED_EDGE('',*,*,#3012,.F.);
#3012 = EDGE_CURVE('',#3013,#2525,#3015,.T.);
#3013 = VERTEX_POINT('',#3014);
#3014 = CARTESIAN_POINT('',(-7.500000000151,4.041247617173E-11,
    6.799999999984));
#3015 = SURFACE_CURVE('',#3016,(#3055,#3097),.PCURVE_S1.);
#3016 = B_SPLINE_CURVE_WITH_KNOTS('',7,(#3017,#3018,#3019,#3020,#3021,
    #3022,#3023,#3024,#3025,#3026,#3027,#3028,#3029,#3030,#3031,#3032,
    #3033,#3034,#3035,#3036,#3037,#3038,#3039,#3040,#3041,#3042,#3043,
    #3044,#3045,#3046,#3047,#3048,#3049,#3050,#3051,#3052,#3053,#3054),
  .UNSPECIFIED.,.F.,.F.,(8,6,6,6,6,6,8),(0.,1.825735736048E-02,
    0.270264915811,0.422112462355,0.678850779369,0.968264161896,1.),
  .UNSPECIFIED.);
#3017 = CARTESIAN_POINT('',(-7.499999946016,4.192851776992E-11,
    6.800602692288));
#3018 = CARTESIAN_POINT('',(-7.500002866306,-1.967261827357E-11,
    6.784301028029));
#3019 = CARTESIAN_POINT('',(-7.499913633526,-2.087722467587E-11,
    6.767997143672));
#3020 = CARTESIAN_POINT('',(-7.499732202435,-2.042944360385E-12,
    6.751691653159));
#3021 = CARTESIAN_POINT('',(-7.49945854158,1.170447367683E-11,
    6.735385171593));
#3022 = CARTESIAN_POINT('',(-7.499092633295,1.047117436711E-11,
    6.719078315242));
#3023 = CARTESIAN_POINT('',(-7.498634473698,-4.048034308397E-13,
    6.702771701535));
#3024 = CARTESIAN_POINT('',(-7.490486849831,3.54246121206E-13,
    6.461396527057));
#3025 = CARTESIAN_POINT('',(-7.465312616048,-6.199091131122E-14,
    6.236418772539));
#3026 = CARTESIAN_POINT('',(-7.422574642021,-5.666129740373E-14,
    6.013328316531));
#3027 = CARTESIAN_POINT('',(-7.362852807846,5.050448550113E-14,
    5.793647010064));
#3028 = CARTESIAN_POINT('',(-7.287101820585,-1.310606226801E-14,
    5.578651236249));
#3029 = CARTESIAN_POINT('',(-7.196519895819,1.83555996902E-14,
    5.369394859953));
#3030 = CARTESIAN_POINT('',(-7.029787238673,2.012544242459E-14,
    5.044608869214));
#3031 = CARTESIAN_POINT('',(-6.962189782208,-7.863480974632E-15,
    4.924844902164));
#3032 = CARTESIAN_POINT('',(-6.889962433534,-3.537032202789E-15,
    4.807588166593));
#3033 = CARTESIAN_POINT('',(-6.813386804009,1.946532125552E-14,
    4.692954570655));
#3034 = CARTESIAN_POINT('',(-6.732741543047,2.293329225995E-14,
    4.581027376762));
#3035 = CARTESIAN_POINT('',(-6.648294664519,-5.875830364535E-15,
    4.471861900372));
#3036 = CARTESIAN_POINT('',(-6.411510712571,-1.363300849679E-15,
    4.185640815723));
#3037 = CARTESIAN_POINT('',(-6.252595916165,3.550353844866E-14,
    4.013806490041));
#3038 = CARTESIAN_POINT('',(-6.084733754481,4.191789889144E-15,
    3.850095142776));
#3039 = CARTESIAN_POINT('',(-5.909009156734,-9.555976241328E-15,
    3.694502026833));
#3040 = CARTESIAN_POINT('',(-5.726385247388,1.575057265491E-14,
    3.546937222529));
#3041 = CARTESIAN_POINT('',(-5.53768391029,1.00967647298E-14,
    3.407249000549));
#3042 = CARTESIAN_POINT('',(-5.124754163962,9.172200512907E-15,
    3.126436738598));
#3043 = CARTESIAN_POINT('',(-4.899119390269,-1.501926155615E-14,
    2.987432556746));
#3044 = CARTESIAN_POINT('',(-4.667626108795,3.478047708357E-14,
    2.8579421214));
#3045 = CARTESIAN_POINT('',(-4.431120724122,-1.775156437658E-14,
    2.73770735143));
#3046 = CARTESIAN_POINT('',(-4.190355804644,1.269264875365E-14,
    2.626479253366));
#3047 = CARTESIAN_POINT('',(-3.945992881331,3.174213903601E-15,
    2.524018660931));
#3048 = CARTESIAN_POINT('',(-3.671495222875,3.00811758135E-15,
    2.41980027553));
#3049 = CARTESIAN_POINT('',(-3.644333724832,6.486382863349E-15,
    2.409604320667));
#3050 = CARTESIAN_POINT('',(-3.617137342342,8.564518903789E-15,
    2.399510959118));
#3051 = CARTESIAN_POINT('',(-3.589906946054,6.968329059398E-15,
    2.389519924829));
#3052 = CARTESIAN_POINT('',(-3.562643412978,2.044228139615E-15,
    2.379630956862));
#3053 = CARTESIAN_POINT('',(-3.535347626478,-3.240757593408E-15,
    2.369843799393));
#3054 = CARTESIAN_POINT('',(-3.50802047628,-3.298990424809E-15,
    2.360158201715));
#3055 = PCURVE('',#187,#3056);
#3056 = DEFINITIONAL_REPRESENTATION('',(#3057),#3096);
#3057 = B_SPLINE_CURVE_WITH_KNOTS('',7,(#3058,#3059,#3060,#3061,#3062,
    #3063,#3064,#3065,#3066,#3067,#3068,#3069,#3070,#3071,#3072,#3073,
    #3074,#3075,#3076,#3077,#3078,#3079,#3080,#3081,#3082,#3083,#3084,
    #3085,#3086,#3087,#3088,#3089,#3090,#3091,#3092,#3093,#3094,#3095),
  .UNSPECIFIED.,.F.,.F.,(8,6,6,6,6,6,8),(0.,1.825735736048E-02,
    0.270264915811,0.422112462355,0.678850779369,0.968264161896,1.),
  .UNSPECIFIED.);
#3058 = CARTESIAN_POINT('',(3.141608472396,1.318473174849E-04));
#3059 = CARTESIAN_POINT('',(3.141180604032,-3.434622096771E-03));
#3060 = CARTESIAN_POINT('',(3.140752677972,-6.996049897733E-03));
#3061 = CARTESIAN_POINT('',(3.140324688479,-1.055239867976E-02));
#3062 = CARTESIAN_POINT('',(3.139896629828,-1.410363342395E-02));
#3063 = CARTESIAN_POINT('',(3.139468496306,-1.764972149813E-02));
#3064 = CARTESIAN_POINT('',(3.139040282213,-2.119063265688E-02));
#3065 = CARTESIAN_POINT('',(3.132700122697,-7.352993727297E-02));
#3066 = CARTESIAN_POINT('',(3.12676994888,-0.121357162391));
#3067 = CARTESIAN_POINT('',(3.120810820555,-0.168089765452));
#3068 = CARTESIAN_POINT('',(3.114805018767,-0.213682954057));
#3069 = CARTESIAN_POINT('',(3.108731493888,-0.258124475506));
#3070 = CARTESIAN_POINT('',(3.102567684717,-0.301412435235));
#3071 = CARTESIAN_POINT('',(3.092506423026,-0.368943020838));
#3072 = CARTESIAN_POINT('',(3.088680715194,-0.393925028937));
#3073 = CARTESIAN_POINT('',(3.084805847175,-0.418505777547));
#3074 = CARTESIAN_POINT('',(3.08087473027,-0.442695951403));
#3075 = CARTESIAN_POINT('',(3.076879448213,-0.46650844119));
#3076 = CARTESIAN_POINT('',(3.072811080716,-0.489957767448));
#3077 = CARTESIAN_POINT('',(3.061640230753,-0.55211908245));
#3078 = CARTESIAN_POINT('',(3.054384170188,-0.590178883051));
#3079 = CARTESIAN_POINT('',(3.046841101173,-0.627324391484));
#3080 = CARTESIAN_POINT('',(3.038951969827,-0.663635212835));
#3081 = CARTESIAN_POINT('',(3.030647074525,-0.699186542813));
#3082 = CARTESIAN_POINT('',(3.021837933889,-0.734051139817));
#3083 = CARTESIAN_POINT('',(3.001766986618,-0.806911535465));
#3084 = CARTESIAN_POINT('',(2.990338597003,-0.84473075921));
#3085 = CARTESIAN_POINT('',(2.977942827944,-0.881864597959));
#3086 = CARTESIAN_POINT('',(2.964359882617,-0.91839294942));
#3087 = CARTESIAN_POINT('',(2.94928560996,-0.954377030225));
#3088 = CARTESIAN_POINT('',(2.932309371044,-0.989861492829));
#3089 = CARTESIAN_POINT('',(2.910568127894,-1.028696477711));
#3090 = CARTESIAN_POINT('',(2.908388235383,-1.032528216463));
#3091 = CARTESIAN_POINT('',(2.906175980637,-1.036354041026));
#3092 = CARTESIAN_POINT('',(2.903930385007,-1.040173948947));
#3093 = CARTESIAN_POINT('',(2.901650421914,-1.04398793052));
#3094 = CARTESIAN_POINT('',(2.899335016842,-1.047795968781));
#3095 = CARTESIAN_POINT('',(2.896983047347,-1.051598039515));
#3096 = ( GEOMETRIC_REPRESENTATION_CONTEXT(2) 
PARAMETRIC_REPRESENTATION_CONTEXT() REPRESENTATION_CONTEXT('2D SPACE',''
  ) );
#3097 = PCURVE('',#3098,#3134);
#3098 = ( BOUNDED_SURFACE() B_SPLINE_SURFACE(2,2,(
    (#3099,#3100,#3101,#3102,#3103)
    ,(#3104,#3105,#3106,#3107,#3108)
    ,(#3109,#3110,#3111,#3112,#3113)
    ,(#3114,#3115,#3116,#3117,#3118)
    ,(#3119,#3120,#3121,#3122,#3123)
    ,(#3124,#3125,#3126,#3127,#3128)
    ,(#3129,#3130,#3131,#3132,#3133
)),.UNSPECIFIED.,.T.,.F.,.F.) B_SPLINE_SURFACE_WITH_KNOTS((1,2,2,2,2,1),
  (3,2,3),(-2.094395102393,0.,2.094395102393,4.188790204786,
    6.28318530718,8.377580409573),(-1.570796326795,0.,1.570796326795),
.UNSPECIFIED.) GEOMETRIC_REPRESENTATION_ITEM() RATIONAL_B_SPLINE_SURFACE
((
    (1.,0.707106781187,1.,0.707106781187,1.)
    ,(0.5,0.353553390593,0.5,0.353553390593,0.5)
    ,(1.,0.707106781187,1.,0.707106781187,1.)
    ,(0.5,0.353553390593,0.5,0.353553390593,0.5)
    ,(1.,0.707106781187,1.,0.707106781187,1.)
    ,(0.5,0.353553390593,0.5,0.353553390593,0.5)
,(1.,0.707106781187,1.,0.707106781187,1.
))) REPRESENTATION_ITEM('') SURFACE() );
#3099 = CARTESIAN_POINT('',(4.592425496803E-16,0.868240888335,
    1.875961234939));
#3100 = CARTESIAN_POINT('',(7.5,0.868240888335,1.875961234939));
#3101 = CARTESIAN_POINT('',(7.5,0.,6.8));
#3102 = CARTESIAN_POINT('',(7.5,-0.868240888335,11.724038765061));
#3103 = CARTESIAN_POINT('',(4.592425496803E-16,-0.868240888335,
    11.724038765061));
#3104 = CARTESIAN_POINT('',(4.592425496803E-16,0.868240888335,
    1.875961234939));
#3105 = CARTESIAN_POINT('',(7.5,-9.366181495095,7.135643677374E-02));
#3106 = CARTESIAN_POINT('',(7.5,-10.23442238342,4.995395201835));
#3107 = CARTESIAN_POINT('',(7.5,-11.10266327176,9.919433966896));
#3108 = CARTESIAN_POINT('',(4.592425496803E-16,-0.868240888335,
    11.724038765061));
#3109 = CARTESIAN_POINT('',(-2.296212748401E-16,0.868240888335,
    1.875961234939));
#3110 = CARTESIAN_POINT('',(-3.75,-4.24897030338,0.973658835856));
#3111 = CARTESIAN_POINT('',(-3.75,-5.117211191715,5.897697600917));
#3112 = CARTESIAN_POINT('',(-3.75,-5.985452080049,10.821736365978));
#3113 = CARTESIAN_POINT('',(-2.296212748401E-16,-0.868240888335,
    11.724038765061));
#3114 = CARTESIAN_POINT('',(-9.184850993605E-16,0.868240888335,
    1.875961234939));
#3115 = CARTESIAN_POINT('',(-15.,0.868240888335,1.875961234939));
#3116 = CARTESIAN_POINT('',(-15.,-1.447249995002E-15,6.8));
#3117 = CARTESIAN_POINT('',(-15.,-0.868240888335,11.724038765061));
#3118 = CARTESIAN_POINT('',(-9.184850993605E-16,-0.868240888335,
    11.724038765061));
#3119 = CARTESIAN_POINT('',(-2.296212748401E-16,0.868240888335,
    1.875961234939));
#3120 = CARTESIAN_POINT('',(-3.75,5.985452080049,2.778263634022));
#3121 = CARTESIAN_POINT('',(-3.75,5.117211191715,7.702302399083));
#3122 = CARTESIAN_POINT('',(-3.75,4.24897030338,12.626341164144));
#3123 = CARTESIAN_POINT('',(-2.296212748401E-16,-0.868240888335,
    11.724038765061));
#3124 = CARTESIAN_POINT('',(4.592425496803E-16,0.868240888335,
    1.875961234939));
#3125 = CARTESIAN_POINT('',(7.5,11.102663271764,3.680566033104));
#3126 = CARTESIAN_POINT('',(7.5,10.234422383429,8.604604798165));
#3127 = CARTESIAN_POINT('',(7.5,9.366181495095,13.528643563226));
#3128 = CARTESIAN_POINT('',(4.592425496803E-16,-0.868240888335,
    11.724038765061));
#3129 = CARTESIAN_POINT('',(4.592425496803E-16,0.868240888335,
    1.875961234939));
#3130 = CARTESIAN_POINT('',(7.5,0.868240888335,1.875961234939));
#3131 = CARTESIAN_POINT('',(7.5,0.,6.8));
#3132 = CARTESIAN_POINT('',(7.5,-0.868240888335,11.724038765061));
#3133 = CARTESIAN_POINT('',(4.592425496803E-16,-0.868240888335,
    11.724038765061));
#3134 = DEFINITIONAL_REPRESENTATION('',(#3135),#3174);
#3135 = B_SPLINE_CURVE_WITH_KNOTS('',7,(#3136,#3137,#3138,#3139,#3140,
    #3141,#3142,#3143,#3144,#3145,#3146,#3147,#3148,#3149,#3150,#3151,
    #3152,#3153,#3154,#3155,#3156,#3157,#3158,#3159,#3160,#3161,#3162,
    #3163,#3164,#3165,#3166,#3167,#3168,#3169,#3170,#3171,#3172,#3173),
  .UNSPECIFIED.,.F.,.F.,(8,6,6,6,6,6,8),(0.,1.825735736048E-02,
    0.270264915811,0.422112462355,0.678850779369,0.968264161896,1.),
  .UNSPECIFIED.);
#3136 = CARTESIAN_POINT('',(3.141608472408,1.318473142509E-04));
#3137 = CARTESIAN_POINT('',(3.141180604026,-3.434622095254E-03));
#3138 = CARTESIAN_POINT('',(3.140752677966,-6.996049896123E-03));
#3139 = CARTESIAN_POINT('',(3.140324688479,-1.05523986796E-02));
#3140 = CARTESIAN_POINT('',(3.139896629831,-1.410363342485E-02));
#3141 = CARTESIAN_POINT('',(3.139468496309,-1.764972149894E-02));
#3142 = CARTESIAN_POINT('',(3.139040282213,-2.119063265685E-02));
#3143 = CARTESIAN_POINT('',(3.132700122697,-7.3529937273E-02));
#3144 = CARTESIAN_POINT('',(3.12676994888,-0.121357162391));
#3145 = CARTESIAN_POINT('',(3.120810820555,-0.168089765451));
#3146 = CARTESIAN_POINT('',(3.114805018767,-0.213682954057));
#3147 = CARTESIAN_POINT('',(3.108731493888,-0.258124475506));
#3148 = CARTESIAN_POINT('',(3.102567684717,-0.301412435235));
#3149 = CARTESIAN_POINT('',(3.092506423026,-0.368943020838));
#3150 = CARTESIAN_POINT('',(3.088680715194,-0.393925028937));
#3151 = CARTESIAN_POINT('',(3.084805847175,-0.418505777547));
#3152 = CARTESIAN_POINT('',(3.08087473027,-0.442695951403));
#3153 = CARTESIAN_POINT('',(3.076879448213,-0.46650844119));
#3154 = CARTESIAN_POINT('',(3.072811080716,-0.489957767448));
#3155 = CARTESIAN_POINT('',(3.061640230753,-0.55211908245));
#3156 = CARTESIAN_POINT('',(3.054384170188,-0.590178883051));
#3157 = CARTESIAN_POINT('',(3.046841101173,-0.627324391484));
#3158 = CARTESIAN_POINT('',(3.038951969827,-0.663635212835));
#3159 = CARTESIAN_POINT('',(3.030647074525,-0.699186542813));
#3160 = CARTESIAN_POINT('',(3.021837933889,-0.734051139817));
#3161 = CARTESIAN_POINT('',(3.001766986618,-0.806911535465));
#3162 = CARTESIAN_POINT('',(2.990338597003,-0.84473075921));
#3163 = CARTESIAN_POINT('',(2.977942827944,-0.881864597959));
#3164 = CARTESIAN_POINT('',(2.964359882617,-0.91839294942));
#3165 = CARTESIAN_POINT('',(2.94928560996,-0.954377030225));
#3166 = CARTESIAN_POINT('',(2.932309371044,-0.989861492829));
#3167 = CARTESIAN_POINT('',(2.910568127894,-1.028696477711));
#3168 = CARTESIAN_POINT('',(2.908388235378,-1.032528216472));
#3169 = CARTESIAN_POINT('',(2.906175980629,-1.036354041039));
#3170 = CARTESIAN_POINT('',(2.903930385003,-1.040173948954));
#3171 = CARTESIAN_POINT('',(2.901650421919,-1.043987930511));
#3172 = CARTESIAN_POINT('',(2.899335016858,-1.047795968756));
#3173 = CARTESIAN_POINT('',(2.896983047363,-1.051598039489));
#3174 = ( GEOMETRIC_REPRESENTATION_CONTEXT(2) 
PARAMETRIC_REPRESENTATION_CONTEXT() REPRESENTATION_CONTEXT('2D SPACE',''
  ) );
#3175 = ORIENTED_EDGE('',*,*,#3176,.F.);
#3176 = EDGE_CURVE('',#3177,#3013,#3179,.T.);
#3177 = VERTEX_POINT('',#3178);
#3178 = CARTESIAN_POINT('',(-6.741823158529,-2.611535632962,6.8));
#3179 = SURFACE_CURVE('',#3180,(#3267,#3357),.PCURVE_S1.);
#3180 = B_SPLINE_CURVE_WITH_KNOTS('',7,(#3181,#3182,#3183,#3184,#3185,
    #3186,#3187,#3188,#3189,#3190,#3191,#3192,#3193,#3194,#3195,#3196,
    #3197,#3198,#3199,#3200,#3201,#3202,#3203,#3204,#3205,#3206,#3207,
    #3208,#3209,#3210,#3211,#3212,#3213,#3214,#3215,#3216,#3217,#3218,
    #3219,#3220,#3221,#3222,#3223,#3224,#3225,#3226,#3227,#3228,#3229,
    #3230,#3231,#3232,#3233,#3234,#3235,#3236,#3237,#3238,#3239,#3240,
    #3241,#3242,#3243,#3244,#3245,#3246,#3247,#3248,#3249,#3250,#3251,
    #3252,#3253,#3254,#3255,#3256,#3257,#3258,#3259,#3260,#3261,#3262,
    #3263,#3264,#3265,#3266),.UNSPECIFIED.,.F.,.F.,(8,6,6,6,6,6,6,6,6,6,
    6,6,6,6,8),(0.,2.469488150899E-03,1.13743138892E-02,0.126707646267,
    0.196205843394,0.28037009312,0.341492290924,0.386433088518,
    0.498796235263,0.624182851629,0.674618773177,0.678835499621,
    0.83134187888,0.891865204135,1.),.UNSPECIFIED.);
#3181 = CARTESIAN_POINT('',(7.5,9.138217382798E-08,6.800000518254));
#3182 = CARTESIAN_POINT('',(7.500000000138,-7.393137482796E-03,
    6.799998253882));
#3183 = CARTESIAN_POINT('',(7.499986538685,-1.478677042226E-02,
    6.800002249815));
#3184 = CARTESIAN_POINT('',(7.499959612738,-2.218085910637E-02,
    6.799999308587));
#3185 = CARTESIAN_POINT('',(7.499919219574,-2.957531526087E-02,
    6.799998677189));
#3186 = CARTESIAN_POINT('',(7.499865356652,-3.69701008614E-02,
    6.800001587353));
#3187 = CARTESIAN_POINT('',(7.499798021605,-4.436524002226E-02,
    6.799999349447));
#3188 = CARTESIAN_POINT('',(7.499425818692,-7.842806555133E-02,6.8));
#3189 = CARTESIAN_POINT('',(7.498959221467,-0.105099265591,6.8));
#3190 = CARTESIAN_POINT('',(7.498317317984,-0.131772830435,6.8));
#3191 = CARTESIAN_POINT('',(7.497500035852,-0.158447337886,6.8));
#3192 = CARTESIAN_POINT('',(7.496507332872,-0.185121365809,6.8));
#3193 = CARTESIAN_POINT('',(7.495339197041,-0.211793492133,6.8));
#3194 = CARTESIAN_POINT('',(7.476594606986,-0.583870742597,
    6.800000000001));
#3195 = CARTESIAN_POINT('',(7.429756635477,-0.928907871562,
    6.799999999999));
#3196 = CARTESIAN_POINT('',(7.353489687423,-1.270125790529,6.8));
#3197 = CARTESIAN_POINT('',(7.248785401964,-1.604605442798,
    6.800000000001));
#3198 = CARTESIAN_POINT('',(7.117247765451,-1.92988558669,6.799999999999
    ));
#3199 = CARTESIAN_POINT('',(6.960872032097,-2.243914654579,6.8));
#3200 = CARTESIAN_POINT('',(6.674172450447,-2.726470506917,6.8));
#3201 = CARTESIAN_POINT('',(6.558163751962,-2.903271511227,6.8));
#3202 = CARTESIAN_POINT('',(6.434421337715,-3.075103146762,6.8));
#3203 = CARTESIAN_POINT('',(6.303428760403,-3.241708751538,6.8));
#3204 = CARTESIAN_POINT('',(6.165667347828,-3.402891021817,6.8));
#3205 = CARTESIAN_POINT('',(6.021603956688,-3.558502675707,6.8));
#3206 = CARTESIAN_POINT('',(5.690115259211,-3.890012051863,6.8));
#3207 = CARTESIAN_POINT('',(5.49996239109,-4.063253900715,6.8));
#3208 = CARTESIAN_POINT('',(5.301998737025,-4.227983430689,6.8));
#3209 = CARTESIAN_POINT('',(5.096963383335,-4.38409079796,6.8));
#3210 = CARTESIAN_POINT('',(4.885546251811,-4.531522353879,6.8));
#3211 = CARTESIAN_POINT('',(4.668378463877,-4.670267451337,6.8));
#3212 = CARTESIAN_POINT('',(4.284542368636,-4.894811052897,6.8));
#3213 = CARTESIAN_POINT('',(4.120331301468,-4.984702695694,6.8));
#3214 = CARTESIAN_POINT('',(3.953608328498,-5.070026444246,6.8));
#3215 = CARTESIAN_POINT('',(3.784580906435,-5.150793444394,6.8));
#3216 = CARTESIAN_POINT('',(3.61344473664,-5.227018700941,6.8));
#3217 = CARTESIAN_POINT('',(3.440383378326,-5.298720055513,6.8));
#3218 = CARTESIAN_POINT('',(3.13703275186,-5.415324624403,6.8));
#3219 = CARTESIAN_POINT('',(3.007550292096,-5.462296591722,6.8));
#3220 = CARTESIAN_POINT('',(2.877189002201,-5.50684081804,6.8));
#3221 = CARTESIAN_POINT('',(2.74601501347,-5.548965000675,6.8));
#3222 = CARTESIAN_POINT('',(2.614092068749,-5.588676782596,6.8));
#3223 = CARTESIAN_POINT('',(2.481481522438,-5.62598375242,6.8));
#3224 = CARTESIAN_POINT('',(2.015111211213,-5.748175921716,6.8));
#3225 = CARTESIAN_POINT('',(1.678070345263,-5.820468364512,6.8));
#3226 = CARTESIAN_POINT('',(1.33801523892,-5.877892115292,6.8));
#3227 = CARTESIAN_POINT('',(0.995803961903,-5.920546073594,6.8));
#3228 = CARTESIAN_POINT('',(0.652258959401,-5.948505732178,6.8));
#3229 = CARTESIAN_POINT('',(0.308168854104,-5.961822213206,6.8));
#3230 = CARTESIAN_POINT('',(-0.419445664343,-5.959069205713,6.8));
#3231 = CARTESIAN_POINT('',(-0.802865153036,-5.939413313961,6.8));
#3232 = CARTESIAN_POINT('',(-1.184928278911,-5.901592539031,6.8));
#3233 = CARTESIAN_POINT('',(-1.564528184641,-5.845593221913,6.8));
#3234 = CARTESIAN_POINT('',(-1.940492406258,-5.771379557653,6.8));
#3235 = CARTESIAN_POINT('',(-2.311580029827,-5.67890770027,6.8));
#3236 = CARTESIAN_POINT('',(-2.823251077654,-5.523561256696,6.8));
#3237 = CARTESIAN_POINT('',(-2.96902023513,-5.476038016103,6.8));
#3238 = CARTESIAN_POINT('',(-3.113693703256,-5.425550918002,6.8));
#3239 = CARTESIAN_POINT('',(-3.257178821273,-5.372098620663,6.8));
#3240 = CARTESIAN_POINT('',(-3.399378729844,-5.315681350518,6.8));
#3241 = CARTESIAN_POINT('',(-3.540192371054,-5.256300902155,6.8));
#3242 = CARTESIAN_POINT('',(-3.691162603878,-5.188748650003,6.8));
#3243 = CARTESIAN_POINT('',(-3.702627708585,-5.183593208071,6.8));
#3244 = CARTESIAN_POINT('',(-3.714108061772,-5.178406885134,6.8));
#3245 = CARTESIAN_POINT('',(-3.72568421758,-5.173152483065,6.8));
#3246 = CARTESIAN_POINT('',(-3.737353335936,-5.167829777552,6.8));
#3247 = CARTESIAN_POINT('',(-3.749000446631,-5.162490594093,6.8));
#3248 = CARTESIAN_POINT('',(-4.173394686136,-4.967036060801,6.8));
#3249 = CARTESIAN_POINT('',(-4.574567227249,-4.749726332312,6.8));
#3250 = CARTESIAN_POINT('',(-4.961268693817,-4.504830587506,6.8));
#3251 = CARTESIAN_POINT('',(-5.33011239805,-4.232048131597,6.8));
#3252 = CARTESIAN_POINT('',(-5.677089728301,-3.931426957743,6.8));
#3253 = CARTESIAN_POINT('',(-5.997709047927,-3.603568202368,6.8));
#3254 = CARTESIAN_POINT('',(-6.402054312103,-3.109485103363,6.8));
#3255 = CARTESIAN_POINT('',(-6.512009320736,-2.965061183973,6.8));
#3256 = CARTESIAN_POINT('',(-6.616734918292,-2.816688493858,6.8));
#3257 = CARTESIAN_POINT('',(-6.715914344344,-2.664497332458,6.8));
#3258 = CARTESIAN_POINT('',(-6.809228034622,-2.508650264833,6.8));
#3259 = CARTESIAN_POINT('',(-6.896360785931,-2.349346653738,6.8));
#3260 = CARTESIAN_POINT('',(-7.121099920203,-1.896459628832,
    6.800000000008));
#3261 = CARTESIAN_POINT('',(-7.244545830168,-1.595720600251,
    6.799999999977));
#3262 = CARTESIAN_POINT('',(-7.345509693471,-1.286128059955,
    6.800000000023));
#3263 = CARTESIAN_POINT('',(-7.422455760199,-0.969476684682,
    6.800000000008));
#3264 = CARTESIAN_POINT('',(-7.474195097708,-0.64784632996,
    6.799999999962));
#3265 = CARTESIAN_POINT('',(-7.500030397524,-0.323626753669,
    6.800000000036));
#3266 = CARTESIAN_POINT('',(-7.499999979436,4.4139290861E-04,
    6.799999999985));
#3267 = PCURVE('',#187,#3268);
#3268 = DEFINITIONAL_REPRESENTATION('',(#3269),#3356);
#3269 = B_SPLINE_CURVE_WITH_KNOTS('',7,(#3270,#3271,#3272,#3273,#3274,
    #3275,#3276,#3277,#3278,#3279,#3280,#3281,#3282,#3283,#3284,#3285,
    #3286,#3287,#3288,#3289,#3290,#3291,#3292,#3293,#3294,#3295,#3296,
    #3297,#3298,#3299,#3300,#3301,#3302,#3303,#3304,#3305,#3306,#3307,
    #3308,#3309,#3310,#3311,#3312,#3313,#3314,#3315,#3316,#3317,#3318,
    #3319,#3320,#3321,#3322,#3323,#3324,#3325,#3326,#3327,#3328,#3329,
    #3330,#3331,#3332,#3333,#3334,#3335,#3336,#3337,#3338,#3339,#3340,
    #3341,#3342,#3343,#3344,#3345,#3346,#3347,#3348,#3349,#3350,#3351,
    #3352,#3353,#3354,#3355),.UNSPECIFIED.,.F.,.F.,(8,6,6,6,6,6,6,6,6,6,
    6,6,6,6,8),(0.,2.469488150899E-03,1.13743138892E-02,0.126707646267,
    0.196205843394,0.28037009312,0.341492290924,0.386433088518,
    0.498796235263,0.624182851629,0.674618773177,0.678835499621,
    0.83134187888,0.891865204135,1.),.UNSPECIFIED.);
#3270 = CARTESIAN_POINT('',(6.28318530718,1.169031194348E-07));
#3271 = CARTESIAN_POINT('',(6.281718041044,-2.855717308238E-04));
#3272 = CARTESIAN_POINT('',(6.28025167499,-5.698710024976E-04));
#3273 = CARTESIAN_POINT('',(6.278786653347,-8.556701516017E-04));
#3274 = CARTESIAN_POINT('',(6.277322662753,-1.140942862484E-03));
#3275 = CARTESIAN_POINT('',(6.275859660375,-1.425418251613E-03));
#3276 = CARTESIAN_POINT('',(6.27439793825,-1.710998322319E-03));
#3277 = CARTESIAN_POINT('',(6.267670057233,-3.023852327902E-03));
#3278 = CARTESIAN_POINT('',(6.262417261275,-4.051471847809E-03));
#3279 = CARTESIAN_POINT('',(6.257178776837,-5.078727919704E-03));
#3280 = CARTESIAN_POINT('',(6.251954545026,-6.10556815766E-03));
#3281 = CARTESIAN_POINT('',(6.246744507112,-7.131940316625E-03));
#3282 = CARTESIAN_POINT('',(6.241548604528,-8.157792292425E-03));
#3283 = CARTESIAN_POINT('',(6.169252746542,-2.246227000218E-02));
#3284 = CARTESIAN_POINT('',(6.104464977196,-3.565265102368E-02));
#3285 = CARTESIAN_POINT('',(6.041946957546,-4.862737857727E-02));
#3286 = CARTESIAN_POINT('',(5.981544983439,-6.128421722411E-02));
#3287 = CARTESIAN_POINT('',(5.923090524889,-7.354022755123E-02));
#3288 = CARTESIAN_POINT('',(5.86643701883,-8.532821898887E-02));
#3289 = CARTESIAN_POINT('',(5.778317440532,-0.103384136591));
#3290 = CARTESIAN_POINT('',(5.745781165624,-0.109985784654));
#3291 = CARTESIAN_POINT('',(5.713806091262,-0.116389733471));
#3292 = CARTESIAN_POINT('',(5.682355455556,-0.122588281207));
#3293 = CARTESIAN_POINT('',(5.651392323098,-0.128575813296));
#3294 = CARTESIAN_POINT('',(5.620879999732,-0.134348420229));
#3295 = CARTESIAN_POINT('',(5.55433341985,-0.146630897999));
#3296 = CARTESIAN_POINT('',(5.518494010752,-0.153039026255));
#3297 = CARTESIAN_POINT('',(5.483198003927,-0.159123712685));
#3298 = CARTESIAN_POINT('',(5.448383432689,-0.164882968231));
#3299 = CARTESIAN_POINT('',(5.413991176797,-0.17031654754));
#3300 = CARTESIAN_POINT('',(5.379963559482,-0.175425494301));
#3301 = CARTESIAN_POINT('',(5.32175417277,-0.183687541392));
#3302 = CARTESIAN_POINT('',(5.297428085134,-0.186993065704));
#3303 = CARTESIAN_POINT('',(5.273242965633,-0.190128941808));
#3304 = CARTESIAN_POINT('',(5.249178079941,-0.193095962614));
#3305 = CARTESIAN_POINT('',(5.225213327868,-0.195895003002));
#3306 = CARTESIAN_POINT('',(5.201328895888,-0.198526991199));
#3307 = CARTESIAN_POINT('',(5.159988068909,-0.202805953433));
#3308 = CARTESIAN_POINT('',(5.142503986747,-0.20452921624));
#3309 = CARTESIAN_POINT('',(5.125044926053,-0.206163042998));
#3310 = CARTESIAN_POINT('',(5.107603199377,-0.207707796025));
#3311 = CARTESIAN_POINT('',(5.090171168963,-0.20916382552));
#3312 = CARTESIAN_POINT('',(5.072741246741,-0.210531469565));
#3313 = CARTESIAN_POINT('',(5.011713124818,-0.215010316904));
#3314 = CARTESIAN_POINT('',(4.968088715674,-0.217658963675));
#3315 = CARTESIAN_POINT('',(4.924309989215,-0.21976222783));
#3316 = CARTESIAN_POINT('',(4.880259643356,-0.22132424209));
#3317 = CARTESIAN_POINT('',(4.835819159105,-0.222348059254));
#3318 = CARTESIAN_POINT('',(4.790862208067,-0.222835672945));
#3319 = CARTESIAN_POINT('',(4.694346994585,-0.222734865804));
#3320 = CARTESIAN_POINT('',(4.642634316036,-0.222015111485));
#3321 = CARTESIAN_POINT('',(4.589913377761,-0.22063018777));
#3322 = CARTESIAN_POINT('',(4.535978156191,-0.218579351599));
#3323 = CARTESIAN_POINT('',(4.480603668378,-0.215860816684));
#3324 = CARTESIAN_POINT('',(4.42353019445,-0.21247216727));
#3325 = CARTESIAN_POINT('',(4.34067324854,-0.206776120016));
#3326 = CARTESIAN_POINT('',(4.316579752685,-0.20503327417));
#3327 = CARTESIAN_POINT('',(4.292140981486,-0.203181344622));
#3328 = CARTESIAN_POINT('',(4.267335682621,-0.201220180192));
#3329 = CARTESIAN_POINT('',(4.242141187282,-0.199149669855));
#3330 = CARTESIAN_POINT('',(4.216533410175,-0.196969742742));
#3331 = CARTESIAN_POINT('',(4.188309860399,-0.194488963808));
#3332 = CARTESIAN_POINT('',(4.186156292959,-0.194299630811));
#3333 = CARTESIAN_POINT('',(4.184015347176,-0.19410915866));
#3334 = CARTESIAN_POINT('',(4.181841316803,-0.193916180979));
#3335 = CARTESIAN_POINT('',(4.17966123978,-0.193720689121));
#3336 = CARTESIAN_POINT('',(4.1774798922,-0.193524586289));
#3337 = CARTESIAN_POINT('',(4.098056641598,-0.186345535543));
#3338 = CARTESIAN_POINT('',(4.023179559501,-0.178356637476));
#3339 = CARTESIAN_POINT('',(3.95018271858,-0.169342864964));
#3340 = CARTESIAN_POINT('',(3.878667477612,-0.159286899399));
#3341 = CARTESIAN_POINT('',(3.808294511777,-0.148181270876));
#3342 = CARTESIAN_POINT('',(3.738748122462,-0.136035227718));
#3343 = CARTESIAN_POINT('',(3.642348214789,-0.117663695561));
#3344 = CARTESIAN_POINT('',(3.615048257725,-0.112286522791));
#3345 = CARTESIAN_POINT('',(3.587820605788,-0.106754420057));
#3346 = CARTESIAN_POINT('',(3.560651033921,-0.101071078041));
#3347 = CARTESIAN_POINT('',(3.533526980443,-9.524131526799E-02));
#3348 = CARTESIAN_POINT('',(3.506437758377,-8.927127439116E-02));
#3349 = CARTESIAN_POINT('',(3.431022287265,-7.226522811029E-02));
#3350 = CARTESIAN_POINT('',(3.382736217411,-6.093453862498E-02));
#3351 = CARTESIAN_POINT('',(3.33449374494,-4.922569983772E-02));
#3352 = CARTESIAN_POINT('',(3.286266378808,-3.719817196951E-02));
#3353 = CARTESIAN_POINT('',(3.238026408555,-2.492278964994E-02));
#3354 = CARTESIAN_POINT('',(3.189765717624,-1.24839569389E-02));
#3355 = CARTESIAN_POINT('',(3.141526950648,1.702664157949E-05));
#3356 = ( GEOMETRIC_REPRESENTATION_CONTEXT(2) 
PARAMETRIC_REPRESENTATION_CONTEXT() REPRESENTATION_CONTEXT('2D SPACE',''
  ) );
#3357 = PCURVE('',#3098,#3358);
#3358 = DEFINITIONAL_REPRESENTATION('',(#3359),#3446);
#3359 = B_SPLINE_CURVE_WITH_KNOTS('',7,(#3360,#3361,#3362,#3363,#3364,
    #3365,#3366,#3367,#3368,#3369,#3370,#3371,#3372,#3373,#3374,#3375,
    #3376,#3377,#3378,#3379,#3380,#3381,#3382,#3383,#3384,#3385,#3386,
    #3387,#3388,#3389,#3390,#3391,#3392,#3393,#3394,#3395,#3396,#3397,
    #3398,#3399,#3400,#3401,#3402,#3403,#3404,#3405,#3406,#3407,#3408,
    #3409,#3410,#3411,#3412,#3413,#3414,#3415,#3416,#3417,#3418,#3419,
    #3420,#3421,#3422,#3423,#3424,#3425,#3426,#3427,#3428,#3429,#3430,
    #3431,#3432,#3433,#3434,#3435,#3436,#3437,#3438,#3439,#3440,#3441,
    #3442,#3443,#3444,#3445),.UNSPECIFIED.,.F.,.F.,(8,6,6,6,6,6,6,6,6,6,
    6,6,6,6,8),(0.,2.469488150899E-03,1.13743138892E-02,0.126707646267,
    0.196205843394,0.28037009312,0.341492290924,0.386433088518,
    0.498796235263,0.624182851629,0.674618773177,0.678835499621,
    0.83134187888,0.891865204135,1.),.UNSPECIFIED.);
#3360 = CARTESIAN_POINT('',(1.523314683311E-11,1.568147050176E-08));
#3361 = CARTESIAN_POINT('',(1.467266094509E-03,2.851249972224E-04));
#3362 = CARTESIAN_POINT('',(2.933632242087E-03,5.70446606728E-04));
#3363 = CARTESIAN_POINT('',(4.398653816811E-03,8.554932559657E-04));
#3364 = CARTESIAN_POINT('',(5.862644395667E-03,1.140604427144E-03));
#3365 = CARTESIAN_POINT('',(7.32564684228E-03,1.42582436764E-03));
#3366 = CARTESIAN_POINT('',(8.787368914505E-03,1.710831881904E-03));
#3367 = CARTESIAN_POINT('',(1.551524994659E-02,3.023852327975E-03));
#3368 = CARTESIAN_POINT('',(2.076804590441E-02,4.051471847857E-03));
#3369 = CARTESIAN_POINT('',(2.600653034212E-02,5.078727919609E-03));
#3370 = CARTESIAN_POINT('',(3.123076215335E-02,6.105568157524E-03));
#3371 = CARTESIAN_POINT('',(3.644080006783E-02,7.131940316586E-03));
#3372 = CARTESIAN_POINT('',(4.163670265141E-02,8.157792292465E-03));
#3373 = CARTESIAN_POINT('',(0.113932560637,2.246227000262E-02));
#3374 = CARTESIAN_POINT('',(0.178720329984,3.565265102322E-02));
#3375 = CARTESIAN_POINT('',(0.241238349634,4.862737857737E-02));
#3376 = CARTESIAN_POINT('',(0.301640323741,6.128421722438E-02));
#3377 = CARTESIAN_POINT('',(0.360094782291,7.354022755093E-02));
#3378 = CARTESIAN_POINT('',(0.416748288349,8.532821898898E-02));
#3379 = CARTESIAN_POINT('',(0.504867866648,0.103384136592));
#3380 = CARTESIAN_POINT('',(0.537404141555,0.109985784654));
#3381 = CARTESIAN_POINT('',(0.569379215918,0.116389733471));
#3382 = CARTESIAN_POINT('',(0.600829851623,0.122588281207));
#3383 = CARTESIAN_POINT('',(0.631792984081,0.128575813296));
#3384 = CARTESIAN_POINT('',(0.662305307447,0.134348420229));
#3385 = CARTESIAN_POINT('',(0.728851887329,0.146630897999));
#3386 = CARTESIAN_POINT('',(0.764691296428,0.153039026255));
#3387 = CARTESIAN_POINT('',(0.799987303253,0.159123712685));
#3388 = CARTESIAN_POINT('',(0.834801874491,0.164882968231));
#3389 = CARTESIAN_POINT('',(0.869194130383,0.17031654754));
#3390 = CARTESIAN_POINT('',(0.903221747697,0.175425494301));
#3391 = CARTESIAN_POINT('',(0.96143113441,0.183687541392));
#3392 = CARTESIAN_POINT('',(0.985757222046,0.186993065704));
#3393 = CARTESIAN_POINT('',(1.009942341547,0.190128941808));
#3394 = CARTESIAN_POINT('',(1.034007227238,0.193095962614));
#3395 = CARTESIAN_POINT('',(1.057971979312,0.195895003002));
#3396 = CARTESIAN_POINT('',(1.081856411291,0.198526991199));
#3397 = CARTESIAN_POINT('',(1.12319723827,0.202805953433));
#3398 = CARTESIAN_POINT('',(1.140681320432,0.20452921624));
#3399 = CARTESIAN_POINT('',(1.158140381127,0.206163042998));
#3400 = CARTESIAN_POINT('',(1.175582107802,0.207707796025));
#3401 = CARTESIAN_POINT('',(1.193014138216,0.20916382552));
#3402 = CARTESIAN_POINT('',(1.210444060438,0.210531469565));
#3403 = CARTESIAN_POINT('',(1.271472182361,0.215010316904));
#3404 = CARTESIAN_POINT('',(1.315096591506,0.217658963675));
#3405 = CARTESIAN_POINT('',(1.358875317964,0.21976222783));
#3406 = CARTESIAN_POINT('',(1.402925663824,0.22132424209));
#3407 = CARTESIAN_POINT('',(1.447366148075,0.222348059254));
#3408 = CARTESIAN_POINT('',(1.492323099113,0.222835672945));
#3409 = CARTESIAN_POINT('',(1.588838312595,0.222734865804));
#3410 = CARTESIAN_POINT('',(1.640550991144,0.222015111485));
#3411 = CARTESIAN_POINT('',(1.693271929419,0.22063018777));
#3412 = CARTESIAN_POINT('',(1.747207150988,0.218579351599));
#3413 = CARTESIAN_POINT('',(1.802581638802,0.215860816684));
#3414 = CARTESIAN_POINT('',(1.859655112729,0.21247216727));
#3415 = CARTESIAN_POINT('',(1.942512058639,0.206776120016));
#3416 = CARTESIAN_POINT('',(1.966605554495,0.20503327417));
#3417 = CARTESIAN_POINT('',(1.991044325694,0.203181344622));
#3418 = CARTESIAN_POINT('',(2.015849624559,0.201220180192));
#3419 = CARTESIAN_POINT('',(2.041044119897,0.199149669855));
#3420 = CARTESIAN_POINT('',(2.066651897004,0.196969742742));
#3421 = CARTESIAN_POINT('',(2.09487544678,0.194488963809));
#3422 = CARTESIAN_POINT('',(2.09702901422,0.194299630811));
#3423 = CARTESIAN_POINT('',(2.099169960004,0.19410915866));
#3424 = CARTESIAN_POINT('',(2.101343990376,0.193916180979));
#3425 = CARTESIAN_POINT('',(2.103524067401,0.193720689121));
#3426 = CARTESIAN_POINT('',(2.105705414979,0.193524586289));
#3427 = CARTESIAN_POINT('',(2.185128665581,0.186345535543));
#3428 = CARTESIAN_POINT('',(2.260005747678,0.178356637475));
#3429 = CARTESIAN_POINT('',(2.333002588599,0.169342864964));
#3430 = CARTESIAN_POINT('',(2.404517829567,0.159286899399));
#3431 = CARTESIAN_POINT('',(2.474890795402,0.148181270876));
#3432 = CARTESIAN_POINT('',(2.544437184718,0.136035227718));
#3433 = CARTESIAN_POINT('',(2.640837092391,0.117663695561));
#3434 = CARTESIAN_POINT('',(2.668137049455,0.112286522791));
#3435 = CARTESIAN_POINT('',(2.695364701391,0.106754420057));
#3436 = CARTESIAN_POINT('',(2.722534273259,0.101071078041));
#3437 = CARTESIAN_POINT('',(2.749658326736,9.524131526799E-02));
#3438 = CARTESIAN_POINT('',(2.776747548802,8.927127439114E-02));
#3439 = CARTESIAN_POINT('',(2.852163019915,7.226522811358E-02));
#3440 = CARTESIAN_POINT('',(2.900449089768,6.093453861505E-02));
#3441 = CARTESIAN_POINT('',(2.948691562241,4.922569984766E-02));
#3442 = CARTESIAN_POINT('',(2.996918928372,3.719817197283E-02));
#3443 = CARTESIAN_POINT('',(3.045158898623,2.492278963339E-02));
#3444 = CARTESIAN_POINT('',(3.093419589558,1.24839569545E-02));
#3445 = CARTESIAN_POINT('',(3.14165835653,-1.702664813837E-05));
#3446 = ( GEOMETRIC_REPRESENTATION_CONTEXT(2) 
PARAMETRIC_REPRESENTATION_CONTEXT() REPRESENTATION_CONTEXT('2D SPACE',''
  ) );
#3447 = ORIENTED_EDGE('',*,*,#3448,.F.);
#3448 = EDGE_CURVE('',#3449,#3177,#3451,.T.);
#3449 = VERTEX_POINT('',#3450);
#3450 = CARTESIAN_POINT('',(1.336734414793,-5.865151632813,6.8));
#3451 = SURFACE_CURVE('',#3452,(#3805,#4161),.PCURVE_S1.);
#3452 = B_SPLINE_CURVE_WITH_KNOTS('',8,(#3453,#3454,#3455,#3456,#3457,
    #3458,#3459,#3460,#3461,#3462,#3463,#3464,#3465,#3466,#3467,#3468,
    #3469,#3470,#3471,#3472,#3473,#3474,#3475,#3476,#3477,#3478,#3479,
    #3480,#3481,#3482,#3483,#3484,#3485,#3486,#3487,#3488,#3489,#3490,
    #3491,#3492,#3493,#3494,#3495,#3496,#3497,#3498,#3499,#3500,#3501,
    #3502,#3503,#3504,#3505,#3506,#3507,#3508,#3509,#3510,#3511,#3512,
    #3513,#3514,#3515,#3516,#3517,#3518,#3519,#3520,#3521,#3522,#3523,
    #3524,#3525,#3526,#3527,#3528,#3529,#3530,#3531,#3532,#3533,#3534,
    #3535,#3536,#3537,#3538,#3539,#3540,#3541,#3542,#3543,#3544,#3545,
    #3546,#3547,#3548,#3549,#3550,#3551,#3552,#3553,#3554,#3555,#3556,
    #3557,#3558,#3559,#3560,#3561,#3562,#3563,#3564,#3565,#3566,#3567,
    #3568,#3569,#3570,#3571,#3572,#3573,#3574,#3575,#3576,#3577,#3578,
    #3579,#3580,#3581,#3582,#3583,#3584,#3585,#3586,#3587,#3588,#3589,
    #3590,#3591,#3592,#3593,#3594,#3595,#3596,#3597,#3598,#3599,#3600,
    #3601,#3602,#3603,#3604,#3605,#3606,#3607,#3608,#3609,#3610,#3611,
    #3612,#3613,#3614,#3615,#3616,#3617,#3618,#3619,#3620,#3621,#3622,
    #3623,#3624,#3625,#3626,#3627,#3628,#3629,#3630,#3631,#3632,#3633,
    #3634,#3635,#3636,#3637,#3638,#3639,#3640,#3641,#3642,#3643,#3644,
    #3645,#3646,#3647,#3648,#3649,#3650,#3651,#3652,#3653,#3654,#3655,
    #3656,#3657,#3658,#3659,#3660,#3661,#3662,#3663,#3664,#3665,#3666,
    #3667,#3668,#3669,#3670,#3671,#3672,#3673,#3674,#3675,#3676,#3677,
    #3678,#3679,#3680,#3681,#3682,#3683,#3684,#3685,#3686,#3687,#3688,
    #3689,#3690,#3691,#3692,#3693,#3694,#3695,#3696,#3697,#3698,#3699,
    #3700,#3701,#3702,#3703,#3704,#3705,#3706,#3707,#3708,#3709,#3710,
    #3711,#3712,#3713,#3714,#3715,#3716,#3717,#3718,#3719,#3720,#3721,
    #3722,#3723,#3724,#3725,#3726,#3727,#3728,#3729,#3730,#3731,#3732,
    #3733,#3734,#3735,#3736,#3737,#3738,#3739,#3740,#3741,#3742,#3743,
    #3744,#3745,#3746,#3747,#3748,#3749,#3750,#3751,#3752,#3753,#3754,
    #3755,#3756,#3757,#3758,#3759,#3760,#3761,#3762,#3763,#3764,#3765,
    #3766,#3767,#3768,#3769,#3770,#3771,#3772,#3773,#3774,#3775,#3776,
    #3777,#3778,#3779,#3780,#3781,#3782,#3783,#3784,#3785,#3786,#3787,
    #3788,#3789,#3790,#3791,#3792,#3793,#3794,#3795,#3796,#3797,#3798,
    #3799,#3800,#3801,#3802,#3803,#3804),.UNSPECIFIED.,.F.,.F.,(9,7,7,7,
    7,7,7,7,7,7,7,7,7,7,7,7,7,7,7,7,7,7,7,7,7,7,7,7,7,7,7,7,7,7,7,7,7,7,
    7,7,7,7,7,7,7,7,7,7,7,7,9),(0.,2.05844852006E-02,6.170491525386E-02,
    0.105005502668,0.106479820865,0.162002667759,0.228264346113,
    0.23147915392,0.283333490988,0.326709734254,0.369280927746,
    0.378804090294,0.388213061231,0.391850775732,0.395801009001,
    0.399597107982,0.406770358195,0.412467468843,0.420650610049,
    0.432318278836,0.448317946931,0.457627889822,0.465567480194,
    0.482540525898,0.496416681917,0.506526027075,0.513621881717,
    0.518472403163,0.521870339615,0.524374954064,0.527486707845,
    0.529205431341,0.531202851026,0.53393569435,0.538800603929,
    0.551106522363,0.564232721068,0.575357936177,0.579488207892,
    0.64257669679,0.707860762575,0.771783291931,0.777214326678,
    0.814143363504,0.816403907826,0.820115325165,0.823859259958,
    0.876252314242,0.905343113114,0.995481695669,1.),.UNSPECIFIED.);
#3453 = CARTESIAN_POINT('',(1.217968854517,-4.449199371298,
    3.784508914015));
#3454 = CARTESIAN_POINT('',(1.249331734906,-4.478058543895,
    3.819250473597));
#3455 = CARTESIAN_POINT('',(1.279860948835,-4.50698258334,3.854668504651
    ));
#3456 = CARTESIAN_POINT('',(1.309530273645,-4.535955829592,
    3.890757302473));
#3457 = CARTESIAN_POINT('',(1.338313882426,-4.564961709189,
    3.927509974307));
#3458 = CARTESIAN_POINT('',(1.366186512707,-4.593982734527,
    3.964918326608));
#3459 = CARTESIAN_POINT('',(1.393123635152,-4.623000503139,
    4.002972752308));
#3460 = CARTESIAN_POINT('',(1.41910162225,-4.651995696977,4.04166211808)
  );
#3461 = CARTESIAN_POINT('',(1.494031562669,-4.738784578394,
    4.159504017973));
#3462 = CARTESIAN_POINT('',(1.540052621063,-4.796455882206,
    4.240525205571));
#3463 = CARTESIAN_POINT('',(1.581974586406,-4.853794601201,
    4.323926731577));
#3464 = CARTESIAN_POINT('',(1.619636489159,-4.910625284068,
    4.409580719509));
#3465 = CARTESIAN_POINT('',(1.652906085238,-4.966766364775,
    4.497340060112));
#3466 = CARTESIAN_POINT('',(1.681683045211,-5.022032107234,
    4.587036572247));
#3467 = CARTESIAN_POINT('',(1.70590214351,-5.076234549966,4.678479163778
    ));
#3468 = CARTESIAN_POINT('',(1.746211739716,-5.184943746721,
    4.869354132356));
#3469 = CARTESIAN_POINT('',(1.761806548404,-5.239323929134,
    4.968969676415));
#3470 = CARTESIAN_POINT('',(1.772287649985,-5.292105970738,
    5.070046204683));
#3471 = CARTESIAN_POINT('',(1.77767473212,-5.343087795061,5.172330669481
    ));
#3472 = CARTESIAN_POINT('',(1.77803387019,-5.392086484262,5.275569815748
    ));
#3473 = CARTESIAN_POINT('',(1.773471003645,-5.438939486968,
    5.379510601376));
#3474 = CARTESIAN_POINT('',(1.764125412352,-5.483505826117,
    5.483900617556));
#3475 = CARTESIAN_POINT('',(1.749687800915,-5.527102840161,
    5.592049565463));
#3476 = CARTESIAN_POINT('',(1.749206882262,-5.528536122809,
    5.595612180279));
#3477 = CARTESIAN_POINT('',(1.748720351184,-5.52996738611,5.599176945355
    ));
#3478 = CARTESIAN_POINT('',(1.74822814848,-5.531396781733,5.602744254539
    ));
#3479 = CARTESIAN_POINT('',(1.74773024155,-5.532824381636,5.606314303738
    ));
#3480 = CARTESIAN_POINT('',(1.747226624394,-5.534250178074,
    5.609887090918));
#3481 = CARTESIAN_POINT('',(1.746717317611,-5.53567408359,5.613462416101
    ));
#3482 = CARTESIAN_POINT('',(1.72680937298,-5.59064272806,5.751767280576)
  );
#3483 = CARTESIAN_POINT('',(1.699750982746,-5.640351761142,
    5.887213056194));
#3484 = CARTESIAN_POINT('',(1.665297424378,-5.685938936773,
    6.022866348085));
#3485 = CARTESIAN_POINT('',(1.623789078655,-5.727194120107,
    6.158258525617));
#3486 = CARTESIAN_POINT('',(1.575603116087,-5.763974008365,6.29295834575
    ));
#3487 = CARTESIAN_POINT('',(1.521128882029,-5.796195260412,
    6.426568541557));
#3488 = CARTESIAN_POINT('',(1.460752031272,-5.823827882487,6.55872384114
    ));
#3489 = CARTESIAN_POINT('',(1.316195993482,-5.874410148785,
    6.844671562372));
#3490 = CARTESIAN_POINT('',(1.229669485172,-5.895420923976,
    6.997708703412));
#3491 = CARTESIAN_POINT('',(1.135886028905,-5.909955847425,
    7.147671439679));
#3492 = CARTESIAN_POINT('',(1.035429019383,-5.918133908866,
    7.294081731594));
#3493 = CARTESIAN_POINT('',(0.928837528163,-5.920143918659,
    7.436509801909));
#3494 = CARTESIAN_POINT('',(0.81660163936,-5.916229371096,7.574572275859
    ));
#3495 = CARTESIAN_POINT('',(0.699162697165,-5.906672688393,
    7.707932559937));
#3496 = CARTESIAN_POINT('',(0.57098756033,-5.891056243008,7.842531610792
    ));
#3497 = CARTESIAN_POINT('',(0.565042559597,-5.890320738553,
    7.848750941693));
#3498 = CARTESIAN_POINT('',(0.559083276332,-5.889572319306,
    7.854961622172));
#3499 = CARTESIAN_POINT('',(0.553109831543,-5.888811010539,
    7.861163499695));
#3500 = CARTESIAN_POINT('',(0.547122358463,-5.888036839526,
    7.867356409455));
#3501 = CARTESIAN_POINT('',(0.541120879168,-5.88724982051,7.873540303949
    ));
#3502 = CARTESIAN_POINT('',(0.535105353268,-5.886449960571,7.87971520171
    ));
#3503 = CARTESIAN_POINT('',(0.431821757994,-5.87252898144,7.985333575555
    ));
#3504 = CARTESIAN_POINT('',(0.331638457606,-5.856180411248,
    8.081697105311));
#3505 = CARTESIAN_POINT('',(0.228718205542,-5.836738835989,
    8.174823398037));
#3506 = CARTESIAN_POINT('',(0.123243619573,-5.814361658831,
    8.264579232661));
#3507 = CARTESIAN_POINT('',(1.538883245161E-02,-5.789213071619,
    8.350846470684));
#3508 = CARTESIAN_POINT('',(-9.467940286323E-02,-5.761460700572,
    8.433522213389));
#3509 = CARTESIAN_POINT('',(-0.206800607971,-5.73127225197,
    8.512518959055));
#3510 = CARTESIAN_POINT('',(-0.416196453635,-5.671659232588,
    8.650708003831));
#3511 = CARTESIAN_POINT('',(-0.512900511469,-5.642916999288,
    8.711025971866));
#3512 = CARTESIAN_POINT('',(-0.610840878844,-5.61268205719,
    8.768676141092));
#3513 = CARTESIAN_POINT('',(-0.709928528933,-5.581049654218,
    8.823622849178));
#3514 = CARTESIAN_POINT('',(-0.810076117194,-5.548112958047,
    8.87583686152));
#3515 = CARTESIAN_POINT('',(-0.911197922022,-5.513962327164,
    8.925294938126));
#3516 = CARTESIAN_POINT('',(-1.013209785403,-5.47868458194,
    8.971979400497));
#3517 = CARTESIAN_POINT('',(-1.216940027644,-5.406714100304,
    9.058961257575));
#3518 = CARTESIAN_POINT('',(-1.318628036294,-5.370060066831,
    9.09936077609));
#3519 = CARTESIAN_POINT('',(-1.421015368576,-5.332478241436,
    9.137064505948));
#3520 = CARTESIAN_POINT('',(-1.524025125968,-5.294043184131,
    9.172064875608));
#3521 = CARTESIAN_POINT('',(-1.627580953855,-5.254825732503,
    9.204358047498));
#3522 = CARTESIAN_POINT('',(-1.731607673877,-5.214892581114,
    9.233943470034));
#3523 = CARTESIAN_POINT('',(-1.836030533526,-5.174306556197,
    9.260823257845));
#3524 = CARTESIAN_POINT('',(-1.964208954506,-5.123913731063,
    9.290410564471));
#3525 = CARTESIAN_POINT('',(-1.987656888875,-5.114671881672,
    9.295684116381));
#3526 = CARTESIAN_POINT('',(-2.011120177663,-5.105400939487,
    9.300822536945));
#3527 = CARTESIAN_POINT('',(-2.034598007629,-5.096101547891,
    9.305825879671));
#3528 = CARTESIAN_POINT('',(-2.058089543223,-5.086774349889,
    9.31069419756));
#3529 = CARTESIAN_POINT('',(-2.081593926171,-5.077419988501,
    9.315427543976));
#3530 = CARTESIAN_POINT('',(-2.105110275062,-5.068039107166,
    9.320025973506));
#3531 = CARTESIAN_POINT('',(-2.15188297919,-5.049338388899,
    9.328899589799));
#3532 = CARTESIAN_POINT('',(-2.175136390743,-5.040020240185,
    9.333177482024));
#3533 = CARTESIAN_POINT('',(-2.198399555198,-5.030677531701,
    9.337323809554));
#3534 = CARTESIAN_POINT('',(-2.221672965914,-5.021310323634,
    9.341338850341));
#3535 = CARTESIAN_POINT('',(-2.244955096403,-5.011919478187,
    9.345222520932));
#3536 = CARTESIAN_POINT('',(-2.268242869762,-5.002506478643,
    9.348974507752));
#3537 = CARTESIAN_POINT('',(-2.291531525065,-4.993073496143,
    9.352594333481));
#3538 = CARTESIAN_POINT('',(-2.323812645984,-4.979971314184,
    9.357429178401));
#3539 = CARTESIAN_POINT('',(-2.332809436573,-4.976316825263,
    9.358756954279));
#3540 = CARTESIAN_POINT('',(-2.341804025614,-4.972660354126,
    9.360064744043));
#3541 = CARTESIAN_POINT('',(-2.350795910135,-4.969002120725,
    9.361352505251));
#3542 = CARTESIAN_POINT('',(-2.359782644869,-4.96534313494,
    9.362619916634));
#3543 = CARTESIAN_POINT('',(-2.368759609787,-4.961685297128,
    9.363866386085));
#3544 = CARTESIAN_POINT('',(-2.377719261306,-4.958031710747,
    9.365090999594));
#3545 = CARTESIAN_POINT('',(-2.396347708068,-4.950429601303,
    9.367597036835));
#3546 = CARTESIAN_POINT('',(-2.405938922637,-4.946512243183,
    9.368864576228));
#3547 = CARTESIAN_POINT('',(-2.415536485957,-4.942589159979,
    9.370111053318));
#3548 = CARTESIAN_POINT('',(-2.425102840153,-4.938675640304,
    9.371331067528));
#3549 = CARTESIAN_POINT('',(-2.434512826514,-4.934822836315,
    9.372508224579));
#3550 = CARTESIAN_POINT('',(-2.443450871444,-4.931160205238,
    9.373604689206));
#3551 = CARTESIAN_POINT('',(-2.451481402024,-4.927867343599,
    9.37457483199));
#3552 = CARTESIAN_POINT('',(-2.464997681583,-4.922322380279,
    9.376188418008));
#3553 = CARTESIAN_POINT('',(-2.470280680296,-4.920153576734,
    9.376808518837));
#3554 = CARTESIAN_POINT('',(-2.474219217112,-4.918535924789,
    9.377265209002));
#3555 = CARTESIAN_POINT('',(-2.477290619809,-4.91727424849,
    9.377620081655));
#3556 = CARTESIAN_POINT('',(-2.47972863667,-4.916272490035,
    9.377899874905));
#3557 = CARTESIAN_POINT('',(-2.481711399166,-4.915457716744,
    9.378126885951));
#3558 = CARTESIAN_POINT('',(-2.483362299869,-4.914779224973,
    9.378315258051));
#3559 = CARTESIAN_POINT('',(-2.487426991787,-4.91310854826,
    9.378777915416));
#3560 = CARTESIAN_POINT('',(-2.489176673641,-4.912389154466,
    9.378975375346));
#3561 = CARTESIAN_POINT('',(-2.490547843775,-4.911825378629,
    9.379130046989));
#3562 = CARTESIAN_POINT('',(-2.491603715989,-4.911391155104,
    9.379248530165));
#3563 = CARTESIAN_POINT('',(-2.49249671001,-4.911023934136,9.37934887476
    ));
#3564 = CARTESIAN_POINT('',(-2.493230949069,-4.910721954962,
    9.379431078687));
#3565 = CARTESIAN_POINT('',(-2.493863792161,-4.910461674754,
    9.379501906067));
#3566 = CARTESIAN_POINT('',(-2.494849975844,-4.910056053016,
    9.379612156327));
#3567 = CARTESIAN_POINT('',(-2.495233077401,-4.909898475333,
    9.379654939793));
#3568 = CARTESIAN_POINT('',(-2.495574052827,-4.909758220512,
    9.379692986442));
#3569 = CARTESIAN_POINT('',(-2.495881069754,-4.909631930728,
    9.379727220569));
#3570 = CARTESIAN_POINT('',(-2.496159900293,-4.909517232762,
    9.379758293753));
#3571 = CARTESIAN_POINT('',(-2.496414667867,-4.909412431082,
    9.379786670223));
#3572 = CARTESIAN_POINT('',(-2.496648594054,-4.909316200932,
    9.379812712233));
#3573 = CARTESIAN_POINT('',(-2.497175218109,-4.909099560347,
    9.379871314648));
#3574 = CARTESIAN_POINT('',(-2.497448896458,-4.908986972408,
    9.379901746483));
#3575 = CARTESIAN_POINT('',(-2.497693569561,-4.908886314573,
    9.379928936519));
#3576 = CARTESIAN_POINT('',(-2.497914864787,-4.908795272645,
    9.379953516487));
#3577 = CARTESIAN_POINT('',(-2.498116761287,-4.90871221013,9.37997593231
    ));
#3578 = CARTESIAN_POINT('',(-2.498302103506,-4.908635957122,
    9.379996502163));
#3579 = CARTESIAN_POINT('',(-2.498473114684,-4.90856559918,
    9.380015474521));
#3580 = CARTESIAN_POINT('',(-2.498858324078,-4.908407113315,
    9.380058197273));
#3581 = CARTESIAN_POINT('',(-2.499059821041,-4.908324210159,
    9.380080532664));
#3582 = CARTESIAN_POINT('',(-2.499241665022,-4.908249391698,
    9.38010068055));
#3583 = CARTESIAN_POINT('',(-2.499407669393,-4.90818108939,
    9.380119066628));
#3584 = CARTESIAN_POINT('',(-2.499560540279,-4.908118190079,
    9.380135992628));
#3585 = CARTESIAN_POINT('',(-2.499702219715,-4.908059894882,
    9.380151674806));
#3586 = CARTESIAN_POINT('',(-2.499834228796,-4.908005578055,
    9.380166282441));
#3587 = CARTESIAN_POINT('',(-2.500127750957,-4.907884803495,
    9.380198754527));
#3588 = CARTESIAN_POINT('',(-2.500281965886,-4.90782134825,
    9.380215808306));
#3589 = CARTESIAN_POINT('',(-2.500423873405,-4.907762956424,
    9.380231495714));
#3590 = CARTESIAN_POINT('',(-2.50055583553,-4.907708656313,
    9.380246079399));
#3591 = CARTESIAN_POINT('',(-2.500679557026,-4.907657746574,
    9.380259748766));
#3592 = CARTESIAN_POINT('',(-2.500796283922,-4.907609714575,
    9.38027264213));
#3593 = CARTESIAN_POINT('',(-2.500907002028,-4.907564154731,
    9.380284868868));
#3594 = CARTESIAN_POINT('',(-2.5010741018,-4.907495393612,9.380303317916
    ));
#3595 = CARTESIAN_POINT('',(-2.501133846497,-4.907470808699,
    9.380309913266));
#3596 = CARTESIAN_POINT('',(-2.501192020349,-4.907446870072,
    9.380316334362));
#3597 = CARTESIAN_POINT('',(-2.501248763521,-4.907423520061,
    9.380322596753));
#3598 = CARTESIAN_POINT('',(-2.501304205545,-4.907400705374,
    9.380328714801));
#3599 = CARTESIAN_POINT('',(-2.501358465311,-4.907378377095,
    9.380334701686));
#3600 = CARTESIAN_POINT('',(-2.501411651076,-4.907356490682,
    9.380340569399));
#3601 = CARTESIAN_POINT('',(-2.501508385018,-4.907316683643,
    9.380351240365));
#3602 = CARTESIAN_POINT('',(-2.501553278414,-4.90729820947,
    9.380356192192));
#3603 = CARTESIAN_POINT('',(-2.501598579974,-4.907279567266,
    9.380361188555));
#3604 = CARTESIAN_POINT('',(-2.501644333047,-4.907260739188,
    9.38036623422));
#3605 = CARTESIAN_POINT('',(-2.501690585014,-4.907241705738,
    9.380371334393));
#3606 = CARTESIAN_POINT('',(-2.501737387278,-4.907222445758,
    9.380376494722));
#3607 = CARTESIAN_POINT('',(-2.50178479527,-4.907202936435,
    9.380381721295));
#3608 = CARTESIAN_POINT('',(-2.501935638014,-4.907140861427,
    9.380398349439));
#3609 = CARTESIAN_POINT('',(-2.502041438477,-4.907097321929,
    9.380410009827));
#3610 = CARTESIAN_POINT('',(-2.502150901559,-4.907052274791,
    9.38042207113));
#3611 = CARTESIAN_POINT('',(-2.502264712027,-4.907005438173,
    9.380434608508));
#3612 = CARTESIAN_POINT('',(-2.502383705668,-4.906956468067,
    9.380447713643));
#3613 = CARTESIAN_POINT('',(-2.502508967265,-4.906904917966,
    9.380461505433));
#3614 = CARTESIAN_POINT('',(-2.502641928572,-4.906850198534,
    9.380476140688));
#3615 = CARTESIAN_POINT('',(-2.502900996671,-4.906743579286,
    9.380504647229));
#3616 = CARTESIAN_POINT('',(-2.503023901238,-4.906692997576,
    9.38051816782));
#3617 = CARTESIAN_POINT('',(-2.503154337971,-4.906639315452,
    9.380532513209));
#3618 = CARTESIAN_POINT('',(-2.5032935384,-4.906582025979,9.380547818166
    ));
#3619 = CARTESIAN_POINT('',(-2.50344306118,-4.906520487549,
    9.380564253164));
#3620 = CARTESIAN_POINT('',(-2.503605045666,-4.90645381948,
    9.380582051929));
#3621 = CARTESIAN_POINT('',(-2.503782465497,-4.906380797602,
    9.380601538994));
#3622 = CARTESIAN_POINT('',(-2.504122843998,-4.906240703261,
    9.380638907032));
#3623 = CARTESIAN_POINT('',(-2.504276615344,-4.906177412771,
    9.380655783828));
#3624 = CARTESIAN_POINT('',(-2.504442521707,-4.906109126803,
    9.380673986378));
#3625 = CARTESIAN_POINT('',(-2.50462247852,-4.906035056795,
    9.380693723517));
#3626 = CARTESIAN_POINT('',(-2.504818936587,-4.90595419375,
    9.380715262246));
#3627 = CARTESIAN_POINT('',(-2.505035327521,-4.905865124787,
    9.380738975807));
#3628 = CARTESIAN_POINT('',(-2.505276509168,-4.905765849693,
    9.380765391754));
#3629 = CARTESIAN_POINT('',(-2.505740623343,-4.905574806478,
    9.380816190835));
#3630 = CARTESIAN_POINT('',(-2.505947507409,-4.905489645658,
    9.380838826602));
#3631 = CARTESIAN_POINT('',(-2.506172595029,-4.90539699006,
    9.380863442897));
#3632 = CARTESIAN_POINT('',(-2.506418737508,-4.9052956656,9.380890348924
    ));
#3633 = CARTESIAN_POINT('',(-2.506689595,-4.905184165078,9.380919941168)
  );
#3634 = CARTESIAN_POINT('',(-2.50699032582,-4.90506036418,9.380952777039
    ));
#3635 = CARTESIAN_POINT('',(-2.507328275763,-4.90492123749,
    9.380989648522));
#3636 = CARTESIAN_POINT('',(-2.507977110038,-4.904654117041,
    9.381060370797));
#3637 = CARTESIAN_POINT('',(-2.508262648887,-4.904536560502,
    9.381091478166));
#3638 = CARTESIAN_POINT('',(-2.508574101533,-4.904408332281,
    9.381125387347));
#3639 = CARTESIAN_POINT('',(-2.50891547868,-4.904267780411,
    9.381162529812));
#3640 = CARTESIAN_POINT('',(-2.50929191393,-4.904112790292,
    9.381203456963));
#3641 = CARTESIAN_POINT('',(-2.50971059355,-4.903940401437,9.38124893799
    ));
#3642 = CARTESIAN_POINT('',(-2.510181686225,-4.903746424211,
    9.381300057749));
#3643 = CARTESIAN_POINT('',(-2.511095868436,-4.903369981875,
    9.381399125328));
#3644 = CARTESIAN_POINT('',(-2.511505192128,-4.903201425648,
    9.381443448443));
#3645 = CARTESIAN_POINT('',(-2.511952196713,-4.903017347109,
    9.381491811218));
#3646 = CARTESIAN_POINT('',(-2.512443364465,-4.902815074828,
    9.381544900537));
#3647 = CARTESIAN_POINT('',(-2.512986641673,-4.902591333973,
    9.381603557991));
#3648 = CARTESIAN_POINT('',(-2.51359232215,-4.902341881916,
    9.381668871377));
#3649 = CARTESIAN_POINT('',(-2.514274879681,-4.90206075219,9.38174236261
    ));
#3650 = CARTESIAN_POINT('',(-2.515631327446,-4.901502022426,
    9.381888121609));
#3651 = CARTESIAN_POINT('',(-2.51626023904,-4.901242958512,
    9.381955622065));
#3652 = CARTESIAN_POINT('',(-2.516951049177,-4.900958383888,
    9.382029670648));
#3653 = CARTESIAN_POINT('',(-2.517714928331,-4.900643691846,
    9.382111427783));
#3654 = CARTESIAN_POINT('',(-2.518565642473,-4.90029320514,9.38220232243
    ));
#3655 = CARTESIAN_POINT('',(-2.519521040989,-4.899899561504,
    9.382304200405));
#3656 = CARTESIAN_POINT('',(-2.520606042518,-4.899452479699,
    9.382419615689));
#3657 = CARTESIAN_POINT('',(-2.523411466105,-4.898296353117,
    9.382717068968));
#3658 = CARTESIAN_POINT('',(-2.525220123132,-4.897550915101,
    9.382908236013));
#3659 = CARTESIAN_POINT('',(-2.527359323686,-4.896669147249,
    9.383133643257));
#3660 = CARTESIAN_POINT('',(-2.52992944471,-4.895609561758,
    9.383403047316));
#3661 = CARTESIAN_POINT('',(-2.533055865727,-4.894320408184,
    9.383729155417));
#3662 = CARTESIAN_POINT('',(-2.536919508103,-4.892726864314,
    9.384129237151));
#3663 = CARTESIAN_POINT('',(-2.54169784851,-4.890755213027,
    9.384617905879));
#3664 = CARTESIAN_POINT('',(-2.55038990685,-4.887166790424,
    9.385493100531));
#3665 = CARTESIAN_POINT('',(-2.553715826928,-4.885793405583,
    9.385825691731));
#3666 = CARTESIAN_POINT('',(-2.557249352515,-4.884333915634,
    9.386176288275));
#3667 = CARTESIAN_POINT('',(-2.5609552275,-4.882802799207,9.386540778818
    ));
#3668 = CARTESIAN_POINT('',(-2.564795823558,-4.881215534167,
    9.386914956799));
#3669 = CARTESIAN_POINT('',(-2.568736643281,-4.879586329943,
    9.387295105985));
#3670 = CARTESIAN_POINT('',(-2.572750051357,-4.877926582091,
    9.387678339833));
#3671 = CARTESIAN_POINT('',(-2.58154392213,-4.874288688297,
    9.388509373816));
#3672 = CARTESIAN_POINT('',(-2.586345769634,-4.872301506688,
    9.388957806658));
#3673 = CARTESIAN_POINT('',(-2.591201055674,-4.870291450763,
    9.389405645497));
#3674 = CARTESIAN_POINT('',(-2.596093177733,-4.868265367473,
    9.389851156064));
#3675 = CARTESIAN_POINT('',(-2.601010291888,-4.866228147254,
    9.390293141848));
#3676 = CARTESIAN_POINT('',(-2.605944953277,-4.864182867045,
    9.390730868405));
#3677 = CARTESIAN_POINT('',(-2.610893756565,-4.862130933323,
    9.391163987676));
#3678 = CARTESIAN_POINT('',(-2.622647588496,-4.857255527659,
    9.392178695637));
#3679 = CARTESIAN_POINT('',(-2.629458834152,-4.854428784312,
    9.392755687308));
#3680 = CARTESIAN_POINT('',(-2.636284212985,-4.851594679346,
    9.393322763103));
#3681 = CARTESIAN_POINT('',(-2.64311915493,-4.848755103992,
    9.393879472066));
#3682 = CARTESIAN_POINT('',(-2.64996057939,-4.845911336165,
    9.394425525478));
#3683 = CARTESIAN_POINT('',(-2.656806613904,-4.843064154511,
    9.394960753154));
#3684 = CARTESIAN_POINT('',(-2.663656472343,-4.840213886799,
    9.395485077054));
#3685 = CARTESIAN_POINT('',(-2.682711773531,-4.832280704751,
    9.396912483265));
#3686 = CARTESIAN_POINT('',(-2.694922442337,-4.827192374604,
    9.397791640861));
#3687 = CARTESIAN_POINT('',(-2.707139158079,-4.822096799479,
    9.398635645637));
#3688 = CARTESIAN_POINT('',(-2.719359701019,-4.816994916004,
    9.399444301944));
#3689 = CARTESIAN_POINT('',(-2.731582657414,-4.811887328318,
    9.400217501729));
#3690 = CARTESIAN_POINT('',(-2.743807233268,-4.806774383079,
    9.400955191777));
#3691 = CARTESIAN_POINT('',(-2.756033197086,-4.801656191302,
    9.401657354341));
#3692 = CARTESIAN_POINT('',(-2.799191382582,-4.783572328796,
    9.404010301918));
#3693 = CARTESIAN_POINT('',(-2.830128197559,-4.770579618481,
    9.40546907632));
#3694 = CARTESIAN_POINT('',(-2.861067637936,-4.757556262871,
    9.406700065649));
#3695 = CARTESIAN_POINT('',(-2.892006751955,-4.744503708128,
    9.407703134387));
#3696 = CARTESIAN_POINT('',(-2.922943070561,-4.731423179963,
    9.408478209387));
#3697 = CARTESIAN_POINT('',(-2.953874614578,-4.718315676369,
    9.409025245439));
#3698 = CARTESIAN_POINT('',(-2.984799960701,-4.705181936417,
    9.409344198165));
#3699 = CARTESIAN_POINT('',(-3.048697148573,-4.677985887154,
    9.409531823853));
#3700 = CARTESIAN_POINT('',(-3.081667019832,-4.663920453565,
    9.409369062632));
#3701 = CARTESIAN_POINT('',(-3.114625484208,-4.649827276784,
    9.408946626323));
#3702 = CARTESIAN_POINT('',(-3.147570301531,-4.635707414373,
    9.408264438307));
#3703 = CARTESIAN_POINT('',(-3.180499220018,-4.621561900485,
    9.407322419074));
#3704 = CARTESIAN_POINT('',(-3.213409981487,-4.607391743846,
    9.406120484751));
#3705 = CARTESIAN_POINT('',(-3.246300326567,-4.59319792573,
    9.404658545624));
#3706 = CARTESIAN_POINT('',(-3.307025260373,-4.566932065661,
    9.401476975012));
#3707 = CARTESIAN_POINT('',(-3.334866224005,-4.554866424394,
    9.399830599985));
#3708 = CARTESIAN_POINT('',(-3.362689502587,-4.542785059957,
    9.397997322153));
#3709 = CARTESIAN_POINT('',(-3.390493700774,-4.53068854714,
    9.395977080039));
#3710 = CARTESIAN_POINT('',(-3.418277416104,-4.518577449702,
    9.393769808114));
#3711 = CARTESIAN_POINT('',(-3.446039238992,-4.506452320376,
    9.391375436797));
#3712 = CARTESIAN_POINT('',(-3.473777752737,-4.494313700864,
    9.388793892454));
#3713 = CARTESIAN_POINT('',(-3.511780363325,-4.47765080924,
    9.384997173376));
#3714 = CARTESIAN_POINT('',(-3.52206555082,-4.4731378129,9.383943464909)
  );
#3715 = CARTESIAN_POINT('',(-3.532348932564,-4.468622322313,
    9.382863773591));
#3716 = CARTESIAN_POINT('',(-3.542628978479,-4.464105002254,
    9.38175823239));
#3717 = CARTESIAN_POINT('',(-3.552905840249,-4.459585780205,
    9.380626809107));
#3718 = CARTESIAN_POINT('',(-3.563180167667,-4.455064365059,
    9.37946942231));
#3719 = CARTESIAN_POINT('',(-3.573451114132,-4.450541121224,
    9.378286137273));
#3720 = CARTESIAN_POINT('',(-3.740556674388,-4.376895054728,
    9.358606367718));
#3721 = CARTESIAN_POINT('',(-3.896646086189,-4.307328191773,
    9.334085417586));
#3722 = CARTESIAN_POINT('',(-4.051732808929,-4.237402451738,
    9.303476305337));
#3723 = CARTESIAN_POINT('',(-4.205536145131,-4.167201682933,
    9.266734743776));
#3724 = CARTESIAN_POINT('',(-4.357749347084,-4.096807007034,
    9.223811710025));
#3725 = CARTESIAN_POINT('',(-4.508039349309,-4.026297325889,
    9.174654500411));
#3726 = CARTESIAN_POINT('',(-4.656045827018,-3.955749597291,
    9.119206186124));
#3727 = CARTESIAN_POINT('',(-4.95177089202,-3.812273884538,
    8.993448180703));
#3728 = CARTESIAN_POINT('',(-5.099274696389,-3.739360712076,
    8.922699395273));
#3729 = CARTESIAN_POINT('',(-5.243471122998,-3.666577751147,
    8.84508448847));
#3730 = CARTESIAN_POINT('',(-5.383866718524,-3.594019625243,
    8.760538843558));
#3731 = CARTESIAN_POINT('',(-5.519899276623,-3.521797008811,
    8.669014525453));
#3732 = CARTESIAN_POINT('',(-5.650942805792,-3.450036637988,
    8.570489810535));
#3733 = CARTESIAN_POINT('',(-5.776312497225,-3.378881321344,
    8.464978716464));
#3734 = CARTESIAN_POINT('',(-6.011745967946,-3.239566632081,
    8.242447310003));
#3735 = CARTESIAN_POINT('',(-6.12207026059,-3.171378590226,
    8.125717509981));
#3736 = CARTESIAN_POINT('',(-6.225518982246,-3.104093108376,
    8.002434719407));
#3737 = CARTESIAN_POINT('',(-6.321301339591,-3.037910403742,
    7.872766367041));
#3738 = CARTESIAN_POINT('',(-6.408578259579,-2.973061265545,
    7.736981036902));
#3739 = CARTESIAN_POINT('',(-6.486498270824,-2.909804348822,
    7.595472616489));
#3740 = CARTESIAN_POINT('',(-6.554250341106,-2.848423123904,
    7.448791279256));
#3741 = CARTESIAN_POINT('',(-6.615966635917,-2.784192631384,
    7.284842580006));
#3742 = CARTESIAN_POINT('',(-6.620720980443,-2.779178695939,
    7.271972338088));
#3743 = CARTESIAN_POINT('',(-6.625397435618,-2.774179649836,
    7.25906793255));
#3744 = CARTESIAN_POINT('',(-6.629993924871,-2.769197378114,
    7.246134136192));
#3745 = CARTESIAN_POINT('',(-6.634511680781,-2.764230354652,
    7.233167050128));
#3746 = CARTESIAN_POINT('',(-6.638949100796,-2.759279986711,
    7.220170243388));
#3747 = CARTESIAN_POINT('',(-6.64330634558,-2.754345871051,
    7.207142689685));
#3748 = CARTESIAN_POINT('',(-6.676661447339,-2.715991156427,
    7.105299940477));
#3749 = CARTESIAN_POINT('',(-6.702009882134,-2.68331833518,
    7.015125793194));
#3750 = CARTESIAN_POINT('',(-6.72349735962,-2.651472354115,
    6.923723552642));
#3751 = CARTESIAN_POINT('',(-6.741012799347,-2.620513380053,
    6.831265857425));
#3752 = CARTESIAN_POINT('',(-6.754467986621,-2.590498936621,
    6.737937416931));
#3753 = CARTESIAN_POINT('',(-6.76380073142,-2.56148354426,6.64393512735)
  );
#3754 = CARTESIAN_POINT('',(-6.768978027307,-2.533518360224,
    6.549468187685));
#3755 = CARTESIAN_POINT('',(-6.77006172022,-2.505006170529,
    6.448960715809));
#3756 = CARTESIAN_POINT('',(-6.770108611426,-2.503366847986,
    6.443166580393));
#3757 = CARTESIAN_POINT('',(-6.770139924305,-2.501732846591,
    6.437375846526));
#3758 = CARTESIAN_POINT('',(-6.770155699376,-2.500104161908,
    6.431588550972));
#3759 = CARTESIAN_POINT('',(-6.770155977338,-2.498480789423,
    6.425804730247));
#3760 = CARTESIAN_POINT('',(-6.770140799064,-2.496862724553,
    6.420024420622));
#3761 = CARTESIAN_POINT('',(-6.770110205603,-2.495249962641,
    6.414247658121));
#3762 = CARTESIAN_POINT('',(-6.769988767742,-2.491003325498,
    6.398995930077));
#3763 = CARTESIAN_POINT('',(-6.769871775142,-2.488375494979,
    6.389516488368));
#3764 = CARTESIAN_POINT('',(-6.769713183281,-2.485756727122,
    6.380028003369));
#3765 = CARTESIAN_POINT('',(-6.769513037424,-2.483150360019,
    6.370542464662));
#3766 = CARTESIAN_POINT('',(-6.769271252741,-2.480553113823,
    6.361048151934));
#3767 = CARTESIAN_POINT('',(-6.768987858045,-2.477967426963,
    6.351553831712));
#3768 = CARTESIAN_POINT('',(-6.768662818709,-2.475392187888,
    6.342055558141));
#3769 = CARTESIAN_POINT('',(-6.767926231029,-2.470240929159,
    6.322970774467));
#3770 = CARTESIAN_POINT('',(-6.767513948575,-2.467665050046,
    6.313384040048));
#3771 = CARTESIAN_POINT('',(-6.767059273496,-2.465100205042,
    6.303794800729));
#3772 = CARTESIAN_POINT('',(-6.766562198655,-2.46254644339,
    6.294203273988));
#3773 = CARTESIAN_POINT('',(-6.766022720151,-2.460003813659,
    6.284609677439));
#3774 = CARTESIAN_POINT('',(-6.76544083732,-2.457472363736,
    6.275014228832));
#3775 = CARTESIAN_POINT('',(-6.764816552733,-2.454952140828,
    6.265417146054));
#3776 = CARTESIAN_POINT('',(-6.754820268073,-2.417332665389,
    6.121496148702));
#3777 = CARTESIAN_POINT('',(-6.737186094992,-2.384422900702,
    5.986869379582));
#3778 = CARTESIAN_POINT('',(-6.71126124683,-2.353855653097,
    5.852584946786));
#3779 = CARTESIAN_POINT('',(-6.677195756362,-2.325726671242,
    5.719233433048));
#3780 = CARTESIAN_POINT('',(-6.635247322436,-2.300095495013,
    5.587350721471));
#3781 = CARTESIAN_POINT('',(-6.585758713468,-2.276992566895,
    5.457419523062));
#3782 = CARTESIAN_POINT('',(-6.529141047278,-2.256423656554,
    5.32987110712));
#3783 = CARTESIAN_POINT('',(-6.430728319068,-2.22834834652,
    5.135802047924));
#3784 = CARTESIAN_POINT('',(-6.393534377336,-2.219099370809,
    5.067357557637));
#3785 = CARTESIAN_POINT('',(-6.354356270897,-2.210621047264,
    4.99981179434));
#3786 = CARTESIAN_POINT('',(-6.313271376184,-2.202907694737,
    4.933215362414));
#3787 = CARTESIAN_POINT('',(-6.270358275528,-2.195951925387,
    4.86761197181));
#3788 = CARTESIAN_POINT('',(-6.225695735477,-2.189744994974,
    4.803038969948));
#3789 = CARTESIAN_POINT('',(-6.179361685118,-2.184277153154,
    4.739527873616));
#3790 = CARTESIAN_POINT('',(-5.982921444464,-2.1648535875,4.483685727088
    ));
#3791 = CARTESIAN_POINT('',(-5.819217573345,-2.15717730898,
    4.300875016265));
#3792 = CARTESIAN_POINT('',(-5.64246807244,-2.156161777547,
    4.129207872168));
#3793 = CARTESIAN_POINT('',(-5.454694421702,-2.161452021696,
    3.968963467722));
#3794 = CARTESIAN_POINT('',(-5.257735256588,-2.172702342881,
    3.820231989072));
#3795 = CARTESIAN_POINT('',(-5.053224708087,-2.189583489897,
    3.682957807702));
#3796 = CARTESIAN_POINT('',(-4.84255790539,-2.211799314619,
    3.556981386658));
#3797 = CARTESIAN_POINT('',(-4.616086572523,-2.240468873008,3.4363316095
    ));
#3798 = CARTESIAN_POINT('',(-4.605264046558,-2.241850111716,
    3.430600583241));
#3799 = CARTESIAN_POINT('',(-4.594429437794,-2.243244054839,
    3.424897551568));
#3800 = CARTESIAN_POINT('',(-4.58358292101,-2.24465066626,3.419222499645
    ));
#3801 = CARTESIAN_POINT('',(-4.572724671528,-2.246069909725,
    3.413575412861));
#3802 = CARTESIAN_POINT('',(-4.561854865219,-2.247501748843,
    3.407956276831));
#3803 = CARTESIAN_POINT('',(-4.5509736785,-2.248946147088,3.402365077396
    ));
#3804 = CARTESIAN_POINT('',(-4.540081288337,-2.250403067795,
    3.396801800625));
#3805 = PCURVE('',#187,#3806);
#3806 = DEFINITIONAL_REPRESENTATION('',(#3807),#4160);
#3807 = B_SPLINE_CURVE_WITH_KNOTS('',8,(#3808,#3809,#3810,#3811,#3812,
    #3813,#3814,#3815,#3816,#3817,#3818,#3819,#3820,#3821,#3822,#3823,
    #3824,#3825,#3826,#3827,#3828,#3829,#3830,#3831,#3832,#3833,#3834,
    #3835,#3836,#3837,#3838,#3839,#3840,#3841,#3842,#3843,#3844,#3845,
    #3846,#3847,#3848,#3849,#3850,#3851,#3852,#3853,#3854,#3855,#3856,
    #3857,#3858,#3859,#3860,#3861,#3862,#3863,#3864,#3865,#3866,#3867,
    #3868,#3869,#3870,#3871,#3872,#3873,#3874,#3875,#3876,#3877,#3878,
    #3879,#3880,#3881,#3882,#3883,#3884,#3885,#3886,#3887,#3888,#3889,
    #3890,#3891,#3892,#3893,#3894,#3895,#3896,#3897,#3898,#3899,#3900,
    #3901,#3902,#3903,#3904,#3905,#3906,#3907,#3908,#3909,#3910,#3911,
    #3912,#3913,#3914,#3915,#3916,#3917,#3918,#3919,#3920,#3921,#3922,
    #3923,#3924,#3925,#3926,#3927,#3928,#3929,#3930,#3931,#3932,#3933,
    #3934,#3935,#3936,#3937,#3938,#3939,#3940,#3941,#3942,#3943,#3944,
    #3945,#3946,#3947,#3948,#3949,#3950,#3951,#3952,#3953,#3954,#3955,
    #3956,#3957,#3958,#3959,#3960,#3961,#3962,#3963,#3964,#3965,#3966,
    #3967,#3968,#3969,#3970,#3971,#3972,#3973,#3974,#3975,#3976,#3977,
    #3978,#3979,#3980,#3981,#3982,#3983,#3984,#3985,#3986,#3987,#3988,
    #3989,#3990,#3991,#3992,#3993,#3994,#3995,#3996,#3997,#3998,#3999,
    #4000,#4001,#4002,#4003,#4004,#4005,#4006,#4007,#4008,#4009,#4010,
    #4011,#4012,#4013,#4014,#4015,#4016,#4017,#4018,#4019,#4020,#4021,
    #4022,#4023,#4024,#4025,#4026,#4027,#4028,#4029,#4030,#4031,#4032,
    #4033,#4034,#4035,#4036,#4037,#4038,#4039,#4040,#4041,#4042,#4043,
    #4044,#4045,#4046,#4047,#4048,#4049,#4050,#4051,#4052,#4053,#4054,
    #4055,#4056,#4057,#4058,#4059,#4060,#4061,#4062,#4063,#4064,#4065,
    #4066,#4067,#4068,#4069,#4070,#4071,#4072,#4073,#4074,#4075,#4076,
    #4077,#4078,#4079,#4080,#4081,#4082,#4083,#4084,#4085,#4086,#4087,
    #4088,#4089,#4090,#4091,#4092,#4093,#4094,#4095,#4096,#4097,#4098,
    #4099,#4100,#4101,#4102,#4103,#4104,#4105,#4106,#4107,#4108,#4109,
    #4110,#4111,#4112,#4113,#4114,#4115,#4116,#4117,#4118,#4119,#4120,
    #4121,#4122,#4123,#4124,#4125,#4126,#4127,#4128,#4129,#4130,#4131,
    #4132,#4133,#4134,#4135,#4136,#4137,#4138,#4139,#4140,#4141,#4142,
    #4143,#4144,#4145,#4146,#4147,#4148,#4149,#4150,#4151,#4152,#4153,
    #4154,#4155,#4156,#4157,#4158,#4159),.UNSPECIFIED.,.F.,.F.,(9,7,7,7,
    7,7,7,7,7,7,7,7,7,7,7,7,7,7,7,7,7,7,7,7,7,7,7,7,7,7,7,7,7,7,7,7,7,7,
    7,7,7,7,7,7,7,7,7,7,7,7,9),(0.,2.05844852006E-02,6.170491525386E-02,
    0.105005502668,0.106479820865,0.162002667759,0.228264346113,
    0.23147915392,0.283333490988,0.326709734254,0.369280927746,
    0.378804090294,0.388213061231,0.391850775732,0.395801009001,
    0.399597107982,0.406770358195,0.412467468843,0.420650610049,
    0.432318278836,0.448317946931,0.457627889822,0.465567480194,
    0.482540525898,0.496416681917,0.506526027075,0.513621881717,
    0.518472403163,0.521870339615,0.524374954064,0.527486707845,
    0.529205431341,0.531202851026,0.53393569435,0.538800603929,
    0.551106522363,0.564232721068,0.575357936177,0.579488207892,
    0.64257669679,0.707860762575,0.771783291931,0.777214326678,
    0.814143363504,0.816403907826,0.820115325165,0.823859259958,
    0.876252314242,0.905343113114,0.995481695669,1.),.UNSPECIFIED.);
#3808 = CARTESIAN_POINT('',(4.983887502548,-0.842612880303));
#3809 = CARTESIAN_POINT('',(4.98757896804,-0.834255995636));
#3810 = CARTESIAN_POINT('',(4.991023689293,-0.825809151866));
#3811 = CARTESIAN_POINT('',(4.994227957833,-0.817275471252));
#3812 = CARTESIAN_POINT('',(4.997197957453,-0.808658041643));
#3813 = CARTESIAN_POINT('',(4.999939764499,-0.799959938697));
#3814 = CARTESIAN_POINT('',(5.002459348159,-0.791184248099));
#3815 = CARTESIAN_POINT('',(5.004762570743,-0.782334087771));
#3816 = CARTESIAN_POINT('',(5.011035487842,-0.755590752461));
#3817 = CARTESIAN_POINT('',(5.014375688734,-0.737482521139));
#3818 = CARTESIAN_POINT('',(5.016921218581,-0.719115355405));
#3819 = CARTESIAN_POINT('',(5.018716488218,-0.700515297774));
#3820 = CARTESIAN_POINT('',(5.019804814972,-0.681707805909));
#3821 = CARTESIAN_POINT('',(5.020228346243,-0.662718544539));
#3822 = CARTESIAN_POINT('',(5.020027983085,-0.643574177377));
#3823 = CARTESIAN_POINT('',(5.018417021707,-0.604010413717));
#3824 = CARTESIAN_POINT('',(5.016942646585,-0.583573849247));
#3825 = CARTESIAN_POINT('',(5.014866692501,-0.563026853534));
#3826 = CARTESIAN_POINT('',(5.012233618211,-0.542399158599));
#3827 = CARTESIAN_POINT('',(5.009085564254,-0.521717786174));
#3828 = CARTESIAN_POINT('',(5.005462090065,-0.501007993292));
#3829 = CARTESIAN_POINT('',(5.001399911081,-0.480294217886));
#3830 = CARTESIAN_POINT('',(4.996780532024,-0.458896453069));
#3831 = CARTESIAN_POINT('',(4.996627902126,-0.458191642582));
#3832 = CARTESIAN_POINT('',(4.996474720753,-0.457486474991));
#3833 = CARTESIAN_POINT('',(4.996320970966,-0.456780871525));
#3834 = CARTESIAN_POINT('',(4.996166644291,-0.45607479257));
#3835 = CARTESIAN_POINT('',(4.996011740717,-0.455368237668));
#3836 = CARTESIAN_POINT('',(4.995856268701,-0.454661245522));
#3837 = CARTESIAN_POINT('',(4.989824396302,-0.427315023867));
#3838 = CARTESIAN_POINT('',(4.983267679476,-0.400624506616));
#3839 = CARTESIAN_POINT('',(4.976092519234,-0.373930589617));
#3840 = CARTESIAN_POINT('',(4.968352894098,-0.347272552131));
#3841 = CARTESIAN_POINT('',(4.960093770629,-0.32068434631));
#3842 = CARTESIAN_POINT('',(4.951351158809,-0.294197230491));
#3843 = CARTESIAN_POINT('',(4.942152788744,-0.267841394803));
#3844 = CARTESIAN_POINT('',(4.921022809222,-0.21038534964));
#3845 = CARTESIAN_POINT('',(4.908906339708,-0.179352748638));
#3846 = CARTESIAN_POINT('',(4.896202382618,-0.148591959489));
#3847 = CARTESIAN_POINT('',(4.882928175926,-0.118147394837));
#3848 = CARTESIAN_POINT('',(4.869088777995,-8.806709792965E-02));
#3849 = CARTESIAN_POINT('',(4.854679591728,-5.840394334039E-02));
#3850 = CARTESIAN_POINT('',(4.839688447966,-2.921563703147E-02));
#3851 = CARTESIAN_POINT('',(4.823340812261,8.265948835358E-04));
#3852 = CARTESIAN_POINT('',(4.822582608787,2.215846684969E-03));
#3853 = CARTESIAN_POINT('',(4.821822606109,3.601926514635E-03));
#3854 = CARTESIAN_POINT('',(4.821060811827,4.985473003383E-03));
#3855 = CARTESIAN_POINT('',(4.820297235068,6.367271544423E-03));
#3856 = CARTESIAN_POINT('',(4.819531870747,7.747080734549E-03));
#3857 = CARTESIAN_POINT('',(4.818764705783,9.124090271892E-03));
#3858 = CARTESIAN_POINT('',(4.805592568857,3.267625118825E-02));
#3859 = CARTESIAN_POINT('',(4.792811360041,5.410197236802E-02));
#3860 = CARTESIAN_POINT('',(4.779643314256,7.477947484273E-02));
#3861 = CARTESIAN_POINT('',(4.766078372579,9.4710126639E-02));
#3862 = CARTESIAN_POINT('',(4.75210575059,0.113893712961));
#3863 = CARTESIAN_POINT('',(4.737714465249,0.132328786332));
#3864 = CARTESIAN_POINT('',(4.722893861777,0.150013016742));
#3865 = CARTESIAN_POINT('',(4.694869357125,0.181105955477));
#3866 = CARTESIAN_POINT('',(4.681797411092,0.194740849041));
#3867 = CARTESIAN_POINT('',(4.668412524859,0.207846506193));
#3868 = CARTESIAN_POINT('',(4.654709446555,0.220420813058));
#3869 = CARTESIAN_POINT('',(4.640683579903,0.232461372696));
#3870 = CARTESIAN_POINT('',(4.626331114117,0.243965619608));
#3871 = CARTESIAN_POINT('',(4.611649153794,0.254930934253));
#3872 = CARTESIAN_POINT('',(4.581901186162,0.275585117901));
#3873 = CARTESIAN_POINT('',(4.566847458656,0.285293823955));
#3874 = CARTESIAN_POINT('',(4.551472846613,0.294478492457));
#3875 = CARTESIAN_POINT('',(4.535776553695,0.303136679917));
#3876 = CARTESIAN_POINT('',(4.519758944344,0.31126598161));
#3877 = CARTESIAN_POINT('',(4.503421504454,0.318864142811));
#3878 = CARTESIAN_POINT('',(4.486767009648,0.325929102387));
#3879 = CARTESIAN_POINT('',(4.466003475552,0.333919868685));
#3880 = CARTESIAN_POINT('',(4.462192105363,0.335353855548));
#3881 = CARTESIAN_POINT('',(4.45836510293,0.33676105077));
#3882 = CARTESIAN_POINT('',(4.454522513711,0.338141435033));
#3883 = CARTESIAN_POINT('',(4.450664390143,0.339494988167));
#3884 = CARTESIAN_POINT('',(4.446790791829,0.340821689405));
#3885 = CARTESIAN_POINT('',(4.442901785714,0.342121517634));
#3886 = CARTESIAN_POINT('',(4.435139923499,0.34465212199));
#3887 = CARTESIAN_POINT('',(4.431267877568,0.345883394042));
#3888 = CARTESIAN_POINT('',(4.427380969912,0.347088395005));
#3889 = CARTESIAN_POINT('',(4.423479044985,0.348267171005));
#3890 = CARTESIAN_POINT('',(4.419562287376,0.349419663199));
#3891 = CARTESIAN_POINT('',(4.415631148046,0.350545741704));
#3892 = CARTESIAN_POINT('',(4.411686375988,0.351645216941));
#3893 = CARTESIAN_POINT('',(4.406199673301,0.35313241194));
#3894 = CARTESIAN_POINT('',(4.404668502079,0.353542924586));
#3895 = CARTESIAN_POINT('',(4.403135684987,0.353949373386));
#3896 = CARTESIAN_POINT('',(4.401601306287,0.354351740794));
#3897 = CARTESIAN_POINT('',(4.400065781659,0.354749922216));
#3898 = CARTESIAN_POINT('',(4.398529902143,0.355143723941));
#3899 = CARTESIAN_POINT('',(4.396994967781,0.355532840977));
#3900 = CARTESIAN_POINT('',(4.393799442618,0.356333776111));
#3901 = CARTESIAN_POINT('',(4.392151801765,0.356741562747));
#3902 = CARTESIAN_POINT('',(4.390500788983,0.357145197534));
#3903 = CARTESIAN_POINT('',(4.388852805846,0.357542994287));
#3904 = CARTESIAN_POINT('',(4.387229362829,0.357929659973));
#3905 = CARTESIAN_POINT('',(4.385685068431,0.358292557362));
#3906 = CARTESIAN_POINT('',(4.384295996444,0.358615577995));
#3907 = CARTESIAN_POINT('',(4.381956005604,0.359155362063));
#3908 = CARTESIAN_POINT('',(4.381040278366,0.359364202761));
#3909 = CARTESIAN_POINT('',(4.380357002018,0.359518763109));
#3910 = CARTESIAN_POINT('',(4.379824026145,0.359639037668));
#3911 = CARTESIAN_POINT('',(4.379400760601,0.359734125492));
#3912 = CARTESIAN_POINT('',(4.379056475319,0.359811349005));
#3913 = CARTESIAN_POINT('',(4.37876974633,0.359875517256));
#3914 = CARTESIAN_POINT('',(4.378063669364,0.360033276787));
#3915 = CARTESIAN_POINT('',(4.377759553326,0.360100842948));
#3916 = CARTESIAN_POINT('',(4.377521219598,0.360153777934));
#3917 = CARTESIAN_POINT('',(4.377337624543,0.360194414826));
#3918 = CARTESIAN_POINT('',(4.37718236532,0.360228811101));
#3919 = CARTESIAN_POINT('',(4.377054675964,0.360257031478));
#3920 = CARTESIAN_POINT('',(4.376944617476,0.360281349761));
#3921 = CARTESIAN_POINT('',(4.376773096121,0.360319221042));
#3922 = CARTESIAN_POINT('',(4.376706460637,0.360333923685));
#3923 = CARTESIAN_POINT('',(4.37664714902,0.360347003078));
#3924 = CARTESIAN_POINT('',(4.376593741904,0.360358775137));
#3925 = CARTESIAN_POINT('',(4.376545236044,0.360369462793));
#3926 = CARTESIAN_POINT('',(4.376500914622,0.360379225053));
#3927 = CARTESIAN_POINT('',(4.376460217548,0.360388186054));
#3928 = CARTESIAN_POINT('',(4.376368596071,0.360408354484));
#3929 = CARTESIAN_POINT('',(4.376320979383,0.360418831065));
#3930 = CARTESIAN_POINT('',(4.376278407503,0.36042819396));
#3931 = CARTESIAN_POINT('',(4.37623990197,0.360436659801));
#3932 = CARTESIAN_POINT('',(4.376204770828,0.360444381612));
#3933 = CARTESIAN_POINT('',(4.376172519376,0.360451468661));
#3934 = CARTESIAN_POINT('',(4.376142760933,0.360458006311));
#3935 = CARTESIAN_POINT('',(4.37607572747,0.360472729947));
#3936 = CARTESIAN_POINT('',(4.37604066203,0.360480429179));
#3937 = CARTESIAN_POINT('',(4.376009015737,0.360487375642));
#3938 = CARTESIAN_POINT('',(4.375980125288,0.360493715651));
#3939 = CARTESIAN_POINT('',(4.375953519937,0.360499552964));
#3940 = CARTESIAN_POINT('',(4.375928861828,0.360504961986));
#3941 = CARTESIAN_POINT('',(4.375905886322,0.360510000974));
#3942 = CARTESIAN_POINT('',(4.375854799444,0.360521203547));
#3943 = CARTESIAN_POINT('',(4.375827957951,0.360527087926));
#3944 = CARTESIAN_POINT('',(4.375803258025,0.360532501607));
#3945 = CARTESIAN_POINT('',(4.375780288706,0.360537535008));
#3946 = CARTESIAN_POINT('',(4.375758753367,0.360542253359));
#3947 = CARTESIAN_POINT('',(4.375738435189,0.360546704309));
#3948 = CARTESIAN_POINT('',(4.37571916263,0.360550925547));
#3949 = CARTESIAN_POINT('',(4.375690075363,0.360557295586));
#3950 = CARTESIAN_POINT('',(4.375679675432,0.360559572941));
#3951 = CARTESIAN_POINT('',(4.375669548854,0.360561790247));
#3952 = CARTESIAN_POINT('',(4.375659671237,0.360563952862));
#3953 = CARTESIAN_POINT('',(4.375650020039,0.360566065738));
#3954 = CARTESIAN_POINT('',(4.375640574572,0.360568133416));
#3955 = CARTESIAN_POINT('',(4.375631315994,0.360570160032));
#3956 = CARTESIAN_POINT('',(4.375614476423,0.360573845787));
#3957 = CARTESIAN_POINT('',(4.375606661272,0.360575556217));
#3958 = CARTESIAN_POINT('',(4.375598775015,0.360577282101));
#3959 = CARTESIAN_POINT('',(4.375590810104,0.360579025086));
#3960 = CARTESIAN_POINT('',(4.37558275829,0.360580786973));
#3961 = CARTESIAN_POINT('',(4.375574610621,0.360582569717));
#3962 = CARTESIAN_POINT('',(4.375566357445,0.360584375423));
#3963 = CARTESIAN_POINT('',(4.375540097304,0.360590120463));
#3964 = CARTESIAN_POINT('',(4.375521678285,0.3605941495));
#3965 = CARTESIAN_POINT('',(4.375502621342,0.360598317459));
#3966 = CARTESIAN_POINT('',(4.37548280723,0.360602650355));
#3967 = CARTESIAN_POINT('',(4.375462090399,0.360607179928));
#3968 = CARTESIAN_POINT('',(4.375440281929,0.360611947356));
#3969 = CARTESIAN_POINT('',(4.375417132456,0.360617006962));
#3970 = CARTESIAN_POINT('',(4.375372025924,0.36062686342));
#3971 = CARTESIAN_POINT('',(4.375350626582,0.360631538776));
#3972 = CARTESIAN_POINT('',(4.375327915385,0.36063649989));
#3973 = CARTESIAN_POINT('',(4.375303677832,0.360641793466));
#3974 = CARTESIAN_POINT('',(4.375277642435,0.360647478595));
#3975 = CARTESIAN_POINT('',(4.375249436531,0.360653636332));
#3976 = CARTESIAN_POINT('',(4.375218542095,0.360660379269));
#3977 = CARTESIAN_POINT('',(4.375159269491,0.360673311952));
#3978 = CARTESIAN_POINT('',(4.37513249165,0.360679153523));
#3979 = CARTESIAN_POINT('',(4.375103599964,0.360685454855));
#3980 = CARTESIAN_POINT('',(4.37507226073,0.36069228843));
#3981 = CARTESIAN_POINT('',(4.375038046953,0.360699746951));
#3982 = CARTESIAN_POINT('',(4.375000360692,0.360707960096));
#3983 = CARTESIAN_POINT('',(4.374958355404,0.360717111273));
#3984 = CARTESIAN_POINT('',(4.374877519569,0.360734714311));
#3985 = CARTESIAN_POINT('',(4.374841485194,0.360742559344));
#3986 = CARTESIAN_POINT('',(4.374802279001,0.360751092394));
#3987 = CARTESIAN_POINT('',(4.374759404065,0.360760421023));
#3988 = CARTESIAN_POINT('',(4.374712222451,0.360770683217));
#3989 = CARTESIAN_POINT('',(4.374659834961,0.360782073169));
#3990 = CARTESIAN_POINT('',(4.374600960883,0.360794867055));
#3991 = CARTESIAN_POINT('',(4.37448792063,0.360819416489));
#3992 = CARTESIAN_POINT('',(4.374438172195,0.360830216946));
#3993 = CARTESIAN_POINT('',(4.37438390663,0.360841993276));
#3994 = CARTESIAN_POINT('',(4.374324424584,0.360854896079));
#3995 = CARTESIAN_POINT('',(4.374258830814,0.36086911794));
#3996 = CARTESIAN_POINT('',(4.374185871828,0.360884927905));
#3997 = CARTESIAN_POINT('',(4.374103773537,0.36090270596));
#3998 = CARTESIAN_POINT('',(4.373944442984,0.360937178332));
#3999 = CARTESIAN_POINT('',(4.373873099339,0.360952606354));
#4000 = CARTESIAN_POINT('',(4.373795183745,0.360969446417));
#4001 = CARTESIAN_POINT('',(4.373709564769,0.360987939803));
#4002 = CARTESIAN_POINT('',(4.3736148554,0.361008382202));
#4003 = CARTESIAN_POINT('',(4.373509258611,0.361031156168));
#4004 = CARTESIAN_POINT('',(4.37339024686,0.361056798062));
#4005 = CARTESIAN_POINT('',(4.373153703784,0.361107697503));
#4006 = CARTESIAN_POINT('',(4.373044023024,0.361131280611));
#4007 = CARTESIAN_POINT('',(4.372923537171,0.361157165507));
#4008 = CARTESIAN_POINT('',(4.37279029403,0.361185763273));
#4009 = CARTESIAN_POINT('',(4.372641887692,0.361217580289));
#4010 = CARTESIAN_POINT('',(4.372475197833,0.361253271721));
#4011 = CARTESIAN_POINT('',(4.372285865894,0.361293747585));
#4012 = CARTESIAN_POINT('',(4.371796218618,0.361398207461));
#4013 = CARTESIAN_POINT('',(4.371480479044,0.361465431092));
#4014 = CARTESIAN_POINT('',(4.371106962033,0.361544799246));
#4015 = CARTESIAN_POINT('',(4.370658053855,0.361639870064));
#4016 = CARTESIAN_POINT('',(4.37011180894,0.361755193346));
#4017 = CARTESIAN_POINT('',(4.369436446443,0.361897118427));
#4018 = CARTESIAN_POINT('',(4.368600542348,0.362071402475));
#4019 = CARTESIAN_POINT('',(4.367078523979,0.36238565628));
#4020 = CARTESIAN_POINT('',(4.366495895888,0.362505437831));
#4021 = CARTESIAN_POINT('',(4.365876605778,0.362632138261));
#4022 = CARTESIAN_POINT('',(4.36522676699,0.362764369161));
#4023 = CARTESIAN_POINT('',(4.364552923496,0.362900685426));
#4024 = CARTESIAN_POINT('',(4.363861089665,0.363039790585));
#4025 = CARTESIAN_POINT('',(4.363156093068,0.363180664354));
#4026 = CARTESIAN_POINT('',(4.361610428851,0.363487577754));
#4027 = CARTESIAN_POINT('',(4.360765853757,0.36365408247));
#4028 = CARTESIAN_POINT('',(4.359911280655,0.363821308565));
#4029 = CARTESIAN_POINT('',(4.359049609418,0.36398864296));
#4030 = CARTESIAN_POINT('',(4.358182912932,0.364155656495));
#4031 = CARTESIAN_POINT('',(4.357312495836,0.364322082925));
#4032 = CARTESIAN_POINT('',(4.35643895325,0.364487797931));
#4033 = CARTESIAN_POINT('',(4.354362707649,0.364878549206));
#4034 = CARTESIAN_POINT('',(4.353158353282,0.365102751248));
#4035 = CARTESIAN_POINT('',(4.351950301017,0.365325164853));
#4036 = CARTESIAN_POINT('',(4.350739350553,0.365545626271));
#4037 = CARTESIAN_POINT('',(4.34952604212,0.365764028096));
#4038 = CARTESIAN_POINT('',(4.34831070409,0.365980305975));
#4039 = CARTESIAN_POINT('',(4.347093472786,0.366194431343));
#4040 = CARTESIAN_POINT('',(4.343703929193,0.366783767268));
#4041 = CARTESIAN_POINT('',(4.341528048199,0.367154204298));
#4042 = CARTESIAN_POINT('',(4.339347219151,0.367517599821));
#4043 = CARTESIAN_POINT('',(4.337161825814,0.367873877198));
#4044 = CARTESIAN_POINT('',(4.334972111721,0.368222990283));
#4045 = CARTESIAN_POINT('',(4.332778211274,0.368564913848));
#4046 = CARTESIAN_POINT('',(4.330580158285,0.368899638756));
#4047 = CARTESIAN_POINT('',(4.322807129958,0.37005567557));
#4048 = CARTESIAN_POINT('',(4.317210214489,0.370838026194));
#4049 = CARTESIAN_POINT('',(4.31158768098,0.371574082165));
#4050 = CARTESIAN_POINT('',(4.305939955778,0.372263741507));
#4051 = CARTESIAN_POINT('',(4.300267389821,0.372906924589));
#4052 = CARTESIAN_POINT('',(4.294570253377,0.373503567394));
#4053 = CARTESIAN_POINT('',(4.288848720536,0.374053617151));
#4054 = CARTESIAN_POINT('',(4.276974061826,0.375093982909));
#4055 = CARTESIAN_POINT('',(4.270817770627,0.375577857401));
#4056 = CARTESIAN_POINT('',(4.264634328175,0.376008572457));
#4057 = CARTESIAN_POINT('',(4.258424056207,0.376386057538));
#4058 = CARTESIAN_POINT('',(4.252187287058,0.376710244661));
#4059 = CARTESIAN_POINT('',(4.245924362175,0.376981068279));
#4060 = CARTESIAN_POINT('',(4.239635630638,0.377198465155));
#4061 = CARTESIAN_POINT('',(4.227969811211,0.377501296708));
#4062 = CARTESIAN_POINT('',(4.222599893343,0.377601795803));
#4063 = CARTESIAN_POINT('',(4.217211913715,0.377663834436));
#4064 = CARTESIAN_POINT('',(4.211806096422,0.377687376438));
#4065 = CARTESIAN_POINT('',(4.20638267001,0.377672386571));
#4066 = CARTESIAN_POINT('',(4.200941867478,0.37761883052));
#4067 = CARTESIAN_POINT('',(4.195483926278,0.377526674897));
#4068 = CARTESIAN_POINT('',(4.187976537197,0.377347331903));
#4069 = CARTESIAN_POINT('',(4.185940181772,0.377293453221));
#4070 = CARTESIAN_POINT('',(4.183912242047,0.37723423977));
#4071 = CARTESIAN_POINT('',(4.181883416203,0.377169695037));
#4072 = CARTESIAN_POINT('',(4.179855153857,0.377099815187));
#4073 = CARTESIAN_POINT('',(4.177832101314,0.377024594182));
#4074 = CARTESIAN_POINT('',(4.175809351315,0.376944032507));
#4075 = CARTESIAN_POINT('',(4.142930936731,0.375545930411));
#4076 = CARTESIAN_POINT('',(4.112571122972,0.372986795472));
#4077 = CARTESIAN_POINT('',(4.082753433019,0.36917069129));
#4078 = CARTESIAN_POINT('',(4.053519116271,0.364087730321));
#4079 = CARTESIAN_POINT('',(4.024905076894,0.357728393904));
#4080 = CARTESIAN_POINT('',(3.996942668648,0.350083133642));
#4081 = CARTESIAN_POINT('',(3.969657067785,0.341141179287));
#4082 = CARTESIAN_POINT('',(3.915551876446,0.320278777669));
#4083 = CARTESIAN_POINT('',(3.888785974609,0.308267451308));
#4084 = CARTESIAN_POINT('',(3.862788870352,0.294838354047));
#4085 = CARTESIAN_POINT('',(3.837578942377,0.27997480021));
#4086 = CARTESIAN_POINT('',(3.813173033555,0.26365875427));
#4087 = CARTESIAN_POINT('',(3.789585955154,0.245870114795));
#4088 = CARTESIAN_POINT('',(3.766829991069,0.226585998386));
#4089 = CARTESIAN_POINT('',(3.72345587514,0.185407969331));
#4090 = CARTESIAN_POINT('',(3.702804085723,0.163577704482));
#4091 = CARTESIAN_POINT('',(3.682973829169,0.14026890006));
#4092 = CARTESIAN_POINT('',(3.663982736788,0.115466659192));
#4093 = CARTESIAN_POINT('',(3.645849984982,8.916068604637E-02));
#4094 = CARTESIAN_POINT('',(3.628595978755,6.134852771778E-02));
#4095 = CARTESIAN_POINT('',(3.612243009611,3.204288911341E-02));
#4096 = CARTESIAN_POINT('',(3.595506241877,-1.330422589601E-03));
#4097 = CARTESIAN_POINT('',(3.594202331709,-3.956540283909E-03));
#4098 = CARTESIAN_POINT('',(3.59290485742,-6.573812241813E-03));
#4099 = CARTESIAN_POINT('',(3.591614278109,-9.212168326953E-03));
#4100 = CARTESIAN_POINT('',(3.590330162911,-1.184127747316E-02));
#4101 = CARTESIAN_POINT('',(3.589052846205,-1.448266473342E-02));
#4102 = CARTESIAN_POINT('',(3.587782189869,-1.712578026743E-02));
#4103 = CARTESIAN_POINT('',(3.577923962804,-3.777815801921E-02));
#4104 = CARTESIAN_POINT('',(3.569639490986,-5.598396966386E-02));
#4105 = CARTESIAN_POINT('',(3.561670768987,-7.436274856404E-02));
#4106 = CARTESIAN_POINT('',(3.554022974954,-9.288622610584E-02));
#4107 = CARTESIAN_POINT('',(3.546700697179,-0.111525895956));
#4108 = CARTESIAN_POINT('',(3.539708095588,-0.130252712603));
#4109 = CARTESIAN_POINT('',(3.533049063223,-0.149036789903));
#4110 = CARTESIAN_POINT('',(3.526340417783,-0.168998538769));
#4111 = CARTESIAN_POINT('',(3.5259549972,-0.170149227005));
#4112 = CARTESIAN_POINT('',(3.525571122496,-0.171299160146));
#4113 = CARTESIAN_POINT('',(3.52518879019,-0.172448334056));
#4114 = CARTESIAN_POINT('',(3.524807996809,-0.173596744643));
#4115 = CARTESIAN_POINT('',(3.524428738888,-0.174744387862));
#4116 = CARTESIAN_POINT('',(3.524051012971,-0.17589125971));
#4117 = CARTESIAN_POINT('',(3.523057165526,-0.178919045717));
#4118 = CARTESIAN_POINT('',(3.522442947935,-0.180800739905));
#4119 = CARTESIAN_POINT('',(3.521831622451,-0.182684069848));
#4120 = CARTESIAN_POINT('',(3.521223964397,-0.184566668427));
#4121 = CARTESIAN_POINT('',(3.520619199317,-0.186450875787));
#4122 = CARTESIAN_POINT('',(3.520017892069,-0.18833496491));
#4123 = CARTESIAN_POINT('',(3.51941977613,-0.190219732706));
#4124 = CARTESIAN_POINT('',(3.518224888443,-0.194006591895));
#4125 = CARTESIAN_POINT('',(3.517628162611,-0.195908726187));
#4126 = CARTESIAN_POINT('',(3.517034766043,-0.197811277609));
#4127 = CARTESIAN_POINT('',(3.516444704091,-0.1997142171));
#4128 = CARTESIAN_POINT('',(3.515857982035,-0.201617515677));
#4129 = CARTESIAN_POINT('',(3.515274605079,-0.203521144434));
#4130 = CARTESIAN_POINT('',(3.514694578351,-0.205425074539));
#4131 = CARTESIAN_POINT('',(3.506047900386,-0.233976908921));
#4132 = CARTESIAN_POINT('',(3.498633381024,-0.260683269053));
#4133 = CARTESIAN_POINT('',(3.491891539471,-0.28735977623));
#4134 = CARTESIAN_POINT('',(3.485832141237,-0.313932641464));
#4135 = CARTESIAN_POINT('',(3.480461440153,-0.340339447982));
#4136 = CARTESIAN_POINT('',(3.475784743224,-0.366526229409));
#4137 = CARTESIAN_POINT('',(3.471807626882,-0.392445046345));
#4138 = CARTESIAN_POINT('',(3.466719153064,-0.432270139134));
#4139 = CARTESIAN_POINT('',(3.465119643284,-0.446394465316));
#4140 = CARTESIAN_POINT('',(3.463738181276,-0.460419097959));
#4141 = CARTESIAN_POINT('',(3.462575774542,-0.474339074864));
#4142 = CARTESIAN_POINT('',(3.461633614719,-0.488150300812));
#4143 = CARTESIAN_POINT('',(3.460913160217,-0.501849434847));
#4144 = CARTESIAN_POINT('',(3.460416218851,-0.515433777549));
#4145 = CARTESIAN_POINT('',(3.45930474637,-0.5706301812));
#4146 = CARTESIAN_POINT('',(3.460632562198,-0.611201453983));
#4147 = CARTESIAN_POINT('',(3.464187699046,-0.650600307595));
#4148 = CARTESIAN_POINT('',(3.470081876763,-0.688818841907));
#4149 = CARTESIAN_POINT('',(3.478484926041,-0.725843187966));
#4150 = CARTESIAN_POINT('',(3.489631959309,-0.76164779575));
#4151 = CARTESIAN_POINT('',(3.503843744556,-0.796189697779));
#4152 = CARTESIAN_POINT('',(3.522440630137,-0.83105824315));
#4153 = CARTESIAN_POINT('',(3.523337088264,-0.83271923459));
#4154 = CARTESIAN_POINT('',(3.524242361594,-0.834376806576));
#4155 = CARTESIAN_POINT('',(3.525156502006,-0.836030945419));
#4156 = CARTESIAN_POINT('',(3.526079561781,-0.837681636994));
#4157 = CARTESIAN_POINT('',(3.527011593596,-0.839328866739));
#4158 = CARTESIAN_POINT('',(3.527952650533,-0.840972619654));
#4159 = CARTESIAN_POINT('',(3.528902786072,-0.842612880303));
#4160 = ( GEOMETRIC_REPRESENTATION_CONTEXT(2) 
PARAMETRIC_REPRESENTATION_CONTEXT() REPRESENTATION_CONTEXT('2D SPACE',''
  ) );
#4161 = PCURVE('',#4162,#4198);
#4162 = ( BOUNDED_SURFACE() B_SPLINE_SURFACE(2,2,(
    (#4163,#4164,#4165,#4166,#4167)
    ,(#4168,#4169,#4170,#4171,#4172)
    ,(#4173,#4174,#4175,#4176,#4177)
    ,(#4178,#4179,#4180,#4181,#4182)
    ,(#4183,#4184,#4185,#4186,#4187)
    ,(#4188,#4189,#4190,#4191,#4192)
    ,(#4193,#4194,#4195,#4196,#4197
)),.UNSPECIFIED.,.T.,.F.,.F.) B_SPLINE_SURFACE_WITH_KNOTS((1,2,2,2,2,1),
  (3,2,3),(-2.094395102393,0.,2.094395102393,4.188790204786,
    6.28318530718,8.377580409573),(-1.570796326795,0.,1.570796326795),
.UNSPECIFIED.) GEOMETRIC_REPRESENTATION_ITEM() RATIONAL_B_SPLINE_SURFACE
((
    (1.,0.707106781187,1.,0.707106781187,1.)
    ,(0.5,0.353553390593,0.5,0.353553390593,0.5)
    ,(1.,0.707106781187,1.,0.707106781187,1.)
    ,(0.5,0.353553390593,0.5,0.353553390593,0.5)
    ,(1.,0.707106781187,1.,0.707106781187,1.)
    ,(0.5,0.353553390593,0.5,0.353553390593,0.5)
,(1.,0.707106781187,1.,0.707106781187,1.
))) REPRESENTATION_ITEM('') SURFACE() );
#4163 = CARTESIAN_POINT('',(-2.5,-3.094133342141,2.619259607988));
#4164 = CARTESIAN_POINT('',(2.5,-3.094133342141,2.619259607988));
#4165 = CARTESIAN_POINT('',(2.5,-4.,6.));
#4166 = CARTESIAN_POINT('',(2.5,-4.905866657859,9.380740392012));
#4167 = CARTESIAN_POINT('',(-2.5,-4.905866657859,9.380740392012));
#4168 = CARTESIAN_POINT('',(-2.5,-3.094133342141,2.619259607988));
#4169 = CARTESIAN_POINT('',(2.5,-8.113231164568,1.274396399736));
#4170 = CARTESIAN_POINT('',(2.5,-9.019097822427,4.655136791748));
#4171 = CARTESIAN_POINT('',(2.5,-9.924964480286,8.03587718376));
#4172 = CARTESIAN_POINT('',(-2.5,-4.905866657859,9.380740392012));
#4173 = CARTESIAN_POINT('',(-2.5,-3.094133342141,2.619259607988));
#4174 = CARTESIAN_POINT('',(-5.,-5.603682253355,1.946828003862));
#4175 = CARTESIAN_POINT('',(-5.,-6.509548911213,5.327568395874));
#4176 = CARTESIAN_POINT('',(-5.,-7.415415569072,8.708308787886));
#4177 = CARTESIAN_POINT('',(-2.5,-4.905866657859,9.380740392012));
#4178 = CARTESIAN_POINT('',(-2.5,-3.094133342141,2.619259607988));
#4179 = CARTESIAN_POINT('',(-12.5,-3.094133342141,2.619259607988));
#4180 = CARTESIAN_POINT('',(-12.5,-4.,6.));
#4181 = CARTESIAN_POINT('',(-12.5,-4.905866657859,9.380740392012));
#4182 = CARTESIAN_POINT('',(-2.5,-4.905866657859,9.380740392012));
#4183 = CARTESIAN_POINT('',(-2.5,-3.094133342141,2.619259607988));
#4184 = CARTESIAN_POINT('',(-5.,-0.584584430928,3.291691212114));
#4185 = CARTESIAN_POINT('',(-5.,-1.490451088787,6.672431604126));
#4186 = CARTESIAN_POINT('',(-5.,-2.396317746645,10.053171996138));
#4187 = CARTESIAN_POINT('',(-2.5,-4.905866657859,9.380740392012));
#4188 = CARTESIAN_POINT('',(-2.5,-3.094133342141,2.619259607988));
#4189 = CARTESIAN_POINT('',(2.5,1.924964480286,3.96412281624));
#4190 = CARTESIAN_POINT('',(2.5,1.019097822427,7.344863208252));
#4191 = CARTESIAN_POINT('',(2.5,0.113231164568,10.725603600264));
#4192 = CARTESIAN_POINT('',(-2.5,-4.905866657859,9.380740392012));
#4193 = CARTESIAN_POINT('',(-2.5,-3.094133342141,2.619259607988));
#4194 = CARTESIAN_POINT('',(2.5,-3.094133342141,2.619259607988));
#4195 = CARTESIAN_POINT('',(2.5,-4.,6.));
#4196 = CARTESIAN_POINT('',(2.5,-4.905866657859,9.380740392012));
#4197 = CARTESIAN_POINT('',(-2.5,-4.905866657859,9.380740392012));
#4198 = DEFINITIONAL_REPRESENTATION('',(#4199),#4552);
#4199 = B_SPLINE_CURVE_WITH_KNOTS('',8,(#4200,#4201,#4202,#4203,#4204,
    #4205,#4206,#4207,#4208,#4209,#4210,#4211,#4212,#4213,#4214,#4215,
    #4216,#4217,#4218,#4219,#4220,#4221,#4222,#4223,#4224,#4225,#4226,
    #4227,#4228,#4229,#4230,#4231,#4232,#4233,#4234,#4235,#4236,#4237,
    #4238,#4239,#4240,#4241,#4242,#4243,#4244,#4245,#4246,#4247,#4248,
    #4249,#4250,#4251,#4252,#4253,#4254,#4255,#4256,#4257,#4258,#4259,
    #4260,#4261,#4262,#4263,#4264,#4265,#4266,#4267,#4268,#4269,#4270,
    #4271,#4272,#4273,#4274,#4275,#4276,#4277,#4278,#4279,#4280,#4281,
    #4282,#4283,#4284,#4285,#4286,#4287,#4288,#4289,#4290,#4291,#4292,
    #4293,#4294,#4295,#4296,#4297,#4298,#4299,#4300,#4301,#4302,#4303,
    #4304,#4305,#4306,#4307,#4308,#4309,#4310,#4311,#4312,#4313,#4314,
    #4315,#4316,#4317,#4318,#4319,#4320,#4321,#4322,#4323,#4324,#4325,
    #4326,#4327,#4328,#4329,#4330,#4331,#4332,#4333,#4334,#4335,#4336,
    #4337,#4338,#4339,#4340,#4341,#4342,#4343,#4344,#4345,#4346,#4347,
    #4348,#4349,#4350,#4351,#4352,#4353,#4354,#4355,#4356,#4357,#4358,
    #4359,#4360,#4361,#4362,#4363,#4364,#4365,#4366,#4367,#4368,#4369,
    #4370,#4371,#4372,#4373,#4374,#4375,#4376,#4377,#4378,#4379,#4380,
    #4381,#4382,#4383,#4384,#4385,#4386,#4387,#4388,#4389,#4390,#4391,
    #4392,#4393,#4394,#4395,#4396,#4397,#4398,#4399,#4400,#4401,#4402,
    #4403,#4404,#4405,#4406,#4407,#4408,#4409,#4410,#4411,#4412,#4413,
    #4414,#4415,#4416,#4417,#4418,#4419,#4420,#4421,#4422,#4423,#4424,
    #4425,#4426,#4427,#4428,#4429,#4430,#4431,#4432,#4433,#4434,#4435,
    #4436,#4437,#4438,#4439,#4440,#4441,#4442,#4443,#4444,#4445,#4446,
    #4447,#4448,#4449,#4450,#4451,#4452,#4453,#4454,#4455,#4456,#4457,
    #4458,#4459,#4460,#4461,#4462,#4463,#4464,#4465,#4466,#4467,#4468,
    #4469,#4470,#4471,#4472,#4473,#4474,#4475,#4476,#4477,#4478,#4479,
    #4480,#4481,#4482,#4483,#4484,#4485,#4486,#4487,#4488,#4489,#4490,
    #4491,#4492,#4493,#4494,#4495,#4496,#4497,#4498,#4499,#4500,#4501,
    #4502,#4503,#4504,#4505,#4506,#4507,#4508,#4509,#4510,#4511,#4512,
    #4513,#4514,#4515,#4516,#4517,#4518,#4519,#4520,#4521,#4522,#4523,
    #4524,#4525,#4526,#4527,#4528,#4529,#4530,#4531,#4532,#4533,#4534,
    #4535,#4536,#4537,#4538,#4539,#4540,#4541,#4542,#4543,#4544,#4545,
    #4546,#4547,#4548,#4549,#4550,#4551),.UNSPECIFIED.,.F.,.F.,(9,7,7,7,
    7,7,7,7,7,7,7,7,7,7,7,7,7,7,7,7,7,7,7,7,7,7,7,7,7,7,7,7,7,7,7,7,7,7,
    7,7,7,7,7,7,7,7,7,7,7,7,9),(0.,2.05844852006E-02,6.170491525386E-02,
    0.105005502668,0.106479820865,0.162002667759,0.228264346113,
    0.23147915392,0.283333490988,0.326709734254,0.369280927746,
    0.378804090294,0.388213061231,0.391850775732,0.395801009001,
    0.399597107982,0.406770358195,0.412467468843,0.420650610049,
    0.432318278836,0.448317946931,0.457627889822,0.465567480194,
    0.482540525898,0.496416681917,0.506526027075,0.513621881717,
    0.518472403163,0.521870339615,0.524374954064,0.527486707845,
    0.529205431341,0.531202851026,0.53393569435,0.538800603929,
    0.551106522363,0.564232721068,0.575357936177,0.579488207892,
    0.64257669679,0.707860762575,0.771783291931,0.777214326678,
    0.814143363504,0.816403907826,0.820115325165,0.823859259958,
    0.876252314242,0.905343113114,0.995481695669,1.),.UNSPECIFIED.);
#4200 = CARTESIAN_POINT('',(0.463129202639,-0.624923720478));
#4201 = CARTESIAN_POINT('',(0.467000434871,-0.611205190155));
#4202 = CARTESIAN_POINT('',(0.470818342247,-0.597403127263));
#4203 = CARTESIAN_POINT('',(0.474585723101,-0.58351652461));
#4204 = CARTESIAN_POINT('',(0.478305037499,-0.569544418581));
#4205 = CARTESIAN_POINT('',(0.481978429277,-0.555485916942));
#4206 = CARTESIAN_POINT('',(0.485607748094,-0.541340226648));
#4207 = CARTESIAN_POINT('',(0.489194571471,-0.52710668165));
#4208 = CARTESIAN_POINT('',(0.499823176556,-0.484174721348));
#4209 = CARTESIAN_POINT('',(0.50674255314,-0.455209083348));
#4210 = CARTESIAN_POINT('',(0.513508024244,-0.425887265318));
#4211 = CARTESIAN_POINT('',(0.520126215127,-0.396207439789));
#4212 = CARTESIAN_POINT('',(0.526600969502,-0.36616778248));
#4213 = CARTESIAN_POINT('',(0.532933610388,-0.335767711564));
#4214 = CARTESIAN_POINT('',(0.539123200959,-0.305009126941));
#4215 = CARTESIAN_POINT('',(0.551530834695,-0.241136677736));
#4216 = CARTESIAN_POINT('',(0.557734042214,-0.20797895476));
#4217 = CARTESIAN_POINT('',(0.56377295586,-0.174431345338));
#4218 = CARTESIAN_POINT('',(0.569643459585,-0.140495989251));
#4219 = CARTESIAN_POINT('',(0.575340964496,-0.106171660482));
#4220 = CARTESIAN_POINT('',(0.580860579965,-7.145512640414E-02));
#4221 = CARTESIAN_POINT('',(0.586197284743,-3.634250696461E-02));
#4222 = CARTESIAN_POINT('',(0.591521407221,3.784906218749E-04));
#4223 = CARTESIAN_POINT('',(0.591696564115,1.588069262261E-03));
#4224 = CARTESIAN_POINT('',(0.591871597663,2.797821675744E-03));
#4225 = CARTESIAN_POINT('',(0.592046527035,4.007554547854E-03));
#4226 = CARTESIAN_POINT('',(0.592221361664,5.217161626149E-03));
#4227 = CARTESIAN_POINT('',(0.592396101243,6.426623720215E-03));
#4228 = CARTESIAN_POINT('',(0.592570735729,7.636008701664E-03));
#4229 = CARTESIAN_POINT('',(0.599317280091,5.439386000814E-02));
#4230 = CARTESIAN_POINT('',(0.605599340432,9.898742776357E-02));
#4231 = CARTESIAN_POINT('',(0.611578293555,0.142658087692));
#4232 = CARTESIAN_POINT('',(0.617243437096,0.185451345168));
#4233 = CARTESIAN_POINT('',(0.622586457812,0.227418778753));
#4234 = CARTESIAN_POINT('',(0.627601467798,0.268613247547));
#4235 = CARTESIAN_POINT('',(0.63228511826,0.309086825164));
#4236 = CARTESIAN_POINT('',(0.641830132758,0.396394822994));
#4237 = CARTESIAN_POINT('',(0.646550770509,0.442946454888));
#4238 = CARTESIAN_POINT('',(0.650798765357,0.488645474857));
#4239 = CARTESIAN_POINT('',(0.654578660683,0.533585631984));
#4240 = CARTESIAN_POINT('',(0.657899570473,0.577854638596));
#4241 = CARTESIAN_POINT('',(0.660774929119,0.621534721463));
#4242 = CARTESIAN_POINT('',(0.663221902527,0.664704391201));
#4243 = CARTESIAN_POINT('',(0.665359364931,0.709514896312));
#4244 = CARTESIAN_POINT('',(0.665457354432,0.711588317776));
#4245 = CARTESIAN_POINT('',(0.6655544332,0.713661775701));
#4246 = CARTESIAN_POINT('',(0.665650600319,0.715735244029));
#4247 = CARTESIAN_POINT('',(0.665745854718,0.717808692542));
#4248 = CARTESIAN_POINT('',(0.665840197231,0.719882129992));
#4249 = CARTESIAN_POINT('',(0.665933629772,0.721955587056));
#4250 = CARTESIAN_POINT('',(0.667518514709,0.75747348968));
#4251 = CARTESIAN_POINT('',(0.668763284076,0.790677806418));
#4252 = CARTESIAN_POINT('',(0.669770017403,0.823675815328));
#4253 = CARTESIAN_POINT('',(0.670549337621,0.8564996552));
#4254 = CARTESIAN_POINT('',(0.67111280032,0.88918029791));
#4255 = CARTESIAN_POINT('',(0.671472761134,0.921748068747));
#4256 = CARTESIAN_POINT('',(0.671642243117,0.95423316673));
#4257 = CARTESIAN_POINT('',(0.671628581411,1.013796461146));
#4258 = CARTESIAN_POINT('',(0.671498472456,1.040890057466));
#4259 = CARTESIAN_POINT('',(0.67125276676,1.0679648369));
#4260 = CARTESIAN_POINT('',(0.670899611215,1.095038590872));
#4261 = CARTESIAN_POINT('',(0.67044750473,1.122129230834));
#4262 = CARTESIAN_POINT('',(0.669905792847,1.149254979879));
#4263 = CARTESIAN_POINT('',(0.66928516236,1.176434564348));
#4264 = CARTESIAN_POINT('',(0.667923860503,1.230434442166));
#4265 = CARTESIAN_POINT('',(0.667186197705,1.257251855105));
#4266 = CARTESIAN_POINT('',(0.666394386689,1.284158101578));
#4267 = CARTESIAN_POINT('',(0.665574630742,1.311172089044));
#4268 = CARTESIAN_POINT('',(0.664721876739,1.338313293344));
#4269 = CARTESIAN_POINT('',(0.663908189529,1.365602052936));
#4270 = CARTESIAN_POINT('',(0.663125651867,1.393059586469));
#4271 = CARTESIAN_POINT('',(0.662499515057,1.426893707361));
#4272 = CARTESIAN_POINT('',(0.662398489911,1.433088357202));
#4273 = CARTESIAN_POINT('',(0.66231414184,1.439292834648));
#4274 = CARTESIAN_POINT('',(0.662249682558,1.445507395572));
#4275 = CARTESIAN_POINT('',(0.662209303478,1.451732292148));
#4276 = CARTESIAN_POINT('',(0.662199184336,1.457967772447));
#4277 = CARTESIAN_POINT('',(0.662228501813,1.464214080039));
#4278 = CARTESIAN_POINT('',(0.662391392009,1.476653795383));
#4279 = CARTESIAN_POINT('',(0.662523467745,1.482846226712));
#4280 = CARTESIAN_POINT('',(0.662722758897,1.489049640086));
#4281 = CARTESIAN_POINT('',(0.663001622126,1.495264633993));
#4282 = CARTESIAN_POINT('',(0.663395458417,1.501491263693));
#4283 = CARTESIAN_POINT('',(0.663945269384,1.507729170004));
#4284 = CARTESIAN_POINT('',(0.664712603025,1.513977530956));
#4285 = CARTESIAN_POINT('',(0.666363931469,1.52265327808));
#4286 = CARTESIAN_POINT('',(0.666887860349,1.525072805369));
#4287 = CARTESIAN_POINT('',(0.6674866285,1.527493347523));
#4288 = CARTESIAN_POINT('',(0.668177547056,1.529914789467));
#4289 = CARTESIAN_POINT('',(0.668981662353,1.532336491948));
#4290 = CARTESIAN_POINT('',(0.669927306157,1.5347572241));
#4291 = CARTESIAN_POINT('',(0.671059433532,1.537174953253));
#4292 = CARTESIAN_POINT('',(0.673969935618,1.54220520777));
#4293 = CARTESIAN_POINT('',(0.675785118954,1.544797078911));
#4294 = CARTESIAN_POINT('',(0.678008098702,1.547392542988));
#4295 = CARTESIAN_POINT('',(0.680807590619,1.549981463797));
#4296 = CARTESIAN_POINT('',(0.684397080091,1.552529959705));
#4297 = CARTESIAN_POINT('',(0.689116995244,1.554952301135));
#4298 = CARTESIAN_POINT('',(0.695585569492,1.557129403004));
#4299 = CARTESIAN_POINT('',(0.711432860105,1.560793905062));
#4300 = CARTESIAN_POINT('',(0.720349300122,1.562226328201));
#4301 = CARTESIAN_POINT('',(0.730144244755,1.563293690794));
#4302 = CARTESIAN_POINT('',(0.740387465453,1.564125274437));
#4303 = CARTESIAN_POINT('',(0.750802535161,1.564784757811));
#4304 = CARTESIAN_POINT('',(0.761255384594,1.565320450161));
#4305 = CARTESIAN_POINT('',(0.771722019868,1.565765921908));
#4306 = CARTESIAN_POINT('',(0.802310933174,1.566861119512));
#4307 = CARTESIAN_POINT('',(0.82246075826,1.567330242147));
#4308 = CARTESIAN_POINT('',(0.842653699052,1.567696294343));
#4309 = CARTESIAN_POINT('',(0.862859651472,1.567976545981));
#4310 = CARTESIAN_POINT('',(0.883037118686,1.568212411219));
#4311 = CARTESIAN_POINT('',(0.903221637934,1.568405046854));
#4312 = CARTESIAN_POINT('',(0.923421258738,1.568570032106));
#4313 = CARTESIAN_POINT('',(0.95981653954,1.568825290878));
#4314 = CARTESIAN_POINT('',(0.975928835922,1.568923710102));
#4315 = CARTESIAN_POINT('',(0.992042392282,1.569010635116));
#4316 = CARTESIAN_POINT('',(1.008156819756,1.569088288688));
#4317 = CARTESIAN_POINT('',(1.024271856292,1.569158241761));
#4318 = CARTESIAN_POINT('',(1.040387345386,1.569221616632));
#4319 = CARTESIAN_POINT('',(1.05650321482,1.569279290113));
#4320 = CARTESIAN_POINT('',(1.095768290057,1.569407946364));
#4321 = CARTESIAN_POINT('',(1.118917735985,1.569473721735));
#4322 = CARTESIAN_POINT('',(1.14206761213,1.569531542685));
#4323 = CARTESIAN_POINT('',(1.165217787345,1.569582940651));
#4324 = CARTESIAN_POINT('',(1.188368173135,1.569628998406));
#4325 = CARTESIAN_POINT('',(1.211518716396,1.569670489817));
#4326 = CARTESIAN_POINT('',(1.234669392162,1.569708019607));
#4327 = CARTESIAN_POINT('',(1.29082902614,1.569790845527));
#4328 = CARTESIAN_POINT('',(1.323838066881,1.569832621163));
#4329 = CARTESIAN_POINT('',(1.356847257369,1.569868921388));
#4330 = CARTESIAN_POINT('',(1.389856553206,1.569900782614));
#4331 = CARTESIAN_POINT('',(1.4228659243,1.569928939718));
#4332 = CARTESIAN_POINT('',(1.455875352366,1.569953919466));
#4333 = CARTESIAN_POINT('',(1.488884828432,1.569976133933));
#4334 = CARTESIAN_POINT('',(1.567159724618,1.570023180167));
#4335 = CARTESIAN_POINT('',(1.612425170349,1.570045906468));
#4336 = CARTESIAN_POINT('',(1.657690667951,1.570065023386));
#4337 = CARTESIAN_POINT('',(1.702956203084,1.570081168212));
#4338 = CARTESIAN_POINT('',(1.748221765854,1.570094799021));
#4339 = CARTESIAN_POINT('',(1.793487350014,1.570106248709));
#4340 = CARTESIAN_POINT('',(1.838752952162,1.570115779046));
#4341 = CARTESIAN_POINT('',(1.910357887694,1.570128205802));
#4342 = CARTESIAN_POINT('',(1.936697209422,1.570132208375));
#4343 = CARTESIAN_POINT('',(1.963036535527,1.570135684205));
#4344 = CARTESIAN_POINT('',(1.989375865475,1.570138671061));
#4345 = CARTESIAN_POINT('',(2.015715198803,1.57014120272));
#4346 = CARTESIAN_POINT('',(2.042054535115,1.570143308957));
#4347 = CARTESIAN_POINT('',(2.068393874085,1.570145015553));
#4348 = CARTESIAN_POINT('',(2.117195606861,1.570147477449));
#4349 = CARTESIAN_POINT('',(2.139657997386,1.570148363417));
#4350 = CARTESIAN_POINT('',(2.162120386931,1.570148994317));
#4351 = CARTESIAN_POINT('',(2.184582775379,1.570149361095));
#4352 = CARTESIAN_POINT('',(2.207045162593,1.570149453519));
#4353 = CARTESIAN_POINT('',(2.229507548423,1.570149260182));
#4354 = CARTESIAN_POINT('',(2.251969932701,1.570148768499));
#4355 = CARTESIAN_POINT('',(2.322451800843,1.570146246393));
#4356 = CARTESIAN_POINT('',(2.370471277889,1.570143104213));
#4357 = CARTESIAN_POINT('',(2.418490745195,1.570138389947));
#4358 = CARTESIAN_POINT('',(2.466510200722,1.57013193943));
#4359 = CARTESIAN_POINT('',(2.514529641252,1.570123545991));
#4360 = CARTESIAN_POINT('',(2.562549062055,1.570112933904));
#4361 = CARTESIAN_POINT('',(2.610568456559,1.570099731829));
#4362 = CARTESIAN_POINT('',(2.697845597771,1.570070132133));
#4363 = CARTESIAN_POINT('',(2.737103352308,1.570054764274));
#4364 = CARTESIAN_POINT('',(2.776361077753,1.570037036936));
#4365 = CARTESIAN_POINT('',(2.815618768568,1.570016623876));
#4366 = CARTESIAN_POINT('',(2.8548764142,1.569993109348));
#4367 = CARTESIAN_POINT('',(2.894133997718,1.569965919117));
#4368 = CARTESIAN_POINT('',(2.933391494461,1.569934251456));
#4369 = CARTESIAN_POINT('',(3.001249469105,1.569869874893));
#4370 = CARTESIAN_POINT('',(3.029849988977,1.569839792799));
#4371 = CARTESIAN_POINT('',(3.058450427491,1.569806267847));
#4372 = CARTESIAN_POINT('',(3.087050769413,1.569768781377));
#4373 = CARTESIAN_POINT('',(3.11565098259,1.569726668903));
#4374 = CARTESIAN_POINT('',(3.144251013462,1.569678998922));
#4375 = CARTESIAN_POINT('',(3.172850782575,1.56962445172));
#4376 = CARTESIAN_POINT('',(3.221524395037,1.569516799868));
#4377 = CARTESIAN_POINT('',(3.24159837919,1.569468127752));
#4378 = CARTESIAN_POINT('',(3.261672127986,1.569414439308));
#4379 = CARTESIAN_POINT('',(3.281745597394,1.569354959337));
#4380 = CARTESIAN_POINT('',(3.301818690006,1.56928869253));
#4381 = CARTESIAN_POINT('',(3.321891241126,1.56921423603));
#4382 = CARTESIAN_POINT('',(3.341963004852,1.569129591997));
#4383 = CARTESIAN_POINT('',(3.375753347225,1.568965255537));
#4384 = CARTESIAN_POINT('',(3.389472389863,1.568892490893));
#4385 = CARTESIAN_POINT('',(3.403190753607,1.568812648189));
#4386 = CARTESIAN_POINT('',(3.41690830928,1.568724636595));
#4387 = CARTESIAN_POINT('',(3.43062477476,1.568627059897));
#4388 = CARTESIAN_POINT('',(3.444339676751,1.568517963904));
#4389 = CARTESIAN_POINT('',(3.458052312537,1.568394583853));
#4390 = CARTESIAN_POINT('',(3.481365559066,1.56815397237));
#4391 = CARTESIAN_POINT('',(3.490967419661,1.568045938239));
#4392 = CARTESIAN_POINT('',(3.50056729971,1.567927643067));
#4393 = CARTESIAN_POINT('',(3.51016473244,1.567797325047));
#4394 = CARTESIAN_POINT('',(3.519758793966,1.567652824395));
#4395 = CARTESIAN_POINT('',(3.529348042668,1.567491343551));
#4396 = CARTESIAN_POINT('',(3.538930382126,1.567308950095));
#4397 = CARTESIAN_POINT('',(3.555558699168,1.566945674624));
#4398 = CARTESIAN_POINT('',(3.562607404166,1.566777023267));
#4399 = CARTESIAN_POINT('',(3.569649301786,1.566591542332));
#4400 = CARTESIAN_POINT('',(3.576682834038,1.566386199078));
#4401 = CARTESIAN_POINT('',(3.583704579459,1.566157255753));
#4402 = CARTESIAN_POINT('',(3.59070902706,1.565899866608));
#4403 = CARTESIAN_POINT('',(3.597688090504,1.565607270145));
#4404 = CARTESIAN_POINT('',(3.613255498832,1.564850023385));
#4405 = CARTESIAN_POINT('',(3.621812856416,1.564361413392));
#4406 = CARTESIAN_POINT('',(3.630316360907,1.563783064451));
#4407 = CARTESIAN_POINT('',(3.638712898184,1.563087814438));
#4408 = CARTESIAN_POINT('',(3.646872260953,1.56224163501));
#4409 = CARTESIAN_POINT('',(3.654584634311,1.56119558173));
#4410 = CARTESIAN_POINT('',(3.661606449148,1.559901986215));
#4411 = CARTESIAN_POINT('',(3.67121381036,1.557549906708));
#4412 = CARTESIAN_POINT('',(3.674358852926,1.556650082574));
#4413 = CARTESIAN_POINT('',(3.677203325833,1.555694345241));
#4414 = CARTESIAN_POINT('',(3.679752383299,1.554692333447));
#4415 = CARTESIAN_POINT('',(3.682028624374,1.553654311799));
#4416 = CARTESIAN_POINT('',(3.684061356883,1.552589671533));
#4417 = CARTESIAN_POINT('',(3.685880068855,1.551505923176));
#4418 = CARTESIAN_POINT('',(3.689408786026,1.549132436866));
#4419 = CARTESIAN_POINT('',(3.691054528095,1.547837109469));
#4420 = CARTESIAN_POINT('',(3.692495112432,1.546528118723));
#4421 = CARTESIAN_POINT('',(3.693766647445,1.545209979524));
#4422 = CARTESIAN_POINT('',(3.694897316117,1.543885905829));
#4423 = CARTESIAN_POINT('',(3.695909120943,1.542557914625));
#4424 = CARTESIAN_POINT('',(3.696819628868,1.541226929894));
#4425 = CARTESIAN_POINT('',(3.698771221696,1.538067666089));
#4426 = CARTESIAN_POINT('',(3.699735763819,1.536238427482));
#4427 = CARTESIAN_POINT('',(3.700573615,1.534406933577));
#4428 = CARTESIAN_POINT('',(3.701309206101,1.532574415926));
#4429 = CARTESIAN_POINT('',(3.70195987579,1.530741698429));
#4430 = CARTESIAN_POINT('',(3.702538985331,1.528909276879));
#4431 = CARTESIAN_POINT('',(3.703057398836,1.527077354458));
#4432 = CARTESIAN_POINT('',(3.704352761048,1.521985424745));
#4433 = CARTESIAN_POINT('',(3.705015949548,1.518727303433));
#4434 = CARTESIAN_POINT('',(3.705559422103,1.515472314055));
#4435 = CARTESIAN_POINT('',(3.706010800766,1.512220988634));
#4436 = CARTESIAN_POINT('',(3.706387741688,1.508973636983));
#4437 = CARTESIAN_POINT('',(3.706703460374,1.50573040098));
#4438 = CARTESIAN_POINT('',(3.706968842525,1.502491272546));
#4439 = CARTESIAN_POINT('',(3.707753448997,1.491072557708));
#4440 = CARTESIAN_POINT('',(3.708041176427,1.482915537025));
#4441 = CARTESIAN_POINT('',(3.708177972275,1.474784866416));
#4442 = CARTESIAN_POINT('',(3.708205236198,1.466680155665));
#4443 = CARTESIAN_POINT('',(3.708150173965,1.458600885277));
#4444 = CARTESIAN_POINT('',(3.708035324897,1.450546411528));
#4445 = CARTESIAN_POINT('',(3.707870148902,1.4425159486));
#4446 = CARTESIAN_POINT('',(3.707446716362,1.425967531249));
#4447 = CARTESIAN_POINT('',(3.707182915699,1.417453015852));
#4448 = CARTESIAN_POINT('',(3.706884460944,1.408964249974));
#4449 = CARTESIAN_POINT('',(3.706558718695,1.400500425924));
#4450 = CARTESIAN_POINT('',(3.706210639536,1.392060744159));
#4451 = CARTESIAN_POINT('',(3.705843577085,1.383644411408));
#4452 = CARTESIAN_POINT('',(3.705460107053,1.37525063878));
#4453 = CARTESIAN_POINT('',(3.70472614474,1.359782884997));
#4454 = CARTESIAN_POINT('',(3.704379499719,1.352702773656));
#4455 = CARTESIAN_POINT('',(3.70402414582,1.345637831539));
#4456 = CARTESIAN_POINT('',(3.703661160008,1.338587587137));
#4457 = CARTESIAN_POINT('',(3.703291461625,1.331551571762));
#4458 = CARTESIAN_POINT('',(3.702915812385,1.324529319539));
#4459 = CARTESIAN_POINT('',(3.702534816377,1.317520367409));
#4460 = CARTESIAN_POINT('',(3.702005654822,1.307926926058));
#4461 = CARTESIAN_POINT('',(3.701861723442,1.305331425528));
#4462 = CARTESIAN_POINT('',(3.701717126296,1.302737248067));
#4463 = CARTESIAN_POINT('',(3.701571908902,1.300144738234));
#4464 = CARTESIAN_POINT('',(3.701426092003,1.297553815916));
#4465 = CARTESIAN_POINT('',(3.70127968813,1.294964275213));
#4466 = CARTESIAN_POINT('',(3.70113272939,1.292376288041));
#4467 = CARTESIAN_POINT('',(3.698732248138,1.25028116154));
#4468 = CARTESIAN_POINT('',(3.696354094618,1.211115034657));
#4469 = CARTESIAN_POINT('',(3.693920638097,1.172206302898));
#4470 = CARTESIAN_POINT('',(3.691453934356,1.133475147417));
#4471 = CARTESIAN_POINT('',(3.688972584754,1.09484425222));
#4472 = CARTESIAN_POINT('',(3.68649509687,1.056236722871));
#4473 = CARTESIAN_POINT('',(3.684032035376,1.017573870698));
#4474 = CARTESIAN_POINT('',(3.679076712702,0.938619908545));
#4475 = CARTESIAN_POINT('',(3.676586685763,0.898325662267));
#4476 = CARTESIAN_POINT('',(3.674139872676,0.857794428994));
#4477 = CARTESIAN_POINT('',(3.671749336849,0.816935696705));
#4478 = CARTESIAN_POINT('',(3.669428445531,0.775660361643));
#4479 = CARTESIAN_POINT('',(3.667191313856,0.733877745519));
#4480 = CARTESIAN_POINT('',(3.665053248888,0.69149261271));
#4481 = CARTESIAN_POINT('',(3.661051309541,0.60621043761));
#4482 = CARTESIAN_POINT('',(3.659182692504,0.563344413504));
#4483 = CARTESIAN_POINT('',(3.657441733091,0.519717957928));
#4484 = CARTESIAN_POINT('',(3.655846509482,0.475252542534));
#4485 = CARTESIAN_POINT('',(3.654416995206,0.429872822331));
#4486 = CARTESIAN_POINT('',(3.653174977021,0.383508365516));
#4487 = CARTESIAN_POINT('',(3.652143682978,0.336101558643));
#4488 = CARTESIAN_POINT('',(3.651279442506,0.283502703263));
#4489 = CARTESIAN_POINT('',(3.65121346101,0.279376117916));
#4490 = CARTESIAN_POINT('',(3.65114917464,0.275240918425));
#4491 = CARTESIAN_POINT('',(3.651086621495,0.271098470202));
#4492 = CARTESIAN_POINT('',(3.651025793204,0.266947353801));
#4493 = CARTESIAN_POINT('',(3.650966721467,0.262788544848));
#4494 = CARTESIAN_POINT('',(3.650909413244,0.258621542312));
#4495 = CARTESIAN_POINT('',(3.650476320947,0.226057505216));
#4496 = CARTESIAN_POINT('',(3.650181061931,0.197292165939));
#4497 = CARTESIAN_POINT('',(3.649972878639,0.168147764707));
#4498 = CARTESIAN_POINT('',(3.649856546635,0.138621383723));
#4499 = CARTESIAN_POINT('',(3.649836791154,0.108710965297));
#4500 = CARTESIAN_POINT('',(3.649918230927,7.841640359184E-02));
#4501 = CARTESIAN_POINT('',(3.650105322004,4.774063635748E-02));
#4502 = CARTESIAN_POINT('',(3.650420480647,1.479007312219E-02));
#4503 = CARTESIAN_POINT('',(3.65043905803,1.288940956679E-02));
#4504 = CARTESIAN_POINT('',(3.650458033679,1.098874601141E-02));
#4505 = CARTESIAN_POINT('',(3.650477407544,9.088082456005E-03));
#4506 = CARTESIAN_POINT('',(3.650497179573,7.18741890057E-03));
#4507 = CARTESIAN_POINT('',(3.650517349712,5.286755345114E-03));
#4508 = CARTESIAN_POINT('',(3.650537917904,3.386091789668E-03));
#4509 = CARTESIAN_POINT('',(3.650593306896,-1.635127998508E-03));
#4510 = CARTESIAN_POINT('',(3.650628840751,-4.762186150616E-03));
#4511 = CARTESIAN_POINT('',(3.650665520731,-7.867342296238E-03));
#4512 = CARTESIAN_POINT('',(3.650703309858,-1.099064695974E-02));
#4513 = CARTESIAN_POINT('',(3.650742255771,-1.409155793289E-02));
#4514 = CARTESIAN_POINT('',(3.650782333098,-1.719909855543E-02));
#4515 = CARTESIAN_POINT('',(3.650823561705,-2.029918266749E-02));
#4516 = CARTESIAN_POINT('',(3.650908694073,-2.651992102734E-02));
#4517 = CARTESIAN_POINT('',(3.650952618755,-2.963993325539E-02));
#4518 = CARTESIAN_POINT('',(3.65099772148,-3.27560182727E-02));
#4519 = CARTESIAN_POINT('',(3.651044007441,-3.586817214245E-02));
#4520 = CARTESIAN_POINT('',(3.651091481824,-3.897639098467E-02));
#4521 = CARTESIAN_POINT('',(3.651140149802,-4.208067097619E-02));
#4522 = CARTESIAN_POINT('',(3.651190016541,-4.518100835067E-02));
#4523 = CARTESIAN_POINT('',(3.651955775824,-9.160865201458E-02));
#4524 = CARTESIAN_POINT('',(3.652906378239,-0.134175686662));
#4525 = CARTESIAN_POINT('',(3.654106919545,-0.175952179787));
#4526 = CARTESIAN_POINT('',(3.655570935067,-0.216933826101));
#4527 = CARTESIAN_POINT('',(3.657312135609,-0.257128325708));
#4528 = CARTESIAN_POINT('',(3.659344996621,-0.296548311364));
#4529 = CARTESIAN_POINT('',(3.661685271279,-0.335207215902));
#4530 = CARTESIAN_POINT('',(3.665830232865,-0.3941677653));
#4531 = CARTESIAN_POINT('',(3.667410440447,-0.414990325443));
#4532 = CARTESIAN_POINT('',(3.669094280288,-0.435590217843));
#4533 = CARTESIAN_POINT('',(3.670885261951,-0.455972595942));
#4534 = CARTESIAN_POINT('',(3.672787273951,-0.476143188302));
#4535 = CARTESIAN_POINT('',(3.674804683202,-0.496108177906));
#4536 = CARTESIAN_POINT('',(3.676942434457,-0.515874081463));
#4537 = CARTESIAN_POINT('',(3.686220329362,-0.596096764292));
#4538 = CARTESIAN_POINT('',(3.694438377622,-0.654848532197));
#4539 = CARTESIAN_POINT('',(3.704029843434,-0.711976813536));
#4540 = CARTESIAN_POINT('',(3.715241084143,-0.767711861925));
#4541 = CARTESIAN_POINT('',(3.728387172297,-0.82225198499));
#4542 = CARTESIAN_POINT('',(3.744008457953,-0.875764990298));
#4543 = CARTESIAN_POINT('',(3.762826659276,-0.928402564078));
#4544 = CARTESIAN_POINT('',(3.787716961251,-0.982858401475));
#4545 = CARTESIAN_POINT('',(3.788917303582,-0.985455736256));
#4546 = CARTESIAN_POINT('',(3.790130095411,-0.988051043795));
#4547 = CARTESIAN_POINT('',(3.791355551429,-0.990644328882));
#4548 = CARTESIAN_POINT('',(3.792593892671,-0.993235595511));
#4549 = CARTESIAN_POINT('',(3.793845346514,-0.995824846876));
#4550 = CARTESIAN_POINT('',(3.795110146676,-0.998412085373));
#4551 = CARTESIAN_POINT('',(3.79638853322,-1.0009973126));
#4552 = ( GEOMETRIC_REPRESENTATION_CONTEXT(2) 
PARAMETRIC_REPRESENTATION_CONTEXT() REPRESENTATION_CONTEXT('2D SPACE',''
  ) );
#4553 = ORIENTED_EDGE('',*,*,#4554,.F.);
#4554 = EDGE_CURVE('',#4555,#3449,#4557,.T.);
#4555 = VERTEX_POINT('',#4556);
#4556 = CARTESIAN_POINT('',(7.5,-1.278859106567E-10,6.800000023327));
#4557 = SURFACE_CURVE('',#4558,(#4645,#4735),.PCURVE_S1.);
#4558 = B_SPLINE_CURVE_WITH_KNOTS('',7,(#4559,#4560,#4561,#4562,#4563,
    #4564,#4565,#4566,#4567,#4568,#4569,#4570,#4571,#4572,#4573,#4574,
    #4575,#4576,#4577,#4578,#4579,#4580,#4581,#4582,#4583,#4584,#4585,
    #4586,#4587,#4588,#4589,#4590,#4591,#4592,#4593,#4594,#4595,#4596,
    #4597,#4598,#4599,#4600,#4601,#4602,#4603,#4604,#4605,#4606,#4607,
    #4608,#4609,#4610,#4611,#4612,#4613,#4614,#4615,#4616,#4617,#4618,
    #4619,#4620,#4621,#4622,#4623,#4624,#4625,#4626,#4627,#4628,#4629,
    #4630,#4631,#4632,#4633,#4634,#4635,#4636,#4637,#4638,#4639,#4640,
    #4641,#4642,#4643,#4644),.UNSPECIFIED.,.F.,.F.,(8,6,6,6,6,6,6,6,6,6,
    6,6,6,6,8),(0.,2.469488150899E-03,1.13743138892E-02,0.126707646267,
    0.196205843394,0.28037009312,0.341492290924,0.386433088518,
    0.498796235263,0.624182851629,0.674618773177,0.678835499621,
    0.83134187888,0.891865204135,1.),.UNSPECIFIED.);
#4559 = CARTESIAN_POINT('',(7.5,9.138217382798E-08,6.800000518254));
#4560 = CARTESIAN_POINT('',(7.500000000138,-7.393137482796E-03,
    6.799998253882));
#4561 = CARTESIAN_POINT('',(7.499986538685,-1.478677042226E-02,
    6.800002249815));
#4562 = CARTESIAN_POINT('',(7.499959612738,-2.218085910637E-02,
    6.799999308587));
#4563 = CARTESIAN_POINT('',(7.499919219574,-2.957531526087E-02,
    6.799998677189));
#4564 = CARTESIAN_POINT('',(7.499865356652,-3.69701008614E-02,
    6.800001587353));
#4565 = CARTESIAN_POINT('',(7.499798021605,-4.436524002226E-02,
    6.799999349447));
#4566 = CARTESIAN_POINT('',(7.499425818692,-7.842806555133E-02,6.8));
#4567 = CARTESIAN_POINT('',(7.498959221467,-0.105099265591,6.8));
#4568 = CARTESIAN_POINT('',(7.498317317984,-0.131772830435,6.8));
#4569 = CARTESIAN_POINT('',(7.497500035852,-0.158447337886,6.8));
#4570 = CARTESIAN_POINT('',(7.496507332872,-0.185121365809,6.8));
#4571 = CARTESIAN_POINT('',(7.495339197041,-0.211793492133,6.8));
#4572 = CARTESIAN_POINT('',(7.476594606986,-0.583870742597,
    6.800000000001));
#4573 = CARTESIAN_POINT('',(7.429756635477,-0.928907871562,
    6.799999999999));
#4574 = CARTESIAN_POINT('',(7.353489687423,-1.270125790529,6.8));
#4575 = CARTESIAN_POINT('',(7.248785401964,-1.604605442798,
    6.800000000001));
#4576 = CARTESIAN_POINT('',(7.117247765451,-1.92988558669,6.799999999999
    ));
#4577 = CARTESIAN_POINT('',(6.960872032097,-2.243914654579,6.8));
#4578 = CARTESIAN_POINT('',(6.674172450447,-2.726470506917,6.8));
#4579 = CARTESIAN_POINT('',(6.558163751962,-2.903271511227,6.8));
#4580 = CARTESIAN_POINT('',(6.434421337715,-3.075103146762,6.8));
#4581 = CARTESIAN_POINT('',(6.303428760403,-3.241708751538,6.8));
#4582 = CARTESIAN_POINT('',(6.165667347828,-3.402891021817,6.8));
#4583 = CARTESIAN_POINT('',(6.021603956688,-3.558502675707,6.8));
#4584 = CARTESIAN_POINT('',(5.690115259211,-3.890012051863,6.8));
#4585 = CARTESIAN_POINT('',(5.49996239109,-4.063253900715,6.8));
#4586 = CARTESIAN_POINT('',(5.301998737025,-4.227983430689,6.8));
#4587 = CARTESIAN_POINT('',(5.096963383335,-4.38409079796,6.8));
#4588 = CARTESIAN_POINT('',(4.885546251811,-4.531522353879,6.8));
#4589 = CARTESIAN_POINT('',(4.668378463877,-4.670267451337,6.8));
#4590 = CARTESIAN_POINT('',(4.284542368636,-4.894811052897,6.8));
#4591 = CARTESIAN_POINT('',(4.120331301468,-4.984702695694,6.8));
#4592 = CARTESIAN_POINT('',(3.953608328498,-5.070026444246,6.8));
#4593 = CARTESIAN_POINT('',(3.784580906435,-5.150793444394,6.8));
#4594 = CARTESIAN_POINT('',(3.61344473664,-5.227018700941,6.8));
#4595 = CARTESIAN_POINT('',(3.440383378326,-5.298720055513,6.8));
#4596 = CARTESIAN_POINT('',(3.13703275186,-5.415324624403,6.8));
#4597 = CARTESIAN_POINT('',(3.007550292096,-5.462296591722,6.8));
#4598 = CARTESIAN_POINT('',(2.877189002201,-5.50684081804,6.8));
#4599 = CARTESIAN_POINT('',(2.74601501347,-5.548965000675,6.8));
#4600 = CARTESIAN_POINT('',(2.614092068749,-5.588676782596,6.8));
#4601 = CARTESIAN_POINT('',(2.481481522438,-5.62598375242,6.8));
#4602 = CARTESIAN_POINT('',(2.015111211213,-5.748175921716,6.8));
#4603 = CARTESIAN_POINT('',(1.678070345263,-5.820468364512,6.8));
#4604 = CARTESIAN_POINT('',(1.33801523892,-5.877892115292,6.8));
#4605 = CARTESIAN_POINT('',(0.995803961903,-5.920546073594,6.8));
#4606 = CARTESIAN_POINT('',(0.652258959401,-5.948505732178,6.8));
#4607 = CARTESIAN_POINT('',(0.308168854104,-5.961822213206,6.8));
#4608 = CARTESIAN_POINT('',(-0.419445664343,-5.959069205713,6.8));
#4609 = CARTESIAN_POINT('',(-0.802865153036,-5.939413313961,6.8));
#4610 = CARTESIAN_POINT('',(-1.184928278911,-5.901592539031,6.8));
#4611 = CARTESIAN_POINT('',(-1.564528184641,-5.845593221913,6.8));
#4612 = CARTESIAN_POINT('',(-1.940492406258,-5.771379557653,6.8));
#4613 = CARTESIAN_POINT('',(-2.311580029827,-5.67890770027,6.8));
#4614 = CARTESIAN_POINT('',(-2.823251077654,-5.523561256696,6.8));
#4615 = CARTESIAN_POINT('',(-2.96902023513,-5.476038016103,6.8));
#4616 = CARTESIAN_POINT('',(-3.113693703256,-5.425550918002,6.8));
#4617 = CARTESIAN_POINT('',(-3.257178821273,-5.372098620663,6.8));
#4618 = CARTESIAN_POINT('',(-3.399378729844,-5.315681350518,6.8));
#4619 = CARTESIAN_POINT('',(-3.540192371054,-5.256300902155,6.8));
#4620 = CARTESIAN_POINT('',(-3.691162603878,-5.188748650003,6.8));
#4621 = CARTESIAN_POINT('',(-3.702627708585,-5.183593208071,6.8));
#4622 = CARTESIAN_POINT('',(-3.714108061772,-5.178406885134,6.8));
#4623 = CARTESIAN_POINT('',(-3.72568421758,-5.173152483065,6.8));
#4624 = CARTESIAN_POINT('',(-3.737353335936,-5.167829777552,6.8));
#4625 = CARTESIAN_POINT('',(-3.749000446631,-5.162490594093,6.8));
#4626 = CARTESIAN_POINT('',(-4.173394686136,-4.967036060801,6.8));
#4627 = CARTESIAN_POINT('',(-4.574567227249,-4.749726332312,6.8));
#4628 = CARTESIAN_POINT('',(-4.961268693817,-4.504830587506,6.8));
#4629 = CARTESIAN_POINT('',(-5.33011239805,-4.232048131597,6.8));
#4630 = CARTESIAN_POINT('',(-5.677089728301,-3.931426957743,6.8));
#4631 = CARTESIAN_POINT('',(-5.997709047927,-3.603568202368,6.8));
#4632 = CARTESIAN_POINT('',(-6.402054312103,-3.109485103363,6.8));
#4633 = CARTESIAN_POINT('',(-6.512009320736,-2.965061183973,6.8));
#4634 = CARTESIAN_POINT('',(-6.616734918292,-2.816688493858,6.8));
#4635 = CARTESIAN_POINT('',(-6.715914344344,-2.664497332458,6.8));
#4636 = CARTESIAN_POINT('',(-6.809228034622,-2.508650264833,6.8));
#4637 = CARTESIAN_POINT('',(-6.896360785931,-2.349346653738,6.8));
#4638 = CARTESIAN_POINT('',(-7.121099920203,-1.896459628832,
    6.800000000008));
#4639 = CARTESIAN_POINT('',(-7.244545830168,-1.595720600251,
    6.799999999977));
#4640 = CARTESIAN_POINT('',(-7.345509693471,-1.286128059955,
    6.800000000023));
#4641 = CARTESIAN_POINT('',(-7.422455760199,-0.969476684682,
    6.800000000008));
#4642 = CARTESIAN_POINT('',(-7.474195097708,-0.64784632996,
    6.799999999962));
#4643 = CARTESIAN_POINT('',(-7.500030397524,-0.323626753669,
    6.800000000036));
#4644 = CARTESIAN_POINT('',(-7.499999979436,4.4139290861E-04,
    6.799999999985));
#4645 = PCURVE('',#187,#4646);
#4646 = DEFINITIONAL_REPRESENTATION('',(#4647),#4734);
#4647 = B_SPLINE_CURVE_WITH_KNOTS('',7,(#4648,#4649,#4650,#4651,#4652,
    #4653,#4654,#4655,#4656,#4657,#4658,#4659,#4660,#4661,#4662,#4663,
    #4664,#4665,#4666,#4667,#4668,#4669,#4670,#4671,#4672,#4673,#4674,
    #4675,#4676,#4677,#4678,#4679,#4680,#4681,#4682,#4683,#4684,#4685,
    #4686,#4687,#4688,#4689,#4690,#4691,#4692,#4693,#4694,#4695,#4696,
    #4697,#4698,#4699,#4700,#4701,#4702,#4703,#4704,#4705,#4706,#4707,
    #4708,#4709,#4710,#4711,#4712,#4713,#4714,#4715,#4716,#4717,#4718,
    #4719,#4720,#4721,#4722,#4723,#4724,#4725,#4726,#4727,#4728,#4729,
    #4730,#4731,#4732,#4733),.UNSPECIFIED.,.F.,.F.,(8,6,6,6,6,6,6,6,6,6,
    6,6,6,6,8),(0.,2.469488150899E-03,1.13743138892E-02,0.126707646267,
    0.196205843394,0.28037009312,0.341492290924,0.386433088518,
    0.498796235263,0.624182851629,0.674618773177,0.678835499621,
    0.83134187888,0.891865204135,1.),.UNSPECIFIED.);
#4648 = CARTESIAN_POINT('',(6.28318530718,1.169031194348E-07));
#4649 = CARTESIAN_POINT('',(6.281718041044,-2.855717308238E-04));
#4650 = CARTESIAN_POINT('',(6.28025167499,-5.698710024976E-04));
#4651 = CARTESIAN_POINT('',(6.278786653347,-8.556701516017E-04));
#4652 = CARTESIAN_POINT('',(6.277322662753,-1.140942862484E-03));
#4653 = CARTESIAN_POINT('',(6.275859660375,-1.425418251613E-03));
#4654 = CARTESIAN_POINT('',(6.27439793825,-1.710998322319E-03));
#4655 = CARTESIAN_POINT('',(6.267670057233,-3.023852327902E-03));
#4656 = CARTESIAN_POINT('',(6.262417261275,-4.051471847809E-03));
#4657 = CARTESIAN_POINT('',(6.257178776837,-5.078727919704E-03));
#4658 = CARTESIAN_POINT('',(6.251954545026,-6.10556815766E-03));
#4659 = CARTESIAN_POINT('',(6.246744507112,-7.131940316625E-03));
#4660 = CARTESIAN_POINT('',(6.241548604528,-8.157792292425E-03));
#4661 = CARTESIAN_POINT('',(6.169252746542,-2.246227000218E-02));
#4662 = CARTESIAN_POINT('',(6.104464977196,-3.565265102368E-02));
#4663 = CARTESIAN_POINT('',(6.041946957546,-4.862737857727E-02));
#4664 = CARTESIAN_POINT('',(5.981544983439,-6.128421722411E-02));
#4665 = CARTESIAN_POINT('',(5.923090524889,-7.354022755123E-02));
#4666 = CARTESIAN_POINT('',(5.86643701883,-8.532821898887E-02));
#4667 = CARTESIAN_POINT('',(5.778317440532,-0.103384136591));
#4668 = CARTESIAN_POINT('',(5.745781165624,-0.109985784654));
#4669 = CARTESIAN_POINT('',(5.713806091262,-0.116389733471));
#4670 = CARTESIAN_POINT('',(5.682355455556,-0.122588281207));
#4671 = CARTESIAN_POINT('',(5.651392323098,-0.128575813296));
#4672 = CARTESIAN_POINT('',(5.620879999732,-0.134348420229));
#4673 = CARTESIAN_POINT('',(5.55433341985,-0.146630897999));
#4674 = CARTESIAN_POINT('',(5.518494010752,-0.153039026255));
#4675 = CARTESIAN_POINT('',(5.483198003927,-0.159123712685));
#4676 = CARTESIAN_POINT('',(5.448383432689,-0.164882968231));
#4677 = CARTESIAN_POINT('',(5.413991176797,-0.17031654754));
#4678 = CARTESIAN_POINT('',(5.379963559482,-0.175425494301));
#4679 = CARTESIAN_POINT('',(5.32175417277,-0.183687541392));
#4680 = CARTESIAN_POINT('',(5.297428085134,-0.186993065704));
#4681 = CARTESIAN_POINT('',(5.273242965633,-0.190128941808));
#4682 = CARTESIAN_POINT('',(5.249178079941,-0.193095962614));
#4683 = CARTESIAN_POINT('',(5.225213327868,-0.195895003002));
#4684 = CARTESIAN_POINT('',(5.201328895888,-0.198526991199));
#4685 = CARTESIAN_POINT('',(5.159988068909,-0.202805953433));
#4686 = CARTESIAN_POINT('',(5.142503986747,-0.20452921624));
#4687 = CARTESIAN_POINT('',(5.125044926053,-0.206163042998));
#4688 = CARTESIAN_POINT('',(5.107603199377,-0.207707796025));
#4689 = CARTESIAN_POINT('',(5.090171168963,-0.20916382552));
#4690 = CARTESIAN_POINT('',(5.072741246741,-0.210531469565));
#4691 = CARTESIAN_POINT('',(5.011713124818,-0.215010316904));
#4692 = CARTESIAN_POINT('',(4.968088715674,-0.217658963675));
#4693 = CARTESIAN_POINT('',(4.924309989215,-0.21976222783));
#4694 = CARTESIAN_POINT('',(4.880259643356,-0.22132424209));
#4695 = CARTESIAN_POINT('',(4.835819159105,-0.222348059254));
#4696 = CARTESIAN_POINT('',(4.790862208067,-0.222835672945));
#4697 = CARTESIAN_POINT('',(4.694346994585,-0.222734865804));
#4698 = CARTESIAN_POINT('',(4.642634316036,-0.222015111485));
#4699 = CARTESIAN_POINT('',(4.589913377761,-0.22063018777));
#4700 = CARTESIAN_POINT('',(4.535978156191,-0.218579351599));
#4701 = CARTESIAN_POINT('',(4.480603668378,-0.215860816684));
#4702 = CARTESIAN_POINT('',(4.42353019445,-0.21247216727));
#4703 = CARTESIAN_POINT('',(4.34067324854,-0.206776120016));
#4704 = CARTESIAN_POINT('',(4.316579752685,-0.20503327417));
#4705 = CARTESIAN_POINT('',(4.292140981486,-0.203181344622));
#4706 = CARTESIAN_POINT('',(4.267335682621,-0.201220180192));
#4707 = CARTESIAN_POINT('',(4.242141187282,-0.199149669855));
#4708 = CARTESIAN_POINT('',(4.216533410175,-0.196969742742));
#4709 = CARTESIAN_POINT('',(4.188309860399,-0.194488963808));
#4710 = CARTESIAN_POINT('',(4.186156292959,-0.194299630811));
#4711 = CARTESIAN_POINT('',(4.184015347176,-0.19410915866));
#4712 = CARTESIAN_POINT('',(4.181841316803,-0.193916180979));
#4713 = CARTESIAN_POINT('',(4.17966123978,-0.193720689121));
#4714 = CARTESIAN_POINT('',(4.1774798922,-0.193524586289));
#4715 = CARTESIAN_POINT('',(4.098056641598,-0.186345535543));
#4716 = CARTESIAN_POINT('',(4.023179559501,-0.178356637476));
#4717 = CARTESIAN_POINT('',(3.95018271858,-0.169342864964));
#4718 = CARTESIAN_POINT('',(3.878667477612,-0.159286899399));
#4719 = CARTESIAN_POINT('',(3.808294511777,-0.148181270876));
#4720 = CARTESIAN_POINT('',(3.738748122462,-0.136035227718));
#4721 = CARTESIAN_POINT('',(3.642348214789,-0.117663695561));
#4722 = CARTESIAN_POINT('',(3.615048257725,-0.112286522791));
#4723 = CARTESIAN_POINT('',(3.587820605788,-0.106754420057));
#4724 = CARTESIAN_POINT('',(3.560651033921,-0.101071078041));
#4725 = CARTESIAN_POINT('',(3.533526980443,-9.524131526799E-02));
#4726 = CARTESIAN_POINT('',(3.506437758377,-8.927127439116E-02));
#4727 = CARTESIAN_POINT('',(3.431022287265,-7.226522811029E-02));
#4728 = CARTESIAN_POINT('',(3.382736217411,-6.093453862498E-02));
#4729 = CARTESIAN_POINT('',(3.33449374494,-4.922569983772E-02));
#4730 = CARTESIAN_POINT('',(3.286266378808,-3.719817196951E-02));
#4731 = CARTESIAN_POINT('',(3.238026408555,-2.492278964994E-02));
#4732 = CARTESIAN_POINT('',(3.189765717624,-1.24839569389E-02));
#4733 = CARTESIAN_POINT('',(3.141526950648,1.702664157949E-05));
#4734 = ( GEOMETRIC_REPRESENTATION_CONTEXT(2) 
PARAMETRIC_REPRESENTATION_CONTEXT() REPRESENTATION_CONTEXT('2D SPACE',''
  ) );
#4735 = PCURVE('',#4736,#4772);
#4736 = ( BOUNDED_SURFACE() B_SPLINE_SURFACE(2,2,(
    (#4737,#4738,#4739,#4740,#4741)
    ,(#4742,#4743,#4744,#4745,#4746)
    ,(#4747,#4748,#4749,#4750,#4751)
    ,(#4752,#4753,#4754,#4755,#4756)
    ,(#4757,#4758,#4759,#4760,#4761)
    ,(#4762,#4763,#4764,#4765,#4766)
    ,(#4767,#4768,#4769,#4770,#4771
)),.UNSPECIFIED.,.T.,.F.,.F.) B_SPLINE_SURFACE_WITH_KNOTS((1,2,2,2,2,1),
  (3,2,3),(-2.094395102393,0.,2.094395102393,4.188790204786,
    6.28318530718,8.377580409573),(-1.570796326795,0.,1.570796326795),
.UNSPECIFIED.) GEOMETRIC_REPRESENTATION_ITEM() RATIONAL_B_SPLINE_SURFACE
((
    (1.,0.707106781187,1.,0.707106781187,1.)
    ,(0.5,0.353553390593,0.5,0.353553390593,0.5)
    ,(1.,0.707106781187,1.,0.707106781187,1.)
    ,(0.5,0.353553390593,0.5,0.353553390593,0.5)
    ,(1.,0.707106781187,1.,0.707106781187,1.)
    ,(0.5,0.353553390593,0.5,0.353553390593,0.5)
,(1.,0.707106781187,1.,0.707106781187,1.
))) REPRESENTATION_ITEM('') SURFACE() );
#4737 = CARTESIAN_POINT('',(4.592425496803E-16,0.868240888335,
    1.875961234939));
#4738 = CARTESIAN_POINT('',(7.5,0.868240888335,1.875961234939));
#4739 = CARTESIAN_POINT('',(7.5,0.,6.8));
#4740 = CARTESIAN_POINT('',(7.5,-0.868240888335,11.724038765061));
#4741 = CARTESIAN_POINT('',(4.592425496803E-16,-0.868240888335,
    11.724038765061));
#4742 = CARTESIAN_POINT('',(4.592425496803E-16,0.868240888335,
    1.875961234939));
#4743 = CARTESIAN_POINT('',(7.5,-9.366181495095,7.135643677374E-02));
#4744 = CARTESIAN_POINT('',(7.5,-10.23442238342,4.995395201835));
#4745 = CARTESIAN_POINT('',(7.5,-11.10266327176,9.919433966896));
#4746 = CARTESIAN_POINT('',(4.592425496803E-16,-0.868240888335,
    11.724038765061));
#4747 = CARTESIAN_POINT('',(-2.296212748401E-16,0.868240888335,
    1.875961234939));
#4748 = CARTESIAN_POINT('',(-3.75,-4.24897030338,0.973658835856));
#4749 = CARTESIAN_POINT('',(-3.75,-5.117211191715,5.897697600917));
#4750 = CARTESIAN_POINT('',(-3.75,-5.985452080049,10.821736365978));
#4751 = CARTESIAN_POINT('',(-2.296212748401E-16,-0.868240888335,
    11.724038765061));
#4752 = CARTESIAN_POINT('',(-9.184850993605E-16,0.868240888335,
    1.875961234939));
#4753 = CARTESIAN_POINT('',(-15.,0.868240888335,1.875961234939));
#4754 = CARTESIAN_POINT('',(-15.,-1.447249995002E-15,6.8));
#4755 = CARTESIAN_POINT('',(-15.,-0.868240888335,11.724038765061));
#4756 = CARTESIAN_POINT('',(-9.184850993605E-16,-0.868240888335,
    11.724038765061));
#4757 = CARTESIAN_POINT('',(-2.296212748401E-16,0.868240888335,
    1.875961234939));
#4758 = CARTESIAN_POINT('',(-3.75,5.985452080049,2.778263634022));
#4759 = CARTESIAN_POINT('',(-3.75,5.117211191715,7.702302399083));
#4760 = CARTESIAN_POINT('',(-3.75,4.24897030338,12.626341164144));
#4761 = CARTESIAN_POINT('',(-2.296212748401E-16,-0.868240888335,
    11.724038765061));
#4762 = CARTESIAN_POINT('',(4.592425496803E-16,0.868240888335,
    1.875961234939));
#4763 = CARTESIAN_POINT('',(7.5,11.102663271764,3.680566033104));
#4764 = CARTESIAN_POINT('',(7.5,10.234422383429,8.604604798165));
#4765 = CARTESIAN_POINT('',(7.5,9.366181495095,13.528643563226));
#4766 = CARTESIAN_POINT('',(4.592425496803E-16,-0.868240888335,
    11.724038765061));
#4767 = CARTESIAN_POINT('',(4.592425496803E-16,0.868240888335,
    1.875961234939));
#4768 = CARTESIAN_POINT('',(7.5,0.868240888335,1.875961234939));
#4769 = CARTESIAN_POINT('',(7.5,0.,6.8));
#4770 = CARTESIAN_POINT('',(7.5,-0.868240888335,11.724038765061));
#4771 = CARTESIAN_POINT('',(4.592425496803E-16,-0.868240888335,
    11.724038765061));
#4772 = DEFINITIONAL_REPRESENTATION('',(#4773),#4860);
#4773 = B_SPLINE_CURVE_WITH_KNOTS('',7,(#4774,#4775,#4776,#4777,#4778,
    #4779,#4780,#4781,#4782,#4783,#4784,#4785,#4786,#4787,#4788,#4789,
    #4790,#4791,#4792,#4793,#4794,#4795,#4796,#4797,#4798,#4799,#4800,
    #4801,#4802,#4803,#4804,#4805,#4806,#4807,#4808,#4809,#4810,#4811,
    #4812,#4813,#4814,#4815,#4816,#4817,#4818,#4819,#4820,#4821,#4822,
    #4823,#4824,#4825,#4826,#4827,#4828,#4829,#4830,#4831,#4832,#4833,
    #4834,#4835,#4836,#4837,#4838,#4839,#4840,#4841,#4842,#4843,#4844,
    #4845,#4846,#4847,#4848,#4849,#4850,#4851,#4852,#4853,#4854,#4855,
    #4856,#4857,#4858,#4859),.UNSPECIFIED.,.F.,.F.,(8,6,6,6,6,6,6,6,6,6,
    6,6,6,6,8),(0.,2.469488150899E-03,1.13743138892E-02,0.126707646267,
    0.196205843394,0.28037009312,0.341492290924,0.386433088518,
    0.498796235263,0.624182851629,0.674618773177,0.678835499621,
    0.83134187888,0.891865204135,1.),.UNSPECIFIED.);
#4774 = CARTESIAN_POINT('',(1.523314683311E-11,1.568147050176E-08));
#4775 = CARTESIAN_POINT('',(1.467266094509E-03,2.851249972224E-04));
#4776 = CARTESIAN_POINT('',(2.933632242087E-03,5.70446606728E-04));
#4777 = CARTESIAN_POINT('',(4.398653816811E-03,8.554932559657E-04));
#4778 = CARTESIAN_POINT('',(5.862644395667E-03,1.140604427144E-03));
#4779 = CARTESIAN_POINT('',(7.32564684228E-03,1.42582436764E-03));
#4780 = CARTESIAN_POINT('',(8.787368914505E-03,1.710831881904E-03));
#4781 = CARTESIAN_POINT('',(1.551524994659E-02,3.023852327975E-03));
#4782 = CARTESIAN_POINT('',(2.076804590441E-02,4.051471847857E-03));
#4783 = CARTESIAN_POINT('',(2.600653034212E-02,5.078727919609E-03));
#4784 = CARTESIAN_POINT('',(3.123076215335E-02,6.105568157524E-03));
#4785 = CARTESIAN_POINT('',(3.644080006783E-02,7.131940316586E-03));
#4786 = CARTESIAN_POINT('',(4.163670265141E-02,8.157792292465E-03));
#4787 = CARTESIAN_POINT('',(0.113932560637,2.246227000262E-02));
#4788 = CARTESIAN_POINT('',(0.178720329984,3.565265102322E-02));
#4789 = CARTESIAN_POINT('',(0.241238349634,4.862737857737E-02));
#4790 = CARTESIAN_POINT('',(0.301640323741,6.128421722438E-02));
#4791 = CARTESIAN_POINT('',(0.360094782291,7.354022755093E-02));
#4792 = CARTESIAN_POINT('',(0.416748288349,8.532821898898E-02));
#4793 = CARTESIAN_POINT('',(0.504867866648,0.103384136592));
#4794 = CARTESIAN_POINT('',(0.537404141555,0.109985784654));
#4795 = CARTESIAN_POINT('',(0.569379215918,0.116389733471));
#4796 = CARTESIAN_POINT('',(0.600829851623,0.122588281207));
#4797 = CARTESIAN_POINT('',(0.631792984081,0.128575813296));
#4798 = CARTESIAN_POINT('',(0.662305307447,0.134348420229));
#4799 = CARTESIAN_POINT('',(0.728851887329,0.146630897999));
#4800 = CARTESIAN_POINT('',(0.764691296428,0.153039026255));
#4801 = CARTESIAN_POINT('',(0.799987303253,0.159123712685));
#4802 = CARTESIAN_POINT('',(0.834801874491,0.164882968231));
#4803 = CARTESIAN_POINT('',(0.869194130383,0.17031654754));
#4804 = CARTESIAN_POINT('',(0.903221747697,0.175425494301));
#4805 = CARTESIAN_POINT('',(0.96143113441,0.183687541392));
#4806 = CARTESIAN_POINT('',(0.985757222046,0.186993065704));
#4807 = CARTESIAN_POINT('',(1.009942341547,0.190128941808));
#4808 = CARTESIAN_POINT('',(1.034007227238,0.193095962614));
#4809 = CARTESIAN_POINT('',(1.057971979312,0.195895003002));
#4810 = CARTESIAN_POINT('',(1.081856411291,0.198526991199));
#4811 = CARTESIAN_POINT('',(1.12319723827,0.202805953433));
#4812 = CARTESIAN_POINT('',(1.140681320432,0.20452921624));
#4813 = CARTESIAN_POINT('',(1.158140381127,0.206163042998));
#4814 = CARTESIAN_POINT('',(1.175582107802,0.207707796025));
#4815 = CARTESIAN_POINT('',(1.193014138216,0.20916382552));
#4816 = CARTESIAN_POINT('',(1.210444060438,0.210531469565));
#4817 = CARTESIAN_POINT('',(1.271472182361,0.215010316904));
#4818 = CARTESIAN_POINT('',(1.315096591506,0.217658963675));
#4819 = CARTESIAN_POINT('',(1.358875317964,0.21976222783));
#4820 = CARTESIAN_POINT('',(1.402925663824,0.22132424209));
#4821 = CARTESIAN_POINT('',(1.447366148075,0.222348059254));
#4822 = CARTESIAN_POINT('',(1.492323099113,0.222835672945));
#4823 = CARTESIAN_POINT('',(1.588838312595,0.222734865804));
#4824 = CARTESIAN_POINT('',(1.640550991144,0.222015111485));
#4825 = CARTESIAN_POINT('',(1.693271929419,0.22063018777));
#4826 = CARTESIAN_POINT('',(1.747207150988,0.218579351599));
#4827 = CARTESIAN_POINT('',(1.802581638802,0.215860816684));
#4828 = CARTESIAN_POINT('',(1.859655112729,0.21247216727));
#4829 = CARTESIAN_POINT('',(1.942512058639,0.206776120016));
#4830 = CARTESIAN_POINT('',(1.966605554495,0.20503327417));
#4831 = CARTESIAN_POINT('',(1.991044325694,0.203181344622));
#4832 = CARTESIAN_POINT('',(2.015849624559,0.201220180192));
#4833 = CARTESIAN_POINT('',(2.041044119897,0.199149669855));
#4834 = CARTESIAN_POINT('',(2.066651897004,0.196969742742));
#4835 = CARTESIAN_POINT('',(2.09487544678,0.194488963809));
#4836 = CARTESIAN_POINT('',(2.09702901422,0.194299630811));
#4837 = CARTESIAN_POINT('',(2.099169960004,0.19410915866));
#4838 = CARTESIAN_POINT('',(2.101343990376,0.193916180979));
#4839 = CARTESIAN_POINT('',(2.103524067401,0.193720689121));
#4840 = CARTESIAN_POINT('',(2.105705414979,0.193524586289));
#4841 = CARTESIAN_POINT('',(2.185128665581,0.186345535543));
#4842 = CARTESIAN_POINT('',(2.260005747678,0.178356637475));
#4843 = CARTESIAN_POINT('',(2.333002588599,0.169342864964));
#4844 = CARTESIAN_POINT('',(2.404517829567,0.159286899399));
#4845 = CARTESIAN_POINT('',(2.474890795402,0.148181270876));
#4846 = CARTESIAN_POINT('',(2.544437184718,0.136035227718));
#4847 = CARTESIAN_POINT('',(2.640837092391,0.117663695561));
#4848 = CARTESIAN_POINT('',(2.668137049455,0.112286522791));
#4849 = CARTESIAN_POINT('',(2.695364701391,0.106754420057));
#4850 = CARTESIAN_POINT('',(2.722534273259,0.101071078041));
#4851 = CARTESIAN_POINT('',(2.749658326736,9.524131526799E-02));
#4852 = CARTESIAN_POINT('',(2.776747548802,8.927127439114E-02));
#4853 = CARTESIAN_POINT('',(2.852163019915,7.226522811358E-02));
#4854 = CARTESIAN_POINT('',(2.900449089768,6.093453861505E-02));
#4855 = CARTESIAN_POINT('',(2.948691562241,4.922569984766E-02));
#4856 = CARTESIAN_POINT('',(2.996918928372,3.719817197283E-02));
#4857 = CARTESIAN_POINT('',(3.045158898623,2.492278963339E-02));
#4858 = CARTESIAN_POINT('',(3.093419589558,1.24839569545E-02));
#4859 = CARTESIAN_POINT('',(3.14165835653,-1.702664813837E-05));
#4860 = ( GEOMETRIC_REPRESENTATION_CONTEXT(2) 
PARAMETRIC_REPRESENTATION_CONTEXT() REPRESENTATION_CONTEXT('2D SPACE',''
  ) );
#4861 = ORIENTED_EDGE('',*,*,#4862,.T.);
#4862 = EDGE_CURVE('',#4555,#4863,#4865,.T.);
#4863 = VERTEX_POINT('',#4864);
#4864 = CARTESIAN_POINT('',(4.592425496803E-16,0.868240888335,
    11.724038765061));
#4865 = SEAM_CURVE('',#4866,(#4872,#4881),.PCURVE_S1.);
#4866 = ( BOUNDED_CURVE() B_SPLINE_CURVE(2,(#4867,#4868,#4869,#4870,
#4871),.UNSPECIFIED.,.F.,.F.) B_SPLINE_CURVE_WITH_KNOTS((3,2,3),(
    4.712388980385,6.28318530718,7.853981633974),
.PIECEWISE_BEZIER_KNOTS.) CURVE() GEOMETRIC_REPRESENTATION_ITEM() 
RATIONAL_B_SPLINE_CURVE((1.,0.707106781187,1.,0.707106781187,1.)) 
REPRESENTATION_ITEM('') );
#4867 = CARTESIAN_POINT('',(-1.377727649041E-15,-0.868240888335,
    1.875961234939));
#4868 = CARTESIAN_POINT('',(7.5,-0.868240888335,1.875961234939));
#4869 = CARTESIAN_POINT('',(7.5,-1.65990767996E-15,6.8));
#4870 = CARTESIAN_POINT('',(7.5,0.868240888335,11.724038765061));
#4871 = CARTESIAN_POINT('',(2.296212748401E-15,0.868240888335,
    11.724038765061));
#4872 = PCURVE('',#187,#4873);
#4873 = DEFINITIONAL_REPRESENTATION('',(#4874),#4880);
#4874 = B_SPLINE_CURVE_WITH_KNOTS('',2,(#4875,#4876,#4877,#4878,#4879),
  .UNSPECIFIED.,.F.,.F.,(3,2,3),(4.712388980385,6.28318530718,
    7.853981633974),.PIECEWISE_BEZIER_KNOTS.);
#4875 = CARTESIAN_POINT('',(0.,-1.570796326795));
#4876 = CARTESIAN_POINT('',(8.881784197001E-16,-0.785398163397));
#4877 = CARTESIAN_POINT('',(0.,-2.720481184601E-16));
#4878 = CARTESIAN_POINT('',(8.881784197001E-16,0.785398163397));
#4879 = CARTESIAN_POINT('',(0.,1.570796326795));
#4880 = ( GEOMETRIC_REPRESENTATION_CONTEXT(2) 
PARAMETRIC_REPRESENTATION_CONTEXT() REPRESENTATION_CONTEXT('2D SPACE',''
  ) );
#4881 = PCURVE('',#187,#4882);
#4882 = DEFINITIONAL_REPRESENTATION('',(#4883),#4889);
#4883 = B_SPLINE_CURVE_WITH_KNOTS('',2,(#4884,#4885,#4886,#4887,#4888),
  .UNSPECIFIED.,.F.,.F.,(3,2,3),(4.712388980385,6.28318530718,
    7.853981633974),.PIECEWISE_BEZIER_KNOTS.);
#4884 = CARTESIAN_POINT('',(6.28318530718,-1.570796326795));
#4885 = CARTESIAN_POINT('',(6.28318530718,-0.785398163397));
#4886 = CARTESIAN_POINT('',(6.28318530718,-2.720481184601E-16));
#4887 = CARTESIAN_POINT('',(6.28318530718,0.785398163397));
#4888 = CARTESIAN_POINT('',(6.28318530718,1.570796326795));
#4889 = ( GEOMETRIC_REPRESENTATION_CONTEXT(2) 
PARAMETRIC_REPRESENTATION_CONTEXT() REPRESENTATION_CONTEXT('2D SPACE',''
  ) );
#4890 = ORIENTED_EDGE('',*,*,#4862,.F.);
#4891 = ORIENTED_EDGE('',*,*,#4892,.F.);
#4892 = EDGE_CURVE('',#24,#4555,#4893,.T.);
#4893 = SURFACE_CURVE('',#4894,(#4922,#4953),.PCURVE_S1.);
#4894 = B_SPLINE_CURVE_WITH_KNOTS('',6,(#4895,#4896,#4897,#4898,#4899,
    #4900,#4901,#4902,#4903,#4904,#4905,#4906,#4907,#4908,#4909,#4910,
    #4911,#4912,#4913,#4914,#4915,#4916,#4917,#4918,#4919,#4920,#4921),
  .UNSPECIFIED.,.F.,.F.,(7,5,5,5,5,7),(0.,3.040536473496E-02,
    0.320979418045,0.578765594356,0.730534239289,1.),.UNSPECIFIED.);
#4895 = CARTESIAN_POINT('',(3.50802047628,6.258492255887E-15,
    2.360158201715));
#4896 = CARTESIAN_POINT('',(3.538526544332,-6.50534256478E-15,
    2.370970507268));
#4897 = CARTESIAN_POINT('',(3.568993636123,8.725946281272E-16,
    2.381913426037));
#4898 = CARTESIAN_POINT('',(3.599420352338,6.154823552012E-15,
    2.392987351688));
#4899 = CARTESIAN_POINT('',(3.629805305413,1.348724800324E-15,
    2.404192686942));
#4900 = CARTESIAN_POINT('',(3.660147119541,-7.293460157446E-15,
    2.415529843581));
#4901 = CARTESIAN_POINT('',(3.97998586901,-5.091576694062E-15,
    2.536608461747));
#4902 = CARTESIAN_POINT('',(4.265408810638,3.707008518876E-15,
    2.658275328737));
#4903 = CARTESIAN_POINT('',(4.545645006404,-2.44750600243E-16,
    2.792403294994));
#4904 = CARTESIAN_POINT('',(4.819455027338,7.564668246489E-15,
    2.939426800336));
#4905 = CARTESIAN_POINT('',(5.085386827449,-1.003599593221E-14,
    3.099787360719));
#4906 = CARTESIAN_POINT('',(5.569151660692,6.726468617619E-15,
    3.428540688634));
#4907 = CARTESIAN_POINT('',(5.788953842156,-1.379617879724E-14,
    3.593937999121));
#4908 = CARTESIAN_POINT('',(5.999964709765,4.960366625234E-15,
    3.77053069828));
#4909 = CARTESIAN_POINT('',(6.200626981798,1.463448049799E-14,
    3.958569697681));
#4910 = CARTESIAN_POINT('',(6.389071556821,-1.880025622574E-14,
    4.158123473656));
#4911 = CARTESIAN_POINT('',(6.66569911924,1.228634109637E-14,
    4.493136470769));
#4912 = CARTESIAN_POINT('',(6.763232178678,-3.375099542805E-14,
    4.621190056542));
#4913 = CARTESIAN_POINT('',(6.855352469236,9.728278146751E-15,
    4.753095937226));
#4914 = CARTESIAN_POINT('',(6.941580269794,3.580964052683E-14,
    4.888743613166));
#4915 = CARTESIAN_POINT('',(7.021419369213,-3.631587662232E-14,
    5.027950613244));
#4916 = CARTESIAN_POINT('',(7.22393412115,3.435677129571E-08,
    5.423445175693));
#4917 = CARTESIAN_POINT('',(7.331896077442,-1.355981333976E-07,
    5.686963601843));
#4918 = CARTESIAN_POINT('',(7.415350548351,2.507577238098E-07,
    5.959193884697));
#4919 = CARTESIAN_POINT('',(7.471894720484,-2.635426841119E-07,
    6.237693317548));
#4920 = CARTESIAN_POINT('',(7.500000145884,1.619223858248E-07,
    6.519297675089));
#4921 = CARTESIAN_POINT('',(7.5,-5.42382934977E-08,6.799999692399));
#4922 = PCURVE('',#187,#4923);
#4923 = DEFINITIONAL_REPRESENTATION('',(#4924),#4952);
#4924 = B_SPLINE_CURVE_WITH_KNOTS('',6,(#4925,#4926,#4927,#4928,#4929,
    #4930,#4931,#4932,#4933,#4934,#4935,#4936,#4937,#4938,#4939,#4940,
    #4941,#4942,#4943,#4944,#4945,#4946,#4947,#4948,#4949,#4950,#4951),
  .UNSPECIFIED.,.F.,.F.,(7,5,5,5,5,7),(0.,3.040536473496E-02,
    0.320979418045,0.578765594356,0.730534239289,1.),.UNSPECIFIED.);
#4925 = CARTESIAN_POINT('',(0.302586273355,-1.051598039515));
#4926 = CARTESIAN_POINT('',(0.299573016368,-1.047353680726));
#4927 = CARTESIAN_POINT('',(0.296607819894,-1.043101502335));
#4928 = CARTESIAN_POINT('',(0.293689072101,-1.038841544384));
#4929 = CARTESIAN_POINT('',(0.29081524045,-1.034573832809));
#4930 = CARTESIAN_POINT('',(0.287984871694,-1.030298379444));
#4931 = CARTESIAN_POINT('',(0.258550190791,-0.985082052778));
#4932 = CARTESIAN_POINT('',(0.235750511709,-0.943449473714));
#4933 = CARTESIAN_POINT('',(0.215590086408,-0.901098628463));
#4934 = CARTESIAN_POINT('',(0.197457763783,-0.857936606143));
#4935 = CARTESIAN_POINT('',(0.180889927691,-0.813840935437));
#4936 = CARTESIAN_POINT('',(0.151958753898,-0.72851364547));
#4937 = CARTESIAN_POINT('',(0.139333687396,-0.687532836211));
#4938 = CARTESIAN_POINT('',(0.127453965827,-0.6455546052));
#4939 = CARTESIAN_POINT('',(0.116159784834,-0.602449422962));
#4940 = CARTESIAN_POINT('',(0.105332260404,-0.558080926662));
#4941 = CARTESIAN_POINT('',(8.870096658228E-02,-0.485346015503));
#4942 = CARTESIAN_POINT('',(8.266347300108E-02,-0.457905731217));
#4943 = CARTESIAN_POINT('',(7.673083268425E-02,-0.42995110881));
#4944 = CARTESIAN_POINT('',(7.088538178105E-02,-0.401457325204));
#4945 = CARTESIAN_POINT('',(6.511179373599E-02,-0.372404274321));
#4946 = CARTESIAN_POINT('',(4.924883735799E-02,-0.29017838253));
#4947 = CARTESIAN_POINT('',(3.927879393136E-02,-0.235741934517));
#4948 = CARTESIAN_POINT('',(2.942304577498E-02,-0.179454512412));
#4949 = CARTESIAN_POINT('',(1.962297847617E-02,-0.121327419534));
#4950 = CARTESIAN_POINT('',(9.823476630668E-03,-6.140912022908E-02));
#4951 = CARTESIAN_POINT('',(0.,-6.938580932037E-08));
#4952 = ( GEOMETRIC_REPRESENTATION_CONTEXT(2) 
PARAMETRIC_REPRESENTATION_CONTEXT() REPRESENTATION_CONTEXT('2D SPACE',''
  ) );
#4953 = PCURVE('',#4736,#4954);
#4954 = DEFINITIONAL_REPRESENTATION('',(#4955),#4983);
#4955 = B_SPLINE_CURVE_WITH_KNOTS('',6,(#4956,#4957,#4958,#4959,#4960,
    #4961,#4962,#4963,#4964,#4965,#4966,#4967,#4968,#4969,#4970,#4971,
    #4972,#4973,#4974,#4975,#4976,#4977,#4978,#4979,#4980,#4981,#4982),
  .UNSPECIFIED.,.F.,.F.,(7,5,5,5,5,7),(0.,3.040536473496E-02,
    0.320979418045,0.578765594356,0.730534239289,1.),.UNSPECIFIED.);
#4956 = CARTESIAN_POINT('',(0.302586273344,-1.0515980395));
#4957 = CARTESIAN_POINT('',(0.299573016378,-1.047353680739));
#4958 = CARTESIAN_POINT('',(0.296607819896,-1.043101502339));
#4959 = CARTESIAN_POINT('',(0.293689072096,-1.038841544377));
#4960 = CARTESIAN_POINT('',(0.290815240447,-1.034573832804));
#4961 = CARTESIAN_POINT('',(0.287984871698,-1.03029837945));
#4962 = CARTESIAN_POINT('',(0.258550190791,-0.985082052778));
#4963 = CARTESIAN_POINT('',(0.235750511709,-0.943449473714));
#4964 = CARTESIAN_POINT('',(0.215590086408,-0.901098628463));
#4965 = CARTESIAN_POINT('',(0.197457763783,-0.857936606143));
#4966 = CARTESIAN_POINT('',(0.180889927691,-0.813840935437));
#4967 = CARTESIAN_POINT('',(0.151958753898,-0.72851364547));
#4968 = CARTESIAN_POINT('',(0.139333687396,-0.687532836211));
#4969 = CARTESIAN_POINT('',(0.127453965827,-0.6455546052));
#4970 = CARTESIAN_POINT('',(0.116159784834,-0.602449422962));
#4971 = CARTESIAN_POINT('',(0.105332260404,-0.558080926662));
#4972 = CARTESIAN_POINT('',(8.870096658227E-02,-0.485346015503));
#4973 = CARTESIAN_POINT('',(8.266347300109E-02,-0.457905731217));
#4974 = CARTESIAN_POINT('',(7.673083268424E-02,-0.42995110881));
#4975 = CARTESIAN_POINT('',(7.088538178103E-02,-0.401457325204));
#4976 = CARTESIAN_POINT('',(6.5111793736E-02,-0.372404274321));
#4977 = CARTESIAN_POINT('',(4.9248837358E-02,-0.290178354789));
#4978 = CARTESIAN_POINT('',(3.927879393133E-02,-0.235742044004));
#4979 = CARTESIAN_POINT('',(2.942304577499E-02,-0.179454309942));
#4980 = CARTESIAN_POINT('',(1.962297847617E-02,-0.121327632327));
#4981 = CARTESIAN_POINT('',(9.823476630649E-03,-6.140898948734E-02));
#4982 = CARTESIAN_POINT('',(0.,-1.131797497944E-07));
#4983 = ( GEOMETRIC_REPRESENTATION_CONTEXT(2) 
PARAMETRIC_REPRESENTATION_CONTEXT() REPRESENTATION_CONTEXT('2D SPACE',''
  ) );
#4984 = ADVANCED_FACE('',(#4985,#5019),#385,.T.);
#4985 = FACE_BOUND('',#4986,.T.);
#4986 = EDGE_LOOP('',(#4987));
#4987 = ORIENTED_EDGE('',*,*,#4988,.T.);
#4988 = EDGE_CURVE('',#4989,#4989,#4991,.T.);
#4989 = VERTEX_POINT('',#4990);
#4990 = CARTESIAN_POINT('',(9.,0.,3.));
#4991 = SURFACE_CURVE('',#4992,(#4997,#5004),.PCURVE_S1.);
#4992 = ELLIPSE('',#4993,9.,8.);
#4993 = AXIS2_PLACEMENT_3D('',#4994,#4995,#4996);
#4994 = CARTESIAN_POINT('',(0.,0.,3.));
#4995 = DIRECTION('',(0.,0.,1.));
#4996 = DIRECTION('',(1.,0.,-0.));
#4997 = PCURVE('',#385,#4998);
#4998 = DEFINITIONAL_REPRESENTATION('',(#4999),#5003);
#4999 = ELLIPSE('',#5000,9.,8.);
#5000 = AXIS2_PLACEMENT_2D('',#5001,#5002);
#5001 = CARTESIAN_POINT('',(-0.134129896014,-3.066547563779E-16));
#5002 = DIRECTION('',(1.,0.));
#5003 = ( GEOMETRIC_REPRESENTATION_CONTEXT(2) 
PARAMETRIC_REPRESENTATION_CONTEXT() REPRESENTATION_CONTEXT('2D SPACE',''
  ) );
#5004 = PCURVE('',#5005,#5013);
#5005 = SURFACE_OF_LINEAR_EXTRUSION('',#5006,#5011);
#5006 = ELLIPSE('',#5007,9.,8.);
#5007 = AXIS2_PLACEMENT_3D('',#5008,#5009,#5010);
#5008 = CARTESIAN_POINT('',(0.,0.,0.));
#5009 = DIRECTION('',(0.,0.,1.));
#5010 = DIRECTION('',(1.,0.,-0.));
#5011 = VECTOR('',#5012,1.);
#5012 = DIRECTION('',(-0.,-0.,-1.));
#5013 = DEFINITIONAL_REPRESENTATION('',(#5014),#5018);
#5014 = LINE('',#5015,#5016);
#5015 = CARTESIAN_POINT('',(0.,-3.));
#5016 = VECTOR('',#5017,1.);
#5017 = DIRECTION('',(1.,0.));
#5018 = ( GEOMETRIC_REPRESENTATION_CONTEXT(2) 
PARAMETRIC_REPRESENTATION_CONTEXT() REPRESENTATION_CONTEXT('2D SPACE',''
  ) );
#5019 = FACE_BOUND('',#5020,.T.);
#5020 = EDGE_LOOP('',(#5021,#5509,#5510,#6032,#6033,#6521));
#5021 = ORIENTED_EDGE('',*,*,#5022,.F.);
#5022 = EDGE_CURVE('',#2525,#5023,#5025,.T.);
#5023 = VERTEX_POINT('',#5024);
#5024 = CARTESIAN_POINT('',(-3.985152693778,-2.572372281457,3.));
#5025 = SURFACE_CURVE('',#5026,(#5185,#5347),.PCURVE_S1.);
#5026 = B_SPLINE_CURVE_WITH_KNOTS('',7,(#5027,#5028,#5029,#5030,#5031,
    #5032,#5033,#5034,#5035,#5036,#5037,#5038,#5039,#5040,#5041,#5042,
    #5043,#5044,#5045,#5046,#5047,#5048,#5049,#5050,#5051,#5052,#5053,
    #5054,#5055,#5056,#5057,#5058,#5059,#5060,#5061,#5062,#5063,#5064,
    #5065,#5066,#5067,#5068,#5069,#5070,#5071,#5072,#5073,#5074,#5075,
    #5076,#5077,#5078,#5079,#5080,#5081,#5082,#5083,#5084,#5085,#5086,
    #5087,#5088,#5089,#5090,#5091,#5092,#5093,#5094,#5095,#5096,#5097,
    #5098,#5099,#5100,#5101,#5102,#5103,#5104,#5105,#5106,#5107,#5108,
    #5109,#5110,#5111,#5112,#5113,#5114,#5115,#5116,#5117,#5118,#5119,
    #5120,#5121,#5122,#5123,#5124,#5125,#5126,#5127,#5128,#5129,#5130,
    #5131,#5132,#5133,#5134,#5135,#5136,#5137,#5138,#5139,#5140,#5141,
    #5142,#5143,#5144,#5145,#5146,#5147,#5148,#5149,#5150,#5151,#5152,
    #5153,#5154,#5155,#5156,#5157,#5158,#5159,#5160,#5161,#5162,#5163,
    #5164,#5165,#5166,#5167,#5168,#5169,#5170,#5171,#5172,#5173,#5174,
    #5175,#5176,#5177,#5178,#5179,#5180,#5181,#5182,#5183,#5184),
  .UNSPECIFIED.,.T.,.F.,(8,6,6,6,6,6,6,6,6,6,6,6,6,6,6,6,6,6,6,6,6,6,6,6
    ,6,6,8),(0.,7.198192536919E-02,0.114214560438,0.144679846156,
    0.16731896799,0.223883621129,0.290934631642,0.296035162593,
    0.386780087204,0.420087633644,0.438257337179,0.476418036994,
    0.511215772444,0.527237848991,0.55411663764,0.616840956225,
    0.624083201249,0.647904432797,0.722688050304,0.778713009445,
    0.800747574463,0.830396775576,0.871077460884,0.904619240242,
    0.922710181164,0.961021862819,1.),.UNSPECIFIED.);
#5027 = CARTESIAN_POINT('',(4.769679945023,0.670042526692,3.));
#5028 = CARTESIAN_POINT('',(4.686533162151,0.933099489968,3.));
#5029 = CARTESIAN_POINT('',(4.57724914619,1.188715238476,3.));
#5030 = CARTESIAN_POINT('',(4.443593825952,1.43388926014,3.));
#5031 = CARTESIAN_POINT('',(4.288056899856,1.666559777769,3.));
#5032 = CARTESIAN_POINT('',(4.113260825703,1.885304455442,3.));
#5033 = CARTESIAN_POINT('',(3.921809215077,2.089232704826,3.));
#5034 = CARTESIAN_POINT('',(3.595368752851,2.388526083603,3.));
#5035 = CARTESIAN_POINT('',(3.469717818665,2.493952335561,3.));
#5036 = CARTESIAN_POINT('',(3.339575283298,2.594054963789,3.));
#5037 = CARTESIAN_POINT('',(3.205369842602,2.688787070393,3.));
#5038 = CARTESIAN_POINT('',(3.067501813507,2.778129785954,3.));
#5039 = CARTESIAN_POINT('',(2.926338882843,2.862085767355,3.));
#5040 = CARTESIAN_POINT('',(2.678243182653,2.997362817321,3.));
#5041 = CARTESIAN_POINT('',(2.572734446895,3.051257775777,3.));
#5042 = CARTESIAN_POINT('',(2.465811136218,3.102363812635,3.));
#5043 = CARTESIAN_POINT('',(2.357592559992,3.150689553536,3.));
#5044 = CARTESIAN_POINT('',(2.248191715961,3.196245507274,3.));
#5045 = CARTESIAN_POINT('',(2.137715156547,3.239043564976,3.));
#5046 = CARTESIAN_POINT('',(1.943441303696,3.308860318606,3.));
#5047 = CARTESIAN_POINT('',(1.860081423976,3.33710803565,3.));
#5048 = CARTESIAN_POINT('',(1.776224477619,3.363844873637,3.));
#5049 = CARTESIAN_POINT('',(1.691910406307,3.389076031679,3.));
#5050 = CARTESIAN_POINT('',(1.607177831794,3.412806684779,3.));
#5051 = CARTESIAN_POINT('',(1.522064055909,3.435041983833,3.));
#5052 = CARTESIAN_POINT('',(1.223082713474,3.507619357218,3.));
#5053 = CARTESIAN_POINT('',(1.007415626681,3.550146389791,3.));
#5054 = CARTESIAN_POINT('',(0.79015173482,3.58345047102,3.));
#5055 = CARTESIAN_POINT('',(0.571817142714,3.607602407875,3.));
#5056 = CARTESIAN_POINT('',(0.352918461525,3.6226618341,3.));
#5057 = CARTESIAN_POINT('',(0.133945144911,3.628677547686,3.));
#5058 = CARTESIAN_POINT('',(-0.343722169818,3.622143897295,3.));
#5059 = CARTESIAN_POINT('',(-0.602222945366,3.605946061058,3.));
#5060 = CARTESIAN_POINT('',(-0.859348190608,3.577160656262,3.));
#5061 = CARTESIAN_POINT('',(-1.114267635496,3.535827712963,3.));
#5062 = CARTESIAN_POINT('',(-1.366101143597,3.481984103202,3.));
#5063 = CARTESIAN_POINT('',(-1.613914845863,3.415682654097,3.));
#5064 = CARTESIAN_POINT('',(-1.87518500437,3.331022453384,3.));
#5065 = CARTESIAN_POINT('',(-1.893523534362,3.325000217723,3.));
#5066 = CARTESIAN_POINT('',(-1.911853277509,3.318899851817,3.));
#5067 = CARTESIAN_POINT('',(-1.930247842073,3.312696424146,3.));
#5068 = CARTESIAN_POINT('',(-1.948732072439,3.306380758333,3.));
#5069 = CARTESIAN_POINT('',(-1.967282049113,3.299959433145,3.));
#5070 = CARTESIAN_POINT('',(-2.315729317755,3.177728784818,3.));
#5071 = CARTESIAN_POINT('',(-2.639208710335,3.037457015567,3.));
#5072 = CARTESIAN_POINT('',(-2.953382699928,2.871886067561,3.));
#5073 = CARTESIAN_POINT('',(-3.254665484602,2.680406057554,3.));
#5074 = CARTESIAN_POINT('',(-3.538827299841,2.462769715576,3.));
#5075 = CARTESIAN_POINT('',(-3.801080299504,2.219249423274,3.));
#5076 = CARTESIAN_POINT('',(-4.122484225437,1.852317558525,3.));
#5077 = CARTESIAN_POINT('',(-4.205093211109,1.750477975125,3.));
#5078 = CARTESIAN_POINT('',(-4.283744240815,1.645391862049,3.));
#5079 = CARTESIAN_POINT('',(-4.35815437712,1.537157774336,3.));
#5080 = CARTESIAN_POINT('',(-4.428036131471,1.425903943138,3.));
#5081 = CARTESIAN_POINT('',(-4.493104458645,1.311792848104,3.));
#5082 = CARTESIAN_POINT('',(-4.585803242139,1.13132782762,3.));
#5083 = CARTESIAN_POINT('',(-4.617008309773,1.066839610187,3.));
#5084 = CARTESIAN_POINT('',(-4.646654175885,1.001594233856,3.));
#5085 = CARTESIAN_POINT('',(-4.674697240044,0.935627911814,3.));
#5086 = CARTESIAN_POINT('',(-4.701095576256,0.868980168315,3.));
#5087 = CARTESIAN_POINT('',(-4.725809429604,0.801694032942,3.));
#5088 = CARTESIAN_POINT('',(-4.797090977443,0.591256711456,3.));
#5089 = CARTESIAN_POINT('',(-4.837793073091,0.446067845083,3.));
#5090 = CARTESIAN_POINT('',(-4.870551662463,0.298708270431,3.));
#5091 = CARTESIAN_POINT('',(-4.895085384472,0.149673733022,3.));
#5092 = CARTESIAN_POINT('',(-4.911192515258,-5.029127170418E-04,3.));
#5093 = CARTESIAN_POINT('',(-4.918763958189,-0.151250714762,3.));
#5094 = CARTESIAN_POINT('',(-4.916929715669,-0.439385229209,3.));
#5095 = CARTESIAN_POINT('',(-4.908960868858,-0.576802581832,3.));
#5096 = CARTESIAN_POINT('',(-4.893898787472,-0.713751512702,3.));
#5097 = CARTESIAN_POINT('',(-4.871818579671,-0.849798553802,3.));
#5098 = CARTESIAN_POINT('',(-4.842861773881,-0.984535591234,3.));
#5099 = CARTESIAN_POINT('',(-4.807228395892,-1.117579497996,3.));
#5100 = CARTESIAN_POINT('',(-4.745803471863,-1.308885121377,3.));
#5101 = CARTESIAN_POINT('',(-4.725074688383,-1.368766103349,3.));
#5102 = CARTESIAN_POINT('',(-4.70300685623,-1.428181480795,3.));
#5103 = CARTESIAN_POINT('',(-4.679625517454,-1.487100043196,3.));
#5104 = CARTESIAN_POINT('',(-4.654957595447,-1.545492601411,3.));
#5105 = CARTESIAN_POINT('',(-4.629031394944,-1.60333198768,3.));
#5106 = CARTESIAN_POINT('',(-4.556321462041,-1.756654770117,3.));
#5107 = CARTESIAN_POINT('',(-4.507307982057,-1.851089145631,3.));
#5108 = CARTESIAN_POINT('',(-4.454974761331,-1.943777612625,3.));
#5109 = CARTESIAN_POINT('',(-4.399466454829,-2.034618970522,3.));
#5110 = CARTESIAN_POINT('',(-4.340930925816,-2.123527741339,3.));
#5111 = CARTESIAN_POINT('',(-4.279516398463,-2.21043252331,3.));
#5112 = CARTESIAN_POINT('',(-4.065673386299,-2.493261147126,3.));
#5113 = CARTESIAN_POINT('',(-3.90112866942,-2.679967289968,3.));
#5114 = CARTESIAN_POINT('',(-3.723546420611,-2.854730296003,3.));
#5115 = CARTESIAN_POINT('',(-3.534672334441,-3.017180495262,3.));
#5116 = CARTESIAN_POINT('',(-3.336113983367,-3.16716366017,3.));
#5117 = CARTESIAN_POINT('',(-3.129286817334,-3.304676713261,3.));
#5118 = CARTESIAN_POINT('',(-2.89067978432,-3.444265337859,3.));
#5119 = CARTESIAN_POINT('',(-2.865755090711,-3.458626473888,3.));
#5120 = CARTESIAN_POINT('',(-2.840603174653,-3.47289731207,3.));
#5121 = CARTESIAN_POINT('',(-2.815223572949,-3.487075084276,3.));
#5122 = CARTESIAN_POINT('',(-2.789616122574,-3.501156857575,3.));
#5123 = CARTESIAN_POINT('',(-2.76378096068,-3.515139534233,3.));
#5124 = CARTESIAN_POINT('',(-2.651993818691,-3.57467506712,3.));
#5125 = CARTESIAN_POINT('',(-2.565202069402,-3.618481585383,3.));
#5126 = CARTESIAN_POINT('',(-2.477411737317,-3.660437786674,3.));
#5127 = CARTESIAN_POINT('',(-2.388688415068,-3.70054322225,3.));
#5128 = CARTESIAN_POINT('',(-2.299094827328,-3.738798614444,3.));
#5129 = CARTESIAN_POINT('',(-2.208690830809,-3.775205856674,3.));
#5130 = CARTESIAN_POINT('',(-1.831356716888,-3.918271350324,3.));
#5131 = CARTESIAN_POINT('',(-1.537816942366,-4.008564996541,3.));
#5132 = CARTESIAN_POINT('',(-1.238585169369,-4.080782845675,3.));
#5133 = CARTESIAN_POINT('',(-0.935201607373,-4.135027428295,3.));
#5134 = CARTESIAN_POINT('',(-0.629090347952,-4.171390996079,3.));
#5135 = CARTESIAN_POINT('',(-0.321563330459,-4.189934005781,3.));
#5136 = CARTESIAN_POINT('',(0.2167405887,-4.191135674518,3.));
#5137 = CARTESIAN_POINT('',(0.447376683993,-4.181628649959,3.));
#5138 = CARTESIAN_POINT('',(0.677574756753,-4.16209152078,3.));
#5139 = CARTESIAN_POINT('',(0.906789587312,-4.132489491223,3.));
#5140 = CARTESIAN_POINT('',(1.134450872712,-4.092771738505,3.));
#5141 = CARTESIAN_POINT('',(1.35996217105,-4.042872366273,3.));
#5142 = CARTESIAN_POINT('',(1.670300717806,-3.959036982415,3.));
#5143 = CARTESIAN_POINT('',(1.757471225454,-3.933783907445,3.));
#5144 = CARTESIAN_POINT('',(1.844170966072,-3.90693767561,3.));
#5145 = CARTESIAN_POINT('',(1.930359073329,-3.878493191889,3.));
#5146 = CARTESIAN_POINT('',(2.015993032224,-3.848445317096,3.));
#5147 = CARTESIAN_POINT('',(2.101028679086,-3.816788867879,3.));
#5148 = CARTESIAN_POINT('',(2.298975482588,-3.738750936177,3.));
#5149 = CARTESIAN_POINT('',(2.411363402378,-3.691061855307,3.));
#5150 = CARTESIAN_POINT('',(2.522473130187,-3.640438567671,3.));
#5151 = CARTESIAN_POINT('',(2.632185613845,-3.586869469286,3.));
#5152 = CARTESIAN_POINT('',(2.740373841991,-3.530344816458,3.));
#5153 = CARTESIAN_POINT('',(2.846903106276,-3.470857383614,3.));
#5154 = CARTESIAN_POINT('',(3.095325294129,-3.322711699351,3.));
#5155 = CARTESIAN_POINT('',(3.235623399624,-3.231438022492,3.));
#5156 = CARTESIAN_POINT('',(3.372162186402,-3.134570508485,3.));
#5157 = CARTESIAN_POINT('',(3.504535068904,-3.032116986477,3.));
#5158 = CARTESIAN_POINT('',(3.632298394586,-2.924112786181,3.));
#5159 = CARTESIAN_POINT('',(3.75497756882,-2.810628827224,3.));
#5160 = CARTESIAN_POINT('',(3.968620106622,-2.593786990653,3.));
#5161 = CARTESIAN_POINT('',(4.061368206801,-2.492149813078,3.));
#5162 = CARTESIAN_POINT('',(4.150034467473,-2.386937636077,3.));
#5163 = CARTESIAN_POINT('',(4.23431969213,-2.278245812963,3.));
#5164 = CARTESIAN_POINT('',(4.313916125677,-2.166201202484,3.));
#5165 = CARTESIAN_POINT('',(4.388515079489,-2.050967781252,3.));
#5166 = CARTESIAN_POINT('',(4.495191605865,-1.868992070482,3.));
#5167 = CARTESIAN_POINT('',(4.531026927873,-1.804364632129,3.));
#5168 = CARTESIAN_POINT('',(4.565273042344,-1.738902905402,3.));
#5169 = CARTESIAN_POINT('',(4.597883377179,-1.67264324408,3.));
#5170 = CARTESIAN_POINT('',(4.628812817861,-1.605625641445,3.));
#5171 = CARTESIAN_POINT('',(4.658018257004,-1.537893980287,3.));
#5172 = CARTESIAN_POINT('',(4.743571462464,-1.324648603687,3.));
#5173 = CARTESIAN_POINT('',(4.793779277605,-1.176791390624,3.));
#5174 = CARTESIAN_POINT('',(4.835680716187,-1.026410191769,3.));
#5175 = CARTESIAN_POINT('',(4.868953866225,-0.874036743533,3.));
#5176 = CARTESIAN_POINT('',(4.893363433439,-0.720250010954,3.));
#5177 = CARTESIAN_POINT('',(4.908777688095,-0.565678270063,3.));
#5178 = CARTESIAN_POINT('',(4.921725361476,-0.253635508791,3.));
#5179 = CARTESIAN_POINT('',(4.91894469379,-9.612130559008E-02,3.));
#5180 = CARTESIAN_POINT('',(4.906844623677,6.081976424595E-02,3.));
#5181 = CARTESIAN_POINT('',(4.885561691712,0.216513703824,3.));
#5182 = CARTESIAN_POINT('',(4.855351308836,0.370331225121,3.));
#5183 = CARTESIAN_POINT('',(4.816571901142,0.521687351029,3.));
#5184 = CARTESIAN_POINT('',(4.769679945023,0.670042526692,3.));
#5185 = PCURVE('',#385,#5186);
#5186 = DEFINITIONAL_REPRESENTATION('',(#5187),#5346);
#5187 = B_SPLINE_CURVE_WITH_KNOTS('',7,(#5188,#5189,#5190,#5191,#5192,
    #5193,#5194,#5195,#5196,#5197,#5198,#5199,#5200,#5201,#5202,#5203,
    #5204,#5205,#5206,#5207,#5208,#5209,#5210,#5211,#5212,#5213,#5214,
    #5215,#5216,#5217,#5218,#5219,#5220,#5221,#5222,#5223,#5224,#5225,
    #5226,#5227,#5228,#5229,#5230,#5231,#5232,#5233,#5234,#5235,#5236,
    #5237,#5238,#5239,#5240,#5241,#5242,#5243,#5244,#5245,#5246,#5247,
    #5248,#5249,#5250,#5251,#5252,#5253,#5254,#5255,#5256,#5257,#5258,
    #5259,#5260,#5261,#5262,#5263,#5264,#5265,#5266,#5267,#5268,#5269,
    #5270,#5271,#5272,#5273,#5274,#5275,#5276,#5277,#5278,#5279,#5280,
    #5281,#5282,#5283,#5284,#5285,#5286,#5287,#5288,#5289,#5290,#5291,
    #5292,#5293,#5294,#5295,#5296,#5297,#5298,#5299,#5300,#5301,#5302,
    #5303,#5304,#5305,#5306,#5307,#5308,#5309,#5310,#5311,#5312,#5313,
    #5314,#5315,#5316,#5317,#5318,#5319,#5320,#5321,#5322,#5323,#5324,
    #5325,#5326,#5327,#5328,#5329,#5330,#5331,#5332,#5333,#5334,#5335,
    #5336,#5337,#5338,#5339,#5340,#5341,#5342,#5343,#5344,#5345),
  .UNSPECIFIED.,.T.,.F.,(8,6,6,6,6,6,6,6,6,6,6,6,6,6,6,6,6,6,6,6,6,6,6,6
    ,6,6,8),(0.,7.198192536919E-02,0.114214560438,0.144679846156,
    0.16731896799,0.223883621129,0.290934631642,0.296035162593,
    0.386780087204,0.420087633644,0.438257337179,0.476418036994,
    0.511215772444,0.527237848991,0.55411663764,0.616840956225,
    0.624083201249,0.647904432797,0.722688050304,0.778713009445,
    0.800747574463,0.830396775576,0.871077460884,0.904619240242,
    0.922710181164,0.961021862819,1.),.UNSPECIFIED.);
#5188 = CARTESIAN_POINT('',(4.635550049009,0.670042526692));
#5189 = CARTESIAN_POINT('',(4.552403266136,0.933099489968));
#5190 = CARTESIAN_POINT('',(4.443119250175,1.188715238476));
#5191 = CARTESIAN_POINT('',(4.309463929938,1.43388926014));
#5192 = CARTESIAN_POINT('',(4.153927003842,1.666559777769));
#5193 = CARTESIAN_POINT('',(3.979130929689,1.885304455442));
#5194 = CARTESIAN_POINT('',(3.787679319063,2.089232704826));
#5195 = CARTESIAN_POINT('',(3.461238856837,2.388526083603));
#5196 = CARTESIAN_POINT('',(3.335587922651,2.493952335561));
#5197 = CARTESIAN_POINT('',(3.205445387283,2.594054963789));
#5198 = CARTESIAN_POINT('',(3.071239946588,2.688787070393));
#5199 = CARTESIAN_POINT('',(2.933371917493,2.778129785954));
#5200 = CARTESIAN_POINT('',(2.792208986828,2.862085767355));
#5201 = CARTESIAN_POINT('',(2.544113286638,2.997362817321));
#5202 = CARTESIAN_POINT('',(2.438604550881,3.051257775777));
#5203 = CARTESIAN_POINT('',(2.331681240203,3.102363812635));
#5204 = CARTESIAN_POINT('',(2.223462663978,3.150689553536));
#5205 = CARTESIAN_POINT('',(2.114061819946,3.196245507274));
#5206 = CARTESIAN_POINT('',(2.003585260533,3.239043564976));
#5207 = CARTESIAN_POINT('',(1.809311407682,3.308860318606));
#5208 = CARTESIAN_POINT('',(1.725951527961,3.33710803565));
#5209 = CARTESIAN_POINT('',(1.642094581605,3.363844873637));
#5210 = CARTESIAN_POINT('',(1.557780510293,3.389076031679));
#5211 = CARTESIAN_POINT('',(1.47304793578,3.412806684779));
#5212 = CARTESIAN_POINT('',(1.387934159895,3.435041983833));
#5213 = CARTESIAN_POINT('',(1.08895281746,3.507619357218));
#5214 = CARTESIAN_POINT('',(0.873285730666,3.550146389791));
#5215 = CARTESIAN_POINT('',(0.656021838806,3.58345047102));
#5216 = CARTESIAN_POINT('',(0.4376872467,3.607602407875));
#5217 = CARTESIAN_POINT('',(0.21878856551,3.6226618341));
#5218 = CARTESIAN_POINT('',(-1.847511032037E-04,3.628677547686));
#5219 = CARTESIAN_POINT('',(-0.477852065832,3.622143897295));
#5220 = CARTESIAN_POINT('',(-0.736352841381,3.605946061058));
#5221 = CARTESIAN_POINT('',(-0.993478086622,3.577160656262));
#5222 = CARTESIAN_POINT('',(-1.248397531511,3.535827712963));
#5223 = CARTESIAN_POINT('',(-1.500231039611,3.481984103202));
#5224 = CARTESIAN_POINT('',(-1.748044741878,3.415682654097));
#5225 = CARTESIAN_POINT('',(-2.009314900384,3.331022453384));
#5226 = CARTESIAN_POINT('',(-2.027653430376,3.325000217723));
#5227 = CARTESIAN_POINT('',(-2.045983173523,3.318899851817));
#5228 = CARTESIAN_POINT('',(-2.064377738087,3.312696424146));
#5229 = CARTESIAN_POINT('',(-2.082861968454,3.306380758333));
#5230 = CARTESIAN_POINT('',(-2.101411945128,3.299959433145));
#5231 = CARTESIAN_POINT('',(-2.449859213769,3.177728784818));
#5232 = CARTESIAN_POINT('',(-2.77333860635,3.037457015567));
#5233 = CARTESIAN_POINT('',(-3.087512595942,2.871886067561));
#5234 = CARTESIAN_POINT('',(-3.388795380617,2.680406057554));
#5235 = CARTESIAN_POINT('',(-3.672957195855,2.462769715576));
#5236 = CARTESIAN_POINT('',(-3.935210195519,2.219249423274));
#5237 = CARTESIAN_POINT('',(-4.256614121451,1.852317558525));
#5238 = CARTESIAN_POINT('',(-4.339223107123,1.750477975125));
#5239 = CARTESIAN_POINT('',(-4.41787413683,1.645391862049));
#5240 = CARTESIAN_POINT('',(-4.492284273135,1.537157774336));
#5241 = CARTESIAN_POINT('',(-4.562166027485,1.425903943138));
#5242 = CARTESIAN_POINT('',(-4.627234354659,1.311792848104));
#5243 = CARTESIAN_POINT('',(-4.719933138153,1.13132782762));
#5244 = CARTESIAN_POINT('',(-4.751138205787,1.066839610187));
#5245 = CARTESIAN_POINT('',(-4.780784071899,1.001594233856));
#5246 = CARTESIAN_POINT('',(-4.808827136059,0.935627911814));
#5247 = CARTESIAN_POINT('',(-4.835225472271,0.868980168315));
#5248 = CARTESIAN_POINT('',(-4.859939325618,0.801694032942));
#5249 = CARTESIAN_POINT('',(-4.931220873457,0.591256711456));
#5250 = CARTESIAN_POINT('',(-4.971922969106,0.446067845083));
#5251 = CARTESIAN_POINT('',(-5.004681558478,0.298708270431));
#5252 = CARTESIAN_POINT('',(-5.029215280486,0.149673733022));
#5253 = CARTESIAN_POINT('',(-5.045322411273,-5.029127170421E-04));
#5254 = CARTESIAN_POINT('',(-5.052893854203,-0.151250714762));
#5255 = CARTESIAN_POINT('',(-5.051059611684,-0.439385229209));
#5256 = CARTESIAN_POINT('',(-5.043090764873,-0.576802581832));
#5257 = CARTESIAN_POINT('',(-5.028028683486,-0.713751512702));
#5258 = CARTESIAN_POINT('',(-5.005948475685,-0.849798553802));
#5259 = CARTESIAN_POINT('',(-4.976991669895,-0.984535591234));
#5260 = CARTESIAN_POINT('',(-4.941358291907,-1.117579497996));
#5261 = CARTESIAN_POINT('',(-4.879933367877,-1.308885121377));
#5262 = CARTESIAN_POINT('',(-4.859204584398,-1.368766103349));
#5263 = CARTESIAN_POINT('',(-4.837136752244,-1.428181480795));
#5264 = CARTESIAN_POINT('',(-4.813755413468,-1.487100043196));
#5265 = CARTESIAN_POINT('',(-4.789087491462,-1.545492601411));
#5266 = CARTESIAN_POINT('',(-4.763161290958,-1.60333198768));
#5267 = CARTESIAN_POINT('',(-4.690451358056,-1.756654770117));
#5268 = CARTESIAN_POINT('',(-4.641437878072,-1.851089145631));
#5269 = CARTESIAN_POINT('',(-4.589104657346,-1.943777612625));
#5270 = CARTESIAN_POINT('',(-4.533596350843,-2.034618970522));
#5271 = CARTESIAN_POINT('',(-4.47506082183,-2.123527741339));
#5272 = CARTESIAN_POINT('',(-4.413646294478,-2.21043252331));
#5273 = CARTESIAN_POINT('',(-4.199803282313,-2.493261147126));
#5274 = CARTESIAN_POINT('',(-4.035258565434,-2.679967289968));
#5275 = CARTESIAN_POINT('',(-3.857676316625,-2.854730296003));
#5276 = CARTESIAN_POINT('',(-3.668802230455,-3.017180495262));
#5277 = CARTESIAN_POINT('',(-3.470243879382,-3.16716366017));
#5278 = CARTESIAN_POINT('',(-3.263416713349,-3.304676713261));
#5279 = CARTESIAN_POINT('',(-3.024809680334,-3.444265337859));
#5280 = CARTESIAN_POINT('',(-2.999884986725,-3.458626473888));
#5281 = CARTESIAN_POINT('',(-2.974733070667,-3.47289731207));
#5282 = CARTESIAN_POINT('',(-2.949353468963,-3.487075084276));
#5283 = CARTESIAN_POINT('',(-2.923746018589,-3.501156857575));
#5284 = CARTESIAN_POINT('',(-2.897910856694,-3.515139534233));
#5285 = CARTESIAN_POINT('',(-2.786123714705,-3.57467506712));
#5286 = CARTESIAN_POINT('',(-2.699331965417,-3.618481585383));
#5287 = CARTESIAN_POINT('',(-2.611541633332,-3.660437786674));
#5288 = CARTESIAN_POINT('',(-2.522818311083,-3.70054322225));
#5289 = CARTESIAN_POINT('',(-2.433224723342,-3.738798614444));
#5290 = CARTESIAN_POINT('',(-2.342820726823,-3.775205856674));
#5291 = CARTESIAN_POINT('',(-1.965486612902,-3.918271350324));
#5292 = CARTESIAN_POINT('',(-1.671946838381,-4.008564996541));
#5293 = CARTESIAN_POINT('',(-1.372715065383,-4.080782845675));
#5294 = CARTESIAN_POINT('',(-1.069331503387,-4.135027428295));
#5295 = CARTESIAN_POINT('',(-0.763220243966,-4.171390996079));
#5296 = CARTESIAN_POINT('',(-0.455693226474,-4.189934005781));
#5297 = CARTESIAN_POINT('',(8.261069268582E-02,-4.191135674518));
#5298 = CARTESIAN_POINT('',(0.313246787979,-4.181628649959));
#5299 = CARTESIAN_POINT('',(0.543444860739,-4.16209152078));
#5300 = CARTESIAN_POINT('',(0.772659691298,-4.132489491223));
#5301 = CARTESIAN_POINT('',(1.000320976698,-4.092771738505));
#5302 = CARTESIAN_POINT('',(1.225832275035,-4.042872366273));
#5303 = CARTESIAN_POINT('',(1.536170821792,-3.959036982415));
#5304 = CARTESIAN_POINT('',(1.623341329439,-3.933783907445));
#5305 = CARTESIAN_POINT('',(1.710041070058,-3.90693767561));
#5306 = CARTESIAN_POINT('',(1.796229177315,-3.878493191889));
#5307 = CARTESIAN_POINT('',(1.88186313621,-3.848445317096));
#5308 = CARTESIAN_POINT('',(1.966898783071,-3.816788867879));
#5309 = CARTESIAN_POINT('',(2.164845586574,-3.738750936177));
#5310 = CARTESIAN_POINT('',(2.277233506364,-3.691061855307));
#5311 = CARTESIAN_POINT('',(2.388343234172,-3.640438567671));
#5312 = CARTESIAN_POINT('',(2.498055717831,-3.586869469286));
#5313 = CARTESIAN_POINT('',(2.606243945976,-3.530344816458));
#5314 = CARTESIAN_POINT('',(2.712773210262,-3.470857383614));
#5315 = CARTESIAN_POINT('',(2.961195398115,-3.322711699351));
#5316 = CARTESIAN_POINT('',(3.10149350361,-3.231438022492));
#5317 = CARTESIAN_POINT('',(3.238032290388,-3.134570508485));
#5318 = CARTESIAN_POINT('',(3.37040517289,-3.032116986477));
#5319 = CARTESIAN_POINT('',(3.498168498571,-2.924112786181));
#5320 = CARTESIAN_POINT('',(3.620847672805,-2.810628827224));
#5321 = CARTESIAN_POINT('',(3.834490210608,-2.593786990653));
#5322 = CARTESIAN_POINT('',(3.927238310787,-2.492149813078));
#5323 = CARTESIAN_POINT('',(4.015904571458,-2.386937636077));
#5324 = CARTESIAN_POINT('',(4.100189796115,-2.278245812963));
#5325 = CARTESIAN_POINT('',(4.179786229662,-2.166201202484));
#5326 = CARTESIAN_POINT('',(4.254385183474,-2.050967781252));
#5327 = CARTESIAN_POINT('',(4.361061709851,-1.868992070482));
#5328 = CARTESIAN_POINT('',(4.396897031859,-1.804364632129));
#5329 = CARTESIAN_POINT('',(4.43114314633,-1.738902905402));
#5330 = CARTESIAN_POINT('',(4.463753481164,-1.67264324408));
#5331 = CARTESIAN_POINT('',(4.494682921847,-1.605625641445));
#5332 = CARTESIAN_POINT('',(4.523888360989,-1.537893980287));
#5333 = CARTESIAN_POINT('',(4.609441566449,-1.324648603687));
#5334 = CARTESIAN_POINT('',(4.65964938159,-1.176791390624));
#5335 = CARTESIAN_POINT('',(4.701550820173,-1.026410191769));
#5336 = CARTESIAN_POINT('',(4.734823970211,-0.874036743533));
#5337 = CARTESIAN_POINT('',(4.759233537425,-0.720250010954));
#5338 = CARTESIAN_POINT('',(4.77464779208,-0.565678270063));
#5339 = CARTESIAN_POINT('',(4.787595465462,-0.253635508791));
#5340 = CARTESIAN_POINT('',(4.784814797775,-9.612130559008E-02));
#5341 = CARTESIAN_POINT('',(4.772714727663,6.081976424595E-02));
#5342 = CARTESIAN_POINT('',(4.751431795697,0.216513703824));
#5343 = CARTESIAN_POINT('',(4.721221412822,0.370331225121));
#5344 = CARTESIAN_POINT('',(4.682442005128,0.521687351029));
#5345 = CARTESIAN_POINT('',(4.635550049009,0.670042526692));
#5346 = ( GEOMETRIC_REPRESENTATION_CONTEXT(2) 
PARAMETRIC_REPRESENTATION_CONTEXT() REPRESENTATION_CONTEXT('2D SPACE',''
  ) );
#5347 = PCURVE('',#3098,#5348);
#5348 = DEFINITIONAL_REPRESENTATION('',(#5349),#5508);
#5349 = B_SPLINE_CURVE_WITH_KNOTS('',7,(#5350,#5351,#5352,#5353,#5354,
    #5355,#5356,#5357,#5358,#5359,#5360,#5361,#5362,#5363,#5364,#5365,
    #5366,#5367,#5368,#5369,#5370,#5371,#5372,#5373,#5374,#5375,#5376,
    #5377,#5378,#5379,#5380,#5381,#5382,#5383,#5384,#5385,#5386,#5387,
    #5388,#5389,#5390,#5391,#5392,#5393,#5394,#5395,#5396,#5397,#5398,
    #5399,#5400,#5401,#5402,#5403,#5404,#5405,#5406,#5407,#5408,#5409,
    #5410,#5411,#5412,#5413,#5414,#5415,#5416,#5417,#5418,#5419,#5420,
    #5421,#5422,#5423,#5424,#5425,#5426,#5427,#5428,#5429,#5430,#5431,
    #5432,#5433,#5434,#5435,#5436,#5437,#5438,#5439,#5440,#5441,#5442,
    #5443,#5444,#5445,#5446,#5447,#5448,#5449,#5450,#5451,#5452,#5453,
    #5454,#5455,#5456,#5457,#5458,#5459,#5460,#5461,#5462,#5463,#5464,
    #5465,#5466,#5467,#5468,#5469,#5470,#5471,#5472,#5473,#5474,#5475,
    #5476,#5477,#5478,#5479,#5480,#5481,#5482,#5483,#5484,#5485,#5486,
    #5487,#5488,#5489,#5490,#5491,#5492,#5493,#5494,#5495,#5496,#5497,
    #5498,#5499,#5500,#5501,#5502,#5503,#5504,#5505,#5506,#5507),
  .UNSPECIFIED.,.F.,.F.,(8,6,6,6,6,6,6,6,6,6,6,6,6,6,6,6,6,6,6,6,6,6,6,6
    ,6,6,8),(0.,7.198192536919E-02,0.114214560438,0.144679846156,
    0.16731896799,0.223883621129,0.290934631642,0.296035162593,
    0.386780087204,0.420087633644,0.438257337179,0.476418036994,
    0.511215772444,0.527237848991,0.55411663764,0.616840956225,
    0.624083201249,0.647904432797,0.722688050304,0.778713009445,
    0.800747574463,0.830396775576,0.871077460884,0.904619240242,
    0.922710181164,0.961021862819,1.),.UNSPECIFIED.);
#5350 = CARTESIAN_POINT('',(6.28318530718,-0.876624156079));
#5351 = CARTESIAN_POINT('',(6.201089680468,-0.890275070702));
#5352 = CARTESIAN_POINT('',(6.121731500974,-0.903828474009));
#5353 = CARTESIAN_POINT('',(6.044867544119,-0.917127301119));
#5354 = CARTESIAN_POINT('',(5.970126589982,-0.930042568439));
#5355 = CARTESIAN_POINT('',(5.897176414399,-0.942462531255));
#5356 = CARTESIAN_POINT('',(5.825699550892,-0.95429275884));
#5357 = CARTESIAN_POINT('',(5.714145051646,-0.97200527723));
#5358 = CARTESIAN_POINT('',(5.673289652523,-0.978326613111));
#5359 = CARTESIAN_POINT('',(5.632759070149,-0.98440521476));
#5360 = CARTESIAN_POINT('',(5.592488941986,-0.990227798358));
#5361 = CARTESIAN_POINT('',(5.552418010544,-0.995782351454));
#5362 = CARTESIAN_POINT('',(5.512486771346,-1.001058101071));
#5363 = CARTESIAN_POINT('',(5.443889123462,-1.009643220361));
#5364 = CARTESIAN_POINT('',(5.415184693117,-1.013090818702));
#5365 = CARTESIAN_POINT('',(5.386500904012,-1.016384653541));
#5366 = CARTESIAN_POINT('',(5.357816859651,-1.019521315037));
#5367 = CARTESIAN_POINT('',(5.329112377732,-1.02249762961));
#5368 = CARTESIAN_POINT('',(5.300367674979,-1.025310682769));
#5369 = CARTESIAN_POINT('',(5.250157988685,-1.029924977877));
#5370 = CARTESIAN_POINT('',(5.228719926958,-1.0318004961));
#5371 = CARTESIAN_POINT('',(5.207240928778,-1.033583302112));
#5372 = CARTESIAN_POINT('',(5.185713146679,-1.035272382618));
#5373 = CARTESIAN_POINT('',(5.164128823765,-1.03686680552));
#5374 = CARTESIAN_POINT('',(5.142480293705,-1.038365719911));
#5375 = CARTESIAN_POINT('',(5.066491004301,-1.043272892552));
#5376 = CARTESIAN_POINT('',(5.01177639313,-1.046176311079));
#5377 = CARTESIAN_POINT('',(4.956492953293,-1.048466801687));
#5378 = CARTESIAN_POINT('',(4.90052481951,-1.050135875139));
#5379 = CARTESIAN_POINT('',(4.843755931068,-1.051178766637));
#5380 = CARTESIAN_POINT('',(4.786062507744,-1.051594839515));
#5381 = CARTESIAN_POINT('',(4.657655756826,-1.051142790932));
#5382 = CARTESIAN_POINT('',(4.586519692886,-1.050022245708));
#5383 = CARTESIAN_POINT('',(4.513663692821,-1.048032722757));
#5384 = CARTESIAN_POINT('',(4.4388415356,-1.045188539981));
#5385 = CARTESIAN_POINT('',(4.36177722643,-1.041512915238));
#5386 = CARTESIAN_POINT('',(4.282141828744,-1.037037326374));
#5387 = CARTESIAN_POINT('',(4.193239656836,-1.031400824624));
#5388 = CARTESIAN_POINT('',(4.186960052798,-1.031000227128));
#5389 = CARTESIAN_POINT('',(4.180679058381,-1.030594796286));
#5390 = CARTESIAN_POINT('',(4.174393963374,-1.030182890837));
#5391 = CARTESIAN_POINT('',(4.168105798868,-1.02976391923));
#5392 = CARTESIAN_POINT('',(4.161819337249,-1.029338339629));
#5393 = CARTESIAN_POINT('',(4.04388072045,-1.021245320668));
#5394 = CARTESIAN_POINT('',(3.939335019798,-1.012088234564));
#5395 = CARTESIAN_POINT('',(3.840500561592,-1.001477471292));
#5396 = CARTESIAN_POINT('',(3.746340706631,-0.989485059193));
#5397 = CARTESIAN_POINT('',(3.655951224709,-0.976217773755));
#5398 = CARTESIAN_POINT('',(3.568524084643,-0.961805532906));
#5399 = CARTESIAN_POINT('',(3.451999110451,-0.940743868058));
#5400 = CARTESIAN_POINT('',(3.421018155078,-0.934956851505));
#5401 = CARTESIAN_POINT('',(3.390310642127,-0.929046550538));
#5402 = CARTESIAN_POINT('',(3.359847304894,-0.923022712953));
#5403 = CARTESIAN_POINT('',(3.329601832606,-0.916896152297));
#5404 = CARTESIAN_POINT('',(3.299551044435,-0.910678832989));
#5405 = CARTESIAN_POINT('',(3.253377323971,-0.900950017146));
#5406 = CARTESIAN_POINT('',(3.237131642501,-0.897493005018));
#5407 = CARTESIAN_POINT('',(3.220934920123,-0.894015084417));
#5408 = CARTESIAN_POINT('',(3.204784274271,-0.890518511781));
#5409 = CARTESIAN_POINT('',(3.18867708933,-0.887005638837));
#5410 = CARTESIAN_POINT('',(3.17261106718,-0.883478916823));
#5411 = CARTESIAN_POINT('',(3.122924207324,-0.872510225181));
#5412 = CARTESIAN_POINT('',(3.089432600359,-0.865028713792));
#5413 = CARTESIAN_POINT('',(3.056098014649,-0.857521422853));
#5414 = CARTESIAN_POINT('',(3.022907297425,-0.850013512877));
#5415 = CARTESIAN_POINT('',(2.989848545576,-0.842530268393));
#5416 = CARTESIAN_POINT('',(2.956914850184,-0.835097226597));
#5417 = CARTESIAN_POINT('',(2.89419387686,-0.821031932245));
#5418 = CARTESIAN_POINT('',(2.864379952104,-0.81438567278));
#5419 = CARTESIAN_POINT('',(2.834668006553,-0.80782118934));
#5420 = CARTESIAN_POINT('',(2.805054578984,-0.801355809328));
#5421 = CARTESIAN_POINT('',(2.775534087947,-0.795004908151));
#5422 = CARTESIAN_POINT('',(2.746101128171,-0.788782182725));
#5423 = CARTESIAN_POINT('',(2.703239770129,-0.779899443918));
#5424 = CARTESIAN_POINT('',(2.689744126326,-0.777128623718));
#5425 = CARTESIAN_POINT('',(2.676265113405,-0.774388576433));
#5426 = CARTESIAN_POINT('',(2.66280190191,-0.771680315448));
#5427 = CARTESIAN_POINT('',(2.64935355509,-0.76900475548));
#5428 = CARTESIAN_POINT('',(2.635919028903,-0.766362712581));
#5429 = CARTESIAN_POINT('',(2.599980536707,-0.759380019775));
#5430 = CARTESIAN_POINT('',(2.577499513316,-0.755101479457));
#5431 = CARTESIAN_POINT('',(2.55504861814,-0.750922682152));
#5432 = CARTESIAN_POINT('',(2.532621317046,-0.7468462456));
#5433 = CARTESIAN_POINT('',(2.510210174968,-0.742874113623));
#5434 = CARTESIAN_POINT('',(2.487807005402,-0.739007663449));
#5435 = CARTESIAN_POINT('',(2.413121098156,-0.726473829264));
#5436 = CARTESIAN_POINT('',(2.360846883258,-0.718282410852));
#5437 = CARTESIAN_POINT('',(2.308448194916,-0.710681200271));
#5438 = CARTESIAN_POINT('',(2.255785827295,-0.703667627819));
#5439 = CARTESIAN_POINT('',(2.202714400346,-0.697232825086));
#5440 = CARTESIAN_POINT('',(2.149073129599,-0.691364368447));
#5441 = CARTESIAN_POINT('',(2.08838464409,-0.685433999568));
#5442 = CARTESIAN_POINT('',(2.082100666166,-0.684824222491));
#5443 = CARTESIAN_POINT('',(2.075816212655,-0.684218622906));
#5444 = CARTESIAN_POINT('',(2.069532249572,-0.683617309133));
#5445 = CARTESIAN_POINT('',(2.063249076972,-0.683020396231));
#5446 = CARTESIAN_POINT('',(2.05696632895,-0.682428006005));
#5447 = CARTESIAN_POINT('',(2.030015727349,-0.679907072686));
#5448 = CARTESIAN_POINT('',(2.009684563506,-0.678055586506));
#5449 = CARTESIAN_POINT('',(1.98967070541,-0.676285337032));
#5450 = CARTESIAN_POINT('',(1.969956395141,-0.674595845495));
#5451 = CARTESIAN_POINT('',(1.95052489356,-0.672986625789));
#5452 = CARTESIAN_POINT('',(1.931360480314,-0.671457184468));
#5453 = CARTESIAN_POINT('',(1.853076638735,-0.665454422833));
#5454 = CARTESIAN_POINT('',(1.796204147195,-0.661684200176));
#5455 = CARTESIAN_POINT('',(1.741349874177,-0.658679123087));
#5456 = CARTESIAN_POINT('',(1.688144799505,-0.656427014046));
#5457 = CARTESIAN_POINT('',(1.636280108034,-0.654919016856));
#5458 = CARTESIAN_POINT('',(1.58547272948,-0.654150069533));
#5459 = CARTESIAN_POINT('',(1.497971951767,-0.654100238441));
#5460 = CARTESIAN_POINT('',(1.460941859683,-0.654494478607));
#5461 = CARTESIAN_POINT('',(1.424244921633,-0.655304622457));
#5462 = CARTESIAN_POINT('',(1.387779197414,-0.656532871682));
#5463 = CARTESIAN_POINT('',(1.351447927741,-0.658182877374));
#5464 = CARTESIAN_POINT('',(1.315153819365,-0.66025978697));
#5465 = CARTESIAN_POINT('',(1.264493150992,-0.663758336547));
#5466 = CARTESIAN_POINT('',(1.250182828761,-0.66481302122));
#5467 = CARTESIAN_POINT('',(1.235856606619,-0.665935241153));
#5468 = CARTESIAN_POINT('',(1.221508393527,-0.667125443459));
#5469 = CARTESIAN_POINT('',(1.207132028275,-0.668384104679));
#5470 = CARTESIAN_POINT('',(1.19272127949,-0.669711730777));
#5471 = CARTESIAN_POINT('',(1.158824330434,-0.672988798071));
#5472 = CARTESIAN_POINT('',(1.13930529447,-0.6749945548));
#5473 = CARTESIAN_POINT('',(1.119697083663,-0.677127440775));
#5474 = CARTESIAN_POINT('',(1.099984012288,-0.679388819011));
#5475 = CARTESIAN_POINT('',(1.080150079961,-0.681780085006));
#5476 = CARTESIAN_POINT('',(1.060178688637,-0.684302649658));
#5477 = CARTESIAN_POINT('',(1.012437691184,-0.690601133519));
#5478 = CARTESIAN_POINT('',(0.984532308611,-0.694494051651));
#5479 = CARTESIAN_POINT('',(0.956290546499,-0.698640353241));
#5480 = CARTESIAN_POINT('',(0.927666421444,-0.703043386113));
#5481 = CARTESIAN_POINT('',(0.898612403702,-0.707705842655));
#5482 = CARTESIAN_POINT('',(0.869078188867,-0.712629433232));
#5483 = CARTESIAN_POINT('',(0.814217400741,-0.722089766949));
#5484 = CARTESIAN_POINT('',(0.789062672292,-0.726542647998));
#5485 = CARTESIAN_POINT('',(0.763516200329,-0.731173174557));
#5486 = CARTESIAN_POINT('',(0.737548152569,-0.735980478929));
#5487 = CARTESIAN_POINT('',(0.711128147376,-0.740962536618));
#5488 = CARTESIAN_POINT('',(0.684225452812,-0.746115849025));
#5489 = CARTESIAN_POINT('',(0.642022073095,-0.754304107164));
#5490 = CARTESIAN_POINT('',(0.627085626216,-0.757221355409));
#5491 = CARTESIAN_POINT('',(0.611995149757,-0.760186013221));
#5492 = CARTESIAN_POINT('',(0.596745891159,-0.76319707896));
#5493 = CARTESIAN_POINT('',(0.581333101538,-0.766253387551));
#5494 = CARTESIAN_POINT('',(0.565752096593,-0.769353591023));
#5495 = CARTESIAN_POINT('',(0.516636107617,-0.779151199187));
#5496 = CARTESIAN_POINT('',(0.482493901405,-0.785997198312));
#5497 = CARTESIAN_POINT('',(0.447535050664,-0.793018082592));
#5498 = CARTESIAN_POINT('',(0.411717753638,-0.800195335137));
#5499 = CARTESIAN_POINT('',(0.374996029595,-0.807507605112));
#5500 = CARTESIAN_POINT('',(0.3373246136,-0.814930133069));
#5501 = CARTESIAN_POINT('',(0.259338469638,-0.830068345975));
#5502 = CARTESIAN_POINT('',(0.218979343058,-0.837788802177));
#5503 = CARTESIAN_POINT('',(0.177552880611,-0.845564743294));
#5504 = CARTESIAN_POINT('',(0.135006956877,-0.853366077064));
#5505 = CARTESIAN_POINT('',(9.127863506137E-02,-0.86116292646));
#5506 = CARTESIAN_POINT('',(4.629913981489E-02,-0.868925504762));
#5507 = CARTESIAN_POINT('',(0.,-0.876624156079));
#5508 = ( GEOMETRIC_REPRESENTATION_CONTEXT(2) 
PARAMETRIC_REPRESENTATION_CONTEXT() REPRESENTATION_CONTEXT('2D SPACE',''
  ) );
#5509 = ORIENTED_EDGE('',*,*,#2524,.T.);
#5510 = ORIENTED_EDGE('',*,*,#5511,.T.);
#5511 = EDGE_CURVE('',#1749,#22,#5512,.T.);
#5512 = SURFACE_CURVE('',#5513,(#5684,#5858),.PCURVE_S1.);
#5513 = B_SPLINE_CURVE_WITH_KNOTS('',8,(#5514,#5515,#5516,#5517,#5518,
    #5519,#5520,#5521,#5522,#5523,#5524,#5525,#5526,#5527,#5528,#5529,
    #5530,#5531,#5532,#5533,#5534,#5535,#5536,#5537,#5538,#5539,#5540,
    #5541,#5542,#5543,#5544,#5545,#5546,#5547,#5548,#5549,#5550,#5551,
    #5552,#5553,#5554,#5555,#5556,#5557,#5558,#5559,#5560,#5561,#5562,
    #5563,#5564,#5565,#5566,#5567,#5568,#5569,#5570,#5571,#5572,#5573,
    #5574,#5575,#5576,#5577,#5578,#5579,#5580,#5581,#5582,#5583,#5584,
    #5585,#5586,#5587,#5588,#5589,#5590,#5591,#5592,#5593,#5594,#5595,
    #5596,#5597,#5598,#5599,#5600,#5601,#5602,#5603,#5604,#5605,#5606,
    #5607,#5608,#5609,#5610,#5611,#5612,#5613,#5614,#5615,#5616,#5617,
    #5618,#5619,#5620,#5621,#5622,#5623,#5624,#5625,#5626,#5627,#5628,
    #5629,#5630,#5631,#5632,#5633,#5634,#5635,#5636,#5637,#5638,#5639,
    #5640,#5641,#5642,#5643,#5644,#5645,#5646,#5647,#5648,#5649,#5650,
    #5651,#5652,#5653,#5654,#5655,#5656,#5657,#5658,#5659,#5660,#5661,
    #5662,#5663,#5664,#5665,#5666,#5667,#5668,#5669,#5670,#5671,#5672,
    #5673,#5674,#5675,#5676,#5677,#5678,#5679,#5680,#5681,#5682,#5683),
  .UNSPECIFIED.,.T.,.F.,(9,7,7,7,7,7,7,7,7,7,7,7,7,7,7,7,7,7,7,7,7,7,7,7
    ,9),(0.,4.735112687031E-02,8.391279752262E-02,0.229274096354,
    0.277322145906,0.283848300766,0.342716427301,0.411279895677,
    0.437404266315,0.477561575498,0.500858194261,0.53245834,
    0.59315871748,0.601097290974,0.626270292129,0.716428719538,
    0.787287713611,0.811751840049,0.842082360017,0.877140664406,
    0.902171985624,0.940096171133,0.964078922371,0.976271196305,1.),
  .UNSPECIFIED.);
#5514 = CARTESIAN_POINT('',(-0.194802203148,3.196152422707,3.));
#5515 = CARTESIAN_POINT('',(-0.234852196037,3.139875153968,3.));
#5516 = CARTESIAN_POINT('',(-0.278643152905,3.085478698671,3.));
#5517 = CARTESIAN_POINT('',(-0.325824047876,3.033116586858,3.));
#5518 = CARTESIAN_POINT('',(-0.376039391263,2.98288498896,3.));
#5519 = CARTESIAN_POINT('',(-0.428948079219,2.934834724442,3.));
#5520 = CARTESIAN_POINT('',(-0.484237142424,2.888981408708,3.));
#5521 = CARTESIAN_POINT('',(-0.541630393802,2.845313738297,3.));
#5522 = CARTESIAN_POINT('',(-0.646650177155,2.771745455243,3.));
#5523 = CARTESIAN_POINT('',(-0.693518446076,2.740977870383,3.));
#5524 = CARTESIAN_POINT('',(-0.741386673139,2.711483140797,3.));
#5525 = CARTESIAN_POINT('',(-0.790153390041,2.683244144108,3.));
#5526 = CARTESIAN_POINT('',(-0.839725800975,2.65624123473,3.));
#5527 = CARTESIAN_POINT('',(-0.890019814556,2.630452824074,3.));
#5528 = CARTESIAN_POINT('',(-0.94096007574,2.605855960754,3.));
#5529 = CARTESIAN_POINT('',(-1.197312070391,2.489278072916,3.));
#5530 = CARTESIAN_POINT('',(-1.410950942389,2.414749994942,3.));
#5531 = CARTESIAN_POINT('',(-1.629608649551,2.357034862233,3.));
#5532 = CARTESIAN_POINT('',(-1.850540844107,2.314950410774,3.));
#5533 = CARTESIAN_POINT('',(-2.071517375174,2.287372414477,3.));
#5534 = CARTESIAN_POINT('',(-2.29102353503,2.273391841305,3.));
#5535 = CARTESIAN_POINT('',(-2.507858966854,2.272328809681,3.));
#5536 = CARTESIAN_POINT('',(-2.791384986135,2.287497183067,3.));
#5537 = CARTESIAN_POINT('',(-2.86138845158,2.292625905536,3.));
#5538 = CARTESIAN_POINT('',(-2.930912645853,2.299096612152,3.));
#5539 = CARTESIAN_POINT('',(-2.99990808484,2.306892410451,3.));
#5540 = CARTESIAN_POINT('',(-3.068322661275,2.315997265328,3.));
#5541 = CARTESIAN_POINT('',(-3.136101207372,2.326395239757,3.));
#5542 = CARTESIAN_POINT('',(-3.203185057471,2.338069735504,3.));
#5543 = CARTESIAN_POINT('',(-3.278520454139,2.352759366025,3.));
#5544 = CARTESIAN_POINT('',(-3.287504174315,2.354536970972,3.));
#5545 = CARTESIAN_POINT('',(-3.296494775173,2.356341885903,3.));
#5546 = CARTESIAN_POINT('',(-3.305503648411,2.358176548316,3.));
#5547 = CARTESIAN_POINT('',(-3.314529322973,2.360040955679,3.));
#5548 = CARTESIAN_POINT('',(-3.323565214571,2.361934125116,3.));
#5549 = CARTESIAN_POINT('',(-3.33260737521,2.36385555309,3.));
#5550 = CARTESIAN_POINT('',(-3.423340213522,2.383406456169,3.));
#5551 = CARTESIAN_POINT('',(-3.505880519704,2.403391340015,3.));
#5552 = CARTESIAN_POINT('',(-3.58906876234,2.425904212518,3.));
#5553 = CARTESIAN_POINT('',(-3.672665021543,2.451089174597,3.));
#5554 = CARTESIAN_POINT('',(-3.756405523192,2.479090542927,3.));
#5555 = CARTESIAN_POINT('',(-3.840002684727,2.51005487396,3.));
#5556 = CARTESIAN_POINT('',(-3.923143540031,2.544136011206,3.));
#5557 = CARTESIAN_POINT('',(-4.10139110566,2.625024517644,3.));
#5558 = CARTESIAN_POINT('',(-4.196132863978,2.672966947742,3.));
#5559 = CARTESIAN_POINT('',(-4.289253817476,2.725621564008,3.));
#5560 = CARTESIAN_POINT('',(-4.380134968674,2.783279109439,3.));
#5561 = CARTESIAN_POINT('',(-4.467986195176,2.846216949166,3.));
#5562 = CARTESIAN_POINT('',(-4.551848414336,2.914682257202,3.));
#5563 = CARTESIAN_POINT('',(-4.630588994525,2.988883399555,3.));
#5564 = CARTESIAN_POINT('',(-4.730412731206,3.099528498211,3.));
#5565 = CARTESIAN_POINT('',(-4.757004854916,3.130901775925,3.));
#5566 = CARTESIAN_POINT('',(-4.782569978475,3.163123942928,3.));
#5567 = CARTESIAN_POINT('',(-4.807022916946,3.196192005207,3.));
#5568 = CARTESIAN_POINT('',(-4.830272830585,3.230096252135,3.));
#5569 = CARTESIAN_POINT('',(-4.852224995686,3.264819123337,3.));
#5570 = CARTESIAN_POINT('',(-4.872782575423,3.300334075541,3.));
#5571 = CARTESIAN_POINT('',(-4.9211555786,3.392357777973,3.));
#5572 = CARTESIAN_POINT('',(-4.946956367545,3.449930310232,3.));
#5573 = CARTESIAN_POINT('',(-4.96886655024,3.509145444791,3.));
#5574 = CARTESIAN_POINT('',(-4.986528984572,3.569776822075,3.));
#5575 = CARTESIAN_POINT('',(-4.999632356822,3.631544581244,3.));
#5576 = CARTESIAN_POINT('',(-5.007937454813,3.694112036289,3.));
#5577 = CARTESIAN_POINT('',(-5.011310950978,3.757082771312,3.));
#5578 = CARTESIAN_POINT('',(-5.008870820238,3.856497505655,3.));
#5579 = CARTESIAN_POINT('',(-5.0063195754,3.892988849376,3.));
#5580 = CARTESIAN_POINT('',(-5.002114083698,3.929388008932,3.));
#5581 = CARTESIAN_POINT('',(-4.996270334515,3.965615927192,3.));
#5582 = CARTESIAN_POINT('',(-4.988817535136,4.001598684563,3.));
#5583 = CARTESIAN_POINT('',(-4.979796462112,4.03726751642,3.));
#5584 = CARTESIAN_POINT('',(-4.969257812626,4.072558830531,3.));
#5585 = CARTESIAN_POINT('',(-4.940987161593,4.154692996552,3.));
#5586 = CARTESIAN_POINT('',(-4.922028756512,4.201173680052,3.));
#5587 = CARTESIAN_POINT('',(-4.900528735973,4.246720526704,3.));
#5588 = CARTESIAN_POINT('',(-4.876650423883,4.291229113127,3.));
#5589 = CARTESIAN_POINT('',(-4.850565720131,4.33462179241,3.));
#5590 = CARTESIAN_POINT('',(-4.822446134794,4.376843799502,3.));
#5591 = CARTESIAN_POINT('',(-4.792456209136,4.417860010428,3.));
#5592 = CARTESIAN_POINT('',(-4.699843910164,4.534089039356,3.));
#5593 = CARTESIAN_POINT('',(-4.632650905453,4.605949687457,3.));
#5594 = CARTESIAN_POINT('',(-4.560192890505,4.673220442866,3.));
#5595 = CARTESIAN_POINT('',(-4.483371548342,4.735968287593,3.));
#5596 = CARTESIAN_POINT('',(-4.402956918218,4.794320989688,3.));
#5597 = CARTESIAN_POINT('',(-4.319578328405,4.84844840124,3.));
#5598 = CARTESIAN_POINT('',(-4.233717007304,4.89854510713,3.));
#5599 = CARTESIAN_POINT('',(-4.134189299132,4.950865661611,3.));
#5600 = CARTESIAN_POINT('',(-4.122621347245,4.956862602446,3.));
#5601 = CARTESIAN_POINT('',(-4.110965228352,4.962820695268,3.));
#5602 = CARTESIAN_POINT('',(-4.099199957857,4.968750008925,3.));
#5603 = CARTESIAN_POINT('',(-4.08731485542,4.974655232853,3.));
#5604 = CARTESIAN_POINT('',(-4.075309544967,4.980535677079,3.));
#5605 = CARTESIAN_POINT('',(-4.063193954679,4.98638527222,3.));
#5606 = CARTESIAN_POINT('',(-4.012284571091,5.010607351532,3.));
#5607 = CARTESIAN_POINT('',(-3.973140761377,5.028381872647,3.));
#5608 = CARTESIAN_POINT('',(-3.933586295283,5.045520899842,3.));
#5609 = CARTESIAN_POINT('',(-3.893648741689,5.062029411098,3.));
#5610 = CARTESIAN_POINT('',(-3.853353830939,5.077912595358,3.));
#5611 = CARTESIAN_POINT('',(-3.812725454835,5.093175852529,3.));
#5612 = CARTESIAN_POINT('',(-3.771785666642,5.107824793484,3.));
#5613 = CARTESIAN_POINT('',(-3.582883738091,5.172151837807,3.));
#5614 = CARTESIAN_POINT('',(-3.431547625421,5.214607961629,3.));
#5615 = CARTESIAN_POINT('',(-3.27739033538,5.249535615221,3.));
#5616 = CARTESIAN_POINT('',(-3.121119963013,5.277153131533,3.));
#5617 = CARTESIAN_POINT('',(-2.963342785234,5.297625266027,3.));
#5618 = CARTESIAN_POINT('',(-2.804575694247,5.31106828315,3.));
#5619 = CARTESIAN_POINT('',(-2.645249684079,5.317535094445,3.));
#5620 = CARTESIAN_POINT('',(-2.360334254247,5.316553564482,3.));
#5621 = CARTESIAN_POINT('',(-2.234882571528,5.311787634386,3.));
#5622 = CARTESIAN_POINT('',(-2.109550667846,5.302675566902,3.));
#5623 = CARTESIAN_POINT('',(-1.984547853105,5.289171485425,3.));
#5624 = CARTESIAN_POINT('',(-1.860104876783,5.271202566981,3.));
#5625 = CARTESIAN_POINT('',(-1.73647632019,5.248668499934,3.));
#5626 = CARTESIAN_POINT('',(-1.613944624338,5.221433618702,3.));
#5627 = CARTESIAN_POINT('',(-1.451009362845,5.178221601772,3.));
#5628 = CARTESIAN_POINT('',(-1.409363801825,5.166549541673,3.));
#5629 = CARTESIAN_POINT('',(-1.367902885118,5.154288255707,3.));
#5630 = CARTESIAN_POINT('',(-1.326641661963,5.141429924241,3.));
#5631 = CARTESIAN_POINT('',(-1.285596416079,5.127966187491,3.));
#5632 = CARTESIAN_POINT('',(-1.244784665667,5.113888145521,3.));
#5633 = CARTESIAN_POINT('',(-1.204225163411,5.099186358243,3.));
#5634 = CARTESIAN_POINT('',(-1.113989914172,5.064837941802,3.));
#5635 = CARTESIAN_POINT('',(-1.064461874279,5.044851448381,3.));
#5636 = CARTESIAN_POINT('',(-1.015391053829,5.023871802344,3.));
#5637 = CARTESIAN_POINT('',(-0.966819887231,5.001878711211,3.));
#5638 = CARTESIAN_POINT('',(-0.918796115982,4.978851112908,3.));
#5639 = CARTESIAN_POINT('',(-0.871372938385,4.954767135854,3.));
#5640 = CARTESIAN_POINT('',(-0.824609159266,4.929604059037,3.));
#5641 = CARTESIAN_POINT('',(-0.725353041045,4.872978292958,3.));
#5642 = CARTESIAN_POINT('',(-0.673109816452,4.841148280667,3.));
#5643 = CARTESIAN_POINT('',(-0.621935496043,4.807810224267,3.));
#5644 = CARTESIAN_POINT('',(-0.571945465533,4.772928559329,3.));
#5645 = CARTESIAN_POINT('',(-0.523273887137,4.73647169166,3.));
#5646 = CARTESIAN_POINT('',(-0.476072920499,4.698413521021,3.));
#5647 = CARTESIAN_POINT('',(-0.430511943611,4.658734964837,3.));
#5648 = CARTESIAN_POINT('',(-0.355550246814,4.587930874153,3.));
#5649 = CARTESIAN_POINT('',(-0.325257339434,4.557607442458,3.));
#5650 = CARTESIAN_POINT('',(-0.295966493827,4.526453098625,3.));
#5651 = CARTESIAN_POINT('',(-0.267753351029,4.494470653506,3.));
#5652 = CARTESIAN_POINT('',(-0.240699193589,4.461668949941,3.));
#5653 = CARTESIAN_POINT('',(-0.214889388286,4.428063995682,3.));
#5654 = CARTESIAN_POINT('',(-0.19041182884,4.393680096331,3.));
#5655 = CARTESIAN_POINT('',(-0.13242325949,4.305327956235,3.));
#5656 = CARTESIAN_POINT('',(-0.100733862384,4.250365386483,3.));
#5657 = CARTESIAN_POINT('',(-7.262706261329E-02,4.193816841309,3.));
#5658 = CARTESIAN_POINT('',(-4.842248368179E-02,4.135879869565,3.));
#5659 = CARTESIAN_POINT('',(-2.840391630011E-02,4.076801352946,3.));
#5660 = CARTESIAN_POINT('',(-1.279687963872E-02,4.016882162576,3.));
#5661 = CARTESIAN_POINT('',(-1.739324822215E-03,3.956481125933,3.));
#5662 = CARTESIAN_POINT('',(8.861140131802E-03,3.857782418555,3.));
#5663 = CARTESIAN_POINT('',(1.114383526566E-02,3.819510750938,3.));
#5664 = CARTESIAN_POINT('',(1.159779857359E-02,3.781305227144,3.));
#5665 = CARTESIAN_POINT('',(1.023831109465E-02,3.743262428005,3.));
#5666 = CARTESIAN_POINT('',(7.098555414941E-03,3.705473322482,3.));
#5667 = CARTESIAN_POINT('',(2.22743001412E-03,3.66802300088,3.));
#5668 = CARTESIAN_POINT('',(-4.312636388154E-03,3.630990408059,3.));
#5669 = CARTESIAN_POINT('',(-1.658363462932E-02,3.57587080375,3.));
#5670 = CARTESIAN_POINT('',(-2.113201685854E-02,3.557419142159,3.));
#5671 = CARTESIAN_POINT('',(-2.608332717689E-02,3.539101898362,3.));
#5672 = CARTESIAN_POINT('',(-3.142749721339E-02,3.520927186297,3.));
#5673 = CARTESIAN_POINT('',(-3.71540802226E-02,3.502902427363,3.));
#5674 = CARTESIAN_POINT('',(-4.325225108461E-02,3.485034350415,3.));
#5675 = CARTESIAN_POINT('',(-4.971080630505E-02,3.467328991767,3.));
#5676 = CARTESIAN_POINT('',(-6.976675534899E-02,3.415660320678,3.));
#5677 = CARTESIAN_POINT('',(-8.43367268278E-02,3.38216642929,3.));
#5678 = CARTESIAN_POINT('',(-0.100144393243,3.349348143467,3.));
#5679 = CARTESIAN_POINT('',(-0.117104517374,3.317234717348,3.));
#5680 = CARTESIAN_POINT('',(-0.135131947078,3.285847396067,3.));
#5681 = CARTESIAN_POINT('',(-0.154143252374,3.255200275047,3.));
#5682 = CARTESIAN_POINT('',(-0.174058362529,3.225301159298,3.));
#5683 = CARTESIAN_POINT('',(-0.194802203148,3.196152422707,3.));
#5684 = PCURVE('',#385,#5685);
#5685 = DEFINITIONAL_REPRESENTATION('',(#5686),#5857);
#5686 = B_SPLINE_CURVE_WITH_KNOTS('',8,(#5687,#5688,#5689,#5690,#5691,
    #5692,#5693,#5694,#5695,#5696,#5697,#5698,#5699,#5700,#5701,#5702,
    #5703,#5704,#5705,#5706,#5707,#5708,#5709,#5710,#5711,#5712,#5713,
    #5714,#5715,#5716,#5717,#5718,#5719,#5720,#5721,#5722,#5723,#5724,
    #5725,#5726,#5727,#5728,#5729,#5730,#5731,#5732,#5733,#5734,#5735,
    #5736,#5737,#5738,#5739,#5740,#5741,#5742,#5743,#5744,#5745,#5746,
    #5747,#5748,#5749,#5750,#5751,#5752,#5753,#5754,#5755,#5756,#5757,
    #5758,#5759,#5760,#5761,#5762,#5763,#5764,#5765,#5766,#5767,#5768,
    #5769,#5770,#5771,#5772,#5773,#5774,#5775,#5776,#5777,#5778,#5779,
    #5780,#5781,#5782,#5783,#5784,#5785,#5786,#5787,#5788,#5789,#5790,
    #5791,#5792,#5793,#5794,#5795,#5796,#5797,#5798,#5799,#5800,#5801,
    #5802,#5803,#5804,#5805,#5806,#5807,#5808,#5809,#5810,#5811,#5812,
    #5813,#5814,#5815,#5816,#5817,#5818,#5819,#5820,#5821,#5822,#5823,
    #5824,#5825,#5826,#5827,#5828,#5829,#5830,#5831,#5832,#5833,#5834,
    #5835,#5836,#5837,#5838,#5839,#5840,#5841,#5842,#5843,#5844,#5845,
    #5846,#5847,#5848,#5849,#5850,#5851,#5852,#5853,#5854,#5855,#5856),
  .UNSPECIFIED.,.T.,.F.,(9,7,7,7,7,7,7,7,7,7,7,7,7,7,7,7,7,7,7,7,7,7,7,7
    ,9),(0.,4.735112687031E-02,8.391279752262E-02,0.229274096354,
    0.277322145906,0.283848300766,0.342716427301,0.411279895677,
    0.437404266315,0.477561575498,0.500858194261,0.53245834,
    0.59315871748,0.601097290974,0.626270292129,0.716428719538,
    0.787287713611,0.811751840049,0.842082360017,0.877140664406,
    0.902171985624,0.940096171133,0.964078922371,0.976271196305,1.),
  .UNSPECIFIED.);
#5687 = CARTESIAN_POINT('',(-0.328932099162,3.196152422707));
#5688 = CARTESIAN_POINT('',(-0.368982092051,3.139875153968));
#5689 = CARTESIAN_POINT('',(-0.412773048919,3.085478698671));
#5690 = CARTESIAN_POINT('',(-0.45995394389,3.033116586858));
#5691 = CARTESIAN_POINT('',(-0.510169287277,2.98288498896));
#5692 = CARTESIAN_POINT('',(-0.563077975233,2.934834724442));
#5693 = CARTESIAN_POINT('',(-0.618367038439,2.888981408708));
#5694 = CARTESIAN_POINT('',(-0.675760289816,2.845313738297));
#5695 = CARTESIAN_POINT('',(-0.78078007317,2.771745455243));
#5696 = CARTESIAN_POINT('',(-0.82764834209,2.740977870383));
#5697 = CARTESIAN_POINT('',(-0.875516569153,2.711483140797));
#5698 = CARTESIAN_POINT('',(-0.924283286055,2.683244144108));
#5699 = CARTESIAN_POINT('',(-0.97385569699,2.65624123473));
#5700 = CARTESIAN_POINT('',(-1.02414971057,2.630452824074));
#5701 = CARTESIAN_POINT('',(-1.075089971754,2.605855960754));
#5702 = CARTESIAN_POINT('',(-1.331441966406,2.489278072916));
#5703 = CARTESIAN_POINT('',(-1.545080838404,2.414749994942));
#5704 = CARTESIAN_POINT('',(-1.763738545565,2.357034862233));
#5705 = CARTESIAN_POINT('',(-1.984670740122,2.314950410774));
#5706 = CARTESIAN_POINT('',(-2.205647271189,2.287372414477));
#5707 = CARTESIAN_POINT('',(-2.425153431045,2.273391841305));
#5708 = CARTESIAN_POINT('',(-2.641988862869,2.272328809681));
#5709 = CARTESIAN_POINT('',(-2.925514882149,2.287497183067));
#5710 = CARTESIAN_POINT('',(-2.995518347594,2.292625905536));
#5711 = CARTESIAN_POINT('',(-3.065042541867,2.299096612152));
#5712 = CARTESIAN_POINT('',(-3.134037980855,2.306892410451));
#5713 = CARTESIAN_POINT('',(-3.202452557289,2.315997265328));
#5714 = CARTESIAN_POINT('',(-3.270231103386,2.326395239757));
#5715 = CARTESIAN_POINT('',(-3.337314953485,2.338069735504));
#5716 = CARTESIAN_POINT('',(-3.412650350154,2.352759366025));
#5717 = CARTESIAN_POINT('',(-3.42163407033,2.354536970972));
#5718 = CARTESIAN_POINT('',(-3.430624671188,2.356341885903));
#5719 = CARTESIAN_POINT('',(-3.439633544426,2.358176548316));
#5720 = CARTESIAN_POINT('',(-3.448659218987,2.360040955679));
#5721 = CARTESIAN_POINT('',(-3.457695110585,2.361934125116));
#5722 = CARTESIAN_POINT('',(-3.466737271225,2.36385555309));
#5723 = CARTESIAN_POINT('',(-3.557470109537,2.383406456169));
#5724 = CARTESIAN_POINT('',(-3.640010415719,2.403391340015));
#5725 = CARTESIAN_POINT('',(-3.723198658354,2.425904212518));
#5726 = CARTESIAN_POINT('',(-3.806794917558,2.451089174597));
#5727 = CARTESIAN_POINT('',(-3.890535419207,2.479090542927));
#5728 = CARTESIAN_POINT('',(-3.974132580741,2.51005487396));
#5729 = CARTESIAN_POINT('',(-4.057273436046,2.544136011206));
#5730 = CARTESIAN_POINT('',(-4.235521001675,2.625024517644));
#5731 = CARTESIAN_POINT('',(-4.330262759993,2.672966947742));
#5732 = CARTESIAN_POINT('',(-4.423383713491,2.725621564008));
#5733 = CARTESIAN_POINT('',(-4.514264864688,2.783279109439));
#5734 = CARTESIAN_POINT('',(-4.60211609119,2.846216949166));
#5735 = CARTESIAN_POINT('',(-4.685978310351,2.914682257202));
#5736 = CARTESIAN_POINT('',(-4.764718890539,2.988883399555));
#5737 = CARTESIAN_POINT('',(-4.864542627221,3.099528498211));
#5738 = CARTESIAN_POINT('',(-4.89113475093,3.130901775925));
#5739 = CARTESIAN_POINT('',(-4.916699874489,3.163123942928));
#5740 = CARTESIAN_POINT('',(-4.94115281296,3.196192005207));
#5741 = CARTESIAN_POINT('',(-4.9644027266,3.230096252135));
#5742 = CARTESIAN_POINT('',(-4.9863548917,3.264819123337));
#5743 = CARTESIAN_POINT('',(-5.006912471438,3.300334075541));
#5744 = CARTESIAN_POINT('',(-5.055285474615,3.392357777973));
#5745 = CARTESIAN_POINT('',(-5.08108626356,3.449930310232));
#5746 = CARTESIAN_POINT('',(-5.102996446255,3.509145444791));
#5747 = CARTESIAN_POINT('',(-5.120658880586,3.569776822075));
#5748 = CARTESIAN_POINT('',(-5.133762252836,3.631544581244));
#5749 = CARTESIAN_POINT('',(-5.142067350827,3.694112036289));
#5750 = CARTESIAN_POINT('',(-5.145440846993,3.757082771312));
#5751 = CARTESIAN_POINT('',(-5.143000716253,3.856497505655));
#5752 = CARTESIAN_POINT('',(-5.140449471415,3.892988849376));
#5753 = CARTESIAN_POINT('',(-5.136243979713,3.929388008932));
#5754 = CARTESIAN_POINT('',(-5.13040023053,3.965615927192));
#5755 = CARTESIAN_POINT('',(-5.12294743115,4.001598684563));
#5756 = CARTESIAN_POINT('',(-5.113926358126,4.03726751642));
#5757 = CARTESIAN_POINT('',(-5.103387708641,4.072558830531));
#5758 = CARTESIAN_POINT('',(-5.075117057608,4.154692996552));
#5759 = CARTESIAN_POINT('',(-5.056158652526,4.201173680052));
#5760 = CARTESIAN_POINT('',(-5.034658631987,4.246720526704));
#5761 = CARTESIAN_POINT('',(-5.010780319898,4.291229113127));
#5762 = CARTESIAN_POINT('',(-4.984695616145,4.33462179241));
#5763 = CARTESIAN_POINT('',(-4.956576030808,4.376843799502));
#5764 = CARTESIAN_POINT('',(-4.92658610515,4.417860010428));
#5765 = CARTESIAN_POINT('',(-4.833973806179,4.534089039356));
#5766 = CARTESIAN_POINT('',(-4.766780801467,4.605949687457));
#5767 = CARTESIAN_POINT('',(-4.694322786519,4.673220442866));
#5768 = CARTESIAN_POINT('',(-4.617501444356,4.735968287593));
#5769 = CARTESIAN_POINT('',(-4.537086814232,4.794320989688));
#5770 = CARTESIAN_POINT('',(-4.45370822442,4.84844840124));
#5771 = CARTESIAN_POINT('',(-4.367846903318,4.89854510713));
#5772 = CARTESIAN_POINT('',(-4.268319195146,4.950865661611));
#5773 = CARTESIAN_POINT('',(-4.256751243259,4.956862602446));
#5774 = CARTESIAN_POINT('',(-4.245095124367,4.962820695268));
#5775 = CARTESIAN_POINT('',(-4.233329853871,4.968750008925));
#5776 = CARTESIAN_POINT('',(-4.221444751435,4.974655232853));
#5777 = CARTESIAN_POINT('',(-4.209439440981,4.980535677079));
#5778 = CARTESIAN_POINT('',(-4.197323850694,4.98638527222));
#5779 = CARTESIAN_POINT('',(-4.146414467105,5.010607351532));
#5780 = CARTESIAN_POINT('',(-4.107270657392,5.028381872647));
#5781 = CARTESIAN_POINT('',(-4.067716191297,5.045520899842));
#5782 = CARTESIAN_POINT('',(-4.027778637703,5.062029411098));
#5783 = CARTESIAN_POINT('',(-3.987483726953,5.077912595358));
#5784 = CARTESIAN_POINT('',(-3.946855350849,5.093175852529));
#5785 = CARTESIAN_POINT('',(-3.905915562656,5.107824793484));
#5786 = CARTESIAN_POINT('',(-3.717013634105,5.172151837807));
#5787 = CARTESIAN_POINT('',(-3.565677521435,5.214607961629));
#5788 = CARTESIAN_POINT('',(-3.411520231394,5.249535615221));
#5789 = CARTESIAN_POINT('',(-3.255249859027,5.277153131533));
#5790 = CARTESIAN_POINT('',(-3.097472681248,5.297625266027));
#5791 = CARTESIAN_POINT('',(-2.938705590262,5.31106828315));
#5792 = CARTESIAN_POINT('',(-2.779379580094,5.317535094445));
#5793 = CARTESIAN_POINT('',(-2.494464150261,5.316553564482));
#5794 = CARTESIAN_POINT('',(-2.369012467542,5.311787634386));
#5795 = CARTESIAN_POINT('',(-2.24368056386,5.302675566902));
#5796 = CARTESIAN_POINT('',(-2.118677749119,5.289171485425));
#5797 = CARTESIAN_POINT('',(-1.994234772797,5.271202566981));
#5798 = CARTESIAN_POINT('',(-1.870606216204,5.248668499934));
#5799 = CARTESIAN_POINT('',(-1.748074520353,5.221433618702));
#5800 = CARTESIAN_POINT('',(-1.585139258859,5.178221601772));
#5801 = CARTESIAN_POINT('',(-1.543493697839,5.166549541673));
#5802 = CARTESIAN_POINT('',(-1.502032781132,5.154288255707));
#5803 = CARTESIAN_POINT('',(-1.460771557977,5.141429924241));
#5804 = CARTESIAN_POINT('',(-1.419726312093,5.127966187491));
#5805 = CARTESIAN_POINT('',(-1.378914561682,5.113888145521));
#5806 = CARTESIAN_POINT('',(-1.338355059425,5.099186358243));
#5807 = CARTESIAN_POINT('',(-1.248119810187,5.064837941802));
#5808 = CARTESIAN_POINT('',(-1.198591770293,5.044851448381));
#5809 = CARTESIAN_POINT('',(-1.149520949843,5.023871802344));
#5810 = CARTESIAN_POINT('',(-1.100949783245,5.001878711211));
#5811 = CARTESIAN_POINT('',(-1.052926011997,4.978851112908));
#5812 = CARTESIAN_POINT('',(-1.0055028344,4.954767135854));
#5813 = CARTESIAN_POINT('',(-0.95873905528,4.929604059037));
#5814 = CARTESIAN_POINT('',(-0.85948293706,4.872978292958));
#5815 = CARTESIAN_POINT('',(-0.807239712467,4.841148280667));
#5816 = CARTESIAN_POINT('',(-0.756065392058,4.807810224267));
#5817 = CARTESIAN_POINT('',(-0.706075361547,4.772928559329));
#5818 = CARTESIAN_POINT('',(-0.657403783151,4.73647169166));
#5819 = CARTESIAN_POINT('',(-0.610202816514,4.698413521021));
#5820 = CARTESIAN_POINT('',(-0.564641839625,4.658734964837));
#5821 = CARTESIAN_POINT('',(-0.489680142829,4.587930874153));
#5822 = CARTESIAN_POINT('',(-0.459387235448,4.557607442458));
#5823 = CARTESIAN_POINT('',(-0.430096389841,4.526453098625));
#5824 = CARTESIAN_POINT('',(-0.401883247043,4.494470653506));
#5825 = CARTESIAN_POINT('',(-0.374829089604,4.461668949941));
#5826 = CARTESIAN_POINT('',(-0.349019284301,4.428063995682));
#5827 = CARTESIAN_POINT('',(-0.324541724855,4.393680096331));
#5828 = CARTESIAN_POINT('',(-0.266553155505,4.305327956235));
#5829 = CARTESIAN_POINT('',(-0.234863758398,4.250365386483));
#5830 = CARTESIAN_POINT('',(-0.206756958628,4.193816841309));
#5831 = CARTESIAN_POINT('',(-0.182552379696,4.135879869565));
#5832 = CARTESIAN_POINT('',(-0.162533812314,4.076801352946));
#5833 = CARTESIAN_POINT('',(-0.146926775653,4.016882162576));
#5834 = CARTESIAN_POINT('',(-0.135869220837,3.956481125933));
#5835 = CARTESIAN_POINT('',(-0.125268755883,3.857782418555));
#5836 = CARTESIAN_POINT('',(-0.122986060749,3.819510750938));
#5837 = CARTESIAN_POINT('',(-0.122532097441,3.781305227144));
#5838 = CARTESIAN_POINT('',(-0.12389158492,3.743262428005));
#5839 = CARTESIAN_POINT('',(-0.127031340599,3.705473322482));
#5840 = CARTESIAN_POINT('',(-0.131902466,3.66802300088));
#5841 = CARTESIAN_POINT('',(-0.138442532403,3.630990408059));
#5842 = CARTESIAN_POINT('',(-0.150713530644,3.57587080375));
#5843 = CARTESIAN_POINT('',(-0.155261912873,3.557419142159));
#5844 = CARTESIAN_POINT('',(-0.160213223191,3.539101898362));
#5845 = CARTESIAN_POINT('',(-0.165557393228,3.520927186297));
#5846 = CARTESIAN_POINT('',(-0.171283976237,3.502902427363));
#5847 = CARTESIAN_POINT('',(-0.177382147099,3.485034350415));
#5848 = CARTESIAN_POINT('',(-0.183840702319,3.467328991767));
#5849 = CARTESIAN_POINT('',(-0.203896651363,3.415660320678));
#5850 = CARTESIAN_POINT('',(-0.218466622842,3.38216642929));
#5851 = CARTESIAN_POINT('',(-0.234274289257,3.349348143467));
#5852 = CARTESIAN_POINT('',(-0.251234413389,3.317234717348));
#5853 = CARTESIAN_POINT('',(-0.269261843093,3.285847396067));
#5854 = CARTESIAN_POINT('',(-0.288273148388,3.255200275047));
#5855 = CARTESIAN_POINT('',(-0.308188258543,3.225301159298));
#5856 = CARTESIAN_POINT('',(-0.328932099162,3.196152422707));
#5857 = ( GEOMETRIC_REPRESENTATION_CONTEXT(2) 
PARAMETRIC_REPRESENTATION_CONTEXT() REPRESENTATION_CONTEXT('2D SPACE',''
  ) );
#5858 = PCURVE('',#797,#5859);
#5859 = DEFINITIONAL_REPRESENTATION('',(#5860),#6031);
#5860 = B_SPLINE_CURVE_WITH_KNOTS('',8,(#5861,#5862,#5863,#5864,#5865,
    #5866,#5867,#5868,#5869,#5870,#5871,#5872,#5873,#5874,#5875,#5876,
    #5877,#5878,#5879,#5880,#5881,#5882,#5883,#5884,#5885,#5886,#5887,
    #5888,#5889,#5890,#5891,#5892,#5893,#5894,#5895,#5896,#5897,#5898,
    #5899,#5900,#5901,#5902,#5903,#5904,#5905,#5906,#5907,#5908,#5909,
    #5910,#5911,#5912,#5913,#5914,#5915,#5916,#5917,#5918,#5919,#5920,
    #5921,#5922,#5923,#5924,#5925,#5926,#5927,#5928,#5929,#5930,#5931,
    #5932,#5933,#5934,#5935,#5936,#5937,#5938,#5939,#5940,#5941,#5942,
    #5943,#5944,#5945,#5946,#5947,#5948,#5949,#5950,#5951,#5952,#5953,
    #5954,#5955,#5956,#5957,#5958,#5959,#5960,#5961,#5962,#5963,#5964,
    #5965,#5966,#5967,#5968,#5969,#5970,#5971,#5972,#5973,#5974,#5975,
    #5976,#5977,#5978,#5979,#5980,#5981,#5982,#5983,#5984,#5985,#5986,
    #5987,#5988,#5989,#5990,#5991,#5992,#5993,#5994,#5995,#5996,#5997,
    #5998,#5999,#6000,#6001,#6002,#6003,#6004,#6005,#6006,#6007,#6008,
    #6009,#6010,#6011,#6012,#6013,#6014,#6015,#6016,#6017,#6018,#6019,
    #6020,#6021,#6022,#6023,#6024,#6025,#6026,#6027,#6028,#6029,#6030),
  .UNSPECIFIED.,.F.,.F.,(9,7,7,7,7,7,7,7,7,7,7,7,7,7,7,7,7,7,7,7,7,7,7,7
    ,9),(0.,4.735112687031E-02,8.391279752262E-02,0.229274096354,
    0.277322145906,0.283848300766,0.342716427301,0.411279895677,
    0.437404266315,0.477561575498,0.500858194261,0.53245834,
    0.59315871748,0.601097290974,0.626270292129,0.716428719538,
    0.787287713611,0.811751840049,0.842082360017,0.877140664406,
    0.902171985624,0.940096171133,0.964078922371,0.976271196305,1.),
  .UNSPECIFIED.);
#5861 = CARTESIAN_POINT('',(6.28318530718,-1.078014469104));
#5862 = CARTESIAN_POINT('',(6.235661050796,-1.086776008587));
#5863 = CARTESIAN_POINT('',(6.189070314843,-1.095432647842));
#5864 = CARTESIAN_POINT('',(6.143352187603,-1.103953237321));
#5865 = CARTESIAN_POINT('',(6.098431627949,-1.11231176785));
#5866 = CARTESIAN_POINT('',(6.054226690874,-1.120486669618));
#5867 = CARTESIAN_POINT('',(6.01065237226,-1.128460217078));
#5868 = CARTESIAN_POINT('',(5.967621072904,-1.136218039733));
#5869 = CARTESIAN_POINT('',(5.892160912026,-1.149563488301));
#5870 = CARTESIAN_POINT('',(5.859553211472,-1.155242329214));
#5871 = CARTESIAN_POINT('',(5.827174796193,-1.160779866371));
#5872 = CARTESIAN_POINT('',(5.794986477236,-1.1661709998));
#5873 = CARTESIAN_POINT('',(5.76295120348,-1.171410913193));
#5874 = CARTESIAN_POINT('',(5.731033604483,-1.17649506234));
#5875 = CARTESIAN_POINT('',(5.699199533338,-1.181419163573));
#5876 = CARTESIAN_POINT('',(5.541049599278,-1.205103987287));
#5877 = CARTESIAN_POINT('',(5.41569539016,-1.221402568565));
#5878 = CARTESIAN_POINT('',(5.288974731157,-1.234876529943));
#5879 = CARTESIAN_POINT('',(5.159537943145,-1.245249823251));
#5880 = CARTESIAN_POINT('',(5.026406584533,-1.252255797038));
#5881 = CARTESIAN_POINT('',(4.889278095673,-1.255811981298));
#5882 = CARTESIAN_POINT('',(4.74787679405,-1.256046272642));
#5883 = CARTESIAN_POINT('',(4.553271592027,-1.252248874692));
#5884 = CARTESIAN_POINT('',(4.504411099831,-1.250968409174));
#5885 = CARTESIAN_POINT('',(4.455021048713,-1.249359833952));
#5886 = CARTESIAN_POINT('',(4.40508593654,-1.247433795499));
#5887 = CARTESIAN_POINT('',(4.35458821609,-1.245202361534));
#5888 = CARTESIAN_POINT('',(4.303507553818,-1.242678776511));
#5889 = CARTESIAN_POINT('',(4.251820088629,-1.239877217103));
#5890 = CARTESIAN_POINT('',(4.192390969867,-1.23639628714));
#5891 = CARTESIAN_POINT('',(4.185258107466,-1.235975702765));
#5892 = CARTESIAN_POINT('',(4.178141186805,-1.235549321846));
#5893 = CARTESIAN_POINT('',(4.171055292671,-1.235116599532));
#5894 = CARTESIAN_POINT('',(4.163998718522,-1.234677571646));
#5895 = CARTESIAN_POINT('',(4.156963173741,-1.234232507499));
#5896 = CARTESIAN_POINT('',(4.149943990887,-1.233781562702));
#5897 = CARTESIAN_POINT('',(4.079865170338,-1.229200958075));
#5898 = CARTESIAN_POINT('',(4.018606648682,-1.224581581689));
#5899 = CARTESIAN_POINT('',(3.959107815733,-1.219459284111));
#5900 = CARTESIAN_POINT('',(3.90128093948,-1.213832119018));
#5901 = CARTESIAN_POINT('',(3.845019586167,-1.20770268425));
#5902 = CARTESIAN_POINT('',(3.790199858167,-1.201076989977));
#5903 = CARTESIAN_POINT('',(3.736680791709,-1.193962723238));
#5904 = CARTESIAN_POINT('',(3.623300777833,-1.177520094683));
#5905 = CARTESIAN_POINT('',(3.563898153207,-1.168027485693));
#5906 = CARTESIAN_POINT('',(3.505789869957,-1.157894772749));
#5907 = CARTESIAN_POINT('',(3.448713251155,-1.147133316439));
#5908 = CARTESIAN_POINT('',(3.392421041437,-1.13576125386));
#5909 = CARTESIAN_POINT('',(3.336666689786,-1.123803341606));
#5910 = CARTESIAN_POINT('',(3.281189140347,-1.111289157514));
#5911 = CARTESIAN_POINT('',(3.204534185702,-1.093280770582));
#5912 = CARTESIAN_POINT('',(3.1833897715,-1.088238012994));
#5913 = CARTESIAN_POINT('',(3.16223751692,-1.083123809496));
#5914 = CARTESIAN_POINT('',(3.141066689488,-1.077941733794));
#5915 = CARTESIAN_POINT('',(3.119868437999,-1.07269619274));
#5916 = CARTESIAN_POINT('',(3.098635881464,-1.067392484288));
#5917 = CARTESIAN_POINT('',(3.077364198051,-1.062036855446));
#5918 = CARTESIAN_POINT('',(3.023288502097,-1.048335448298));
#5919 = CARTESIAN_POINT('',(2.990407510391,-1.039923691278));
#5920 = CARTESIAN_POINT('',(2.95742570679,-1.031434412673));
#5921 = CARTESIAN_POINT('',(2.924365672989,-1.022904566855));
#5922 = CARTESIAN_POINT('',(2.891256387771,-1.014374636919));
#5923 = CARTESIAN_POINT('',(2.858138540571,-1.005888516312));
#5924 = CARTESIAN_POINT('',(2.825073375327,-0.997493574236));
#5925 = CARTESIAN_POINT('',(2.773058034695,-0.984453251034));
#5926 = CARTESIAN_POINT('',(2.754004933338,-0.979712090913));
#5927 = CARTESIAN_POINT('',(2.735011295353,-0.975026730799));
#5928 = CARTESIAN_POINT('',(2.71609031952,-0.970405360105));
#5929 = CARTESIAN_POINT('',(2.697253407988,-0.965855146892));
#5930 = CARTESIAN_POINT('',(2.678510705678,-0.961382333444));
#5931 = CARTESIAN_POINT('',(2.659871639681,-0.956992331842));
#5932 = CARTESIAN_POINT('',(2.616216060005,-0.946853778826));
#5933 = CARTESIAN_POINT('',(2.591292198232,-0.941178215783));
#5934 = CARTESIAN_POINT('',(2.566591199144,-0.935673544416));
#5935 = CARTESIAN_POINT('',(2.542121670088,-0.930346022334));
#5936 = CARTESIAN_POINT('',(2.517886113965,-0.925198722834));
#5937 = CARTESIAN_POINT('',(2.493882531444,-0.920232289685));
#5938 = CARTESIAN_POINT('',(2.470105011412,-0.915445474621));
#5939 = CARTESIAN_POINT('',(2.401283892017,-0.901980125652));
#5940 = CARTESIAN_POINT('',(2.356856377212,-0.893784133799));
#5941 = CARTESIAN_POINT('',(2.313126605124,-0.886213952281));
#5942 = CARTESIAN_POINT('',(2.269978411431,-0.879233836388));
#5943 = CARTESIAN_POINT('',(2.227303607534,-0.872807067123));
#5944 = CARTESIAN_POINT('',(2.184991402009,-0.866897064721));
#5945 = CARTESIAN_POINT('',(2.142917263547,-0.861468374967));
#5946 = CARTESIAN_POINT('',(2.095440168117,-0.855836118554));
#5947 = CARTESIAN_POINT('',(2.089941865887,-0.855191162016));
#5948 = CARTESIAN_POINT('',(2.084440043331,-0.85455098324));
#5949 = CARTESIAN_POINT('',(2.078937545662,-0.853914485373));
#5950 = CARTESIAN_POINT('',(2.07343633868,-0.853281150152));
#5951 = CARTESIAN_POINT('',(2.067937508774,-0.852651037902));
#5952 = CARTESIAN_POINT('',(2.062441262917,-0.85202478754));
#5953 = CARTESIAN_POINT('',(2.039524543848,-0.849433900283));
#5954 = CARTESIAN_POINT('',(2.022395611373,-0.847538198273));
#5955 = CARTESIAN_POINT('',(2.005545151255,-0.845715264069));
#5956 = CARTESIAN_POINT('',(1.988958874952,-0.843963882686));
#5957 = CARTESIAN_POINT('',(1.972623185369,-0.842282870624));
#5958 = CARTESIAN_POINT('',(1.956525176857,-0.840671075872));
#5959 = CARTESIAN_POINT('',(1.940652635217,-0.839127377905));
#5960 = CARTESIAN_POINT('',(1.868911947236,-0.832361843999));
#5961 = CARTESIAN_POINT('',(1.815599411151,-0.827935114557));
#5962 = CARTESIAN_POINT('',(1.764479554273,-0.824316414168));
#5963 = CARTESIAN_POINT('',(1.715134530301,-0.821468054405));
#5964 = CARTESIAN_POINT('',(1.667221571715,-0.819362883983));
#5965 = CARTESIAN_POINT('',(1.620438491551,-0.817982499192));
#5966 = CARTESIAN_POINT('',(1.574506689555,-0.81731838188));
#5967 = CARTESIAN_POINT('',(1.493484055982,-0.817419181293));
#5968 = CARTESIAN_POINT('',(1.458193912944,-0.817908631417));
#5969 = CARTESIAN_POINT('',(1.423135527999,-0.818844491317));
#5970 = CARTESIAN_POINT('',(1.388185986388,-0.820232862971));
#5971 = CARTESIAN_POINT('',(1.353227378383,-0.822083879069));
#5972 = CARTESIAN_POINT('',(1.318139226264,-0.824411960726));
#5973 = CARTESIAN_POINT('',(1.282789176562,-0.82723708571));
#5974 = CARTESIAN_POINT('',(1.234673295594,-0.831743651054));
#5975 = CARTESIAN_POINT('',(1.222275518876,-0.832962742515));
#5976 = CARTESIAN_POINT('',(1.209822627474,-0.834245437034));
#5977 = CARTESIAN_POINT('',(1.197308347235,-0.835592933237));
#5978 = CARTESIAN_POINT('',(1.184726129813,-0.837006532899));
#5979 = CARTESIAN_POINT('',(1.172069152674,-0.838487640948));
#5980 = CARTESIAN_POINT('',(1.159330319091,-0.840037765458));
#5981 = CARTESIAN_POINT('',(1.130598082722,-0.843667919344));
#5982 = CARTESIAN_POINT('',(1.114557112712,-0.845785836132));
#5983 = CARTESIAN_POINT('',(1.098364633285,-0.848015421672));
#5984 = CARTESIAN_POINT('',(1.082005613393,-0.850360037448));
#5985 = CARTESIAN_POINT('',(1.065464358765,-0.852823284565));
#5986 = CARTESIAN_POINT('',(1.048724164887,-0.855409035541));
#5987 = CARTESIAN_POINT('',(1.03176696999,-0.858121466103));
#5988 = CARTESIAN_POINT('',(0.994698928977,-0.864251958618));
#5989 = CARTESIAN_POINT('',(0.974510668384,-0.867713758198));
#5990 = CARTESIAN_POINT('',(0.953976324843,-0.87135762077));
#5991 = CARTESIAN_POINT('',(0.933063966311,-0.875190862557));
#5992 = CARTESIAN_POINT('',(0.911740819902,-0.879220880278));
#5993 = CARTESIAN_POINT('',(0.889972461669,-0.883455050483));
#5994 = CARTESIAN_POINT('',(0.86772200639,-0.887900628883));
#5995 = CARTESIAN_POINT('',(0.828689783243,-0.895894719545));
#5996 = CARTESIAN_POINT('',(0.812165426519,-0.899335859223));
#5997 = CARTESIAN_POINT('',(0.795362523279,-0.902890410723));
#5998 = CARTESIAN_POINT('',(0.778267805345,-0.906560373605));
#5999 = CARTESIAN_POINT('',(0.760868651137,-0.910347247135));
#6000 = CARTESIAN_POINT('',(0.743153296539,-0.914251872432));
#6001 = CARTESIAN_POINT('',(0.72511104577,-0.918274274618));
#6002 = CARTESIAN_POINT('',(0.678887685491,-0.928684725671));
#6003 = CARTESIAN_POINT('',(0.650255939461,-0.935227514156));
#6004 = CARTESIAN_POINT('',(0.620823375241,-0.942034386998));
#6005 = CARTESIAN_POINT('',(0.590581282171,-0.94909295328));
#6006 = CARTESIAN_POINT('',(0.559526317293,-0.956384858889));
#6007 = CARTESIAN_POINT('',(0.52766638013,-0.963884317407));
#6008 = CARTESIAN_POINT('',(0.495032152778,-0.971556227616));
#6009 = CARTESIAN_POINT('',(0.440611893356,-0.984285007887));
#6010 = CARTESIAN_POINT('',(0.419242065747,-0.989267845974));
#6011 = CARTESIAN_POINT('',(0.397600163582,-0.994291190562));
#6012 = CARTESIAN_POINT('',(0.375699725504,-0.999343942783));
#6013 = CARTESIAN_POINT('',(0.35355314345,-1.004415136865));
#6014 = CARTESIAN_POINT('',(0.33117231839,-1.00949397081));
#6015 = CARTESIAN_POINT('',(0.308569316073,-1.014569837061));
#6016 = CARTESIAN_POINT('',(0.274159782465,-1.022206018834));
#6017 = CARTESIAN_POINT('',(0.262507756712,-1.024776390196));
#6018 = CARTESIAN_POINT('',(0.250802162955,-1.027342201755));
#6019 = CARTESIAN_POINT('',(0.239044061875,-1.029902250514));
#6020 = CARTESIAN_POINT('',(0.227234357382,-1.032455395991));
#6021 = CARTESIAN_POINT('',(0.215373796614,-1.035000560216));
#6022 = CARTESIAN_POINT('',(0.203462969941,-1.037536727732));
#6023 = CARTESIAN_POINT('',(0.168224280089,-1.044979512266));
#6024 = CARTESIAN_POINT('',(0.144758101968,-1.049858276074));
#6025 = CARTESIAN_POINT('',(0.12110592453,-1.054692435958));
#6026 = CARTESIAN_POINT('',(9.726804195437E-02,-1.05947605402));
#6027 = CARTESIAN_POINT('',(7.324288641089E-02,-1.064204018177));
#6028 = CARTESIAN_POINT('',(4.902701979489E-02,-1.0688720048));
#6029 = CARTESIAN_POINT('',(2.461512546854E-02,-1.073476441366));
#6030 = CARTESIAN_POINT('',(0.,-1.078014469104));
#6031 = ( GEOMETRIC_REPRESENTATION_CONTEXT(2) 
PARAMETRIC_REPRESENTATION_CONTEXT() REPRESENTATION_CONTEXT('2D SPACE',''
  ) );
#6032 = ORIENTED_EDGE('',*,*,#21,.T.);
#6033 = ORIENTED_EDGE('',*,*,#6034,.F.);
#6034 = EDGE_CURVE('',#6035,#24,#6037,.T.);
#6035 = VERTEX_POINT('',#6036);
#6036 = CARTESIAN_POINT('',(-7.52450521771E-02,-4.190178910257,3.));
#6037 = SURFACE_CURVE('',#6038,(#6197,#6359),.PCURVE_S1.);
#6038 = B_SPLINE_CURVE_WITH_KNOTS('',7,(#6039,#6040,#6041,#6042,#6043,
    #6044,#6045,#6046,#6047,#6048,#6049,#6050,#6051,#6052,#6053,#6054,
    #6055,#6056,#6057,#6058,#6059,#6060,#6061,#6062,#6063,#6064,#6065,
    #6066,#6067,#6068,#6069,#6070,#6071,#6072,#6073,#6074,#6075,#6076,
    #6077,#6078,#6079,#6080,#6081,#6082,#6083,#6084,#6085,#6086,#6087,
    #6088,#6089,#6090,#6091,#6092,#6093,#6094,#6095,#6096,#6097,#6098,
    #6099,#6100,#6101,#6102,#6103,#6104,#6105,#6106,#6107,#6108,#6109,
    #6110,#6111,#6112,#6113,#6114,#6115,#6116,#6117,#6118,#6119,#6120,
    #6121,#6122,#6123,#6124,#6125,#6126,#6127,#6128,#6129,#6130,#6131,
    #6132,#6133,#6134,#6135,#6136,#6137,#6138,#6139,#6140,#6141,#6142,
    #6143,#6144,#6145,#6146,#6147,#6148,#6149,#6150,#6151,#6152,#6153,
    #6154,#6155,#6156,#6157,#6158,#6159,#6160,#6161,#6162,#6163,#6164,
    #6165,#6166,#6167,#6168,#6169,#6170,#6171,#6172,#6173,#6174,#6175,
    #6176,#6177,#6178,#6179,#6180,#6181,#6182,#6183,#6184,#6185,#6186,
    #6187,#6188,#6189,#6190,#6191,#6192,#6193,#6194,#6195,#6196),
  .UNSPECIFIED.,.T.,.F.,(8,6,6,6,6,6,6,6,6,6,6,6,6,6,6,6,6,6,6,6,6,6,6,6
    ,6,6,8),(0.,7.198192536919E-02,0.114214560438,0.144679846156,
    0.16731896799,0.223883621129,0.290934631642,0.296035162593,
    0.386780087204,0.420087633644,0.438257337179,0.476418036994,
    0.511215772444,0.527237848991,0.55411663764,0.616840956225,
    0.624083201249,0.647904432797,0.722688050304,0.778713009445,
    0.800747574463,0.830396775576,0.871077460884,0.904619240242,
    0.922710181164,0.961021862819,1.),.UNSPECIFIED.);
#6039 = CARTESIAN_POINT('',(4.769679945023,0.670042526692,3.));
#6040 = CARTESIAN_POINT('',(4.686533162151,0.933099489968,3.));
#6041 = CARTESIAN_POINT('',(4.57724914619,1.188715238476,3.));
#6042 = CARTESIAN_POINT('',(4.443593825952,1.43388926014,3.));
#6043 = CARTESIAN_POINT('',(4.288056899856,1.666559777769,3.));
#6044 = CARTESIAN_POINT('',(4.113260825703,1.885304455442,3.));
#6045 = CARTESIAN_POINT('',(3.921809215077,2.089232704826,3.));
#6046 = CARTESIAN_POINT('',(3.595368752851,2.388526083603,3.));
#6047 = CARTESIAN_POINT('',(3.469717818665,2.493952335561,3.));
#6048 = CARTESIAN_POINT('',(3.339575283298,2.594054963789,3.));
#6049 = CARTESIAN_POINT('',(3.205369842602,2.688787070393,3.));
#6050 = CARTESIAN_POINT('',(3.067501813507,2.778129785954,3.));
#6051 = CARTESIAN_POINT('',(2.926338882843,2.862085767355,3.));
#6052 = CARTESIAN_POINT('',(2.678243182653,2.997362817321,3.));
#6053 = CARTESIAN_POINT('',(2.572734446895,3.051257775777,3.));
#6054 = CARTESIAN_POINT('',(2.465811136218,3.102363812635,3.));
#6055 = CARTESIAN_POINT('',(2.357592559992,3.150689553536,3.));
#6056 = CARTESIAN_POINT('',(2.248191715961,3.196245507274,3.));
#6057 = CARTESIAN_POINT('',(2.137715156547,3.239043564976,3.));
#6058 = CARTESIAN_POINT('',(1.943441303696,3.308860318606,3.));
#6059 = CARTESIAN_POINT('',(1.860081423976,3.33710803565,3.));
#6060 = CARTESIAN_POINT('',(1.776224477619,3.363844873637,3.));
#6061 = CARTESIAN_POINT('',(1.691910406307,3.389076031679,3.));
#6062 = CARTESIAN_POINT('',(1.607177831794,3.412806684779,3.));
#6063 = CARTESIAN_POINT('',(1.522064055909,3.435041983833,3.));
#6064 = CARTESIAN_POINT('',(1.223082713474,3.507619357218,3.));
#6065 = CARTESIAN_POINT('',(1.007415626681,3.550146389791,3.));
#6066 = CARTESIAN_POINT('',(0.79015173482,3.58345047102,3.));
#6067 = CARTESIAN_POINT('',(0.571817142714,3.607602407875,3.));
#6068 = CARTESIAN_POINT('',(0.352918461525,3.6226618341,3.));
#6069 = CARTESIAN_POINT('',(0.133945144911,3.628677547686,3.));
#6070 = CARTESIAN_POINT('',(-0.343722169818,3.622143897295,3.));
#6071 = CARTESIAN_POINT('',(-0.602222945366,3.605946061058,3.));
#6072 = CARTESIAN_POINT('',(-0.859348190608,3.577160656262,3.));
#6073 = CARTESIAN_POINT('',(-1.114267635496,3.535827712963,3.));
#6074 = CARTESIAN_POINT('',(-1.366101143597,3.481984103202,3.));
#6075 = CARTESIAN_POINT('',(-1.613914845863,3.415682654097,3.));
#6076 = CARTESIAN_POINT('',(-1.87518500437,3.331022453384,3.));
#6077 = CARTESIAN_POINT('',(-1.893523534362,3.325000217723,3.));
#6078 = CARTESIAN_POINT('',(-1.911853277509,3.318899851817,3.));
#6079 = CARTESIAN_POINT('',(-1.930247842073,3.312696424146,3.));
#6080 = CARTESIAN_POINT('',(-1.948732072439,3.306380758333,3.));
#6081 = CARTESIAN_POINT('',(-1.967282049113,3.299959433145,3.));
#6082 = CARTESIAN_POINT('',(-2.315729317755,3.177728784818,3.));
#6083 = CARTESIAN_POINT('',(-2.639208710335,3.037457015567,3.));
#6084 = CARTESIAN_POINT('',(-2.953382699928,2.871886067561,3.));
#6085 = CARTESIAN_POINT('',(-3.254665484602,2.680406057554,3.));
#6086 = CARTESIAN_POINT('',(-3.538827299841,2.462769715576,3.));
#6087 = CARTESIAN_POINT('',(-3.801080299504,2.219249423274,3.));
#6088 = CARTESIAN_POINT('',(-4.122484225437,1.852317558525,3.));
#6089 = CARTESIAN_POINT('',(-4.205093211109,1.750477975125,3.));
#6090 = CARTESIAN_POINT('',(-4.283744240815,1.645391862049,3.));
#6091 = CARTESIAN_POINT('',(-4.35815437712,1.537157774336,3.));
#6092 = CARTESIAN_POINT('',(-4.428036131471,1.425903943138,3.));
#6093 = CARTESIAN_POINT('',(-4.493104458645,1.311792848104,3.));
#6094 = CARTESIAN_POINT('',(-4.585803242139,1.13132782762,3.));
#6095 = CARTESIAN_POINT('',(-4.617008309773,1.066839610187,3.));
#6096 = CARTESIAN_POINT('',(-4.646654175885,1.001594233856,3.));
#6097 = CARTESIAN_POINT('',(-4.674697240044,0.935627911814,3.));
#6098 = CARTESIAN_POINT('',(-4.701095576256,0.868980168315,3.));
#6099 = CARTESIAN_POINT('',(-4.725809429604,0.801694032942,3.));
#6100 = CARTESIAN_POINT('',(-4.797090977443,0.591256711456,3.));
#6101 = CARTESIAN_POINT('',(-4.837793073091,0.446067845083,3.));
#6102 = CARTESIAN_POINT('',(-4.870551662463,0.298708270431,3.));
#6103 = CARTESIAN_POINT('',(-4.895085384472,0.149673733022,3.));
#6104 = CARTESIAN_POINT('',(-4.911192515258,-5.029127170418E-04,3.));
#6105 = CARTESIAN_POINT('',(-4.918763958189,-0.151250714762,3.));
#6106 = CARTESIAN_POINT('',(-4.916929715669,-0.439385229209,3.));
#6107 = CARTESIAN_POINT('',(-4.908960868858,-0.576802581832,3.));
#6108 = CARTESIAN_POINT('',(-4.893898787472,-0.713751512702,3.));
#6109 = CARTESIAN_POINT('',(-4.871818579671,-0.849798553802,3.));
#6110 = CARTESIAN_POINT('',(-4.842861773881,-0.984535591234,3.));
#6111 = CARTESIAN_POINT('',(-4.807228395892,-1.117579497996,3.));
#6112 = CARTESIAN_POINT('',(-4.745803471863,-1.308885121377,3.));
#6113 = CARTESIAN_POINT('',(-4.725074688383,-1.368766103349,3.));
#6114 = CARTESIAN_POINT('',(-4.70300685623,-1.428181480795,3.));
#6115 = CARTESIAN_POINT('',(-4.679625517454,-1.487100043196,3.));
#6116 = CARTESIAN_POINT('',(-4.654957595447,-1.545492601411,3.));
#6117 = CARTESIAN_POINT('',(-4.629031394944,-1.60333198768,3.));
#6118 = CARTESIAN_POINT('',(-4.556321462041,-1.756654770117,3.));
#6119 = CARTESIAN_POINT('',(-4.507307982057,-1.851089145631,3.));
#6120 = CARTESIAN_POINT('',(-4.454974761331,-1.943777612625,3.));
#6121 = CARTESIAN_POINT('',(-4.399466454829,-2.034618970522,3.));
#6122 = CARTESIAN_POINT('',(-4.340930925816,-2.123527741339,3.));
#6123 = CARTESIAN_POINT('',(-4.279516398463,-2.21043252331,3.));
#6124 = CARTESIAN_POINT('',(-4.065673386299,-2.493261147126,3.));
#6125 = CARTESIAN_POINT('',(-3.90112866942,-2.679967289968,3.));
#6126 = CARTESIAN_POINT('',(-3.723546420611,-2.854730296003,3.));
#6127 = CARTESIAN_POINT('',(-3.534672334441,-3.017180495262,3.));
#6128 = CARTESIAN_POINT('',(-3.336113983367,-3.16716366017,3.));
#6129 = CARTESIAN_POINT('',(-3.129286817334,-3.304676713261,3.));
#6130 = CARTESIAN_POINT('',(-2.89067978432,-3.444265337859,3.));
#6131 = CARTESIAN_POINT('',(-2.865755090711,-3.458626473888,3.));
#6132 = CARTESIAN_POINT('',(-2.840603174653,-3.47289731207,3.));
#6133 = CARTESIAN_POINT('',(-2.815223572949,-3.487075084276,3.));
#6134 = CARTESIAN_POINT('',(-2.789616122574,-3.501156857575,3.));
#6135 = CARTESIAN_POINT('',(-2.76378096068,-3.515139534233,3.));
#6136 = CARTESIAN_POINT('',(-2.651993818691,-3.57467506712,3.));
#6137 = CARTESIAN_POINT('',(-2.565202069402,-3.618481585383,3.));
#6138 = CARTESIAN_POINT('',(-2.477411737317,-3.660437786674,3.));
#6139 = CARTESIAN_POINT('',(-2.388688415068,-3.70054322225,3.));
#6140 = CARTESIAN_POINT('',(-2.299094827328,-3.738798614444,3.));
#6141 = CARTESIAN_POINT('',(-2.208690830809,-3.775205856674,3.));
#6142 = CARTESIAN_POINT('',(-1.831356716888,-3.918271350324,3.));
#6143 = CARTESIAN_POINT('',(-1.537816942366,-4.008564996541,3.));
#6144 = CARTESIAN_POINT('',(-1.238585169369,-4.080782845675,3.));
#6145 = CARTESIAN_POINT('',(-0.935201607373,-4.135027428295,3.));
#6146 = CARTESIAN_POINT('',(-0.629090347952,-4.171390996079,3.));
#6147 = CARTESIAN_POINT('',(-0.321563330459,-4.189934005781,3.));
#6148 = CARTESIAN_POINT('',(0.2167405887,-4.191135674518,3.));
#6149 = CARTESIAN_POINT('',(0.447376683993,-4.181628649959,3.));
#6150 = CARTESIAN_POINT('',(0.677574756753,-4.16209152078,3.));
#6151 = CARTESIAN_POINT('',(0.906789587312,-4.132489491223,3.));
#6152 = CARTESIAN_POINT('',(1.134450872712,-4.092771738505,3.));
#6153 = CARTESIAN_POINT('',(1.35996217105,-4.042872366273,3.));
#6154 = CARTESIAN_POINT('',(1.670300717806,-3.959036982415,3.));
#6155 = CARTESIAN_POINT('',(1.757471225454,-3.933783907445,3.));
#6156 = CARTESIAN_POINT('',(1.844170966072,-3.90693767561,3.));
#6157 = CARTESIAN_POINT('',(1.930359073329,-3.878493191889,3.));
#6158 = CARTESIAN_POINT('',(2.015993032224,-3.848445317096,3.));
#6159 = CARTESIAN_POINT('',(2.101028679086,-3.816788867879,3.));
#6160 = CARTESIAN_POINT('',(2.298975482588,-3.738750936177,3.));
#6161 = CARTESIAN_POINT('',(2.411363402378,-3.691061855307,3.));
#6162 = CARTESIAN_POINT('',(2.522473130187,-3.640438567671,3.));
#6163 = CARTESIAN_POINT('',(2.632185613845,-3.586869469286,3.));
#6164 = CARTESIAN_POINT('',(2.740373841991,-3.530344816458,3.));
#6165 = CARTESIAN_POINT('',(2.846903106276,-3.470857383614,3.));
#6166 = CARTESIAN_POINT('',(3.095325294129,-3.322711699351,3.));
#6167 = CARTESIAN_POINT('',(3.235623399624,-3.231438022492,3.));
#6168 = CARTESIAN_POINT('',(3.372162186402,-3.134570508485,3.));
#6169 = CARTESIAN_POINT('',(3.504535068904,-3.032116986477,3.));
#6170 = CARTESIAN_POINT('',(3.632298394586,-2.924112786181,3.));
#6171 = CARTESIAN_POINT('',(3.75497756882,-2.810628827224,3.));
#6172 = CARTESIAN_POINT('',(3.968620106622,-2.593786990653,3.));
#6173 = CARTESIAN_POINT('',(4.061368206801,-2.492149813078,3.));
#6174 = CARTESIAN_POINT('',(4.150034467473,-2.386937636077,3.));
#6175 = CARTESIAN_POINT('',(4.23431969213,-2.278245812963,3.));
#6176 = CARTESIAN_POINT('',(4.313916125677,-2.166201202484,3.));
#6177 = CARTESIAN_POINT('',(4.388515079489,-2.050967781252,3.));
#6178 = CARTESIAN_POINT('',(4.495191605865,-1.868992070482,3.));
#6179 = CARTESIAN_POINT('',(4.531026927873,-1.804364632129,3.));
#6180 = CARTESIAN_POINT('',(4.565273042344,-1.738902905402,3.));
#6181 = CARTESIAN_POINT('',(4.597883377179,-1.67264324408,3.));
#6182 = CARTESIAN_POINT('',(4.628812817861,-1.605625641445,3.));
#6183 = CARTESIAN_POINT('',(4.658018257004,-1.537893980287,3.));
#6184 = CARTESIAN_POINT('',(4.743571462464,-1.324648603687,3.));
#6185 = CARTESIAN_POINT('',(4.793779277605,-1.176791390624,3.));
#6186 = CARTESIAN_POINT('',(4.835680716187,-1.026410191769,3.));
#6187 = CARTESIAN_POINT('',(4.868953866225,-0.874036743533,3.));
#6188 = CARTESIAN_POINT('',(4.893363433439,-0.720250010954,3.));
#6189 = CARTESIAN_POINT('',(4.908777688095,-0.565678270063,3.));
#6190 = CARTESIAN_POINT('',(4.921725361476,-0.253635508791,3.));
#6191 = CARTESIAN_POINT('',(4.91894469379,-9.612130559008E-02,3.));
#6192 = CARTESIAN_POINT('',(4.906844623677,6.081976424595E-02,3.));
#6193 = CARTESIAN_POINT('',(4.885561691712,0.216513703824,3.));
#6194 = CARTESIAN_POINT('',(4.855351308836,0.370331225121,3.));
#6195 = CARTESIAN_POINT('',(4.816571901142,0.521687351029,3.));
#6196 = CARTESIAN_POINT('',(4.769679945023,0.670042526692,3.));
#6197 = PCURVE('',#385,#6198);
#6198 = DEFINITIONAL_REPRESENTATION('',(#6199),#6358);
#6199 = B_SPLINE_CURVE_WITH_KNOTS('',7,(#6200,#6201,#6202,#6203,#6204,
    #6205,#6206,#6207,#6208,#6209,#6210,#6211,#6212,#6213,#6214,#6215,
    #6216,#6217,#6218,#6219,#6220,#6221,#6222,#6223,#6224,#6225,#6226,
    #6227,#6228,#6229,#6230,#6231,#6232,#6233,#6234,#6235,#6236,#6237,
    #6238,#6239,#6240,#6241,#6242,#6243,#6244,#6245,#6246,#6247,#6248,
    #6249,#6250,#6251,#6252,#6253,#6254,#6255,#6256,#6257,#6258,#6259,
    #6260,#6261,#6262,#6263,#6264,#6265,#6266,#6267,#6268,#6269,#6270,
    #6271,#6272,#6273,#6274,#6275,#6276,#6277,#6278,#6279,#6280,#6281,
    #6282,#6283,#6284,#6285,#6286,#6287,#6288,#6289,#6290,#6291,#6292,
    #6293,#6294,#6295,#6296,#6297,#6298,#6299,#6300,#6301,#6302,#6303,
    #6304,#6305,#6306,#6307,#6308,#6309,#6310,#6311,#6312,#6313,#6314,
    #6315,#6316,#6317,#6318,#6319,#6320,#6321,#6322,#6323,#6324,#6325,
    #6326,#6327,#6328,#6329,#6330,#6331,#6332,#6333,#6334,#6335,#6336,
    #6337,#6338,#6339,#6340,#6341,#6342,#6343,#6344,#6345,#6346,#6347,
    #6348,#6349,#6350,#6351,#6352,#6353,#6354,#6355,#6356,#6357),
  .UNSPECIFIED.,.T.,.F.,(8,6,6,6,6,6,6,6,6,6,6,6,6,6,6,6,6,6,6,6,6,6,6,6
    ,6,6,8),(0.,7.198192536919E-02,0.114214560438,0.144679846156,
    0.16731896799,0.223883621129,0.290934631642,0.296035162593,
    0.386780087204,0.420087633644,0.438257337179,0.476418036994,
    0.511215772444,0.527237848991,0.55411663764,0.616840956225,
    0.624083201249,0.647904432797,0.722688050304,0.778713009445,
    0.800747574463,0.830396775576,0.871077460884,0.904619240242,
    0.922710181164,0.961021862819,1.),.UNSPECIFIED.);
#6200 = CARTESIAN_POINT('',(4.635550049009,0.670042526692));
#6201 = CARTESIAN_POINT('',(4.552403266136,0.933099489968));
#6202 = CARTESIAN_POINT('',(4.443119250175,1.188715238476));
#6203 = CARTESIAN_POINT('',(4.309463929938,1.43388926014));
#6204 = CARTESIAN_POINT('',(4.153927003842,1.666559777769));
#6205 = CARTESIAN_POINT('',(3.979130929689,1.885304455442));
#6206 = CARTESIAN_POINT('',(3.787679319063,2.089232704826));
#6207 = CARTESIAN_POINT('',(3.461238856837,2.388526083603));
#6208 = CARTESIAN_POINT('',(3.335587922651,2.493952335561));
#6209 = CARTESIAN_POINT('',(3.205445387283,2.594054963789));
#6210 = CARTESIAN_POINT('',(3.071239946588,2.688787070393));
#6211 = CARTESIAN_POINT('',(2.933371917493,2.778129785954));
#6212 = CARTESIAN_POINT('',(2.792208986828,2.862085767355));
#6213 = CARTESIAN_POINT('',(2.544113286638,2.997362817321));
#6214 = CARTESIAN_POINT('',(2.438604550881,3.051257775777));
#6215 = CARTESIAN_POINT('',(2.331681240203,3.102363812635));
#6216 = CARTESIAN_POINT('',(2.223462663978,3.150689553536));
#6217 = CARTESIAN_POINT('',(2.114061819946,3.196245507274));
#6218 = CARTESIAN_POINT('',(2.003585260533,3.239043564976));
#6219 = CARTESIAN_POINT('',(1.809311407682,3.308860318606));
#6220 = CARTESIAN_POINT('',(1.725951527961,3.33710803565));
#6221 = CARTESIAN_POINT('',(1.642094581605,3.363844873637));
#6222 = CARTESIAN_POINT('',(1.557780510293,3.389076031679));
#6223 = CARTESIAN_POINT('',(1.47304793578,3.412806684779));
#6224 = CARTESIAN_POINT('',(1.387934159895,3.435041983833));
#6225 = CARTESIAN_POINT('',(1.08895281746,3.507619357218));
#6226 = CARTESIAN_POINT('',(0.873285730666,3.550146389791));
#6227 = CARTESIAN_POINT('',(0.656021838806,3.58345047102));
#6228 = CARTESIAN_POINT('',(0.4376872467,3.607602407875));
#6229 = CARTESIAN_POINT('',(0.21878856551,3.6226618341));
#6230 = CARTESIAN_POINT('',(-1.847511032037E-04,3.628677547686));
#6231 = CARTESIAN_POINT('',(-0.477852065832,3.622143897295));
#6232 = CARTESIAN_POINT('',(-0.736352841381,3.605946061058));
#6233 = CARTESIAN_POINT('',(-0.993478086622,3.577160656262));
#6234 = CARTESIAN_POINT('',(-1.248397531511,3.535827712963));
#6235 = CARTESIAN_POINT('',(-1.500231039611,3.481984103202));
#6236 = CARTESIAN_POINT('',(-1.748044741878,3.415682654097));
#6237 = CARTESIAN_POINT('',(-2.009314900384,3.331022453384));
#6238 = CARTESIAN_POINT('',(-2.027653430376,3.325000217723));
#6239 = CARTESIAN_POINT('',(-2.045983173523,3.318899851817));
#6240 = CARTESIAN_POINT('',(-2.064377738087,3.312696424146));
#6241 = CARTESIAN_POINT('',(-2.082861968454,3.306380758333));
#6242 = CARTESIAN_POINT('',(-2.101411945128,3.299959433145));
#6243 = CARTESIAN_POINT('',(-2.449859213769,3.177728784818));
#6244 = CARTESIAN_POINT('',(-2.77333860635,3.037457015567));
#6245 = CARTESIAN_POINT('',(-3.087512595942,2.871886067561));
#6246 = CARTESIAN_POINT('',(-3.388795380617,2.680406057554));
#6247 = CARTESIAN_POINT('',(-3.672957195855,2.462769715576));
#6248 = CARTESIAN_POINT('',(-3.935210195519,2.219249423274));
#6249 = CARTESIAN_POINT('',(-4.256614121451,1.852317558525));
#6250 = CARTESIAN_POINT('',(-4.339223107123,1.750477975125));
#6251 = CARTESIAN_POINT('',(-4.41787413683,1.645391862049));
#6252 = CARTESIAN_POINT('',(-4.492284273135,1.537157774336));
#6253 = CARTESIAN_POINT('',(-4.562166027485,1.425903943138));
#6254 = CARTESIAN_POINT('',(-4.627234354659,1.311792848104));
#6255 = CARTESIAN_POINT('',(-4.719933138153,1.13132782762));
#6256 = CARTESIAN_POINT('',(-4.751138205787,1.066839610187));
#6257 = CARTESIAN_POINT('',(-4.780784071899,1.001594233856));
#6258 = CARTESIAN_POINT('',(-4.808827136059,0.935627911814));
#6259 = CARTESIAN_POINT('',(-4.835225472271,0.868980168315));
#6260 = CARTESIAN_POINT('',(-4.859939325618,0.801694032942));
#6261 = CARTESIAN_POINT('',(-4.931220873457,0.591256711456));
#6262 = CARTESIAN_POINT('',(-4.971922969106,0.446067845083));
#6263 = CARTESIAN_POINT('',(-5.004681558478,0.298708270431));
#6264 = CARTESIAN_POINT('',(-5.029215280486,0.149673733022));
#6265 = CARTESIAN_POINT('',(-5.045322411273,-5.029127170421E-04));
#6266 = CARTESIAN_POINT('',(-5.052893854203,-0.151250714762));
#6267 = CARTESIAN_POINT('',(-5.051059611684,-0.439385229209));
#6268 = CARTESIAN_POINT('',(-5.043090764873,-0.576802581832));
#6269 = CARTESIAN_POINT('',(-5.028028683486,-0.713751512702));
#6270 = CARTESIAN_POINT('',(-5.005948475685,-0.849798553802));
#6271 = CARTESIAN_POINT('',(-4.976991669895,-0.984535591234));
#6272 = CARTESIAN_POINT('',(-4.941358291907,-1.117579497996));
#6273 = CARTESIAN_POINT('',(-4.879933367877,-1.308885121377));
#6274 = CARTESIAN_POINT('',(-4.859204584398,-1.368766103349));
#6275 = CARTESIAN_POINT('',(-4.837136752244,-1.428181480795));
#6276 = CARTESIAN_POINT('',(-4.813755413468,-1.487100043196));
#6277 = CARTESIAN_POINT('',(-4.789087491462,-1.545492601411));
#6278 = CARTESIAN_POINT('',(-4.763161290958,-1.60333198768));
#6279 = CARTESIAN_POINT('',(-4.690451358056,-1.756654770117));
#6280 = CARTESIAN_POINT('',(-4.641437878072,-1.851089145631));
#6281 = CARTESIAN_POINT('',(-4.589104657346,-1.943777612625));
#6282 = CARTESIAN_POINT('',(-4.533596350843,-2.034618970522));
#6283 = CARTESIAN_POINT('',(-4.47506082183,-2.123527741339));
#6284 = CARTESIAN_POINT('',(-4.413646294478,-2.21043252331));
#6285 = CARTESIAN_POINT('',(-4.199803282313,-2.493261147126));
#6286 = CARTESIAN_POINT('',(-4.035258565434,-2.679967289968));
#6287 = CARTESIAN_POINT('',(-3.857676316625,-2.854730296003));
#6288 = CARTESIAN_POINT('',(-3.668802230455,-3.017180495262));
#6289 = CARTESIAN_POINT('',(-3.470243879382,-3.16716366017));
#6290 = CARTESIAN_POINT('',(-3.263416713349,-3.304676713261));
#6291 = CARTESIAN_POINT('',(-3.024809680334,-3.444265337859));
#6292 = CARTESIAN_POINT('',(-2.999884986725,-3.458626473888));
#6293 = CARTESIAN_POINT('',(-2.974733070667,-3.47289731207));
#6294 = CARTESIAN_POINT('',(-2.949353468963,-3.487075084276));
#6295 = CARTESIAN_POINT('',(-2.923746018589,-3.501156857575));
#6296 = CARTESIAN_POINT('',(-2.897910856694,-3.515139534233));
#6297 = CARTESIAN_POINT('',(-2.786123714705,-3.57467506712));
#6298 = CARTESIAN_POINT('',(-2.699331965417,-3.618481585383));
#6299 = CARTESIAN_POINT('',(-2.611541633332,-3.660437786674));
#6300 = CARTESIAN_POINT('',(-2.522818311083,-3.70054322225));
#6301 = CARTESIAN_POINT('',(-2.433224723342,-3.738798614444));
#6302 = CARTESIAN_POINT('',(-2.342820726823,-3.775205856674));
#6303 = CARTESIAN_POINT('',(-1.965486612902,-3.918271350324));
#6304 = CARTESIAN_POINT('',(-1.671946838381,-4.008564996541));
#6305 = CARTESIAN_POINT('',(-1.372715065383,-4.080782845675));
#6306 = CARTESIAN_POINT('',(-1.069331503387,-4.135027428295));
#6307 = CARTESIAN_POINT('',(-0.763220243966,-4.171390996079));
#6308 = CARTESIAN_POINT('',(-0.455693226474,-4.189934005781));
#6309 = CARTESIAN_POINT('',(8.261069268582E-02,-4.191135674518));
#6310 = CARTESIAN_POINT('',(0.313246787979,-4.181628649959));
#6311 = CARTESIAN_POINT('',(0.543444860739,-4.16209152078));
#6312 = CARTESIAN_POINT('',(0.772659691298,-4.132489491223));
#6313 = CARTESIAN_POINT('',(1.000320976698,-4.092771738505));
#6314 = CARTESIAN_POINT('',(1.225832275035,-4.042872366273));
#6315 = CARTESIAN_POINT('',(1.536170821792,-3.959036982415));
#6316 = CARTESIAN_POINT('',(1.623341329439,-3.933783907445));
#6317 = CARTESIAN_POINT('',(1.710041070058,-3.90693767561));
#6318 = CARTESIAN_POINT('',(1.796229177315,-3.878493191889));
#6319 = CARTESIAN_POINT('',(1.88186313621,-3.848445317096));
#6320 = CARTESIAN_POINT('',(1.966898783071,-3.816788867879));
#6321 = CARTESIAN_POINT('',(2.164845586574,-3.738750936177));
#6322 = CARTESIAN_POINT('',(2.277233506364,-3.691061855307));
#6323 = CARTESIAN_POINT('',(2.388343234172,-3.640438567671));
#6324 = CARTESIAN_POINT('',(2.498055717831,-3.586869469286));
#6325 = CARTESIAN_POINT('',(2.606243945976,-3.530344816458));
#6326 = CARTESIAN_POINT('',(2.712773210262,-3.470857383614));
#6327 = CARTESIAN_POINT('',(2.961195398115,-3.322711699351));
#6328 = CARTESIAN_POINT('',(3.10149350361,-3.231438022492));
#6329 = CARTESIAN_POINT('',(3.238032290388,-3.134570508485));
#6330 = CARTESIAN_POINT('',(3.37040517289,-3.032116986477));
#6331 = CARTESIAN_POINT('',(3.498168498571,-2.924112786181));
#6332 = CARTESIAN_POINT('',(3.620847672805,-2.810628827224));
#6333 = CARTESIAN_POINT('',(3.834490210608,-2.593786990653));
#6334 = CARTESIAN_POINT('',(3.927238310787,-2.492149813078));
#6335 = CARTESIAN_POINT('',(4.015904571458,-2.386937636077));
#6336 = CARTESIAN_POINT('',(4.100189796115,-2.278245812963));
#6337 = CARTESIAN_POINT('',(4.179786229662,-2.166201202484));
#6338 = CARTESIAN_POINT('',(4.254385183474,-2.050967781252));
#6339 = CARTESIAN_POINT('',(4.361061709851,-1.868992070482));
#6340 = CARTESIAN_POINT('',(4.396897031859,-1.804364632129));
#6341 = CARTESIAN_POINT('',(4.43114314633,-1.738902905402));
#6342 = CARTESIAN_POINT('',(4.463753481164,-1.67264324408));
#6343 = CARTESIAN_POINT('',(4.494682921847,-1.605625641445));
#6344 = CARTESIAN_POINT('',(4.523888360989,-1.537893980287));
#6345 = CARTESIAN_POINT('',(4.609441566449,-1.324648603687));
#6346 = CARTESIAN_POINT('',(4.65964938159,-1.176791390624));
#6347 = CARTESIAN_POINT('',(4.701550820173,-1.026410191769));
#6348 = CARTESIAN_POINT('',(4.734823970211,-0.874036743533));
#6349 = CARTESIAN_POINT('',(4.759233537425,-0.720250010954));
#6350 = CARTESIAN_POINT('',(4.77464779208,-0.565678270063));
#6351 = CARTESIAN_POINT('',(4.787595465462,-0.253635508791));
#6352 = CARTESIAN_POINT('',(4.784814797775,-9.612130559008E-02));
#6353 = CARTESIAN_POINT('',(4.772714727663,6.081976424595E-02));
#6354 = CARTESIAN_POINT('',(4.751431795697,0.216513703824));
#6355 = CARTESIAN_POINT('',(4.721221412822,0.370331225121));
#6356 = CARTESIAN_POINT('',(4.682442005128,0.521687351029));
#6357 = CARTESIAN_POINT('',(4.635550049009,0.670042526692));
#6358 = ( GEOMETRIC_REPRESENTATION_CONTEXT(2) 
PARAMETRIC_REPRESENTATION_CONTEXT() REPRESENTATION_CONTEXT('2D SPACE',''
  ) );
#6359 = PCURVE('',#4736,#6360);
#6360 = DEFINITIONAL_REPRESENTATION('',(#6361),#6520);
#6361 = B_SPLINE_CURVE_WITH_KNOTS('',7,(#6362,#6363,#6364,#6365,#6366,
    #6367,#6368,#6369,#6370,#6371,#6372,#6373,#6374,#6375,#6376,#6377,
    #6378,#6379,#6380,#6381,#6382,#6383,#6384,#6385,#6386,#6387,#6388,
    #6389,#6390,#6391,#6392,#6393,#6394,#6395,#6396,#6397,#6398,#6399,
    #6400,#6401,#6402,#6403,#6404,#6405,#6406,#6407,#6408,#6409,#6410,
    #6411,#6412,#6413,#6414,#6415,#6416,#6417,#6418,#6419,#6420,#6421,
    #6422,#6423,#6424,#6425,#6426,#6427,#6428,#6429,#6430,#6431,#6432,
    #6433,#6434,#6435,#6436,#6437,#6438,#6439,#6440,#6441,#6442,#6443,
    #6444,#6445,#6446,#6447,#6448,#6449,#6450,#6451,#6452,#6453,#6454,
    #6455,#6456,#6457,#6458,#6459,#6460,#6461,#6462,#6463,#6464,#6465,
    #6466,#6467,#6468,#6469,#6470,#6471,#6472,#6473,#6474,#6475,#6476,
    #6477,#6478,#6479,#6480,#6481,#6482,#6483,#6484,#6485,#6486,#6487,
    #6488,#6489,#6490,#6491,#6492,#6493,#6494,#6495,#6496,#6497,#6498,
    #6499,#6500,#6501,#6502,#6503,#6504,#6505,#6506,#6507,#6508,#6509,
    #6510,#6511,#6512,#6513,#6514,#6515,#6516,#6517,#6518,#6519),
  .UNSPECIFIED.,.F.,.F.,(8,6,6,6,6,6,6,6,6,6,6,6,6,6,6,6,6,6,6,6,6,6,6,6
    ,6,6,8),(0.,7.198192536919E-02,0.114214560438,0.144679846156,
    0.16731896799,0.223883621129,0.290934631642,0.296035162593,
    0.386780087204,0.420087633644,0.438257337179,0.476418036994,
    0.511215772444,0.527237848991,0.55411663764,0.616840956225,
    0.624083201249,0.647904432797,0.722688050304,0.778713009445,
    0.800747574463,0.830396775576,0.871077460884,0.904619240242,
    0.922710181164,0.961021862819,1.),.UNSPECIFIED.);
#6362 = CARTESIAN_POINT('',(6.28318530718,-0.876624156079));
#6363 = CARTESIAN_POINT('',(6.201089680468,-0.890275070702));
#6364 = CARTESIAN_POINT('',(6.121731500974,-0.903828474009));
#6365 = CARTESIAN_POINT('',(6.044867544119,-0.917127301119));
#6366 = CARTESIAN_POINT('',(5.970126589982,-0.930042568439));
#6367 = CARTESIAN_POINT('',(5.897176414399,-0.942462531255));
#6368 = CARTESIAN_POINT('',(5.825699550892,-0.95429275884));
#6369 = CARTESIAN_POINT('',(5.714145051646,-0.97200527723));
#6370 = CARTESIAN_POINT('',(5.673289652523,-0.978326613111));
#6371 = CARTESIAN_POINT('',(5.632759070149,-0.98440521476));
#6372 = CARTESIAN_POINT('',(5.592488941986,-0.990227798358));
#6373 = CARTESIAN_POINT('',(5.552418010544,-0.995782351454));
#6374 = CARTESIAN_POINT('',(5.512486771346,-1.001058101071));
#6375 = CARTESIAN_POINT('',(5.443889123462,-1.009643220361));
#6376 = CARTESIAN_POINT('',(5.415184693117,-1.013090818702));
#6377 = CARTESIAN_POINT('',(5.386500904012,-1.016384653541));
#6378 = CARTESIAN_POINT('',(5.357816859651,-1.019521315037));
#6379 = CARTESIAN_POINT('',(5.329112377732,-1.02249762961));
#6380 = CARTESIAN_POINT('',(5.300367674979,-1.025310682769));
#6381 = CARTESIAN_POINT('',(5.250157988685,-1.029924977877));
#6382 = CARTESIAN_POINT('',(5.228719926958,-1.0318004961));
#6383 = CARTESIAN_POINT('',(5.207240928778,-1.033583302112));
#6384 = CARTESIAN_POINT('',(5.185713146679,-1.035272382618));
#6385 = CARTESIAN_POINT('',(5.164128823765,-1.03686680552));
#6386 = CARTESIAN_POINT('',(5.142480293705,-1.038365719911));
#6387 = CARTESIAN_POINT('',(5.066491004301,-1.043272892552));
#6388 = CARTESIAN_POINT('',(5.01177639313,-1.046176311079));
#6389 = CARTESIAN_POINT('',(4.956492953293,-1.048466801687));
#6390 = CARTESIAN_POINT('',(4.90052481951,-1.050135875139));
#6391 = CARTESIAN_POINT('',(4.843755931068,-1.051178766637));
#6392 = CARTESIAN_POINT('',(4.786062507744,-1.051594839515));
#6393 = CARTESIAN_POINT('',(4.657655756826,-1.051142790932));
#6394 = CARTESIAN_POINT('',(4.586519692886,-1.050022245708));
#6395 = CARTESIAN_POINT('',(4.513663692821,-1.048032722757));
#6396 = CARTESIAN_POINT('',(4.4388415356,-1.045188539981));
#6397 = CARTESIAN_POINT('',(4.36177722643,-1.041512915238));
#6398 = CARTESIAN_POINT('',(4.282141828744,-1.037037326374));
#6399 = CARTESIAN_POINT('',(4.193239656836,-1.031400824624));
#6400 = CARTESIAN_POINT('',(4.186960052798,-1.031000227128));
#6401 = CARTESIAN_POINT('',(4.180679058381,-1.030594796286));
#6402 = CARTESIAN_POINT('',(4.174393963374,-1.030182890837));
#6403 = CARTESIAN_POINT('',(4.168105798868,-1.02976391923));
#6404 = CARTESIAN_POINT('',(4.161819337249,-1.029338339629));
#6405 = CARTESIAN_POINT('',(4.04388072045,-1.021245320668));
#6406 = CARTESIAN_POINT('',(3.939335019798,-1.012088234564));
#6407 = CARTESIAN_POINT('',(3.840500561592,-1.001477471292));
#6408 = CARTESIAN_POINT('',(3.746340706631,-0.989485059193));
#6409 = CARTESIAN_POINT('',(3.655951224709,-0.976217773755));
#6410 = CARTESIAN_POINT('',(3.568524084643,-0.961805532906));
#6411 = CARTESIAN_POINT('',(3.451999110451,-0.940743868058));
#6412 = CARTESIAN_POINT('',(3.421018155078,-0.934956851505));
#6413 = CARTESIAN_POINT('',(3.390310642127,-0.929046550538));
#6414 = CARTESIAN_POINT('',(3.359847304894,-0.923022712953));
#6415 = CARTESIAN_POINT('',(3.329601832606,-0.916896152297));
#6416 = CARTESIAN_POINT('',(3.299551044435,-0.910678832989));
#6417 = CARTESIAN_POINT('',(3.253377323971,-0.900950017146));
#6418 = CARTESIAN_POINT('',(3.237131642501,-0.897493005018));
#6419 = CARTESIAN_POINT('',(3.220934920123,-0.894015084417));
#6420 = CARTESIAN_POINT('',(3.204784274271,-0.890518511781));
#6421 = CARTESIAN_POINT('',(3.18867708933,-0.887005638837));
#6422 = CARTESIAN_POINT('',(3.17261106718,-0.883478916823));
#6423 = CARTESIAN_POINT('',(3.122924207324,-0.872510225181));
#6424 = CARTESIAN_POINT('',(3.089432600359,-0.865028713792));
#6425 = CARTESIAN_POINT('',(3.056098014649,-0.857521422853));
#6426 = CARTESIAN_POINT('',(3.022907297425,-0.850013512877));
#6427 = CARTESIAN_POINT('',(2.989848545576,-0.842530268393));
#6428 = CARTESIAN_POINT('',(2.956914850184,-0.835097226597));
#6429 = CARTESIAN_POINT('',(2.89419387686,-0.821031932245));
#6430 = CARTESIAN_POINT('',(2.864379952104,-0.81438567278));
#6431 = CARTESIAN_POINT('',(2.834668006553,-0.80782118934));
#6432 = CARTESIAN_POINT('',(2.805054578984,-0.801355809328));
#6433 = CARTESIAN_POINT('',(2.775534087947,-0.795004908151));
#6434 = CARTESIAN_POINT('',(2.746101128171,-0.788782182725));
#6435 = CARTESIAN_POINT('',(2.703239770129,-0.779899443918));
#6436 = CARTESIAN_POINT('',(2.689744126326,-0.777128623718));
#6437 = CARTESIAN_POINT('',(2.676265113405,-0.774388576433));
#6438 = CARTESIAN_POINT('',(2.66280190191,-0.771680315448));
#6439 = CARTESIAN_POINT('',(2.64935355509,-0.76900475548));
#6440 = CARTESIAN_POINT('',(2.635919028903,-0.766362712581));
#6441 = CARTESIAN_POINT('',(2.599980536707,-0.759380019775));
#6442 = CARTESIAN_POINT('',(2.577499513316,-0.755101479457));
#6443 = CARTESIAN_POINT('',(2.55504861814,-0.750922682152));
#6444 = CARTESIAN_POINT('',(2.532621317046,-0.7468462456));
#6445 = CARTESIAN_POINT('',(2.510210174968,-0.742874113623));
#6446 = CARTESIAN_POINT('',(2.487807005402,-0.739007663449));
#6447 = CARTESIAN_POINT('',(2.413121098156,-0.726473829264));
#6448 = CARTESIAN_POINT('',(2.360846883258,-0.718282410852));
#6449 = CARTESIAN_POINT('',(2.308448194916,-0.710681200271));
#6450 = CARTESIAN_POINT('',(2.255785827295,-0.703667627819));
#6451 = CARTESIAN_POINT('',(2.202714400346,-0.697232825086));
#6452 = CARTESIAN_POINT('',(2.149073129599,-0.691364368447));
#6453 = CARTESIAN_POINT('',(2.08838464409,-0.685433999568));
#6454 = CARTESIAN_POINT('',(2.082100666166,-0.684824222491));
#6455 = CARTESIAN_POINT('',(2.075816212655,-0.684218622906));
#6456 = CARTESIAN_POINT('',(2.069532249572,-0.683617309133));
#6457 = CARTESIAN_POINT('',(2.063249076972,-0.683020396231));
#6458 = CARTESIAN_POINT('',(2.05696632895,-0.682428006005));
#6459 = CARTESIAN_POINT('',(2.030015727349,-0.679907072686));
#6460 = CARTESIAN_POINT('',(2.009684563506,-0.678055586506));
#6461 = CARTESIAN_POINT('',(1.98967070541,-0.676285337032));
#6462 = CARTESIAN_POINT('',(1.969956395141,-0.674595845495));
#6463 = CARTESIAN_POINT('',(1.95052489356,-0.672986625789));
#6464 = CARTESIAN_POINT('',(1.931360480314,-0.671457184468));
#6465 = CARTESIAN_POINT('',(1.853076638735,-0.665454422833));
#6466 = CARTESIAN_POINT('',(1.796204147195,-0.661684200176));
#6467 = CARTESIAN_POINT('',(1.741349874177,-0.658679123087));
#6468 = CARTESIAN_POINT('',(1.688144799505,-0.656427014046));
#6469 = CARTESIAN_POINT('',(1.636280108034,-0.654919016856));
#6470 = CARTESIAN_POINT('',(1.58547272948,-0.654150069533));
#6471 = CARTESIAN_POINT('',(1.497971951767,-0.654100238441));
#6472 = CARTESIAN_POINT('',(1.460941859683,-0.654494478607));
#6473 = CARTESIAN_POINT('',(1.424244921633,-0.655304622457));
#6474 = CARTESIAN_POINT('',(1.387779197414,-0.656532871682));
#6475 = CARTESIAN_POINT('',(1.351447927741,-0.658182877374));
#6476 = CARTESIAN_POINT('',(1.315153819365,-0.66025978697));
#6477 = CARTESIAN_POINT('',(1.264493150992,-0.663758336547));
#6478 = CARTESIAN_POINT('',(1.250182828761,-0.66481302122));
#6479 = CARTESIAN_POINT('',(1.235856606619,-0.665935241153));
#6480 = CARTESIAN_POINT('',(1.221508393527,-0.667125443459));
#6481 = CARTESIAN_POINT('',(1.207132028275,-0.668384104679));
#6482 = CARTESIAN_POINT('',(1.19272127949,-0.669711730777));
#6483 = CARTESIAN_POINT('',(1.158824330434,-0.672988798071));
#6484 = CARTESIAN_POINT('',(1.13930529447,-0.6749945548));
#6485 = CARTESIAN_POINT('',(1.119697083663,-0.677127440775));
#6486 = CARTESIAN_POINT('',(1.099984012288,-0.679388819011));
#6487 = CARTESIAN_POINT('',(1.080150079961,-0.681780085006));
#6488 = CARTESIAN_POINT('',(1.060178688637,-0.684302649658));
#6489 = CARTESIAN_POINT('',(1.012437691184,-0.690601133519));
#6490 = CARTESIAN_POINT('',(0.984532308611,-0.694494051651));
#6491 = CARTESIAN_POINT('',(0.956290546499,-0.698640353241));
#6492 = CARTESIAN_POINT('',(0.927666421444,-0.703043386113));
#6493 = CARTESIAN_POINT('',(0.898612403702,-0.707705842655));
#6494 = CARTESIAN_POINT('',(0.869078188867,-0.712629433232));
#6495 = CARTESIAN_POINT('',(0.814217400741,-0.722089766949));
#6496 = CARTESIAN_POINT('',(0.789062672292,-0.726542647998));
#6497 = CARTESIAN_POINT('',(0.763516200329,-0.731173174557));
#6498 = CARTESIAN_POINT('',(0.737548152569,-0.735980478929));
#6499 = CARTESIAN_POINT('',(0.711128147376,-0.740962536618));
#6500 = CARTESIAN_POINT('',(0.684225452812,-0.746115849025));
#6501 = CARTESIAN_POINT('',(0.642022073095,-0.754304107164));
#6502 = CARTESIAN_POINT('',(0.627085626216,-0.757221355409));
#6503 = CARTESIAN_POINT('',(0.611995149757,-0.760186013221));
#6504 = CARTESIAN_POINT('',(0.596745891159,-0.76319707896));
#6505 = CARTESIAN_POINT('',(0.581333101538,-0.766253387551));
#6506 = CARTESIAN_POINT('',(0.565752096593,-0.769353591023));
#6507 = CARTESIAN_POINT('',(0.516636107617,-0.779151199187));
#6508 = CARTESIAN_POINT('',(0.482493901405,-0.785997198312));
#6509 = CARTESIAN_POINT('',(0.447535050664,-0.793018082592));
#6510 = CARTESIAN_POINT('',(0.411717753638,-0.800195335137));
#6511 = CARTESIAN_POINT('',(0.374996029595,-0.807507605112));
#6512 = CARTESIAN_POINT('',(0.3373246136,-0.814930133069));
#6513 = CARTESIAN_POINT('',(0.259338469638,-0.830068345975));
#6514 = CARTESIAN_POINT('',(0.218979343058,-0.837788802177));
#6515 = CARTESIAN_POINT('',(0.177552880611,-0.845564743294));
#6516 = CARTESIAN_POINT('',(0.135006956877,-0.853366077064));
#6517 = CARTESIAN_POINT('',(9.127863506137E-02,-0.86116292646));
#6518 = CARTESIAN_POINT('',(4.629913981489E-02,-0.868925504762));
#6519 = CARTESIAN_POINT('',(0.,-0.876624156079));
#6520 = ( GEOMETRIC_REPRESENTATION_CONTEXT(2) 
PARAMETRIC_REPRESENTATION_CONTEXT() REPRESENTATION_CONTEXT('2D SPACE',''
  ) );
#6521 = ORIENTED_EDGE('',*,*,#6522,.F.);
#6522 = EDGE_CURVE('',#5023,#6035,#6523,.T.);
#6523 = SURFACE_CURVE('',#6524,(#6695,#6869),.PCURVE_S1.);
#6524 = B_SPLINE_CURVE_WITH_KNOTS('',8,(#6525,#6526,#6527,#6528,#6529,
    #6530,#6531,#6532,#6533,#6534,#6535,#6536,#6537,#6538,#6539,#6540,
    #6541,#6542,#6543,#6544,#6545,#6546,#6547,#6548,#6549,#6550,#6551,
    #6552,#6553,#6554,#6555,#6556,#6557,#6558,#6559,#6560,#6561,#6562,
    #6563,#6564,#6565,#6566,#6567,#6568,#6569,#6570,#6571,#6572,#6573,
    #6574,#6575,#6576,#6577,#6578,#6579,#6580,#6581,#6582,#6583,#6584,
    #6585,#6586,#6587,#6588,#6589,#6590,#6591,#6592,#6593,#6594,#6595,
    #6596,#6597,#6598,#6599,#6600,#6601,#6602,#6603,#6604,#6605,#6606,
    #6607,#6608,#6609,#6610,#6611,#6612,#6613,#6614,#6615,#6616,#6617,
    #6618,#6619,#6620,#6621,#6622,#6623,#6624,#6625,#6626,#6627,#6628,
    #6629,#6630,#6631,#6632,#6633,#6634,#6635,#6636,#6637,#6638,#6639,
    #6640,#6641,#6642,#6643,#6644,#6645,#6646,#6647,#6648,#6649,#6650,
    #6651,#6652,#6653,#6654,#6655,#6656,#6657,#6658,#6659,#6660,#6661,
    #6662,#6663,#6664,#6665,#6666,#6667,#6668,#6669,#6670,#6671,#6672,
    #6673,#6674,#6675,#6676,#6677,#6678,#6679,#6680,#6681,#6682,#6683,
    #6684,#6685,#6686,#6687,#6688,#6689,#6690,#6691,#6692,#6693,#6694),
  .UNSPECIFIED.,.T.,.F.,(9,7,7,7,7,7,7,7,7,7,7,7,7,7,7,7,7,7,7,7,7,7,7,7
    ,9),(0.,4.735112687092E-02,8.39127975237E-02,0.229274096355,
    0.277322145907,0.283848300768,0.342716427303,0.411279895679,
    0.437404266316,0.477561575499,0.500858194262,0.532458340001,
    0.593158717481,0.601097290974,0.62627029213,0.716428719539,
    0.787287713613,0.81175184005,0.842082360019,0.877140664407,
    0.902171985625,0.940096171134,0.964078922372,0.976271196306,1.),
  .UNSPECIFIED.);
#6525 = CARTESIAN_POINT('',(-0.194802203148,-3.196152422707,3.));
#6526 = CARTESIAN_POINT('',(-0.234852196037,-3.139875153968,3.));
#6527 = CARTESIAN_POINT('',(-0.278643152905,-3.085478698671,3.));
#6528 = CARTESIAN_POINT('',(-0.325824047876,-3.033116586858,3.));
#6529 = CARTESIAN_POINT('',(-0.376039391263,-2.98288498896,3.));
#6530 = CARTESIAN_POINT('',(-0.428948079219,-2.934834724442,3.));
#6531 = CARTESIAN_POINT('',(-0.484237142425,-2.888981408708,3.));
#6532 = CARTESIAN_POINT('',(-0.541630393802,-2.845313738297,3.));
#6533 = CARTESIAN_POINT('',(-0.646650177155,-2.771745455243,3.));
#6534 = CARTESIAN_POINT('',(-0.693518446076,-2.740977870383,3.));
#6535 = CARTESIAN_POINT('',(-0.741386673139,-2.711483140797,3.));
#6536 = CARTESIAN_POINT('',(-0.790153390041,-2.683244144108,3.));
#6537 = CARTESIAN_POINT('',(-0.839725800975,-2.65624123473,3.));
#6538 = CARTESIAN_POINT('',(-0.890019814556,-2.630452824074,3.));
#6539 = CARTESIAN_POINT('',(-0.94096007574,-2.605855960754,3.));
#6540 = CARTESIAN_POINT('',(-1.19731207039,-2.489278072917,3.));
#6541 = CARTESIAN_POINT('',(-1.410950942397,-2.414749994939,3.));
#6542 = CARTESIAN_POINT('',(-1.629608649534,-2.357034862237,3.));
#6543 = CARTESIAN_POINT('',(-1.850540844129,-2.31495041077,3.));
#6544 = CARTESIAN_POINT('',(-2.071517375159,-2.287372414479,3.));
#6545 = CARTESIAN_POINT('',(-2.291023535036,-2.273391841304,3.));
#6546 = CARTESIAN_POINT('',(-2.507858966854,-2.272328809681,3.));
#6547 = CARTESIAN_POINT('',(-2.791384986135,-2.287497183067,3.));
#6548 = CARTESIAN_POINT('',(-2.86138845158,-2.292625905536,3.));
#6549 = CARTESIAN_POINT('',(-2.930912645853,-2.299096612152,3.));
#6550 = CARTESIAN_POINT('',(-2.999908084841,-2.306892410451,3.));
#6551 = CARTESIAN_POINT('',(-3.068322661275,-2.315997265328,3.));
#6552 = CARTESIAN_POINT('',(-3.136101207372,-2.326395239757,3.));
#6553 = CARTESIAN_POINT('',(-3.203185057471,-2.338069735504,3.));
#6554 = CARTESIAN_POINT('',(-3.278520454139,-2.352759366025,3.));
#6555 = CARTESIAN_POINT('',(-3.287504174315,-2.354536970972,3.));
#6556 = CARTESIAN_POINT('',(-3.296494775173,-2.356341885903,3.));
#6557 = CARTESIAN_POINT('',(-3.305503648411,-2.358176548316,3.));
#6558 = CARTESIAN_POINT('',(-3.314529322973,-2.360040955679,3.));
#6559 = CARTESIAN_POINT('',(-3.323565214571,-2.361934125116,3.));
#6560 = CARTESIAN_POINT('',(-3.33260737521,-2.36385555309,3.));
#6561 = CARTESIAN_POINT('',(-3.423340213522,-2.383406456169,3.));
#6562 = CARTESIAN_POINT('',(-3.505880519705,-2.403391340015,3.));
#6563 = CARTESIAN_POINT('',(-3.58906876234,-2.425904212518,3.));
#6564 = CARTESIAN_POINT('',(-3.672665021543,-2.451089174597,3.));
#6565 = CARTESIAN_POINT('',(-3.756405523192,-2.479090542927,3.));
#6566 = CARTESIAN_POINT('',(-3.840002684727,-2.51005487396,3.));
#6567 = CARTESIAN_POINT('',(-3.923143540031,-2.544136011206,3.));
#6568 = CARTESIAN_POINT('',(-4.10139110566,-2.625024517644,3.));
#6569 = CARTESIAN_POINT('',(-4.196132863979,-2.672966947742,3.));
#6570 = CARTESIAN_POINT('',(-4.289253817476,-2.725621564008,3.));
#6571 = CARTESIAN_POINT('',(-4.380134968674,-2.783279109439,3.));
#6572 = CARTESIAN_POINT('',(-4.467986195176,-2.846216949166,3.));
#6573 = CARTESIAN_POINT('',(-4.551848414336,-2.914682257202,3.));
#6574 = CARTESIAN_POINT('',(-4.630588994525,-2.988883399555,3.));
#6575 = CARTESIAN_POINT('',(-4.730412731206,-3.099528498211,3.));
#6576 = CARTESIAN_POINT('',(-4.757004854916,-3.130901775925,3.));
#6577 = CARTESIAN_POINT('',(-4.782569978475,-3.163123942928,3.));
#6578 = CARTESIAN_POINT('',(-4.807022916946,-3.196192005207,3.));
#6579 = CARTESIAN_POINT('',(-4.830272830585,-3.230096252135,3.));
#6580 = CARTESIAN_POINT('',(-4.852224995686,-3.264819123337,3.));
#6581 = CARTESIAN_POINT('',(-4.872782575423,-3.300334075541,3.));
#6582 = CARTESIAN_POINT('',(-4.921155578601,-3.392357777973,3.));
#6583 = CARTESIAN_POINT('',(-4.946956367545,-3.449930310232,3.));
#6584 = CARTESIAN_POINT('',(-4.96886655024,-3.509145444791,3.));
#6585 = CARTESIAN_POINT('',(-4.986528984572,-3.569776822075,3.));
#6586 = CARTESIAN_POINT('',(-4.999632356822,-3.631544581245,3.));
#6587 = CARTESIAN_POINT('',(-5.007937454813,-3.694112036289,3.));
#6588 = CARTESIAN_POINT('',(-5.011310950978,-3.757082771312,3.));
#6589 = CARTESIAN_POINT('',(-5.008870820238,-3.856497505655,3.));
#6590 = CARTESIAN_POINT('',(-5.0063195754,-3.892988849376,3.));
#6591 = CARTESIAN_POINT('',(-5.002114083698,-3.929388008932,3.));
#6592 = CARTESIAN_POINT('',(-4.996270334515,-3.965615927192,3.));
#6593 = CARTESIAN_POINT('',(-4.988817535136,-4.001598684563,3.));
#6594 = CARTESIAN_POINT('',(-4.979796462112,-4.03726751642,3.));
#6595 = CARTESIAN_POINT('',(-4.969257812626,-4.072558830531,3.));
#6596 = CARTESIAN_POINT('',(-4.940987161593,-4.154692996552,3.));
#6597 = CARTESIAN_POINT('',(-4.922028756512,-4.201173680052,3.));
#6598 = CARTESIAN_POINT('',(-4.900528735973,-4.246720526704,3.));
#6599 = CARTESIAN_POINT('',(-4.876650423883,-4.291229113127,3.));
#6600 = CARTESIAN_POINT('',(-4.850565720131,-4.33462179241,3.));
#6601 = CARTESIAN_POINT('',(-4.822446134794,-4.376843799502,3.));
#6602 = CARTESIAN_POINT('',(-4.792456209136,-4.417860010428,3.));
#6603 = CARTESIAN_POINT('',(-4.699843910164,-4.534089039356,3.));
#6604 = CARTESIAN_POINT('',(-4.632650905453,-4.605949687457,3.));
#6605 = CARTESIAN_POINT('',(-4.560192890505,-4.673220442866,3.));
#6606 = CARTESIAN_POINT('',(-4.483371548342,-4.735968287593,3.));
#6607 = CARTESIAN_POINT('',(-4.402956918218,-4.794320989688,3.));
#6608 = CARTESIAN_POINT('',(-4.319578328405,-4.84844840124,3.));
#6609 = CARTESIAN_POINT('',(-4.233717007304,-4.89854510713,3.));
#6610 = CARTESIAN_POINT('',(-4.134189299132,-4.950865661611,3.));
#6611 = CARTESIAN_POINT('',(-4.122621347245,-4.956862602446,3.));
#6612 = CARTESIAN_POINT('',(-4.110965228352,-4.962820695268,3.));
#6613 = CARTESIAN_POINT('',(-4.099199957857,-4.968750008925,3.));
#6614 = CARTESIAN_POINT('',(-4.08731485542,-4.974655232853,3.));
#6615 = CARTESIAN_POINT('',(-4.075309544967,-4.980535677079,3.));
#6616 = CARTESIAN_POINT('',(-4.063193954679,-4.98638527222,3.));
#6617 = CARTESIAN_POINT('',(-4.012284571091,-5.010607351532,3.));
#6618 = CARTESIAN_POINT('',(-3.973140761377,-5.028381872647,3.));
#6619 = CARTESIAN_POINT('',(-3.933586295283,-5.045520899842,3.));
#6620 = CARTESIAN_POINT('',(-3.893648741689,-5.062029411098,3.));
#6621 = CARTESIAN_POINT('',(-3.853353830939,-5.077912595358,3.));
#6622 = CARTESIAN_POINT('',(-3.812725454835,-5.093175852529,3.));
#6623 = CARTESIAN_POINT('',(-3.771785666642,-5.107824793484,3.));
#6624 = CARTESIAN_POINT('',(-3.582883738091,-5.172151837807,3.));
#6625 = CARTESIAN_POINT('',(-3.431547625421,-5.214607961629,3.));
#6626 = CARTESIAN_POINT('',(-3.27739033538,-5.249535615221,3.));
#6627 = CARTESIAN_POINT('',(-3.121119963013,-5.277153131533,3.));
#6628 = CARTESIAN_POINT('',(-2.963342785234,-5.297625266027,3.));
#6629 = CARTESIAN_POINT('',(-2.804575694247,-5.31106828315,3.));
#6630 = CARTESIAN_POINT('',(-2.64524968408,-5.317535094446,3.));
#6631 = CARTESIAN_POINT('',(-2.360334254244,-5.316553564482,3.));
#6632 = CARTESIAN_POINT('',(-2.234882571524,-5.311787634386,3.));
#6633 = CARTESIAN_POINT('',(-2.109550667839,-5.302675566901,3.));
#6634 = CARTESIAN_POINT('',(-1.984547853096,-5.289171485424,3.));
#6635 = CARTESIAN_POINT('',(-1.860104876772,-5.271202566979,3.));
#6636 = CARTESIAN_POINT('',(-1.736476320177,-5.248668499932,3.));
#6637 = CARTESIAN_POINT('',(-1.613944624323,-5.221433618699,3.));
#6638 = CARTESIAN_POINT('',(-1.451009362828,-5.178221601767,3.));
#6639 = CARTESIAN_POINT('',(-1.409363801808,-5.166549541668,3.));
#6640 = CARTESIAN_POINT('',(-1.367902885101,-5.154288255702,3.));
#6641 = CARTESIAN_POINT('',(-1.326641661946,-5.141429924236,3.));
#6642 = CARTESIAN_POINT('',(-1.285596416063,-5.127966187486,3.));
#6643 = CARTESIAN_POINT('',(-1.244784665652,-5.113888145516,3.));
#6644 = CARTESIAN_POINT('',(-1.204225163395,-5.099186358238,3.));
#6645 = CARTESIAN_POINT('',(-1.113989914157,-5.064837941796,3.));
#6646 = CARTESIAN_POINT('',(-1.064461874264,-5.044851448374,3.));
#6647 = CARTESIAN_POINT('',(-1.015391053814,-5.023871802338,3.));
#6648 = CARTESIAN_POINT('',(-0.966819887216,-5.001878711204,3.));
#6649 = CARTESIAN_POINT('',(-0.918796115968,-4.978851112901,3.));
#6650 = CARTESIAN_POINT('',(-0.871372938371,-4.954767135847,3.));
#6651 = CARTESIAN_POINT('',(-0.824609159253,-4.929604059029,3.));
#6652 = CARTESIAN_POINT('',(-0.725353041032,-4.87297829295,3.));
#6653 = CARTESIAN_POINT('',(-0.67310981644,-4.841148280659,3.));
#6654 = CARTESIAN_POINT('',(-0.621935496032,-4.807810224259,3.));
#6655 = CARTESIAN_POINT('',(-0.571945465521,-4.77292855932,3.));
#6656 = CARTESIAN_POINT('',(-0.523273887126,-4.736471691651,3.));
#6657 = CARTESIAN_POINT('',(-0.476072920489,-4.698413521012,3.));
#6658 = CARTESIAN_POINT('',(-0.430511943601,-4.658734964828,3.));
#6659 = CARTESIAN_POINT('',(-0.355550246805,-4.587930874144,3.));
#6660 = CARTESIAN_POINT('',(-0.325257339425,-4.557607442449,3.));
#6661 = CARTESIAN_POINT('',(-0.295966493818,-4.526453098616,3.));
#6662 = CARTESIAN_POINT('',(-0.267753351021,-4.494470653497,3.));
#6663 = CARTESIAN_POINT('',(-0.240699193582,-4.461668949931,3.));
#6664 = CARTESIAN_POINT('',(-0.214889388279,-4.428063995673,3.));
#6665 = CARTESIAN_POINT('',(-0.190411828834,-4.393680096322,3.));
#6666 = CARTESIAN_POINT('',(-0.132423259485,-4.305327956225,3.));
#6667 = CARTESIAN_POINT('',(-0.100733862379,-4.250365386474,3.));
#6668 = CARTESIAN_POINT('',(-7.262706260904E-02,-4.193816841299,3.));
#6669 = CARTESIAN_POINT('',(-4.842248367823E-02,-4.135879869556,3.));
#6670 = CARTESIAN_POINT('',(-2.840391629721E-02,-4.076801352936,3.));
#6671 = CARTESIAN_POINT('',(-1.279687963647E-02,-4.016882162567,3.));
#6672 = CARTESIAN_POINT('',(-1.739324820633E-03,-3.956481125924,3.));
#6673 = CARTESIAN_POINT('',(8.861140132383E-03,-3.857782418546,3.));
#6674 = CARTESIAN_POINT('',(1.114383526587E-02,-3.819510750929,3.));
#6675 = CARTESIAN_POINT('',(1.159779857344E-02,-3.781305227136,3.));
#6676 = CARTESIAN_POINT('',(1.023831109414E-02,-3.743262427997,3.));
#6677 = CARTESIAN_POINT('',(7.098555414089E-03,-3.705473322474,3.));
#6678 = CARTESIAN_POINT('',(2.227430012945E-03,-3.668023000871,3.));
#6679 = CARTESIAN_POINT('',(-4.312636389631E-03,-3.630990408051,3.));
#6680 = CARTESIAN_POINT('',(-1.658363463123E-02,-3.575870803742,3.));
#6681 = CARTESIAN_POINT('',(-2.113201686059E-02,-3.557419142151,3.));
#6682 = CARTESIAN_POINT('',(-2.608332717908E-02,-3.539101898354,3.));
#6683 = CARTESIAN_POINT('',(-3.142749721571E-02,-3.520927186289,3.));
#6684 = CARTESIAN_POINT('',(-3.715408022505E-02,-3.502902427355,3.));
#6685 = CARTESIAN_POINT('',(-4.325225108719E-02,-3.485034350407,3.));
#6686 = CARTESIAN_POINT('',(-4.971080630774E-02,-3.46732899176,3.));
#6687 = CARTESIAN_POINT('',(-6.976675535169E-02,-3.415660320672,3.));
#6688 = CARTESIAN_POINT('',(-8.433672683031E-02,-3.382166429284,3.));
#6689 = CARTESIAN_POINT('',(-0.100144393245,-3.349348143462,3.));
#6690 = CARTESIAN_POINT('',(-0.117104517376,-3.317234717344,3.));
#6691 = CARTESIAN_POINT('',(-0.13513194708,-3.285847396065,3.));
#6692 = CARTESIAN_POINT('',(-0.154143252375,-3.255200275046,3.));
#6693 = CARTESIAN_POINT('',(-0.174058362529,-3.225301159297,3.));
#6694 = CARTESIAN_POINT('',(-0.194802203148,-3.196152422707,3.));
#6695 = PCURVE('',#385,#6696);
#6696 = DEFINITIONAL_REPRESENTATION('',(#6697),#6868);
#6697 = B_SPLINE_CURVE_WITH_KNOTS('',8,(#6698,#6699,#6700,#6701,#6702,
    #6703,#6704,#6705,#6706,#6707,#6708,#6709,#6710,#6711,#6712,#6713,
    #6714,#6715,#6716,#6717,#6718,#6719,#6720,#6721,#6722,#6723,#6724,
    #6725,#6726,#6727,#6728,#6729,#6730,#6731,#6732,#6733,#6734,#6735,
    #6736,#6737,#6738,#6739,#6740,#6741,#6742,#6743,#6744,#6745,#6746,
    #6747,#6748,#6749,#6750,#6751,#6752,#6753,#6754,#6755,#6756,#6757,
    #6758,#6759,#6760,#6761,#6762,#6763,#6764,#6765,#6766,#6767,#6768,
    #6769,#6770,#6771,#6772,#6773,#6774,#6775,#6776,#6777,#6778,#6779,
    #6780,#6781,#6782,#6783,#6784,#6785,#6786,#6787,#6788,#6789,#6790,
    #6791,#6792,#6793,#6794,#6795,#6796,#6797,#6798,#6799,#6800,#6801,
    #6802,#6803,#6804,#6805,#6806,#6807,#6808,#6809,#6810,#6811,#6812,
    #6813,#6814,#6815,#6816,#6817,#6818,#6819,#6820,#6821,#6822,#6823,
    #6824,#6825,#6826,#6827,#6828,#6829,#6830,#6831,#6832,#6833,#6834,
    #6835,#6836,#6837,#6838,#6839,#6840,#6841,#6842,#6843,#6844,#6845,
    #6846,#6847,#6848,#6849,#6850,#6851,#6852,#6853,#6854,#6855,#6856,
    #6857,#6858,#6859,#6860,#6861,#6862,#6863,#6864,#6865,#6866,#6867),
  .UNSPECIFIED.,.T.,.F.,(9,7,7,7,7,7,7,7,7,7,7,7,7,7,7,7,7,7,7,7,7,7,7,7
    ,9),(0.,4.735112687092E-02,8.39127975237E-02,0.229274096355,
    0.277322145907,0.283848300768,0.342716427303,0.411279895679,
    0.437404266316,0.477561575499,0.500858194262,0.532458340001,
    0.593158717481,0.601097290974,0.62627029213,0.716428719539,
    0.787287713613,0.81175184005,0.842082360019,0.877140664407,
    0.902171985625,0.940096171134,0.964078922372,0.976271196306,1.),
  .UNSPECIFIED.);
#6698 = CARTESIAN_POINT('',(-0.328932099162,-3.196152422707));
#6699 = CARTESIAN_POINT('',(-0.368982092051,-3.139875153968));
#6700 = CARTESIAN_POINT('',(-0.412773048919,-3.085478698671));
#6701 = CARTESIAN_POINT('',(-0.45995394389,-3.033116586858));
#6702 = CARTESIAN_POINT('',(-0.510169287277,-2.98288498896));
#6703 = CARTESIAN_POINT('',(-0.563077975233,-2.934834724442));
#6704 = CARTESIAN_POINT('',(-0.618367038439,-2.888981408708));
#6705 = CARTESIAN_POINT('',(-0.675760289816,-2.845313738297));
#6706 = CARTESIAN_POINT('',(-0.78078007317,-2.771745455243));
#6707 = CARTESIAN_POINT('',(-0.82764834209,-2.740977870383));
#6708 = CARTESIAN_POINT('',(-0.875516569153,-2.711483140797));
#6709 = CARTESIAN_POINT('',(-0.924283286055,-2.683244144108));
#6710 = CARTESIAN_POINT('',(-0.97385569699,-2.65624123473));
#6711 = CARTESIAN_POINT('',(-1.02414971057,-2.630452824074));
#6712 = CARTESIAN_POINT('',(-1.075089971754,-2.605855960754));
#6713 = CARTESIAN_POINT('',(-1.331441966404,-2.489278072917));
#6714 = CARTESIAN_POINT('',(-1.545080838411,-2.414749994939));
#6715 = CARTESIAN_POINT('',(-1.763738545548,-2.357034862237));
#6716 = CARTESIAN_POINT('',(-1.984670740143,-2.31495041077));
#6717 = CARTESIAN_POINT('',(-2.205647271174,-2.287372414479));
#6718 = CARTESIAN_POINT('',(-2.42515343105,-2.273391841304));
#6719 = CARTESIAN_POINT('',(-2.641988862868,-2.272328809681));
#6720 = CARTESIAN_POINT('',(-2.925514882149,-2.287497183067));
#6721 = CARTESIAN_POINT('',(-2.995518347594,-2.292625905536));
#6722 = CARTESIAN_POINT('',(-3.065042541867,-2.299096612152));
#6723 = CARTESIAN_POINT('',(-3.134037980855,-2.306892410451));
#6724 = CARTESIAN_POINT('',(-3.202452557289,-2.315997265328));
#6725 = CARTESIAN_POINT('',(-3.270231103386,-2.326395239757));
#6726 = CARTESIAN_POINT('',(-3.337314953485,-2.338069735504));
#6727 = CARTESIAN_POINT('',(-3.412650350154,-2.352759366025));
#6728 = CARTESIAN_POINT('',(-3.42163407033,-2.354536970972));
#6729 = CARTESIAN_POINT('',(-3.430624671188,-2.356341885903));
#6730 = CARTESIAN_POINT('',(-3.439633544426,-2.358176548316));
#6731 = CARTESIAN_POINT('',(-3.448659218987,-2.360040955679));
#6732 = CARTESIAN_POINT('',(-3.457695110585,-2.361934125116));
#6733 = CARTESIAN_POINT('',(-3.466737271225,-2.36385555309));
#6734 = CARTESIAN_POINT('',(-3.557470109537,-2.383406456169));
#6735 = CARTESIAN_POINT('',(-3.640010415719,-2.403391340015));
#6736 = CARTESIAN_POINT('',(-3.723198658354,-2.425904212518));
#6737 = CARTESIAN_POINT('',(-3.806794917558,-2.451089174597));
#6738 = CARTESIAN_POINT('',(-3.890535419207,-2.479090542927));
#6739 = CARTESIAN_POINT('',(-3.974132580742,-2.51005487396));
#6740 = CARTESIAN_POINT('',(-4.057273436046,-2.544136011206));
#6741 = CARTESIAN_POINT('',(-4.235521001675,-2.625024517644));
#6742 = CARTESIAN_POINT('',(-4.330262759993,-2.672966947742));
#6743 = CARTESIAN_POINT('',(-4.42338371349,-2.725621564008));
#6744 = CARTESIAN_POINT('',(-4.514264864688,-2.783279109439));
#6745 = CARTESIAN_POINT('',(-4.602116091191,-2.846216949166));
#6746 = CARTESIAN_POINT('',(-4.68597831035,-2.914682257202));
#6747 = CARTESIAN_POINT('',(-4.764718890539,-2.988883399555));
#6748 = CARTESIAN_POINT('',(-4.864542627221,-3.099528498211));
#6749 = CARTESIAN_POINT('',(-4.89113475093,-3.130901775925));
#6750 = CARTESIAN_POINT('',(-4.916699874489,-3.163123942928));
#6751 = CARTESIAN_POINT('',(-4.94115281296,-3.196192005207));
#6752 = CARTESIAN_POINT('',(-4.9644027266,-3.230096252135));
#6753 = CARTESIAN_POINT('',(-4.9863548917,-3.264819123337));
#6754 = CARTESIAN_POINT('',(-5.006912471438,-3.300334075541));
#6755 = CARTESIAN_POINT('',(-5.055285474615,-3.392357777973));
#6756 = CARTESIAN_POINT('',(-5.08108626356,-3.449930310232));
#6757 = CARTESIAN_POINT('',(-5.102996446255,-3.509145444791));
#6758 = CARTESIAN_POINT('',(-5.120658880586,-3.569776822075));
#6759 = CARTESIAN_POINT('',(-5.133762252836,-3.631544581245));
#6760 = CARTESIAN_POINT('',(-5.142067350827,-3.694112036289));
#6761 = CARTESIAN_POINT('',(-5.145440846993,-3.757082771312));
#6762 = CARTESIAN_POINT('',(-5.143000716253,-3.856497505655));
#6763 = CARTESIAN_POINT('',(-5.140449471415,-3.892988849376));
#6764 = CARTESIAN_POINT('',(-5.136243979713,-3.929388008932));
#6765 = CARTESIAN_POINT('',(-5.13040023053,-3.965615927192));
#6766 = CARTESIAN_POINT('',(-5.12294743115,-4.001598684563));
#6767 = CARTESIAN_POINT('',(-5.113926358126,-4.03726751642));
#6768 = CARTESIAN_POINT('',(-5.103387708641,-4.072558830531));
#6769 = CARTESIAN_POINT('',(-5.075117057608,-4.154692996552));
#6770 = CARTESIAN_POINT('',(-5.056158652526,-4.201173680052));
#6771 = CARTESIAN_POINT('',(-5.034658631987,-4.246720526704));
#6772 = CARTESIAN_POINT('',(-5.010780319898,-4.291229113127));
#6773 = CARTESIAN_POINT('',(-4.984695616145,-4.33462179241));
#6774 = CARTESIAN_POINT('',(-4.956576030808,-4.376843799502));
#6775 = CARTESIAN_POINT('',(-4.92658610515,-4.417860010428));
#6776 = CARTESIAN_POINT('',(-4.833973806179,-4.534089039356));
#6777 = CARTESIAN_POINT('',(-4.766780801467,-4.605949687457));
#6778 = CARTESIAN_POINT('',(-4.694322786519,-4.673220442866));
#6779 = CARTESIAN_POINT('',(-4.617501444356,-4.735968287593));
#6780 = CARTESIAN_POINT('',(-4.537086814232,-4.794320989688));
#6781 = CARTESIAN_POINT('',(-4.45370822442,-4.84844840124));
#6782 = CARTESIAN_POINT('',(-4.367846903318,-4.89854510713));
#6783 = CARTESIAN_POINT('',(-4.268319195146,-4.950865661611));
#6784 = CARTESIAN_POINT('',(-4.256751243259,-4.956862602446));
#6785 = CARTESIAN_POINT('',(-4.245095124367,-4.962820695268));
#6786 = CARTESIAN_POINT('',(-4.233329853871,-4.968750008925));
#6787 = CARTESIAN_POINT('',(-4.221444751435,-4.974655232853));
#6788 = CARTESIAN_POINT('',(-4.209439440981,-4.980535677079));
#6789 = CARTESIAN_POINT('',(-4.197323850694,-4.98638527222));
#6790 = CARTESIAN_POINT('',(-4.146414467105,-5.010607351532));
#6791 = CARTESIAN_POINT('',(-4.107270657392,-5.028381872647));
#6792 = CARTESIAN_POINT('',(-4.067716191297,-5.045520899842));
#6793 = CARTESIAN_POINT('',(-4.027778637703,-5.062029411098));
#6794 = CARTESIAN_POINT('',(-3.987483726953,-5.077912595358));
#6795 = CARTESIAN_POINT('',(-3.946855350849,-5.093175852529));
#6796 = CARTESIAN_POINT('',(-3.905915562656,-5.107824793484));
#6797 = CARTESIAN_POINT('',(-3.717013634105,-5.172151837807));
#6798 = CARTESIAN_POINT('',(-3.565677521435,-5.214607961629));
#6799 = CARTESIAN_POINT('',(-3.411520231394,-5.249535615221));
#6800 = CARTESIAN_POINT('',(-3.255249859028,-5.277153131533));
#6801 = CARTESIAN_POINT('',(-3.097472681248,-5.297625266027));
#6802 = CARTESIAN_POINT('',(-2.938705590262,-5.31106828315));
#6803 = CARTESIAN_POINT('',(-2.779379580094,-5.317535094446));
#6804 = CARTESIAN_POINT('',(-2.494464150259,-5.316553564482));
#6805 = CARTESIAN_POINT('',(-2.369012467538,-5.311787634386));
#6806 = CARTESIAN_POINT('',(-2.243680563854,-5.302675566901));
#6807 = CARTESIAN_POINT('',(-2.118677749111,-5.289171485424));
#6808 = CARTESIAN_POINT('',(-1.994234772786,-5.271202566979));
#6809 = CARTESIAN_POINT('',(-1.870606216191,-5.248668499932));
#6810 = CARTESIAN_POINT('',(-1.748074520338,-5.221433618699));
#6811 = CARTESIAN_POINT('',(-1.585139258843,-5.178221601767));
#6812 = CARTESIAN_POINT('',(-1.543493697822,-5.166549541668));
#6813 = CARTESIAN_POINT('',(-1.502032781116,-5.154288255702));
#6814 = CARTESIAN_POINT('',(-1.460771557961,-5.141429924236));
#6815 = CARTESIAN_POINT('',(-1.419726312077,-5.127966187486));
#6816 = CARTESIAN_POINT('',(-1.378914561666,-5.113888145516));
#6817 = CARTESIAN_POINT('',(-1.33835505941,-5.099186358238));
#6818 = CARTESIAN_POINT('',(-1.248119810172,-5.064837941796));
#6819 = CARTESIAN_POINT('',(-1.198591770278,-5.044851448374));
#6820 = CARTESIAN_POINT('',(-1.149520949828,-5.023871802338));
#6821 = CARTESIAN_POINT('',(-1.100949783231,-5.001878711204));
#6822 = CARTESIAN_POINT('',(-1.052926011982,-4.978851112901));
#6823 = CARTESIAN_POINT('',(-1.005502834386,-4.954767135847));
#6824 = CARTESIAN_POINT('',(-0.958739055267,-4.929604059029));
#6825 = CARTESIAN_POINT('',(-0.859482937047,-4.87297829295));
#6826 = CARTESIAN_POINT('',(-0.807239712454,-4.841148280659));
#6827 = CARTESIAN_POINT('',(-0.756065392046,-4.807810224259));
#6828 = CARTESIAN_POINT('',(-0.706075361536,-4.77292855932));
#6829 = CARTESIAN_POINT('',(-0.65740378314,-4.736471691651));
#6830 = CARTESIAN_POINT('',(-0.610202816503,-4.698413521012));
#6831 = CARTESIAN_POINT('',(-0.564641839615,-4.658734964828));
#6832 = CARTESIAN_POINT('',(-0.489680142819,-4.587930874144));
#6833 = CARTESIAN_POINT('',(-0.459387235439,-4.557607442449));
#6834 = CARTESIAN_POINT('',(-0.430096389833,-4.526453098616));
#6835 = CARTESIAN_POINT('',(-0.401883247035,-4.494470653497));
#6836 = CARTESIAN_POINT('',(-0.374829089596,-4.461668949931));
#6837 = CARTESIAN_POINT('',(-0.349019284293,-4.428063995673));
#6838 = CARTESIAN_POINT('',(-0.324541724848,-4.393680096322));
#6839 = CARTESIAN_POINT('',(-0.266553155499,-4.305327956225));
#6840 = CARTESIAN_POINT('',(-0.234863758393,-4.250365386474));
#6841 = CARTESIAN_POINT('',(-0.206756958623,-4.193816841299));
#6842 = CARTESIAN_POINT('',(-0.182552379693,-4.135879869556));
#6843 = CARTESIAN_POINT('',(-0.162533812312,-4.076801352936));
#6844 = CARTESIAN_POINT('',(-0.146926775651,-4.016882162567));
#6845 = CARTESIAN_POINT('',(-0.135869220835,-3.956481125924));
#6846 = CARTESIAN_POINT('',(-0.125268755882,-3.857782418546));
#6847 = CARTESIAN_POINT('',(-0.122986060749,-3.819510750929));
#6848 = CARTESIAN_POINT('',(-0.122532097441,-3.781305227136));
#6849 = CARTESIAN_POINT('',(-0.12389158492,-3.743262427997));
#6850 = CARTESIAN_POINT('',(-0.1270313406,-3.705473322474));
#6851 = CARTESIAN_POINT('',(-0.131902466001,-3.668023000871));
#6852 = CARTESIAN_POINT('',(-0.138442532404,-3.630990408051));
#6853 = CARTESIAN_POINT('',(-0.150713530646,-3.575870803742));
#6854 = CARTESIAN_POINT('',(-0.155261912875,-3.557419142151));
#6855 = CARTESIAN_POINT('',(-0.160213223193,-3.539101898354));
#6856 = CARTESIAN_POINT('',(-0.16555739323,-3.520927186289));
#6857 = CARTESIAN_POINT('',(-0.171283976239,-3.502902427355));
#6858 = CARTESIAN_POINT('',(-0.177382147102,-3.485034350407));
#6859 = CARTESIAN_POINT('',(-0.183840702322,-3.46732899176));
#6860 = CARTESIAN_POINT('',(-0.203896651366,-3.415660320672));
#6861 = CARTESIAN_POINT('',(-0.218466622845,-3.382166429284));
#6862 = CARTESIAN_POINT('',(-0.234274289259,-3.349348143462));
#6863 = CARTESIAN_POINT('',(-0.251234413391,-3.317234717344));
#6864 = CARTESIAN_POINT('',(-0.269261843094,-3.285847396065));
#6865 = CARTESIAN_POINT('',(-0.288273148389,-3.255200275046));
#6866 = CARTESIAN_POINT('',(-0.308188258544,-3.225301159297));
#6867 = CARTESIAN_POINT('',(-0.328932099162,-3.196152422707));
#6868 = ( GEOMETRIC_REPRESENTATION_CONTEXT(2) 
PARAMETRIC_REPRESENTATION_CONTEXT() REPRESENTATION_CONTEXT('2D SPACE',''
  ) );
#6869 = PCURVE('',#4162,#6870);
#6870 = DEFINITIONAL_REPRESENTATION('',(#6871),#7042);
#6871 = B_SPLINE_CURVE_WITH_KNOTS('',8,(#6872,#6873,#6874,#6875,#6876,
    #6877,#6878,#6879,#6880,#6881,#6882,#6883,#6884,#6885,#6886,#6887,
    #6888,#6889,#6890,#6891,#6892,#6893,#6894,#6895,#6896,#6897,#6898,
    #6899,#6900,#6901,#6902,#6903,#6904,#6905,#6906,#6907,#6908,#6909,
    #6910,#6911,#6912,#6913,#6914,#6915,#6916,#6917,#6918,#6919,#6920,
    #6921,#6922,#6923,#6924,#6925,#6926,#6927,#6928,#6929,#6930,#6931,
    #6932,#6933,#6934,#6935,#6936,#6937,#6938,#6939,#6940,#6941,#6942,
    #6943,#6944,#6945,#6946,#6947,#6948,#6949,#6950,#6951,#6952,#6953,
    #6954,#6955,#6956,#6957,#6958,#6959,#6960,#6961,#6962,#6963,#6964,
    #6965,#6966,#6967,#6968,#6969,#6970,#6971,#6972,#6973,#6974,#6975,
    #6976,#6977,#6978,#6979,#6980,#6981,#6982,#6983,#6984,#6985,#6986,
    #6987,#6988,#6989,#6990,#6991,#6992,#6993,#6994,#6995,#6996,#6997,
    #6998,#6999,#7000,#7001,#7002,#7003,#7004,#7005,#7006,#7007,#7008,
    #7009,#7010,#7011,#7012,#7013,#7014,#7015,#7016,#7017,#7018,#7019,
    #7020,#7021,#7022,#7023,#7024,#7025,#7026,#7027,#7028,#7029,#7030,
    #7031,#7032,#7033,#7034,#7035,#7036,#7037,#7038,#7039,#7040,#7041),
  .UNSPECIFIED.,.F.,.F.,(9,7,7,7,7,7,7,7,7,7,7,7,7,7,7,7,7,7,7,7,7,7,7,7
    ,9),(0.,4.735112687092E-02,8.39127975237E-02,0.229274096355,
    0.277322145907,0.283848300768,0.342716427303,0.411279895679,
    0.437404266316,0.477561575499,0.500858194262,0.532458340001,
    0.593158717481,0.601097290974,0.62627029213,0.716428719539,
    0.787287713613,0.81175184005,0.842082360019,0.877140664407,
    0.902171985625,0.940096171134,0.964078922372,0.976271196306,1.),
  .UNSPECIFIED.);
#6872 = CARTESIAN_POINT('',(6.28318530718,-1.078014469104));
#6873 = CARTESIAN_POINT('',(6.235661050796,-1.086776008587));
#6874 = CARTESIAN_POINT('',(6.189070314843,-1.095432647842));
#6875 = CARTESIAN_POINT('',(6.143352187603,-1.103953237321));
#6876 = CARTESIAN_POINT('',(6.098431627949,-1.11231176785));
#6877 = CARTESIAN_POINT('',(6.054226690874,-1.120486669618));
#6878 = CARTESIAN_POINT('',(6.01065237226,-1.128460217078));
#6879 = CARTESIAN_POINT('',(5.967621072904,-1.136218039733));
#6880 = CARTESIAN_POINT('',(5.892160912026,-1.149563488301));
#6881 = CARTESIAN_POINT('',(5.859553211472,-1.155242329214));
#6882 = CARTESIAN_POINT('',(5.827174796193,-1.160779866371));
#6883 = CARTESIAN_POINT('',(5.794986477236,-1.1661709998));
#6884 = CARTESIAN_POINT('',(5.76295120348,-1.171410913193));
#6885 = CARTESIAN_POINT('',(5.731033604483,-1.17649506234));
#6886 = CARTESIAN_POINT('',(5.699199533338,-1.181419163573));
#6887 = CARTESIAN_POINT('',(5.541049599278,-1.205103987287));
#6888 = CARTESIAN_POINT('',(5.415695390156,-1.221402568565));
#6889 = CARTESIAN_POINT('',(5.288974731164,-1.234876529943));
#6890 = CARTESIAN_POINT('',(5.159537943137,-1.245249823252));
#6891 = CARTESIAN_POINT('',(5.026406584538,-1.252255797038));
#6892 = CARTESIAN_POINT('',(4.88927809567,-1.255811981298));
#6893 = CARTESIAN_POINT('',(4.747876794051,-1.256046272642));
#6894 = CARTESIAN_POINT('',(4.553271592027,-1.252248874692));
#6895 = CARTESIAN_POINT('',(4.504411099831,-1.250968409174));
#6896 = CARTESIAN_POINT('',(4.455021048713,-1.249359833952));
#6897 = CARTESIAN_POINT('',(4.40508593654,-1.247433795499));
#6898 = CARTESIAN_POINT('',(4.35458821609,-1.245202361534));
#6899 = CARTESIAN_POINT('',(4.303507553818,-1.242678776511));
#6900 = CARTESIAN_POINT('',(4.251820088629,-1.239877217103));
#6901 = CARTESIAN_POINT('',(4.192390969867,-1.23639628714));
#6902 = CARTESIAN_POINT('',(4.185258107466,-1.235975702765));
#6903 = CARTESIAN_POINT('',(4.178141186805,-1.235549321846));
#6904 = CARTESIAN_POINT('',(4.171055292671,-1.235116599532));
#6905 = CARTESIAN_POINT('',(4.163998718522,-1.234677571646));
#6906 = CARTESIAN_POINT('',(4.156963173741,-1.234232507499));
#6907 = CARTESIAN_POINT('',(4.149943990887,-1.233781562702));
#6908 = CARTESIAN_POINT('',(4.079865170338,-1.229200958075));
#6909 = CARTESIAN_POINT('',(4.018606648682,-1.224581581689));
#6910 = CARTESIAN_POINT('',(3.959107815733,-1.219459284111));
#6911 = CARTESIAN_POINT('',(3.90128093948,-1.213832119018));
#6912 = CARTESIAN_POINT('',(3.845019586167,-1.20770268425));
#6913 = CARTESIAN_POINT('',(3.790199858167,-1.201076989977));
#6914 = CARTESIAN_POINT('',(3.736680791709,-1.193962723238));
#6915 = CARTESIAN_POINT('',(3.623300777833,-1.177520094683));
#6916 = CARTESIAN_POINT('',(3.563898153207,-1.168027485693));
#6917 = CARTESIAN_POINT('',(3.505789869957,-1.157894772749));
#6918 = CARTESIAN_POINT('',(3.448713251155,-1.147133316439));
#6919 = CARTESIAN_POINT('',(3.392421041436,-1.13576125386));
#6920 = CARTESIAN_POINT('',(3.336666689787,-1.123803341606));
#6921 = CARTESIAN_POINT('',(3.281189140347,-1.111289157514));
#6922 = CARTESIAN_POINT('',(3.204534185702,-1.093280770582));
#6923 = CARTESIAN_POINT('',(3.1833897715,-1.088238012994));
#6924 = CARTESIAN_POINT('',(3.16223751692,-1.083123809496));
#6925 = CARTESIAN_POINT('',(3.141066689488,-1.077941733794));
#6926 = CARTESIAN_POINT('',(3.119868437999,-1.07269619274));
#6927 = CARTESIAN_POINT('',(3.098635881464,-1.067392484288));
#6928 = CARTESIAN_POINT('',(3.077364198051,-1.062036855446));
#6929 = CARTESIAN_POINT('',(3.023288502097,-1.048335448298));
#6930 = CARTESIAN_POINT('',(2.990407510391,-1.039923691278));
#6931 = CARTESIAN_POINT('',(2.95742570679,-1.031434412673));
#6932 = CARTESIAN_POINT('',(2.924365672989,-1.022904566855));
#6933 = CARTESIAN_POINT('',(2.891256387771,-1.014374636919));
#6934 = CARTESIAN_POINT('',(2.858138540571,-1.005888516312));
#6935 = CARTESIAN_POINT('',(2.825073375327,-0.997493574236));
#6936 = CARTESIAN_POINT('',(2.773058034695,-0.984453251034));
#6937 = CARTESIAN_POINT('',(2.754004933338,-0.979712090913));
#6938 = CARTESIAN_POINT('',(2.735011295353,-0.975026730799));
#6939 = CARTESIAN_POINT('',(2.71609031952,-0.970405360105));
#6940 = CARTESIAN_POINT('',(2.697253407988,-0.965855146892));
#6941 = CARTESIAN_POINT('',(2.678510705678,-0.961382333444));
#6942 = CARTESIAN_POINT('',(2.659871639681,-0.956992331842));
#6943 = CARTESIAN_POINT('',(2.616216060005,-0.946853778826));
#6944 = CARTESIAN_POINT('',(2.591292198232,-0.941178215783));
#6945 = CARTESIAN_POINT('',(2.566591199144,-0.935673544416));
#6946 = CARTESIAN_POINT('',(2.542121670088,-0.930346022334));
#6947 = CARTESIAN_POINT('',(2.517886113965,-0.925198722834));
#6948 = CARTESIAN_POINT('',(2.493882531444,-0.920232289685));
#6949 = CARTESIAN_POINT('',(2.470105011412,-0.915445474621));
#6950 = CARTESIAN_POINT('',(2.401283892017,-0.901980125652));
#6951 = CARTESIAN_POINT('',(2.356856377212,-0.893784133799));
#6952 = CARTESIAN_POINT('',(2.313126605124,-0.886213952281));
#6953 = CARTESIAN_POINT('',(2.269978411431,-0.879233836388));
#6954 = CARTESIAN_POINT('',(2.227303607534,-0.872807067123));
#6955 = CARTESIAN_POINT('',(2.184991402009,-0.866897064721));
#6956 = CARTESIAN_POINT('',(2.142917263547,-0.861468374967));
#6957 = CARTESIAN_POINT('',(2.095440168117,-0.855836118554));
#6958 = CARTESIAN_POINT('',(2.089941865887,-0.855191162016));
#6959 = CARTESIAN_POINT('',(2.084440043331,-0.85455098324));
#6960 = CARTESIAN_POINT('',(2.078937545662,-0.853914485373));
#6961 = CARTESIAN_POINT('',(2.07343633868,-0.853281150152));
#6962 = CARTESIAN_POINT('',(2.067937508774,-0.852651037902));
#6963 = CARTESIAN_POINT('',(2.062441262917,-0.85202478754));
#6964 = CARTESIAN_POINT('',(2.039524543848,-0.849433900283));
#6965 = CARTESIAN_POINT('',(2.022395611373,-0.847538198273));
#6966 = CARTESIAN_POINT('',(2.005545151255,-0.845715264069));
#6967 = CARTESIAN_POINT('',(1.988958874952,-0.843963882686));
#6968 = CARTESIAN_POINT('',(1.972623185369,-0.842282870624));
#6969 = CARTESIAN_POINT('',(1.956525176857,-0.840671075872));
#6970 = CARTESIAN_POINT('',(1.940652635217,-0.839127377905));
#6971 = CARTESIAN_POINT('',(1.868911947236,-0.832361843999));
#6972 = CARTESIAN_POINT('',(1.815599411151,-0.827935114557));
#6973 = CARTESIAN_POINT('',(1.764479554273,-0.824316414168));
#6974 = CARTESIAN_POINT('',(1.715134530301,-0.821468054405));
#6975 = CARTESIAN_POINT('',(1.667221571715,-0.819362883983));
#6976 = CARTESIAN_POINT('',(1.620438491551,-0.817982499192));
#6977 = CARTESIAN_POINT('',(1.574506689555,-0.81731838188));
#6978 = CARTESIAN_POINT('',(1.493484055982,-0.817419181293));
#6979 = CARTESIAN_POINT('',(1.458193912943,-0.817908631417));
#6980 = CARTESIAN_POINT('',(1.423135527998,-0.818844491317));
#6981 = CARTESIAN_POINT('',(1.388185986385,-0.820232862971));
#6982 = CARTESIAN_POINT('',(1.35322737838,-0.822083879069));
#6983 = CARTESIAN_POINT('',(1.31813922626,-0.824411960726));
#6984 = CARTESIAN_POINT('',(1.282789176558,-0.82723708571));
#6985 = CARTESIAN_POINT('',(1.234673295589,-0.831743651054));
#6986 = CARTESIAN_POINT('',(1.222275518871,-0.832962742515));
#6987 = CARTESIAN_POINT('',(1.209822627469,-0.834245437034));
#6988 = CARTESIAN_POINT('',(1.19730834723,-0.835592933237));
#6989 = CARTESIAN_POINT('',(1.184726129808,-0.8370065329));
#6990 = CARTESIAN_POINT('',(1.172069152669,-0.838487640949));
#6991 = CARTESIAN_POINT('',(1.159330319086,-0.840037765459));
#6992 = CARTESIAN_POINT('',(1.130598082717,-0.843667919345));
#6993 = CARTESIAN_POINT('',(1.114557112707,-0.845785836132));
#6994 = CARTESIAN_POINT('',(1.09836463328,-0.848015421673));
#6995 = CARTESIAN_POINT('',(1.082005613388,-0.850360037449));
#6996 = CARTESIAN_POINT('',(1.06546435876,-0.852823284565));
#6997 = CARTESIAN_POINT('',(1.048724164882,-0.855409035542));
#6998 = CARTESIAN_POINT('',(1.031766969986,-0.858121466104));
#6999 = CARTESIAN_POINT('',(0.994698928972,-0.864251958619));
#7000 = CARTESIAN_POINT('',(0.974510668379,-0.867713758199));
#7001 = CARTESIAN_POINT('',(0.953976324838,-0.871357620771));
#7002 = CARTESIAN_POINT('',(0.933063966307,-0.875190862558));
#7003 = CARTESIAN_POINT('',(0.911740819897,-0.879220880279));
#7004 = CARTESIAN_POINT('',(0.889972461664,-0.883455050484));
#7005 = CARTESIAN_POINT('',(0.867722006385,-0.887900628884));
#7006 = CARTESIAN_POINT('',(0.828689783238,-0.895894719546));
#7007 = CARTESIAN_POINT('',(0.812165426514,-0.899335859224));
#7008 = CARTESIAN_POINT('',(0.795362523274,-0.902890410724));
#7009 = CARTESIAN_POINT('',(0.77826780534,-0.906560373606));
#7010 = CARTESIAN_POINT('',(0.760868651132,-0.910347247136));
#7011 = CARTESIAN_POINT('',(0.743153296534,-0.914251872433));
#7012 = CARTESIAN_POINT('',(0.725111045765,-0.918274274619));
#7013 = CARTESIAN_POINT('',(0.678887685486,-0.928684725672));
#7014 = CARTESIAN_POINT('',(0.650255939456,-0.935227514157));
#7015 = CARTESIAN_POINT('',(0.620823375236,-0.942034386999));
#7016 = CARTESIAN_POINT('',(0.590581282166,-0.949092953282));
#7017 = CARTESIAN_POINT('',(0.559526317288,-0.95638485889));
#7018 = CARTESIAN_POINT('',(0.527666380125,-0.963884317408));
#7019 = CARTESIAN_POINT('',(0.495032152773,-0.971556227617));
#7020 = CARTESIAN_POINT('',(0.440611893351,-0.984285007888));
#7021 = CARTESIAN_POINT('',(0.419242065742,-0.989267845975));
#7022 = CARTESIAN_POINT('',(0.397600163577,-0.994291190563));
#7023 = CARTESIAN_POINT('',(0.375699725499,-0.999343942784));
#7024 = CARTESIAN_POINT('',(0.353553143445,-1.004415136866));
#7025 = CARTESIAN_POINT('',(0.331172318385,-1.009493970811));
#7026 = CARTESIAN_POINT('',(0.308569316068,-1.014569837062));
#7027 = CARTESIAN_POINT('',(0.27415978246,-1.022206018835));
#7028 = CARTESIAN_POINT('',(0.262507756707,-1.024776390197));
#7029 = CARTESIAN_POINT('',(0.25080216295,-1.027342201756));
#7030 = CARTESIAN_POINT('',(0.23904406187,-1.029902250515));
#7031 = CARTESIAN_POINT('',(0.227234357377,-1.032455395992));
#7032 = CARTESIAN_POINT('',(0.215373796609,-1.035000560217));
#7033 = CARTESIAN_POINT('',(0.203462969936,-1.037536727733));
#7034 = CARTESIAN_POINT('',(0.168224280085,-1.044979512267));
#7035 = CARTESIAN_POINT('',(0.144758101964,-1.049858276075));
#7036 = CARTESIAN_POINT('',(0.121105924527,-1.054692435958));
#7037 = CARTESIAN_POINT('',(9.726804195181E-02,-1.059476054021));
#7038 = CARTESIAN_POINT('',(7.324288640895E-02,-1.064204018178));
#7039 = CARTESIAN_POINT('',(4.902701979359E-02,-1.0688720048));
#7040 = CARTESIAN_POINT('',(2.46151254679E-02,-1.073476441366));
#7041 = CARTESIAN_POINT('',(0.,-1.078014469104));
#7042 = ( GEOMETRIC_REPRESENTATION_CONTEXT(2) 
PARAMETRIC_REPRESENTATION_CONTEXT() REPRESENTATION_CONTEXT('2D SPACE',''
  ) );
#7043 = ADVANCED_FACE('',(#7044),#4736,.F.);
#7044 = FACE_BOUND('',#7045,.F.);
#7045 = EDGE_LOOP('',(#7046,#7047,#7048,#7049));
#7046 = ORIENTED_EDGE('',*,*,#4554,.F.);
#7047 = ORIENTED_EDGE('',*,*,#4892,.F.);
#7048 = ORIENTED_EDGE('',*,*,#6034,.F.);
#7049 = ORIENTED_EDGE('',*,*,#7050,.F.);
#7050 = EDGE_CURVE('',#3449,#6035,#7051,.T.);
#7051 = SURFACE_CURVE('',#7052,(#7160,#7271),.PCURVE_S1.);
#7052 = B_SPLINE_CURVE_WITH_KNOTS('',8,(#7053,#7054,#7055,#7056,#7057,
    #7058,#7059,#7060,#7061,#7062,#7063,#7064,#7065,#7066,#7067,#7068,
    #7069,#7070,#7071,#7072,#7073,#7074,#7075,#7076,#7077,#7078,#7079,
    #7080,#7081,#7082,#7083,#7084,#7085,#7086,#7087,#7088,#7089,#7090,
    #7091,#7092,#7093,#7094,#7095,#7096,#7097,#7098,#7099,#7100,#7101,
    #7102,#7103,#7104,#7105,#7106,#7107,#7108,#7109,#7110,#7111,#7112,
    #7113,#7114,#7115,#7116,#7117,#7118,#7119,#7120,#7121,#7122,#7123,
    #7124,#7125,#7126,#7127,#7128,#7129,#7130,#7131,#7132,#7133,#7134,
    #7135,#7136,#7137,#7138,#7139,#7140,#7141,#7142,#7143,#7144,#7145,
    #7146,#7147,#7148,#7149,#7150,#7151,#7152,#7153,#7154,#7155,#7156,
    #7157,#7158,#7159),.UNSPECIFIED.,.F.,.F.,(9,7,7,7,7,7,7,7,7,7,7,7,7,
    7,7,9),(0.,2.378935088554E-02,0.141772418275,0.175437453831,
    0.199310500317,0.29558277704,0.400817936135,0.472142271406,
    0.575320362343,0.794030180452,0.850201365775,0.907428227661,
    0.947429383117,0.95930773855,0.981821388814,1.),.UNSPECIFIED.);
#7053 = CARTESIAN_POINT('',(1.331411077485,-5.864607329547,
    6.817154600475));
#7054 = CARTESIAN_POINT('',(1.338087106376,-5.865321769071,
    6.795823414874));
#7055 = CARTESIAN_POINT('',(1.344615489131,-5.865930857814,
    6.774448187145));
#7056 = CARTESIAN_POINT('',(1.350996028703,-5.866433938181,6.75303078344
    ));
#7057 = CARTESIAN_POINT('',(1.357228552429,-5.866830383804,
    6.731573079039));
#7058 = CARTESIAN_POINT('',(1.363312912036,-5.867119599532,
    6.710076958357));
#7059 = CARTESIAN_POINT('',(1.369248983638,-5.867301021442,
    6.688544314937));
#7060 = CARTESIAN_POINT('',(1.375036667737,-5.867374116831,
    6.666977051456));
#7061 = CARTESIAN_POINT('',(1.408643721941,-5.867161143424,
    6.538252261389));
#7062 = CARTESIAN_POINT('',(1.432960130627,-5.864307230819,
    6.430319313481));
#7063 = CARTESIAN_POINT('',(1.453615323829,-5.858715159396,
    6.321816450217));
#7064 = CARTESIAN_POINT('',(1.470613580452,-5.850344211839,
    6.212980366832));
#7065 = CARTESIAN_POINT('',(1.48397033848,-5.83917503234,6.104045427303)
  );
#7066 = CARTESIAN_POINT('',(1.493709283685,-5.825210218426,
    5.995242852062));
#7067 = CARTESIAN_POINT('',(1.499859438354,-5.808474912776,
    5.886799905723));
#7068 = CARTESIAN_POINT('',(1.503192128112,-5.783465420215,
    5.748162312094));
#7069 = CARTESIAN_POINT('',(1.503642622376,-5.777690335944,
    5.717424830974));
#7070 = CARTESIAN_POINT('',(1.503804235428,-5.771693039073,
    5.686731767548));
#7071 = CARTESIAN_POINT('',(1.503677495596,-5.765474569402,
    5.656088202332));
#7072 = CARTESIAN_POINT('',(1.503262956902,-5.759036109686,5.62549917025
    ));
#7073 = CARTESIAN_POINT('',(1.502561199054,-5.752378985638,
    5.594969660633));
#7074 = CARTESIAN_POINT('',(1.501572827453,-5.74550466593,5.564504617216
    ));
#7075 = CARTESIAN_POINT('',(1.499394783972,-5.733387064809,5.51255430602
    ));
#7076 = CARTESIAN_POINT('',(1.498346808388,-5.728248322297,
    5.491023266447));
#7077 = CARTESIAN_POINT('',(1.497154506916,-5.722998907317,
    5.469517617876));
#7078 = CARTESIAN_POINT('',(1.495817846565,-5.717639228862,
    5.448039149767));
#7079 = CARTESIAN_POINT('',(1.494336800872,-5.712169732254,
    5.426589642597));
#7080 = CARTESIAN_POINT('',(1.492711349902,-5.706590899148,
    5.405170867853));
#7081 = CARTESIAN_POINT('',(1.490941480249,-5.700903247525,
    5.383784588032));
#7082 = CARTESIAN_POINT('',(1.481307498048,-5.671734269264,
    5.276326716632));
#7083 = CARTESIAN_POINT('',(1.471238839725,-5.646600340588,
    5.190776930908));
#7084 = CARTESIAN_POINT('',(1.458821188496,-5.619742077196,
    5.105899398421));
#7085 = CARTESIAN_POINT('',(1.444055770504,-5.591205391724,
    5.021806386902));
#7086 = CARTESIAN_POINT('',(1.426945729127,-5.561045027927,
    4.938606174864));
#7087 = CARTESIAN_POINT('',(1.407496794497,-5.529324010705,
    4.856402993618));
#7088 = CARTESIAN_POINT('',(1.385717953022,-5.496113096118,
    4.775296969267));
#7089 = CARTESIAN_POINT('',(1.335283032109,-5.423643978053,
    4.608031308125));
#7090 = CARTESIAN_POINT('',(1.306174798482,-5.384109414583,
    4.522101519028));
#7091 = CARTESIAN_POINT('',(1.27431474338,-5.342988404488,4.437720740415
    ));
#7092 = CARTESIAN_POINT('',(1.239725279785,-5.300391254096,
    4.355005149777));
#7093 = CARTESIAN_POINT('',(1.20243503321,-5.256435075925,4.274061274212
    ));
#7094 = CARTESIAN_POINT('',(1.162479968602,-5.211242162048,
    4.194986205533));
#7095 = CARTESIAN_POINT('',(1.119904517245,-5.164938357451,
    4.117867815379));
#7096 = CARTESIAN_POINT('',(1.044167325501,-5.085602302541,
    3.991896631399));
#7097 = CARTESIAN_POINT('',(1.012392547123,-5.053100731515,
    3.941942662115));
#7098 = CARTESIAN_POINT('',(0.979454905832,-5.020186734113,
    3.892947017435));
#7099 = CARTESIAN_POINT('',(0.945372511749,-4.98689987078,3.844931348464
    ));
#7100 = CARTESIAN_POINT('',(0.910165047815,-4.953279248617,
    3.797915002439));
#7101 = CARTESIAN_POINT('',(0.873853769793,-4.91936352138,3.751915022733
    ));
#7102 = CARTESIAN_POINT('',(0.836461506265,-4.885190889482,
    3.706946148853));
#7103 = CARTESIAN_POINT('',(0.742392384834,-4.801047665445,
    3.599478342341));
#7104 = CARTESIAN_POINT('',(0.684560138687,-4.750836087538,3.53811909519
    ));
#7105 = CARTESIAN_POINT('',(0.624589805403,-4.700277923399,
    3.478981841573));
#7106 = CARTESIAN_POINT('',(0.562560391667,-4.649481194819,
    3.422094479185));
#7107 = CARTESIAN_POINT('',(0.49855520158,-4.598547955743,3.367475251421
    ));
#7108 = CARTESIAN_POINT('',(0.432661012599,-4.547573859753,
    3.315133961957));
#7109 = CARTESIAN_POINT('',(0.364967251475,-4.496647727558,
    3.265073189345));
#7110 = CARTESIAN_POINT('',(0.14845138993,-4.338176015004,3.116000892042
    ));
#7111 = CARTESIAN_POINT('',(-6.332668289739E-03,-4.231087575077,
    3.024947411774));
#7112 = CARTESIAN_POINT('',(-0.167932425376,-4.12535399263,
    2.944083594102));
#7113 = CARTESIAN_POINT('',(-0.335475711531,-4.021593873358,
    2.873233452739));
#7114 = CARTESIAN_POINT('',(-0.508111230231,-3.920282498042,
    2.812149677707));
#7115 = CARTESIAN_POINT('',(-0.685023278352,-3.821780112285,
    2.760544000637));
#7116 = CARTESIAN_POINT('',(-0.865470001087,-3.726345261061,
    2.718113304576));
#7117 = CARTESIAN_POINT('',(-1.095814034297,-3.610501835814,
    2.675938527203));
#7118 = CARTESIAN_POINT('',(-1.143067932941,-3.587046210288,
    2.667906080956));
#7119 = CARTESIAN_POINT('',(-1.190493534401,-3.563810527669,
    2.66045428043));
#7120 = CARTESIAN_POINT('',(-1.238077689415,-3.540798425541,
    2.653578134522));
#7121 = CARTESIAN_POINT('',(-1.285806081345,-3.518013886938,
    2.647272783483));
#7122 = CARTESIAN_POINT('',(-1.333662957951,-3.495461311938,
    2.641533392955));
#7123 = CARTESIAN_POINT('',(-1.381630632572,-3.473145673755,
    2.636355029259));
#7124 = CARTESIAN_POINT('',(-1.478650076529,-3.428585007507,
    2.62702312521));
#7125 = CARTESIAN_POINT('',(-1.527685999336,-3.40635804705,
    2.622892536677));
#7126 = CARTESIAN_POINT('',(-1.576794587898,-3.3843885681,2.619332529339
    ));
#7127 = CARTESIAN_POINT('',(-1.625953941614,-3.362682727402,
    2.616337731777));
#7128 = CARTESIAN_POINT('',(-1.675118312376,-3.341256666673,
    2.613903445536));
#7129 = CARTESIAN_POINT('',(-1.724216115465,-3.320136417874,
    2.612023814399));
#7130 = CARTESIAN_POINT('',(-1.773142570809,-3.299359766598,
    2.610689461252));
#7131 = CARTESIAN_POINT('',(-1.855708757193,-3.264739188747,
    2.60932050842));
#7132 = CARTESIAN_POINT('',(-1.889445828597,-3.250720718343,
    2.60901670633));
#7133 = CARTESIAN_POINT('',(-1.922952722944,-3.23692210362,
    2.608963980089));
#7134 = CARTESIAN_POINT('',(-1.956136559817,-3.223377849374,
    2.609155449494));
#7135 = CARTESIAN_POINT('',(-1.988811356914,-3.210159057227,
    2.609580936394));
#7136 = CARTESIAN_POINT('',(-2.020688055819,-3.197373792868,
    2.61021937552));
#7137 = CARTESIAN_POINT('',(-2.051390734075,-3.185158271606,
    2.611034346739));
#7138 = CARTESIAN_POINT('',(-2.089191652829,-3.170227779033,
    2.612259105115));
#7139 = CARTESIAN_POINT('',(-2.097705886162,-3.16687268618,
    2.612550852281));
#7140 = CARTESIAN_POINT('',(-2.106067048919,-3.163585401758,
    2.612852553948));
#7141 = CARTESIAN_POINT('',(-2.114263657588,-3.160369946018,
    2.613162802922));
#7142 = CARTESIAN_POINT('',(-2.122285135589,-3.157229954556,
    2.613480166009));
#7143 = CARTESIAN_POINT('',(-2.130121813274,-3.154168678305,
    2.61380318401));
#7144 = CARTESIAN_POINT('',(-2.137764927927,-3.151188983542,
    2.614130371727));
#7145 = CARTESIAN_POINT('',(-2.159311243225,-3.142805098305,2.6150853561
    ));
#7146 = CARTESIAN_POINT('',(-2.17270131631,-3.137615486225,2.61572078389
    ));
#7147 = CARTESIAN_POINT('',(-2.18531786092,-3.132743509518,
    2.616355885237));
#7148 = CARTESIAN_POINT('',(-2.197141921341,-3.128192794579,
    2.616982214536));
#7149 = CARTESIAN_POINT('',(-2.208185331188,-3.123955337208,
    2.617593383955));
#7150 = CARTESIAN_POINT('',(-2.218481476343,-3.120015239487,
    2.618184950721));
#7151 = CARTESIAN_POINT('',(-2.228076057906,-3.116352446669,
    2.618754304407));
#7152 = CARTESIAN_POINT('',(-2.24423789074,-3.11019632702,2.619741582514
    ));
#7153 = CARTESIAN_POINT('',(-2.251033048927,-3.107613283116,
    2.620167471876));
#7154 = CARTESIAN_POINT('',(-2.257431924145,-3.105185365161,
    2.620577730854));
#7155 = CARTESIAN_POINT('',(-2.263463282899,-3.102900731102,
    2.620972307164));
#7156 = CARTESIAN_POINT('',(-2.269155411449,-3.100747901149,
    2.621351484462));
#7157 = CARTESIAN_POINT('',(-2.274535463522,-3.098715974925,
    2.621715779128));
#7158 = CARTESIAN_POINT('',(-2.279628808028,-3.096794848607,
    2.622065837049));
#7159 = CARTESIAN_POINT('',(-2.284458376762,-3.094975432073,2.6224023304
    ));
#7160 = PCURVE('',#4736,#7161);
#7161 = DEFINITIONAL_REPRESENTATION('',(#7162),#7270);
#7162 = B_SPLINE_CURVE_WITH_KNOTS('',8,(#7163,#7164,#7165,#7166,#7167,
    #7168,#7169,#7170,#7171,#7172,#7173,#7174,#7175,#7176,#7177,#7178,
    #7179,#7180,#7181,#7182,#7183,#7184,#7185,#7186,#7187,#7188,#7189,
    #7190,#7191,#7192,#7193,#7194,#7195,#7196,#7197,#7198,#7199,#7200,
    #7201,#7202,#7203,#7204,#7205,#7206,#7207,#7208,#7209,#7210,#7211,
    #7212,#7213,#7214,#7215,#7216,#7217,#7218,#7219,#7220,#7221,#7222,
    #7223,#7224,#7225,#7226,#7227,#7228,#7229,#7230,#7231,#7232,#7233,
    #7234,#7235,#7236,#7237,#7238,#7239,#7240,#7241,#7242,#7243,#7244,
    #7245,#7246,#7247,#7248,#7249,#7250,#7251,#7252,#7253,#7254,#7255,
    #7256,#7257,#7258,#7259,#7260,#7261,#7262,#7263,#7264,#7265,#7266,
    #7267,#7268,#7269),.UNSPECIFIED.,.F.,.F.,(9,7,7,7,7,7,7,7,7,7,7,7,7,
    7,7,9),(0.,2.378935088554E-02,0.141772418275,0.175437453831,
    0.199310500317,0.29558277704,0.400817936135,0.472142271406,
    0.575320362343,0.794030180452,0.850201365775,0.907428227661,
    0.947429383117,0.95930773855,0.981821388814,1.),.UNSPECIFIED.);
#7163 = CARTESIAN_POINT('',(1.359607698904,0.222838372945));
#7164 = CARTESIAN_POINT('',(1.358899409575,0.218434716711));
#7165 = CARTESIAN_POINT('',(1.35820839301,0.214016229631));
#7166 = CARTESIAN_POINT('',(1.35753451967,0.209583062818));
#7167 = CARTESIAN_POINT('',(1.356877661846,0.20513536749));
#7168 = CARTESIAN_POINT('',(1.356237693665,0.200673294974));
#7169 = CARTESIAN_POINT('',(1.355614491087,0.1961969967));
#7170 = CARTESIAN_POINT('',(1.355007931904,0.191706624204));
#7171 = CARTESIAN_POINT('',(1.351491589149,0.164863333976));
#7172 = CARTESIAN_POINT('',(1.348971709569,0.142181127001));
#7173 = CARTESIAN_POINT('',(1.346843569264,0.119175333023));
#7174 = CARTESIAN_POINT('',(1.345093895463,9.586445210879E-02));
#7175 = CARTESIAN_POINT('',(1.343711160321,7.226645718921E-02));
#7176 = CARTESIAN_POINT('',(1.342685910883,4.839939168289E-02));
#7177 = CARTESIAN_POINT('',(1.342011099037,2.428196711471E-02));
#7178 = CARTESIAN_POINT('',(1.341588616747,-7.012848990773E-03));
#7179 = CARTESIAN_POINT('',(1.34152296981,-1.393930244892E-02));
#7180 = CARTESIAN_POINT('',(1.341485390957,-2.084477468229E-02));
#7181 = CARTESIAN_POINT('',(1.341475816675,-2.772884997761E-02));
#7182 = CARTESIAN_POINT('',(1.341494199648,-3.459112186443E-02));
#7183 = CARTESIAN_POINT('',(1.341540508759,-4.143119311509E-02));
#7184 = CARTESIAN_POINT('',(1.341614729093,-4.824867574481E-02));
#7185 = CARTESIAN_POINT('',(1.341789287857,-5.986141738375E-02));
#7186 = CARTESIAN_POINT('',(1.341875788116,-6.467061604519E-02));
#7187 = CARTESIAN_POINT('',(1.341976388865,-6.947063288825E-02));
#7188 = CARTESIAN_POINT('',(1.342091120422,-7.426131540864E-02));
#7189 = CARTESIAN_POINT('',(1.342220017269,-7.904251270543E-02));
#7190 = CARTESIAN_POINT('',(1.342363118046,-8.381407548109E-02));
#7191 = CARTESIAN_POINT('',(1.342520465555,-8.857585604144E-02));
#7192 = CARTESIAN_POINT('',(1.343384273226,-0.112490394767));
#7193 = CARTESIAN_POINT('',(1.344308924125,-0.131491807045));
#7194 = CARTESIAN_POINT('',(1.345469080543,-0.150322085349));
#7195 = CARTESIAN_POINT('',(1.346868944291,-0.168971968878));
#7196 = CARTESIAN_POINT('',(1.34851380961,-0.18743258347));
#7197 = CARTESIAN_POINT('',(1.35040997488,-0.205695229261));
#7198 = CARTESIAN_POINT('',(1.352564654322,-0.223751168348));
#7199 = CARTESIAN_POINT('',(1.357632524498,-0.26109258438));
#7200 = CARTESIAN_POINT('',(1.360597737639,-0.280336609542));
#7201 = CARTESIAN_POINT('',(1.363891902442,-0.299311683448));
#7202 = CARTESIAN_POINT('',(1.367526658846,-0.318006483982));
#7203 = CARTESIAN_POINT('',(1.37151461716,-0.336409953582));
#7204 = CARTESIAN_POINT('',(1.375869061804,-0.354511081435));
#7205 = CARTESIAN_POINT('',(1.380603655057,-0.372298685663));
#7206 = CARTESIAN_POINT('',(1.389208050152,-0.401596631619));
#7207 = CARTESIAN_POINT('',(1.392864878462,-0.413282909095));
#7208 = CARTESIAN_POINT('',(1.396707010164,-0.424816576215));
#7209 = CARTESIAN_POINT('',(1.40073879664,-0.436194218485));
#7210 = CARTESIAN_POINT('',(1.404964556219,-0.447412458647));
#7211 = CARTESIAN_POINT('',(1.409388574174,-0.458467956681));
#7212 = CARTESIAN_POINT('',(1.414015102725,-0.469357409801));
#7213 = CARTESIAN_POINT('',(1.425840131614,-0.495585343561));
#7214 = CARTESIAN_POINT('',(1.433264493952,-0.510738978228));
#7215 = CARTESIAN_POINT('',(1.441133889043,-0.525528404276));
#7216 = CARTESIAN_POINT('',(1.449460438892,-0.53994397781));
#7217 = CARTESIAN_POINT('',(1.458255697031,-0.553976374317));
#7218 = CARTESIAN_POINT('',(1.467530399034,-0.567616499756));
#7219 = CARTESIAN_POINT('',(1.477294213032,-0.58085540165));
#7220 = CARTESIAN_POINT('',(1.509306638448,-0.620877758351));
#7221 = CARTESIAN_POINT('',(1.533292119991,-0.646227626275));
#7222 = CARTESIAN_POINT('',(1.559593330568,-0.669652556828));
#7223 = CARTESIAN_POINT('',(1.588267508186,-0.691076039682));
#7224 = CARTESIAN_POINT('',(1.619338467432,-0.710422966835));
#7225 = CARTESIAN_POINT('',(1.652779816896,-0.727623819568));
#7226 = CARTESIAN_POINT('',(1.688507788799,-0.742622655978));
#7227 = CARTESIAN_POINT('',(1.736095206153,-0.758658809679));
#7228 = CARTESIAN_POINT('',(1.745959827059,-0.761787834824));
#7229 = CARTESIAN_POINT('',(1.755962114907,-0.764768332462));
#7230 = CARTESIAN_POINT('',(1.766098911284,-0.767599693037));
#7231 = CARTESIAN_POINT('',(1.776366464364,-0.770281338648));
#7232 = CARTESIAN_POINT('',(1.78676034697,-0.772812757279));
#7233 = CARTESIAN_POINT('',(1.797275322749,-0.775193538148));
#7234 = CARTESIAN_POINT('',(1.818734773971,-0.779695186784));
#7235 = CARTESIAN_POINT('',(1.829679344529,-0.781809432008));
#7236 = CARTESIAN_POINT('',(1.840736471529,-0.783767001359));
#7237 = CARTESIAN_POINT('',(1.851899147335,-0.785567707528));
#7238 = CARTESIAN_POINT('',(1.863154492752,-0.787210842153));
#7239 = CARTESIAN_POINT('',(1.874482992964,-0.788695665906));
#7240 = CARTESIAN_POINT('',(1.885856443938,-0.790021963003));
#7241 = CARTESIAN_POINT('',(1.905184822764,-0.792007735995));
#7242 = CARTESIAN_POINT('',(1.913121612116,-0.792746063938));
#7243 = CARTESIAN_POINT('',(1.921041614504,-0.793407921101));
#7244 = CARTESIAN_POINT('',(1.928921085561,-0.793993293934));
#7245 = CARTESIAN_POINT('',(1.936713699071,-0.794501353097));
#7246 = CARTESIAN_POINT('',(1.944347206745,-0.79493246644));
#7247 = CARTESIAN_POINT('',(1.951726830168,-0.795289820337));
#7248 = CARTESIAN_POINT('',(1.960842075812,-0.795665681782));
#7249 = CARTESIAN_POINT('',(1.962897299852,-0.795745740237));
#7250 = CARTESIAN_POINT('',(1.964917583913,-0.795819956113));
#7251 = CARTESIAN_POINT('',(1.966900006684,-0.79588851392));
#7252 = CARTESIAN_POINT('',(1.968841860691,-0.795951623506));
#7253 = CARTESIAN_POINT('',(1.970740652295,-0.796009520054));
#7254 = CARTESIAN_POINT('',(1.972594101696,-0.796062464083));
#7255 = CARTESIAN_POINT('',(1.977823219015,-0.796202254405));
#7256 = CARTESIAN_POINT('',(1.981078222474,-0.79627696284));
#7257 = CARTESIAN_POINT('',(1.984149743315,-0.7963368014));
#7258 = CARTESIAN_POINT('',(1.987032171513,-0.796383851513));
#7259 = CARTESIAN_POINT('',(1.989727484355,-0.796420194754));
#7260 = CARTESIAN_POINT('',(1.992243033788,-0.796447766216));
#7261 = CARTESIAN_POINT('',(1.994589333756,-0.796468207876));
#7262 = CARTESIAN_POINT('',(1.998544953511,-0.796494452965));
#7263 = CARTESIAN_POINT('',(2.000209348222,-0.796502355362));
#7264 = CARTESIAN_POINT('',(2.001777755519,-0.796507125151));
#7265 = CARTESIAN_POINT('',(2.003256996345,-0.79650933423));
#7266 = CARTESIAN_POINT('',(2.004653820497,-0.796509447719));
#7267 = CARTESIAN_POINT('',(2.005974738369,-0.796507841279));
#7268 = CARTESIAN_POINT('',(2.007225852685,-0.796504818434));
#7269 = CARTESIAN_POINT('',(2.00841269025,-0.796500627891));
#7270 = ( GEOMETRIC_REPRESENTATION_CONTEXT(2) 
PARAMETRIC_REPRESENTATION_CONTEXT() REPRESENTATION_CONTEXT('2D SPACE',''
  ) );
#7271 = PCURVE('',#4162,#7272);
#7272 = DEFINITIONAL_REPRESENTATION('',(#7273),#7381);
#7273 = B_SPLINE_CURVE_WITH_KNOTS('',8,(#7274,#7275,#7276,#7277,#7278,
    #7279,#7280,#7281,#7282,#7283,#7284,#7285,#7286,#7287,#7288,#7289,
    #7290,#7291,#7292,#7293,#7294,#7295,#7296,#7297,#7298,#7299,#7300,
    #7301,#7302,#7303,#7304,#7305,#7306,#7307,#7308,#7309,#7310,#7311,
    #7312,#7313,#7314,#7315,#7316,#7317,#7318,#7319,#7320,#7321,#7322,
    #7323,#7324,#7325,#7326,#7327,#7328,#7329,#7330,#7331,#7332,#7333,
    #7334,#7335,#7336,#7337,#7338,#7339,#7340,#7341,#7342,#7343,#7344,
    #7345,#7346,#7347,#7348,#7349,#7350,#7351,#7352,#7353,#7354,#7355,
    #7356,#7357,#7358,#7359,#7360,#7361,#7362,#7363,#7364,#7365,#7366,
    #7367,#7368,#7369,#7370,#7371,#7372,#7373,#7374,#7375,#7376,#7377,
    #7378,#7379,#7380),.UNSPECIFIED.,.F.,.F.,(9,7,7,7,7,7,7,7,7,7,7,7,7,
    7,7,9),(0.,2.378935088554E-02,0.141772418275,0.175437453831,
    0.199310500317,0.29558277704,0.400817936135,0.472142271406,
    0.575320362343,0.794030180452,0.850201365775,0.907428227661,
    0.947429383117,0.95930773855,0.981821388814,1.),.UNSPECIFIED.);
#7274 = CARTESIAN_POINT('',(0.639481084709,0.387711140024));
#7275 = CARTESIAN_POINT('',(0.640445941547,0.381512979329));
#7276 = CARTESIAN_POINT('',(0.641396999079,0.375301628744));
#7277 = CARTESIAN_POINT('',(0.642334281231,0.369077020713));
#7278 = CARTESIAN_POINT('',(0.643257811199,0.362839086023));
#7279 = CARTESIAN_POINT('',(0.644167611448,0.356587753801));
#7280 = CARTESIAN_POINT('',(0.645063703716,0.350322951515));
#7281 = CARTESIAN_POINT('',(0.645946109008,0.344044604976));
#7282 = CARTESIAN_POINT('',(0.651123340791,0.306547697));
#7283 = CARTESIAN_POINT('',(0.65509585649,0.275006722881));
#7284 = CARTESIAN_POINT('',(0.658734619296,0.243121949877));
#7285 = CARTESIAN_POINT('',(0.66204207693,0.210883044947));
#7286 = CARTESIAN_POINT('',(0.665021159358,0.178277749427));
#7287 = CARTESIAN_POINT('',(0.667675537915,0.145292520351));
#7288 = CARTESIAN_POINT('',(0.670009884418,0.111913171769));
#7289 = CARTESIAN_POINT('',(0.6726065807,6.848461844699E-02));
#7290 = CARTESIAN_POINT('',(0.673157607335,5.880794101879E-02));
#7291 = CARTESIAN_POINT('',(0.673683324422,4.909509327686E-02));
#7292 = CARTESIAN_POINT('',(0.674183854381,3.934567826535E-02));
#7293 = CARTESIAN_POINT('',(0.674659327829,2.955929257629E-02));
#7294 = CARTESIAN_POINT('',(0.675109883581,1.973552634957E-02));
#7295 = CARTESIAN_POINT('',(0.675535668648,9.87396327295E-03));
#7296 = CARTESIAN_POINT('',(0.676221321557,-7.045963912035E-03));
#7297 = CARTESIAN_POINT('',(0.676493575461,-1.40469944023E-02));
#7298 = CARTESIAN_POINT('',(0.676753632817,-2.102906079524E-02));
#7299 = CARTESIAN_POINT('',(0.677001528832,-2.799231196996E-02));
#7300 = CARTESIAN_POINT('',(0.677237301049,-3.493689577826E-02));
#7301 = CARTESIAN_POINT('',(0.677460989356,-4.186295904458E-02));
#7302 = CARTESIAN_POINT('',(0.677672635974,-4.877064756606E-02));
#7303 = CARTESIAN_POINT('',(0.678677406079,-8.344306833173E-02));
#7304 = CARTESIAN_POINT('',(0.6792874366,-0.110929838471));
#7305 = CARTESIAN_POINT('',(0.679705269832,-0.138129514494));
#7306 = CARTESIAN_POINT('',(0.679934458061,-0.165051237843));
#7307 = CARTESIAN_POINT('',(0.679979152783,-0.191703984497));
#7308 = CARTESIAN_POINT('',(0.67984404444,-0.218096356025));
#7309 = CARTESIAN_POINT('',(0.679534302148,-0.244236370643));
#7310 = CARTESIAN_POINT('',(0.678532148877,-0.298436947038));
#7311 = CARTESIAN_POINT('',(0.677806773891,-0.326450592511));
#7312 = CARTESIAN_POINT('',(0.676886659488,-0.354181490598));
#7313 = CARTESIAN_POINT('',(0.675779636336,-0.381639045663));
#7314 = CARTESIAN_POINT('',(0.674493901389,-0.408832534365));
#7315 = CARTESIAN_POINT('',(0.673037824521,-0.435770873507));
#7316 = CARTESIAN_POINT('',(0.671419755167,-0.462462387881));
#7317 = CARTESIAN_POINT('',(0.668446904803,-0.506842874717));
#7318 = CARTESIAN_POINT('',(0.667175236462,-0.524661504941));
#7319 = CARTESIAN_POINT('',(0.665835416607,-0.542373003618));
#7320 = CARTESIAN_POINT('',(0.664429908875,-0.559979920367));
#7321 = CARTESIAN_POINT('',(0.662961047854,-0.577484819599));
#7322 = CARTESIAN_POINT('',(0.661431039089,-0.594890280515));
#7323 = CARTESIAN_POINT('',(0.659841959077,-0.612198897109));
#7324 = CARTESIAN_POINT('',(0.655814314823,-0.654315655542));
#7325 = CARTESIAN_POINT('',(0.653313218913,-0.679021119535));
#7326 = CARTESIAN_POINT('',(0.650698098688,-0.703537318121));
#7327 = CARTESIAN_POINT('',(0.647973737836,-0.727872459189));
#7328 = CARTESIAN_POINT('',(0.645143768145,-0.752035184478));
#7329 = CARTESIAN_POINT('',(0.642210365046,-0.776034443531));
#7330 = CARTESIAN_POINT('',(0.63917394317,-0.799879367638));
#7331 = CARTESIAN_POINT('',(0.62937483249,-0.873816318324));
#7332 = CARTESIAN_POINT('',(0.622244389486,-0.923399424276));
#7333 = CARTESIAN_POINT('',(0.614635339457,-0.972421797694));
#7334 = CARTESIAN_POINT('',(0.606452853766,-1.020983112165));
#7335 = CARTESIAN_POINT('',(0.597633917261,-1.069186672767));
#7336 = CARTESIAN_POINT('',(0.587819103786,-1.117132629367));
#7337 = CARTESIAN_POINT('',(0.576737840867,-1.164929439907));
#7338 = CARTESIAN_POINT('',(0.559310268358,-1.224928449889));
#7339 = CARTESIAN_POINT('',(0.555564954495,-1.237184504177));
#7340 = CARTESIAN_POINT('',(0.551610047909,-1.249437518554));
#7341 = CARTESIAN_POINT('',(0.547413028857,-1.261688600343));
#7342 = CARTESIAN_POINT('',(0.542934235599,-1.273938423516));
#7343 = CARTESIAN_POINT('',(0.538123411454,-1.286187123248));
#7344 = CARTESIAN_POINT('',(0.532913057355,-1.298434086568));
#7345 = CARTESIAN_POINT('',(0.52139681416,-1.323151294538));
#7346 = CARTESIAN_POINT('',(0.515074605747,-1.335616499886));
#7347 = CARTESIAN_POINT('',(0.50813814495,-1.348076485454));
#7348 = CARTESIAN_POINT('',(0.500458109829,-1.36052893624));
#7349 = CARTESIAN_POINT('',(0.491855446518,-1.372964805776));
#7350 = CARTESIAN_POINT('',(0.482089826616,-1.385367668271));
#7351 = CARTESIAN_POINT('',(0.470811101426,-1.397711137154));
#7352 = CARTESIAN_POINT('',(0.448066634761,-1.418508066858));
#7353 = CARTESIAN_POINT('',(0.437698010603,-1.426996150964));
#7354 = CARTESIAN_POINT('',(0.426108558026,-1.435415466694));
#7355 = CARTESIAN_POINT('',(0.413039272962,-1.443740467013));
#7356 = CARTESIAN_POINT('',(0.398188452653,-1.451921228427));
#7357 = CARTESIAN_POINT('',(0.381186449297,-1.459880244776));
#7358 = CARTESIAN_POINT('',(0.361638365951,-1.467516741557));
#7359 = CARTESIAN_POINT('',(0.332711130902,-1.476871643263));
#7360 = CARTESIAN_POINT('',(0.325848121964,-1.478975364812));
#7361 = CARTESIAN_POINT('',(0.318741221356,-1.481037668165));
#7362 = CARTESIAN_POINT('',(0.311388426218,-1.483055567771));
#7363 = CARTESIAN_POINT('',(0.303790039004,-1.485026333316));
#7364 = CARTESIAN_POINT('',(0.295948667487,-1.486947489726));
#7365 = CARTESIAN_POINT('',(0.287869224752,-1.488816817167));
#7366 = CARTESIAN_POINT('',(0.263808636129,-1.494073429047));
#7367 = CARTESIAN_POINT('',(0.247222045043,-1.497323512531));
#7368 = CARTESIAN_POINT('',(0.22985833583,-1.500367925638));
#7369 = CARTESIAN_POINT('',(0.211794423825,-1.50320247435));
#7370 = CARTESIAN_POINT('',(0.193117424843,-1.505831002005));
#7371 = CARTESIAN_POINT('',(0.173917120222,-1.508262944797));
#7372 = CARTESIAN_POINT('',(0.154278421859,-1.510510887291));
#7373 = CARTESIAN_POINT('',(0.118121622455,-1.514265376817));
#7374 = CARTESIAN_POINT('',(0.101729587493,-1.515831501961));
#7375 = CARTESIAN_POINT('',(8.513244060663E-02,-1.517294192497));
#7376 = CARTESIAN_POINT('',(6.83610583238E-02,-1.518661161184));
#7377 = CARTESIAN_POINT('',(5.144218910744E-02,-1.519939961138));
#7378 = CARTESIAN_POINT('',(3.439815699734E-02,-1.521137812561));
#7379 = CARTESIAN_POINT('',(1.724656525364E-02,-1.522261429477));
#7380 = CARTESIAN_POINT('',(0.,-1.523316846464));
#7381 = ( GEOMETRIC_REPRESENTATION_CONTEXT(2) 
PARAMETRIC_REPRESENTATION_CONTEXT() REPRESENTATION_CONTEXT('2D SPACE',''
  ) );
#7382 = ADVANCED_FACE('',(#7383),#4162,.F.);
#7383 = FACE_BOUND('',#7384,.F.);
#7384 = EDGE_LOOP('',(#7385,#7386,#7387,#7388));
#7385 = ORIENTED_EDGE('',*,*,#3448,.F.);
#7386 = ORIENTED_EDGE('',*,*,#7050,.T.);
#7387 = ORIENTED_EDGE('',*,*,#6522,.F.);
#7388 = ORIENTED_EDGE('',*,*,#7389,.T.);
#7389 = EDGE_CURVE('',#5023,#3177,#7390,.T.);
#7390 = SURFACE_CURVE('',#7391,(#7569,#7750),.PCURVE_S1.);
#7391 = B_SPLINE_CURVE_WITH_KNOTS('',8,(#7392,#7393,#7394,#7395,#7396,
    #7397,#7398,#7399,#7400,#7401,#7402,#7403,#7404,#7405,#7406,#7407,
    #7408,#7409,#7410,#7411,#7412,#7413,#7414,#7415,#7416,#7417,#7418,
    #7419,#7420,#7421,#7422,#7423,#7424,#7425,#7426,#7427,#7428,#7429,
    #7430,#7431,#7432,#7433,#7434,#7435,#7436,#7437,#7438,#7439,#7440,
    #7441,#7442,#7443,#7444,#7445,#7446,#7447,#7448,#7449,#7450,#7451,
    #7452,#7453,#7454,#7455,#7456,#7457,#7458,#7459,#7460,#7461,#7462,
    #7463,#7464,#7465,#7466,#7467,#7468,#7469,#7470,#7471,#7472,#7473,
    #7474,#7475,#7476,#7477,#7478,#7479,#7480,#7481,#7482,#7483,#7484,
    #7485,#7486,#7487,#7488,#7489,#7490,#7491,#7492,#7493,#7494,#7495,
    #7496,#7497,#7498,#7499,#7500,#7501,#7502,#7503,#7504,#7505,#7506,
    #7507,#7508,#7509,#7510,#7511,#7512,#7513,#7514,#7515,#7516,#7517,
    #7518,#7519,#7520,#7521,#7522,#7523,#7524,#7525,#7526,#7527,#7528,
    #7529,#7530,#7531,#7532,#7533,#7534,#7535,#7536,#7537,#7538,#7539,
    #7540,#7541,#7542,#7543,#7544,#7545,#7546,#7547,#7548,#7549,#7550,
    #7551,#7552,#7553,#7554,#7555,#7556,#7557,#7558,#7559,#7560,#7561,
    #7562,#7563,#7564,#7565,#7566,#7567,#7568),.UNSPECIFIED.,.F.,.F.,(9,
    7,7,7,7,7,7,7,7,7,7,7,7,7,7,7,7,7,7,7,7,7,7,7,7,9),(0.,
    4.397600765886E-02,8.547764228052E-02,0.11304556511,0.152519861635,
    0.195084623738,0.236790520379,0.240027659347,0.243374568389,
    0.249505104154,0.260934443411,0.275595708877,0.285585830979,
    0.317869763487,0.331155630143,0.343868541913,0.412332184675,
    0.58720217763,0.67138008823,0.743323256354,0.806722460879,
    0.865397223377,0.887593988829,0.892053378819,0.945771845321,1.),
  .UNSPECIFIED.);
#7392 = CARTESIAN_POINT('',(-2.284458376762,-3.094975432073,2.6224023304
    ));
#7393 = CARTESIAN_POINT('',(-2.29766877248,-3.089998758667,
    2.623322756797));
#7394 = CARTESIAN_POINT('',(-2.309518852777,-3.085552026678,
    2.624184372977));
#7395 = CARTESIAN_POINT('',(-2.320258011821,-3.081535002394,
    2.62499167802));
#7396 = CARTESIAN_POINT('',(-2.33007873923,-3.077871493928,
    2.625750530413));
#7397 = CARTESIAN_POINT('',(-2.339132414342,-3.07450227747,
    2.626466957764));
#7398 = CARTESIAN_POINT('',(-2.347541348086,-3.071379832852,
    2.627146510253));
#7399 = CARTESIAN_POINT('',(-2.355407072465,-3.068464888417,
    2.627794157839));
#7400 = CARTESIAN_POINT('',(-2.369805872144,-3.063138838973,
    2.629000388533));
#7401 = CARTESIAN_POINT('',(-2.376387799419,-3.060709031052,
    2.629561754508));
#7402 = CARTESIAN_POINT('',(-2.382630311331,-3.058408630524,
    2.630102689037));
#7403 = CARTESIAN_POINT('',(-2.388591028242,-3.056215653857,
    2.630626635924));
#7404 = CARTESIAN_POINT('',(-2.394318055879,-3.054111864853,
    2.631136712215));
#7405 = CARTESIAN_POINT('',(-2.399852502206,-3.052081784598,
    2.631635797543));
#7406 = CARTESIAN_POINT('',(-2.405230994297,-3.050111701406,
    2.632126623469));
#7407 = CARTESIAN_POINT('',(-2.413980350008,-3.046911296386,
    2.632934196084));
#7408 = CARTESIAN_POINT('',(-2.417419016602,-3.045654671454,
    2.633254076755));
#7409 = CARTESIAN_POINT('',(-2.420813746597,-3.044415250422,
    2.633572259041));
#7410 = CARTESIAN_POINT('',(-2.424173816797,-3.043189594689,
    2.633889505958));
#7411 = CARTESIAN_POINT('',(-2.427508229199,-3.041974382609,
    2.634206589331));
#7412 = CARTESIAN_POINT('',(-2.430825710994,-3.040766409487,
    2.634524289789));
#7413 = CARTESIAN_POINT('',(-2.43413471457,-3.039562587582,
    2.634843396772));
#7414 = CARTESIAN_POINT('',(-2.442181123791,-3.036637893125,
    2.635624792602));
#7415 = CARTESIAN_POINT('',(-2.446918570707,-3.034918122067,
    2.636089414087));
#7416 = CARTESIAN_POINT('',(-2.451680931736,-3.033191489977,
    2.636561035161));
#7417 = CARTESIAN_POINT('',(-2.456493206086,-3.031448967584,
    2.637042205905));
#7418 = CARTESIAN_POINT('',(-2.461381310276,-3.029681257657,
    2.637535702289));
#7419 = CARTESIAN_POINT('',(-2.466373169711,-3.027878413359,
    2.638044664171));
#7420 = CARTESIAN_POINT('',(-2.471499810271,-3.026029456599,
    2.638572733281));
#7421 = CARTESIAN_POINT('',(-2.482507767785,-3.022065210211,
    2.639718845883));
#7422 = CARTESIAN_POINT('',(-2.488415767077,-3.019940725807,
    2.640340533705));
#7423 = CARTESIAN_POINT('',(-2.494566821372,-3.017732291504,
    2.64099502905));
#7424 = CARTESIAN_POINT('',(-2.50101089558,-3.015422419082,
    2.641688597751));
#7425 = CARTESIAN_POINT('',(-2.507806250054,-3.012990832574,
    2.642428789496));
#7426 = CARTESIAN_POINT('',(-2.515024144737,-3.010412917069,
    2.643225230232));
#7427 = CARTESIAN_POINT('',(-2.522753543312,-3.007658167509,
    2.644090414557));
#7428 = CARTESIAN_POINT('',(-2.539289566003,-3.001779082053,
    2.645971536592));
#7429 = CARTESIAN_POINT('',(-2.548068144465,-2.998664315954,
    2.646983429302));
#7430 = CARTESIAN_POINT('',(-2.5575513748,-2.99530728698,2.648092901429)
  );
#7431 = CARTESIAN_POINT('',(-2.567869097104,-2.99166393888,
    2.649319171898));
#7432 = CARTESIAN_POINT('',(-2.579179550781,-2.987681035844,
    2.650686633932));
#7433 = CARTESIAN_POINT('',(-2.591677755812,-2.983293986974,
    2.652227535619));
#7434 = CARTESIAN_POINT('',(-2.605603894036,-2.978424670751,
    2.653984660461));
#7435 = CARTESIAN_POINT('',(-2.622466245353,-2.972556600624,
    2.656171532254));
#7436 = CARTESIAN_POINT('',(-2.623764429212,-2.972104978797,
    2.656340199389));
#7437 = CARTESIAN_POINT('',(-2.625104088112,-2.971639099097,
    2.656514618085));
#7438 = CARTESIAN_POINT('',(-2.62645328397,-2.971170082318,
    2.656690659979));
#7439 = CARTESIAN_POINT('',(-2.627797543309,-2.97070295557,
    2.656866427608));
#7440 = CARTESIAN_POINT('',(-2.629144174154,-2.970235169908,
    2.657042856553));
#7441 = CARTESIAN_POINT('',(-2.630523651025,-2.969756144988,
    2.657223951694));
#7442 = CARTESIAN_POINT('',(-2.633502142873,-2.968722300963,
    2.65761589995));
#7443 = CARTESIAN_POINT('',(-2.635061873523,-2.968181128773,
    2.657821607339));
#7444 = CARTESIAN_POINT('',(-2.636662622485,-2.967625960315,
    2.658033225898));
#7445 = CARTESIAN_POINT('',(-2.638298873605,-2.967058730656,
    2.658250073253));
#7446 = CARTESIAN_POINT('',(-2.639964232065,-2.966481673795,
    2.658471338532));
#7447 = CARTESIAN_POINT('',(-2.641651424391,-2.965897322658,
    2.658696082363));
#7448 = CARTESIAN_POINT('',(-2.643352298446,-2.965308509101,
    2.658923236878));
#7449 = CARTESIAN_POINT('',(-2.64818183473,-2.963637392913,
    2.659569905504));
#7450 = CARTESIAN_POINT('',(-2.651384725858,-2.962530051462,
    2.660000734703));
#7451 = CARTESIAN_POINT('',(-2.65466876476,-2.961395636036,
    2.660444570837));
#7452 = CARTESIAN_POINT('',(-2.658036067352,-2.960233502157,
    2.660901885081));
#7453 = CARTESIAN_POINT('',(-2.661488597524,-2.959043064397,
    2.661373142253));
#7454 = CARTESIAN_POINT('',(-2.665028167135,-2.957823796378,
    2.661858800817));
#7455 = CARTESIAN_POINT('',(-2.668656436017,-2.95657523077,
    2.662359312882));
#7456 = CARTESIAN_POINT('',(-2.679307376679,-2.952913838133,
    2.663836762574));
#7457 = CARTESIAN_POINT('',(-2.686553673961,-2.950427371294,
    2.664851631546));
#7458 = CARTESIAN_POINT('',(-2.694122355069,-2.947835317367,
    2.665922418918));
#7459 = CARTESIAN_POINT('',(-2.702019297509,-2.945136450478,
    2.667051651871));
#7460 = CARTESIAN_POINT('',(-2.710246813266,-2.942330834253,
    2.668241504395));
#7461 = CARTESIAN_POINT('',(-2.718802757025,-2.939420095795,
    2.669493604709));
#7462 = CARTESIAN_POINT('',(-2.727679634389,-2.936407699659,
    2.670808842692));
#7463 = CARTESIAN_POINT('',(-2.748644808697,-2.929311747577,
    2.673955273959));
#7464 = CARTESIAN_POINT('',(-2.760935906155,-2.92516461771,
    2.675827810872));
#7465 = CARTESIAN_POINT('',(-2.773707872533,-2.920869668628,
    2.677804721306));
#7466 = CARTESIAN_POINT('',(-2.786923781054,-2.916441251753,
    2.679884524121));
#7467 = CARTESIAN_POINT('',(-2.800541474177,-2.911895310553,
    2.682064588922));
#7468 = CARTESIAN_POINT('',(-2.814516129657,-2.907248457596,
    2.684341401186));
#7469 = CARTESIAN_POINT('',(-2.828802826619,-2.902517051582,
    2.686710827402));
#7470 = CARTESIAN_POINT('',(-2.853277700492,-2.89444504568,
    2.690842945659));
#7471 = CARTESIAN_POINT('',(-2.863322643093,-2.891141236863,
    2.692558669119));
#7472 = CARTESIAN_POINT('',(-2.873481318158,-2.887809387889,
    2.694314276489));
#7473 = CARTESIAN_POINT('',(-2.883742157972,-2.88445364496,
    2.696108573233));
#7474 = CARTESIAN_POINT('',(-2.894094648367,-2.881077760528,
    2.697940444371));
#7475 = CARTESIAN_POINT('',(-2.904529328724,-2.8776850933,2.699808854483
    ));
#7476 = CARTESIAN_POINT('',(-2.915037791972,-2.874278608233,
    2.701712847708));
#7477 = CARTESIAN_POINT('',(-2.959786352141,-2.859816199311,
    2.709916652402));
#7478 = CARTESIAN_POINT('',(-2.994619139708,-2.848665364767,
    2.716538085391));
#7479 = CARTESIAN_POINT('',(-3.029914346522,-2.837478683094,
    2.723496034547));
#7480 = CARTESIAN_POINT('',(-3.065523074623,-2.826307676459,
    2.730772364592));
#7481 = CARTESIAN_POINT('',(-3.101339247587,-2.815187874995,
    2.738352166365));
#7482 = CARTESIAN_POINT('',(-3.137295365357,-2.804141271353,
    2.746225290977));
#7483 = CARTESIAN_POINT('',(-3.173358995179,-2.793178433829,
    2.754387868891));
#7484 = CARTESIAN_POINT('',(-3.224415519133,-2.777823568684,
    2.766323701117));
#7485 = CARTESIAN_POINT('',(-3.239315240081,-2.773362402005,
    2.76985234761));
#7486 = CARTESIAN_POINT('',(-3.254227197197,-2.768917405423,
    2.773429514171));
#7487 = CARTESIAN_POINT('',(-3.269149624547,-2.764489138002,
    2.777054990148));
#7488 = CARTESIAN_POINT('',(-3.284080954557,-2.760078090483,
    2.780728593491));
#7489 = CARTESIAN_POINT('',(-3.299019818006,-2.755684685282,
    2.784450170743));
#7490 = CARTESIAN_POINT('',(-3.313965044033,-2.751309276489,
    2.788219597049));
#7491 = CARTESIAN_POINT('',(-3.343221528586,-2.742782925876,
    2.795689340708));
#7492 = CARTESIAN_POINT('',(-3.357532251461,-2.738630469182,
    2.799385617423));
#7493 = CARTESIAN_POINT('',(-3.371846934711,-2.734495044773,
    2.803125516504));
#7494 = CARTESIAN_POINT('',(-3.38616475417,-2.730376893681,
    2.806908959181));
#7495 = CARTESIAN_POINT('',(-3.400484955554,-2.726276232988,
    2.810735877714));
#7496 = CARTESIAN_POINT('',(-3.414806854458,-2.722193255828,
    2.814606215386));
#7497 = CARTESIAN_POINT('',(-3.429129836359,-2.718128131384,
    2.818519926511));
#7498 = CARTESIAN_POINT('',(-3.520590709885,-2.692285762418,
    2.843787130472));
#7499 = CARTESIAN_POINT('',(-3.597733991691,-2.67101527358,
    2.866351612249));
#7500 = CARTESIAN_POINT('',(-3.674810629521,-2.650288717547,
    2.890168490575));
#7501 = CARTESIAN_POINT('',(-3.751762877443,-2.630119412952,
    2.915237227209));
#7502 = CARTESIAN_POINT('',(-3.828540559754,-2.610517718609,
    2.941558519534));
#7503 = CARTESIAN_POINT('',(-3.905098929898,-2.591492052894,
    2.969134639966));
#7504 = CARTESIAN_POINT('',(-3.981398458302,-2.573049203001,
    2.997970014086));
#7505 = CARTESIAN_POINT('',(-4.251535265133,-2.509592089727,
    3.104957772208));
#7506 = CARTESIAN_POINT('',(-4.443661091059,-2.467849716277,
    3.190072350867));
#7507 = CARTESIAN_POINT('',(-4.633175267934,-2.430063497506,
    3.283516414743));
#7508 = CARTESIAN_POINT('',(-4.819387048373,-2.396346951603,
    3.385400792182));
#7509 = CARTESIAN_POINT('',(-5.00150522083,-2.366829753504,
    3.495829667382));
#7510 = CARTESIAN_POINT('',(-5.178645153122,-2.341651662841,
    3.614893927527));
#7511 = CARTESIAN_POINT('',(-5.349825708221,-2.320962046666,
    3.742664987993));
#7512 = CARTESIAN_POINT('',(-5.592974736209,-2.297203982818,
    3.944928248432));
#7513 = CARTESIAN_POINT('',(-5.67034267615,-2.290562811804,
    4.012675789833));
#7514 = CARTESIAN_POINT('',(-5.74594210947,-2.285018840639,
    4.082446582695));
#7515 = CARTESIAN_POINT('',(-5.819637353496,-2.28059113817,
    4.154236044382));
#7516 = CARTESIAN_POINT('',(-5.891283145538,-2.277299133943,
    4.228032386462));
#7517 = CARTESIAN_POINT('',(-5.960725862509,-2.275162071754,
    4.303815365251));
#7518 = CARTESIAN_POINT('',(-6.027804740542,-2.274198463205,
    4.381555032349));
#7519 = CARTESIAN_POINT('',(-6.147519788197,-2.274619606806,
    4.529288469366));
#7520 = CARTESIAN_POINT('',(-6.200836952861,-2.275683409794,
    4.598764476748));
#7521 = CARTESIAN_POINT('',(-6.252200338231,-2.277627584304,
    4.669611798608));
#7522 = CARTESIAN_POINT('',(-6.301501216335,-2.280462066015,
    4.74179624035));
#7523 = CARTESIAN_POINT('',(-6.348628065563,-2.284195570931,
    4.815275135055));
#7524 = CARTESIAN_POINT('',(-6.393468254636,-2.288835074122,
    4.889996357032));
#7525 = CARTESIAN_POINT('',(-6.435909726571,-2.294385288447,
    4.965897335372));
#7526 = CARTESIAN_POINT('',(-6.511033254197,-2.30654345665,
    5.110765463168));
#7527 = CARTESIAN_POINT('',(-6.544276204935,-2.312947579267,
    5.179486364659));
#7528 = CARTESIAN_POINT('',(-6.575496152316,-2.320061680799,
    5.249015004988));
#7529 = CARTESIAN_POINT('',(-6.604619836593,-2.327885278356,
    5.319293640167));
#7530 = CARTESIAN_POINT('',(-6.631577467447,-2.336415924902,
    5.390258170141));
#7531 = CARTESIAN_POINT('',(-6.656304070615,-2.345648897655,
    5.461837759734));
#7532 = CARTESIAN_POINT('',(-6.678740834516,-2.355576886488,
    5.533954459588));
#7533 = CARTESIAN_POINT('',(-6.717434604267,-2.376011613153,
    5.673683469551));
#7534 = CARTESIAN_POINT('',(-6.734028246036,-2.386420443407,
    5.741233402108));
#7535 = CARTESIAN_POINT('',(-6.748576513329,-2.397407985422,
    5.809104287796));
#7536 = CARTESIAN_POINT('',(-6.761045150451,-2.408964347143,
    5.877225429924));
#7537 = CARTESIAN_POINT('',(-6.771407017337,-2.42107785901,
    5.945523798645));
#7538 = CARTESIAN_POINT('',(-6.779642592015,-2.433735000841,
    6.01392405752));
#7539 = CARTESIAN_POINT('',(-6.785740473068,-2.446920328722,
    6.082348590071));
#7540 = CARTESIAN_POINT('',(-6.791194981179,-2.465797648564,
    6.176581614823));
#7541 = CARTESIAN_POINT('',(-6.792385769499,-2.471052035237,
    6.202437986224));
#7542 = CARTESIAN_POINT('',(-6.793270100018,-2.476378638618,
    6.228282422368));
#7543 = CARTESIAN_POINT('',(-6.793847998692,-2.481776508741,
    6.254110723477));
#7544 = CARTESIAN_POINT('',(-6.794119664471,-2.487244668964,
    6.279918708166));
#7545 = CARTESIAN_POINT('',(-6.794085469304,-2.492782115969,
    6.305702213447));
#7546 = CARTESIAN_POINT('',(-6.793745958134,-2.498387819762,
    6.331457094725));
#7547 = CARTESIAN_POINT('',(-6.79297244548,-2.505200425382,
    6.362346871236));
#7548 = CARTESIAN_POINT('',(-6.792830742489,-2.506342886801,
    6.367513409631));
#7549 = CARTESIAN_POINT('',(-6.792676743769,-2.507488100801,
    6.372678812003));
#7550 = CARTESIAN_POINT('',(-6.792510453475,-2.508636059867,
    6.377843047828));
#7551 = CARTESIAN_POINT('',(-6.792331876081,-2.509786756094,
    6.383006085036));
#7552 = CARTESIAN_POINT('',(-6.792141016377,-2.510940181187,
    6.388167890018));
#7553 = CARTESIAN_POINT('',(-6.791937879472,-2.512096326461,
    6.39332842762));
#7554 = CARTESIAN_POINT('',(-6.789127791149,-2.527214909784,
    6.460636558656));
#7555 = CARTESIAN_POINT('',(-6.784747971138,-2.541589446223,
    6.522691153645));
#7556 = CARTESIAN_POINT('',(-6.778583587045,-2.556365810958,
    6.584590460967));
#7557 = CARTESIAN_POINT('',(-6.770640720736,-2.571530419725,
    6.64627522017));
#7558 = CARTESIAN_POINT('',(-6.76093095966,-2.587069085194,
    6.707687895498));
#7559 = CARTESIAN_POINT('',(-6.749471396849,-2.602967016972,
    6.768772675895));
#7560 = CARTESIAN_POINT('',(-6.736284630918,-2.619208821602,
    6.829475475003));
#7561 = CARTESIAN_POINT('',(-6.706371522719,-2.65250541125,
    6.950584184885));
#7562 = CARTESIAN_POINT('',(-6.689611955536,-2.669566960044,
    7.010983419478));
#7563 = CARTESIAN_POINT('',(-6.671148205084,-2.686946918625,
    7.07088821358));
#7564 = CARTESIAN_POINT('',(-6.651012891383,-2.704629151656,
    7.130249134421));
#7565 = CARTESIAN_POINT('',(-6.62924250499,-2.722597686649,
    7.189020563116));
#7566 = CARTESIAN_POINT('',(-6.605876798092,-2.74083678183,
    7.247160519955));
#7567 = CARTESIAN_POINT('',(-6.580958175588,-2.759330994005,
    7.304630489688));
#7568 = CARTESIAN_POINT('',(-6.554531086177,-2.778065246425,
    7.361395246821));
#7569 = PCURVE('',#4162,#7570);
#7570 = DEFINITIONAL_REPRESENTATION('',(#7571),#7749);
#7571 = B_SPLINE_CURVE_WITH_KNOTS('',8,(#7572,#7573,#7574,#7575,#7576,
    #7577,#7578,#7579,#7580,#7581,#7582,#7583,#7584,#7585,#7586,#7587,
    #7588,#7589,#7590,#7591,#7592,#7593,#7594,#7595,#7596,#7597,#7598,
    #7599,#7600,#7601,#7602,#7603,#7604,#7605,#7606,#7607,#7608,#7609,
    #7610,#7611,#7612,#7613,#7614,#7615,#7616,#7617,#7618,#7619,#7620,
    #7621,#7622,#7623,#7624,#7625,#7626,#7627,#7628,#7629,#7630,#7631,
    #7632,#7633,#7634,#7635,#7636,#7637,#7638,#7639,#7640,#7641,#7642,
    #7643,#7644,#7645,#7646,#7647,#7648,#7649,#7650,#7651,#7652,#7653,
    #7654,#7655,#7656,#7657,#7658,#7659,#7660,#7661,#7662,#7663,#7664,
    #7665,#7666,#7667,#7668,#7669,#7670,#7671,#7672,#7673,#7674,#7675,
    #7676,#7677,#7678,#7679,#7680,#7681,#7682,#7683,#7684,#7685,#7686,
    #7687,#7688,#7689,#7690,#7691,#7692,#7693,#7694,#7695,#7696,#7697,
    #7698,#7699,#7700,#7701,#7702,#7703,#7704,#7705,#7706,#7707,#7708,
    #7709,#7710,#7711,#7712,#7713,#7714,#7715,#7716,#7717,#7718,#7719,
    #7720,#7721,#7722,#7723,#7724,#7725,#7726,#7727,#7728,#7729,#7730,
    #7731,#7732,#7733,#7734,#7735,#7736,#7737,#7738,#7739,#7740,#7741,
    #7742,#7743,#7744,#7745,#7746,#7747,#7748),.UNSPECIFIED.,.F.,.F.,(9,
    7,7,7,7,7,7,7,7,7,7,7,7,7,7,7,7,7,7,7,7,7,7,7,7,9),(0.,
    4.397600765886E-02,8.547764228052E-02,0.11304556511,0.152519861635,
    0.195084623738,0.236790520379,0.240027659347,0.243374568389,
    0.249505104154,0.260934443411,0.275595708877,0.285585830979,
    0.317869763487,0.331155630143,0.343868541913,0.412332184675,
    0.58720217763,0.67138008823,0.743323256354,0.806722460879,
    0.865397223377,0.887593988829,0.892053378819,0.945771845321,1.),
  .UNSPECIFIED.);
#7572 = CARTESIAN_POINT('',(6.28318530718,-1.523316846464));
#7573 = CARTESIAN_POINT('',(6.236011069756,-1.526203752348));
#7574 = CARTESIAN_POINT('',(6.188371266627,-1.528714469529));
#7575 = CARTESIAN_POINT('',(6.140388948393,-1.53091204496));
#7576 = CARTESIAN_POINT('',(6.092157805256,-1.532844805862));
#7577 = CARTESIAN_POINT('',(6.043746327762,-1.53455029572));
#7578 = CARTESIAN_POINT('',(5.995200977117,-1.536058240493));
#7579 = CARTESIAN_POINT('',(5.946548365083,-1.537392545037));
#7580 = CARTESIAN_POINT('',(5.851786909061,-1.539685698755));
#7581 = CARTESIAN_POINT('',(5.805700385514,-1.540661308707));
#7582 = CARTESIAN_POINT('',(5.759553626041,-1.541514835504));
#7583 = CARTESIAN_POINT('',(5.713360058554,-1.542258606314));
#7584 = CARTESIAN_POINT('',(5.667130191084,-1.542902141733));
#7585 = CARTESIAN_POINT('',(5.620872017223,-1.543452707948));
#7586 = CARTESIAN_POINT('',(5.574591421562,-1.543915868907));
#7587 = CARTESIAN_POINT('',(5.497536632401,-1.544548553698));
#7588 = CARTESIAN_POINT('',(5.466773087557,-1.544764420689));
#7589 = CARTESIAN_POINT('',(5.43600339717,-1.544944828638));
#7590 = CARTESIAN_POINT('',(5.405228928726,-1.545090720993));
#7591 = CARTESIAN_POINT('',(5.374450970632,-1.545202795474));
#7592 = CARTESIAN_POINT('',(5.343670732217,-1.54528150407));
#7593 = CARTESIAN_POINT('',(5.312889343731,-1.545327053042));
#7594 = CARTESIAN_POINT('',(5.238033526811,-1.545357084662));
#7595 = CARTESIAN_POINT('',(5.193959354725,-1.545306775682));
#7596 = CARTESIAN_POINT('',(5.149888386769,-1.54518833387));
#7597 = CARTESIAN_POINT('',(5.105823925081,-1.545000770486));
#7598 = CARTESIAN_POINT('',(5.061769675267,-1.544742105529));
#7599 = CARTESIAN_POINT('',(5.017729894417,-1.544409223097));
#7600 = CARTESIAN_POINT('',(4.973709539125,-1.543997726763));
#7601 = CARTESIAN_POINT('',(4.882276999034,-1.542966989088));
#7602 = CARTESIAN_POINT('',(4.834871357725,-1.542334201527));
#7603 = CARTESIAN_POINT('',(4.787502838666,-1.541595559275));
#7604 = CARTESIAN_POINT('',(4.740180454272,-1.540741685421));
#7605 = CARTESIAN_POINT('',(4.692917727972,-1.539760603516));
#7606 = CARTESIAN_POINT('',(4.64573354188,-1.538636641969));
#7607 = CARTESIAN_POINT('',(4.59865298448,-1.537349338446));
#7608 = CARTESIAN_POINT('',(4.505711993749,-1.534425140894));
#7609 = CARTESIAN_POINT('',(4.459869282468,-1.532796279518));
#7610 = CARTESIAN_POINT('',(4.41418962083,-1.530960083271));
#7611 = CARTESIAN_POINT('',(4.368714925454,-1.528885095012));
#7612 = CARTESIAN_POINT('',(4.323522120732,-1.526532247075));
#7613 = CARTESIAN_POINT('',(4.278725786373,-1.523853031008));
#7614 = CARTESIAN_POINT('',(4.234480804935,-1.520787667319));
#7615 = CARTESIAN_POINT('',(4.187607324768,-1.516989718979));
#7616 = CARTESIAN_POINT('',(4.184032117528,-1.516696900085));
#7617 = CARTESIAN_POINT('',(4.180403095202,-1.516394212196));
#7618 = CARTESIAN_POINT('',(4.176806053312,-1.516088845346));
#7619 = CARTESIAN_POINT('',(4.173272194782,-1.515784101547));
#7620 = CARTESIAN_POINT('',(4.169780079059,-1.515478360931));
#7621 = CARTESIAN_POINT('',(4.166256200928,-1.515164698409));
#7622 = CARTESIAN_POINT('',(4.158768013783,-1.514486291693));
#7623 = CARTESIAN_POINT('',(4.15490816738,-1.514130463449));
#7624 = CARTESIAN_POINT('',(4.151011783108,-1.51376467189));
#7625 = CARTESIAN_POINT('',(4.147096428867,-1.513390139448));
#7626 = CARTESIAN_POINT('',(4.143180117145,-1.513008305227));
#7627 = CARTESIAN_POINT('',(4.139281305018,-1.512620825001));
#7628 = CARTESIAN_POINT('',(4.13541889415,-1.51222957122));
#7629 = CARTESIAN_POINT('',(4.124639376045,-1.511116889393));
#7630 = CARTESIAN_POINT('',(4.117710973641,-1.510376928793));
#7631 = CARTESIAN_POINT('',(4.110829934831,-1.509616159793));
#7632 = CARTESIAN_POINT('',(4.103999306587,-1.508834029646));
#7633 = CARTESIAN_POINT('',(4.097222271594,-1.508030024272));
#7634 = CARTESIAN_POINT('',(4.090502148254,-1.507203668255));
#7635 = CARTESIAN_POINT('',(4.083842390687,-1.506354524845));
#7636 = CARTESIAN_POINT('',(4.064949751174,-1.503855887895));
#7637 = CARTESIAN_POINT('',(4.052874037379,-1.502148932258));
#7638 = CARTESIAN_POINT('',(4.04104372251,-1.5003590442));
#7639 = CARTESIAN_POINT('',(4.029482841008,-1.498484642714));
#7640 = CARTESIAN_POINT('',(4.018214392053,-1.496525077634));
#7641 = CARTESIAN_POINT('',(4.00725954503,-1.494480856636));
#7642 = CARTESIAN_POINT('',(3.996636844996,-1.492353872245));
#7643 = CARTESIAN_POINT('',(3.973180467658,-1.487317515246));
#7644 = CARTESIAN_POINT('',(3.960565843851,-1.484355892492));
#7645 = CARTESIAN_POINT('',(3.948552565422,-1.481270163023));
#7646 = CARTESIAN_POINT('',(3.937155309407,-1.478069886371));
#7647 = CARTESIAN_POINT('',(3.926372286906,-1.474766074321));
#7648 = CARTESIAN_POINT('',(3.916189118806,-1.471370486055));
#7649 = CARTESIAN_POINT('',(3.906582711507,-1.467894923316));
#7650 = CARTESIAN_POINT('',(3.891353095975,-1.461935391059));
#7651 = CARTESIAN_POINT('',(3.885435798812,-1.459488005969));
#7652 = CARTESIAN_POINT('',(3.879762967711,-1.457011708549));
#7653 = CARTESIAN_POINT('',(3.874324090057,-1.454509563041));
#7654 = CARTESIAN_POINT('',(3.869108414074,-1.451984359667));
#7655 = CARTESIAN_POINT('',(3.86410494882,-1.449438614628));
#7656 = CARTESIAN_POINT('',(3.859302464193,-1.446874570106));
#7657 = CARTESIAN_POINT('',(3.839782808779,-1.43595548796));
#7658 = CARTESIAN_POINT('',(3.826876371883,-1.427454635255));
#7659 = CARTESIAN_POINT('',(3.815573053046,-1.418845430401));
#7660 = CARTESIAN_POINT('',(3.80556943771,-1.410167753349));
#7661 = CARTESIAN_POINT('',(3.796633588916,-1.401449440319));
#7662 = CARTESIAN_POINT('',(3.78858632767,-1.392707854844));
#7663 = CARTESIAN_POINT('',(3.781286028723,-1.383951159255));
#7664 = CARTESIAN_POINT('',(3.771872476227,-1.371569379977));
#7665 = CARTESIAN_POINT('',(3.769235547973,-1.367957870832));
#7666 = CARTESIAN_POINT('',(3.766698639144,-1.364345221679));
#7667 = CARTESIAN_POINT('',(3.764254862919,-1.360731837183));
#7668 = CARTESIAN_POINT('',(3.761897953506,-1.35711806419));
#7669 = CARTESIAN_POINT('',(3.759622266134,-1.353504191731));
#7670 = CARTESIAN_POINT('',(3.75742277706,-1.349890451017));
#7671 = CARTESIAN_POINT('',(3.753259119034,-1.342819410357));
#7672 = CARTESIAN_POINT('',(3.751288706698,-1.339362107399));
#7673 = CARTESIAN_POINT('',(3.749379920403,-1.335905270028));
#7674 = CARTESIAN_POINT('',(3.747529126605,-1.332449040452));
#7675 = CARTESIAN_POINT('',(3.74573298437,-1.328993539627));
#7676 = CARTESIAN_POINT('',(3.743988445376,-1.325538867261));
#7677 = CARTESIAN_POINT('',(3.742292753909,-1.322085101809));
#7678 = CARTESIAN_POINT('',(3.731761298789,-1.300037713319));
#7679 = CARTESIAN_POINT('',(3.724223144802,-1.281473457426));
#7680 = CARTESIAN_POINT('',(3.717632105068,-1.262945606445));
#7681 = CARTESIAN_POINT('',(3.71177371945,-1.244454064189));
#7682 = CARTESIAN_POINT('',(3.706502653406,-1.225995850396));
#7683 = CARTESIAN_POINT('',(3.701709880226,-1.207566041897));
#7684 = CARTESIAN_POINT('',(3.697320608683,-1.189157789108));
#7685 = CARTESIAN_POINT('',(3.682935810139,-1.123778369979));
#7686 = CARTESIAN_POINT('',(3.674834085539,-1.076900930809));
#7687 = CARTESIAN_POINT('',(3.667978927043,-1.029995124004));
#7688 = CARTESIAN_POINT('',(3.662121985139,-0.982923478629));
#7689 = CARTESIAN_POINT('',(3.657010448363,-0.935551720059));
#7690 = CARTESIAN_POINT('',(3.652559049874,-0.887738249881));
#7691 = CARTESIAN_POINT('',(3.648678549693,-0.839330642281));
#7692 = CARTESIAN_POINT('',(3.643718498166,-0.766477904615));
#7693 = CARTESIAN_POINT('',(3.642229967251,-0.742628964734));
#7694 = CARTESIAN_POINT('',(3.640859952401,-0.718586527947));
#7695 = CARTESIAN_POINT('',(3.639605196796,-0.694332843071));
#7696 = CARTESIAN_POINT('',(3.638463715977,-0.669850452431));
#7697 = CARTESIAN_POINT('',(3.637434565132,-0.64512210714));
#7698 = CARTESIAN_POINT('',(3.636517606375,-0.620130682384));
#7699 = CARTESIAN_POINT('',(3.635025858972,-0.573260596432));
#7700 = CARTESIAN_POINT('',(3.634420747181,-0.551457863144));
#7701 = CARTESIAN_POINT('',(3.633898267547,-0.529440663287));
#7702 = CARTESIAN_POINT('',(3.633459111688,-0.50719922971));
#7703 = CARTESIAN_POINT('',(3.633104273883,-0.484724429055));
#7704 = CARTESIAN_POINT('',(3.632834988988,-0.462007933131));
#7705 = CARTESIAN_POINT('',(3.632652670363,-0.439042390297));
#7706 = CARTESIAN_POINT('',(3.632476166899,-0.395358525821));
#7707 = CARTESIAN_POINT('',(3.632462212843,-0.374696986856));
#7708 = CARTESIAN_POINT('',(3.632518030511,-0.353833190956));
#7709 = CARTESIAN_POINT('',(3.632644735747,-0.332763735379));
#7710 = CARTESIAN_POINT('',(3.6328434796,-0.311485845196));
#7711 = CARTESIAN_POINT('',(3.633115412579,-0.28999761485));
#7712 = CARTESIAN_POINT('',(3.6334616489,-0.268298249722));
#7713 = CARTESIAN_POINT('',(3.634273395074,-0.226111086328));
#7714 = CARTESIAN_POINT('',(3.634728107847,-0.20565278072));
#7715 = CARTESIAN_POINT('',(3.635248187148,-0.185014104526));
#7716 = CARTESIAN_POINT('',(3.635834412554,-0.164195849718));
#7717 = CARTESIAN_POINT('',(3.636487507211,-0.143199098959));
#7718 = CARTESIAN_POINT('',(3.637208119912,-0.122025437973));
#7719 = CARTESIAN_POINT('',(3.637996807191,-0.100677167915));
#7720 = CARTESIAN_POINT('',(3.639178298492,-7.101659722053E-02));
#7721 = CARTESIAN_POINT('',(3.639512390261,-6.285108002161E-02));
#7722 = CARTESIAN_POINT('',(3.639856316246,-5.466110532086E-02));
#7723 = CARTESIAN_POINT('',(3.640210100468,-4.644681506435E-02));
#7724 = CARTESIAN_POINT('',(3.640573765433,-3.820835397064E-02));
#7725 = CARTESIAN_POINT('',(3.64094733213,-2.994586953072E-02));
#7726 = CARTESIAN_POINT('',(3.64133082003,-2.165951200804E-02));
#7727 = CARTESIAN_POINT('',(3.641803287638,-1.167991752866E-02));
#7728 = CARTESIAN_POINT('',(3.641882732632,-1.000937422195E-02));
#7729 = CARTESIAN_POINT('',(3.641962582347,-8.337803852838E-03));
#7730 = CARTESIAN_POINT('',(3.642042837032,-6.665206407692E-03));
#7731 = CARTESIAN_POINT('',(3.642123496911,-4.991582524743E-03));
#7732 = CARTESIAN_POINT('',(3.64220456218,-3.316933494101E-03));
#7733 = CARTESIAN_POINT('',(3.642286033011,-1.641261257754E-03));
#7734 = CARTESIAN_POINT('',(3.643354204862,2.023268552451E-02));
#7735 = CARTESIAN_POINT('',(3.644400882737,4.02610298382E-02));
#7736 = CARTESIAN_POINT('',(3.645508562934,6.011878194821E-02));
#7737 = CARTESIAN_POINT('',(3.646677846577,7.980458892904E-02));
#7738 = CARTESIAN_POINT('',(3.647909316151,9.931742751299E-02));
#7739 = CARTESIAN_POINT('',(3.649203535504,0.11865660409));
#7740 = CARTESIAN_POINT('',(3.650561049842,0.137821754708));
#7741 = CARTESIAN_POINT('',(3.653417207522,0.175984032779));
#7742 = CARTESIAN_POINT('',(3.654917107747,0.194978118719));
#7743 = CARTESIAN_POINT('',(3.656482647341,0.213794928665));
#7744 = CARTESIAN_POINT('',(3.658114424114,0.232435003412));
#7745 = CARTESIAN_POINT('',(3.659813089041,0.250899472423));
#7746 = CARTESIAN_POINT('',(3.661579362544,0.269189927482));
#7747 = CARTESIAN_POINT('',(3.663414050772,0.287308296344));
#7748 = CARTESIAN_POINT('',(3.665318061888,0.30525671638));
#7749 = ( GEOMETRIC_REPRESENTATION_CONTEXT(2) 
PARAMETRIC_REPRESENTATION_CONTEXT() REPRESENTATION_CONTEXT('2D SPACE',''
  ) );
#7750 = PCURVE('',#3098,#7751);
#7751 = DEFINITIONAL_REPRESENTATION('',(#7752),#7930);
#7752 = B_SPLINE_CURVE_WITH_KNOTS('',8,(#7753,#7754,#7755,#7756,#7757,
    #7758,#7759,#7760,#7761,#7762,#7763,#7764,#7765,#7766,#7767,#7768,
    #7769,#7770,#7771,#7772,#7773,#7774,#7775,#7776,#7777,#7778,#7779,
    #7780,#7781,#7782,#7783,#7784,#7785,#7786,#7787,#7788,#7789,#7790,
    #7791,#7792,#7793,#7794,#7795,#7796,#7797,#7798,#7799,#7800,#7801,
    #7802,#7803,#7804,#7805,#7806,#7807,#7808,#7809,#7810,#7811,#7812,
    #7813,#7814,#7815,#7816,#7817,#7818,#7819,#7820,#7821,#7822,#7823,
    #7824,#7825,#7826,#7827,#7828,#7829,#7830,#7831,#7832,#7833,#7834,
    #7835,#7836,#7837,#7838,#7839,#7840,#7841,#7842,#7843,#7844,#7845,
    #7846,#7847,#7848,#7849,#7850,#7851,#7852,#7853,#7854,#7855,#7856,
    #7857,#7858,#7859,#7860,#7861,#7862,#7863,#7864,#7865,#7866,#7867,
    #7868,#7869,#7870,#7871,#7872,#7873,#7874,#7875,#7876,#7877,#7878,
    #7879,#7880,#7881,#7882,#7883,#7884,#7885,#7886,#7887,#7888,#7889,
    #7890,#7891,#7892,#7893,#7894,#7895,#7896,#7897,#7898,#7899,#7900,
    #7901,#7902,#7903,#7904,#7905,#7906,#7907,#7908,#7909,#7910,#7911,
    #7912,#7913,#7914,#7915,#7916,#7917,#7918,#7919,#7920,#7921,#7922,
    #7923,#7924,#7925,#7926,#7927,#7928,#7929),.UNSPECIFIED.,.F.,.F.,(9,
    7,7,7,7,7,7,7,7,7,7,7,7,7,7,7,7,7,7,7,7,7,7,7,7,9),(0.,
    4.397600765886E-02,8.547764228052E-02,0.11304556511,0.152519861635,
    0.195084623738,0.236790520379,0.240027659347,0.243374568389,
    0.249505104154,0.260934443411,0.275595708877,0.285585830979,
    0.317869763487,0.331155630143,0.343868541913,0.412332184675,
    0.58720217763,0.67138008823,0.743323256354,0.806722460879,
    0.865397223377,0.887593988829,0.892053378819,0.945771845321,1.),
  .UNSPECIFIED.);
#7753 = CARTESIAN_POINT('',(2.00841269025,-0.796500627891));
#7754 = CARTESIAN_POINT('',(2.011659067443,-0.7964891623));
#7755 = CARTESIAN_POINT('',(2.014575224661,-0.79646844177));
#7756 = CARTESIAN_POINT('',(2.017220928018,-0.796441987636));
#7757 = CARTESIAN_POINT('',(2.019642609456,-0.796411825042));
#7758 = CARTESIAN_POINT('',(2.021876960067,-0.796379134226));
#7759 = CARTESIAN_POINT('',(2.023953704542,-0.796344671335));
#7760 = CARTESIAN_POINT('',(2.025897556746,-0.796308958792));
#7761 = CARTESIAN_POINT('',(2.029458087293,-0.796237596914));
#7762 = CARTESIAN_POINT('',(2.031086707126,-0.79620208497));
#7763 = CARTESIAN_POINT('',(2.032632223297,-0.796165937023));
#7764 = CARTESIAN_POINT('',(2.034108733399,-0.796129268706));
#7765 = CARTESIAN_POINT('',(2.035528033783,-0.7960921064));
#7766 = CARTESIAN_POINT('',(2.036900228111,-0.796054410035));
#7767 = CARTESIAN_POINT('',(2.0382343359,-0.796016095878));
#7768 = CARTESIAN_POINT('',(2.04040547402,-0.795951126671));
#7769 = CARTESIAN_POINT('',(2.041259020149,-0.795924872249));
#7770 = CARTESIAN_POINT('',(2.042101895856,-0.795898262104));
#7771 = CARTESIAN_POINT('',(2.042936392755,-0.795871254429));
#7772 = CARTESIAN_POINT('',(2.043764737677,-0.795843799566));
#7773 = CARTESIAN_POINT('',(2.044589092673,-0.795815840011));
#7774 = CARTESIAN_POINT('',(2.045411555008,-0.79578731041));
#7775 = CARTESIAN_POINT('',(2.047412034812,-0.795716365126));
#7776 = CARTESIAN_POINT('',(2.048590286066,-0.795673275821));
#7777 = CARTESIAN_POINT('',(2.049775167643,-0.795628642939));
#7778 = CARTESIAN_POINT('',(2.050972903208,-0.795582210984));
#7779 = CARTESIAN_POINT('',(2.05218995728,-0.795533676856));
#7780 = CARTESIAN_POINT('',(2.053433309123,-0.795482671038));
#7781 = CARTESIAN_POINT('',(2.054710726642,-0.795428738779));
#7782 = CARTESIAN_POINT('',(2.057454724097,-0.795309402022));
#7783 = CARTESIAN_POINT('',(2.058928035463,-0.795243458063));
#7784 = CARTESIAN_POINT('',(2.060462612171,-0.795172714475));
#7785 = CARTESIAN_POINT('',(2.062070999505,-0.795096323256));
#7786 = CARTESIAN_POINT('',(2.063767846297,-0.795013225482));
#7787 = CARTESIAN_POINT('',(2.065571100967,-0.79492201347));
#7788 = CARTESIAN_POINT('',(2.067503207569,-0.794820792932));
#7789 = CARTESIAN_POINT('',(2.071639250874,-0.794595557067));
#7790 = CARTESIAN_POINT('',(2.073836111664,-0.794472168));
#7791 = CARTESIAN_POINT('',(2.076210668502,-0.794334169754));
#7792 = CARTESIAN_POINT('',(2.078795755685,-0.794178515102));
#7793 = CARTESIAN_POINT('',(2.08163146015,-0.794001212276));
#7794 = CARTESIAN_POINT('',(2.084767324103,-0.793796719485));
#7795 = CARTESIAN_POINT('',(2.088264547651,-0.793557339426));
#7796 = CARTESIAN_POINT('',(2.092503520821,-0.793250511099));
#7797 = CARTESIAN_POINT('',(2.092829865439,-0.79322680163));
#7798 = CARTESIAN_POINT('',(2.093166717731,-0.79320223076));
#7799 = CARTESIAN_POINT('',(2.093505966346,-0.793177375735));
#7800 = CARTESIAN_POINT('',(2.093843958709,-0.793152505771));
#7801 = CARTESIAN_POINT('',(2.094182625428,-0.793127491393));
#7802 = CARTESIAN_POINT('',(2.094529666518,-0.793101763022));
#7803 = CARTESIAN_POINT('',(2.09527844401,-0.79304594345));
#7804 = CARTESIAN_POINT('',(2.095670443344,-0.793016581655));
#7805 = CARTESIAN_POINT('',(2.096072616276,-0.792986304223));
#7806 = CARTESIAN_POINT('',(2.096483564203,-0.792955202104));
#7807 = CARTESIAN_POINT('',(2.096901671094,-0.792923386399));
#7808 = CARTESIAN_POINT('',(2.097325103484,-0.792890988364));
#7809 = CARTESIAN_POINT('',(2.097751810478,-0.792858159406));
#7810 = CARTESIAN_POINT('',(2.09896296742,-0.792764464195));
#7811 = CARTESIAN_POINT('',(2.099765660224,-0.792701764481));
#7812 = CARTESIAN_POINT('',(2.100588123396,-0.792636878384));
#7813 = CARTESIAN_POINT('',(2.101430836119,-0.792569711348));
#7814 = CARTESIAN_POINT('',(2.10229423552,-0.792500167813));
#7815 = CARTESIAN_POINT('',(2.103178716673,-0.79242815122));
#7816 = CARTESIAN_POINT('',(2.104084632598,-0.79235356401));
#7817 = CARTESIAN_POINT('',(2.106741762414,-0.792132277375));
#7818 = CARTESIAN_POINT('',(2.108546883178,-0.791978959891));
#7819 = CARTESIAN_POINT('',(2.110429375972,-0.791815750915));
#7820 = CARTESIAN_POINT('',(2.112390233753,-0.791642042583));
#7821 = CARTESIAN_POINT('',(2.114429519155,-0.791457261788));
#7822 = CARTESIAN_POINT('',(2.11654616063,-0.791260908557));
#7823 = CARTESIAN_POINT('',(2.118737748579,-0.791052594419));
#7824 = CARTESIAN_POINT('',(2.123902714257,-0.790549210269));
#7825 = CARTESIAN_POINT('',(2.126923045578,-0.790246174878));
#7826 = CARTESIAN_POINT('',(2.130052940719,-0.789922462207));
#7827 = CARTESIAN_POINT('',(2.133282153542,-0.789577821373));
#7828 = CARTESIAN_POINT('',(2.136599243928,-0.789212235021));
#7829 = CARTESIAN_POINT('',(2.139992245211,-0.788825891343));
#7830 = CARTESIAN_POINT('',(2.143449331603,-0.788419156095));
#7831 = CARTESIAN_POINT('',(2.149351289202,-0.787701853495));
#7832 = CARTESIAN_POINT('',(2.151768006665,-0.78740188733));
#7833 = CARTESIAN_POINT('',(2.154206344863,-0.787092782973));
#7834 = CARTESIAN_POINT('',(2.156663292444,-0.786774674765));
#7835 = CARTESIAN_POINT('',(2.159136119847,-0.78644769453));
#7836 = CARTESIAN_POINT('',(2.161622379304,-0.786111971578));
#7837 = CARTESIAN_POINT('',(2.164119904838,-0.785767632702));
#7838 = CARTESIAN_POINT('',(2.174728089139,-0.784274591514));
#7839 = CARTESIAN_POINT('',(2.182919079136,-0.783046791565));
#7840 = CARTESIAN_POINT('',(2.191148316666,-0.781733777012));
#7841 = CARTESIAN_POINT('',(2.199377725585,-0.780338381514));
#7842 = CARTESIAN_POINT('',(2.207580778239,-0.778863341496));
#7843 = CARTESIAN_POINT('',(2.215740853983,-0.777310775287));
#7844 = CARTESIAN_POINT('',(2.223849797205,-0.775681697613));
#7845 = CARTESIAN_POINT('',(2.235222337862,-0.773273444386));
#7846 = CARTESIAN_POINT('',(2.238528294079,-0.77255845631));
#7847 = CARTESIAN_POINT('',(2.24182405902,-0.771830674863));
#7848 = CARTESIAN_POINT('',(2.24510920042,-0.771090165854));
#7849 = CARTESIAN_POINT('',(2.248383338212,-0.770336991254));
#7850 = CARTESIAN_POINT('',(2.251646144523,-0.769571209193));
#7851 = CARTESIAN_POINT('',(2.254897343676,-0.768792873961));
#7852 = CARTESIAN_POINT('',(2.261236381897,-0.767245302538));
#7853 = CARTESIAN_POINT('',(2.264325198999,-0.766477122949));
#7854 = CARTESIAN_POINT('',(2.267402957115,-0.765697542205));
#7855 = CARTESIAN_POINT('',(2.270469469349,-0.764906603858));
#7856 = CARTESIAN_POINT('',(2.273524568287,-0.764104350045));
#7857 = CARTESIAN_POINT('',(2.276568106,-0.763290821491));
#7858 = CARTESIAN_POINT('',(2.279599954045,-0.762466057507));
#7859 = CARTESIAN_POINT('',(2.298884063868,-0.757128138599));
#7860 = CARTESIAN_POINT('',(2.314803871612,-0.752301969797));
#7861 = CARTESIAN_POINT('',(2.330365021897,-0.74715675687));
#7862 = CARTESIAN_POINT('',(2.345558991967,-0.741697863474));
#7863 = CARTESIAN_POINT('',(2.360380969266,-0.735930658009));
#7864 = CARTESIAN_POINT('',(2.374828975446,-0.729860290046));
#7865 = CARTESIAN_POINT('',(2.388903492416,-0.723491458573));
#7866 = CARTESIAN_POINT('',(2.437607809019,-0.699808876137));
#7867 = CARTESIAN_POINT('',(2.470171921546,-0.680876072117));
#7868 = CARTESIAN_POINT('',(2.500338693089,-0.660101127652));
#7869 = CARTESIAN_POINT('',(2.528181274264,-0.637550213012));
#7870 = CARTESIAN_POINT('',(2.553790885778,-0.613279871656));
#7871 = CARTESIAN_POINT('',(2.577265819018,-0.587331655445));
#7872 = CARTESIAN_POINT('',(2.598702393294,-0.559728825665));
#7873 = CARTESIAN_POINT('',(2.627568178967,-0.516385150995));
#7874 = CARTESIAN_POINT('',(2.636494760525,-0.501918818463));
#7875 = CARTESIAN_POINT('',(2.644977334407,-0.487071659366));
#7876 = CARTESIAN_POINT('',(2.653024318552,-0.471844376672));
#7877 = CARTESIAN_POINT('',(2.660643200657,-0.456237563764));
#7878 = CARTESIAN_POINT('',(2.667840567661,-0.440251825297));
#7879 = CARTESIAN_POINT('',(2.674622135223,-0.42388789806));
#7880 = CARTESIAN_POINT('',(2.686437482225,-0.392838880011));
#7881 = CARTESIAN_POINT('',(2.691581917813,-0.378255737273));
#7882 = CARTESIAN_POINT('',(2.696429061055,-0.363398255767));
#7883 = CARTESIAN_POINT('',(2.700981324869,-0.348267788983));
#7884 = CARTESIAN_POINT('',(2.705240618519,-0.33286634664));
#7885 = CARTESIAN_POINT('',(2.709208408122,-0.317196809575));
#7886 = CARTESIAN_POINT('',(2.712885777156,-0.301263144625));
#7887 = CARTESIAN_POINT('',(2.719258874833,-0.270801131638));
#7888 = CARTESIAN_POINT('',(2.722019348047,-0.256330448097));
#7889 = CARTESIAN_POINT('',(2.724555391944,-0.241662477642));
#7890 = CARTESIAN_POINT('',(2.726867347653,-0.226801710671));
#7891 = CARTESIAN_POINT('',(2.728955454857,-0.211753410604));
#7892 = CARTESIAN_POINT('',(2.730819894542,-0.196523805255));
#7893 = CARTESIAN_POINT('',(2.732460831759,-0.181120278208));
#7894 = CARTESIAN_POINT('',(2.735190449708,-0.151143014915));
#7895 = CARTESIAN_POINT('',(2.736311217906,-0.136592467329));
#7896 = CARTESIAN_POINT('',(2.737240915773,-0.121907012282));
#7897 = CARTESIAN_POINT('',(2.737979781455,-0.107094081827));
#7898 = CARTESIAN_POINT('',(2.738528154447,-9.216157541343E-02));
#7899 = CARTESIAN_POINT('',(2.738886491597,-7.711799007366E-02));
#7900 = CARTESIAN_POINT('',(2.739055383116,-6.197255061774E-02));
#7901 = CARTESIAN_POINT('',(2.739028073734,-4.097107655248E-02));
#7902 = CARTESIAN_POINT('',(2.738993574051,-3.519362901351E-02));
#7903 = CARTESIAN_POINT('',(2.738932109979,-2.940351790091E-02));
#7904 = CARTESIAN_POINT('',(2.738843724963,-2.3601269273E-02));
#7905 = CARTESIAN_POINT('',(2.738728465439,-1.778741455172E-02));
#7906 = CARTESIAN_POINT('',(2.738586380838,-1.196249052263E-02));
#7907 = CARTESIAN_POINT('',(2.738417523584,-6.127039334951E-03));
#7908 = CARTESIAN_POINT('',(2.73818265765,8.929590045708E-04));
#7909 = CARTESIAN_POINT('',(2.73814228622,2.06684199177E-03));
#7910 = CARTESIAN_POINT('',(2.738100835053,3.240012404322E-03));
#7911 = CARTESIAN_POINT('',(2.738058304419,4.412450455814E-03));
#7912 = CARTESIAN_POINT('',(2.738014694604,5.584144629156E-03));
#7913 = CARTESIAN_POINT('',(2.737970005911,6.75509167658E-03));
#7914 = CARTESIAN_POINT('',(2.737924238659,7.925296619647E-03));
#7915 = CARTESIAN_POINT('',(2.737313089754,2.318240165264E-02));
#7916 = CARTESIAN_POINT('',(2.736591452303,3.718307310766E-02));
#7917 = CARTESIAN_POINT('',(2.735712230629,5.108934296615E-02));
#7918 = CARTESIAN_POINT('',(2.734675262802,6.489417865934E-02));
#7919 = CARTESIAN_POINT('',(2.733480475164,7.859095919783E-02));
#7920 = CARTESIAN_POINT('',(2.73212788233,9.217347517162E-02));
#7921 = CARTESIAN_POINT('',(2.730617587187,0.10563592875));
#7922 = CARTESIAN_POINT('',(2.727266151406,0.132436424739));
#7923 = CARTESIAN_POINT('',(2.725421958907,0.145772293612));
#7924 = CARTESIAN_POINT('',(2.723417384453,0.15897492556));
#7925 = CARTESIAN_POINT('',(2.721252629406,0.172039427769));
#7926 = CARTESIAN_POINT('',(2.7189279006,0.184961536896));
#7927 = CARTESIAN_POINT('',(2.716443395508,0.197737526619));
#7928 = CARTESIAN_POINT('',(2.713799287407,0.210364115181));
#7929 = CARTESIAN_POINT('',(2.71099571054,0.222838372945));
#7930 = ( GEOMETRIC_REPRESENTATION_CONTEXT(2) 
PARAMETRIC_REPRESENTATION_CONTEXT() REPRESENTATION_CONTEXT('2D SPACE',''
  ) );
#7931 = ADVANCED_FACE('',(#7932),#3098,.F.);
#7932 = FACE_BOUND('',#7933,.F.);
#7933 = EDGE_LOOP('',(#7934,#7935,#7936,#7937));
#7934 = ORIENTED_EDGE('',*,*,#3176,.F.);
#7935 = ORIENTED_EDGE('',*,*,#7389,.F.);
#7936 = ORIENTED_EDGE('',*,*,#5022,.F.);
#7937 = ORIENTED_EDGE('',*,*,#3012,.F.);
#7938 = ADVANCED_FACE('',(#7939),#797,.T.);
#7939 = FACE_BOUND('',#7940,.T.);
#7940 = EDGE_LOOP('',(#7941,#7970,#7971,#7972,#7973,#7974));
#7941 = ORIENTED_EDGE('',*,*,#7942,.T.);
#7942 = EDGE_CURVE('',#553,#7943,#7945,.T.);
#7943 = VERTEX_POINT('',#7944);
#7944 = CARTESIAN_POINT('',(-2.5,4.905866657859,9.380740392012));
#7945 = SEAM_CURVE('',#7946,(#7952,#7961),.PCURVE_S1.);
#7946 = ( BOUNDED_CURVE() B_SPLINE_CURVE(2,(#7947,#7948,#7949,#7950,
#7951),.UNSPECIFIED.,.F.,.F.) B_SPLINE_CURVE_WITH_KNOTS((3,2,3),(
    4.712388980385,6.28318530718,7.853981633974),
.PIECEWISE_BEZIER_KNOTS.) CURVE() GEOMETRIC_REPRESENTATION_ITEM() 
RATIONAL_B_SPLINE_CURVE((1.,0.707106781187,1.,0.707106781187,1.)) 
REPRESENTATION_ITEM('') );
#7947 = CARTESIAN_POINT('',(-2.5,3.094133342141,2.619259607988));
#7948 = CARTESIAN_POINT('',(2.5,3.094133342141,2.619259607988));
#7949 = CARTESIAN_POINT('',(2.5,4.,6.));
#7950 = CARTESIAN_POINT('',(2.5,4.905866657859,9.380740392012));
#7951 = CARTESIAN_POINT('',(-2.5,4.905866657859,9.380740392012));
#7952 = PCURVE('',#797,#7953);
#7953 = DEFINITIONAL_REPRESENTATION('',(#7954),#7960);
#7954 = B_SPLINE_CURVE_WITH_KNOTS('',2,(#7955,#7956,#7957,#7958,#7959),
  .UNSPECIFIED.,.F.,.F.,(3,2,3),(4.712388980385,6.28318530718,
    7.853981633974),.PIECEWISE_BEZIER_KNOTS.);
#7955 = CARTESIAN_POINT('',(6.28318530718,-1.570796326795));
#7956 = CARTESIAN_POINT('',(6.28318530718,-0.785398163397));
#7957 = CARTESIAN_POINT('',(6.28318530718,-2.720481184601E-16));
#7958 = CARTESIAN_POINT('',(6.28318530718,0.785398163397));
#7959 = CARTESIAN_POINT('',(6.28318530718,1.570796326795));
#7960 = ( GEOMETRIC_REPRESENTATION_CONTEXT(2) 
PARAMETRIC_REPRESENTATION_CONTEXT() REPRESENTATION_CONTEXT('2D SPACE',''
  ) );
#7961 = PCURVE('',#797,#7962);
#7962 = DEFINITIONAL_REPRESENTATION('',(#7963),#7969);
#7963 = B_SPLINE_CURVE_WITH_KNOTS('',2,(#7964,#7965,#7966,#7967,#7968),
  .UNSPECIFIED.,.F.,.F.,(3,2,3),(4.712388980385,6.28318530718,
    7.853981633974),.PIECEWISE_BEZIER_KNOTS.);
#7964 = CARTESIAN_POINT('',(0.,-1.570796326795));
#7965 = CARTESIAN_POINT('',(8.881784197001E-16,-0.785398163397));
#7966 = CARTESIAN_POINT('',(0.,-2.720481184601E-16));
#7967 = CARTESIAN_POINT('',(8.881784197001E-16,0.785398163397));
#7968 = CARTESIAN_POINT('',(0.,1.570796326795));
#7969 = ( GEOMETRIC_REPRESENTATION_CONTEXT(2) 
PARAMETRIC_REPRESENTATION_CONTEXT() REPRESENTATION_CONTEXT('2D SPACE',''
  ) );
#7970 = ORIENTED_EDGE('',*,*,#7942,.F.);
#7971 = ORIENTED_EDGE('',*,*,#552,.F.);
#7972 = ORIENTED_EDGE('',*,*,#5511,.F.);
#7973 = ORIENTED_EDGE('',*,*,#1748,.F.);
#7974 = ORIENTED_EDGE('',*,*,#972,.F.);
#7975 = ADVANCED_FACE('',(#7976),#5005,.F.);
#7976 = FACE_BOUND('',#7977,.F.);
#7977 = EDGE_LOOP('',(#7978,#8001,#8002,#8003));
#7978 = ORIENTED_EDGE('',*,*,#7979,.T.);
#7979 = EDGE_CURVE('',#7980,#4989,#7982,.T.);
#7980 = VERTEX_POINT('',#7981);
#7981 = CARTESIAN_POINT('',(9.,0.,0.));
#7982 = SEAM_CURVE('',#7983,(#7987,#7994),.PCURVE_S1.);
#7983 = LINE('',#7984,#7985);
#7984 = CARTESIAN_POINT('',(9.,0.,0.));
#7985 = VECTOR('',#7986,1.);
#7986 = DIRECTION('',(0.,0.,1.));
#7987 = PCURVE('',#5005,#7988);
#7988 = DEFINITIONAL_REPRESENTATION('',(#7989),#7993);
#7989 = LINE('',#7990,#7991);
#7990 = CARTESIAN_POINT('',(0.,0.));
#7991 = VECTOR('',#7992,1.);
#7992 = DIRECTION('',(0.,-1.));
#7993 = ( GEOMETRIC_REPRESENTATION_CONTEXT(2) 
PARAMETRIC_REPRESENTATION_CONTEXT() REPRESENTATION_CONTEXT('2D SPACE',''
  ) );
#7994 = PCURVE('',#5005,#7995);
#7995 = DEFINITIONAL_REPRESENTATION('',(#7996),#8000);
#7996 = LINE('',#7997,#7998);
#7997 = CARTESIAN_POINT('',(6.28318530718,0.));
#7998 = VECTOR('',#7999,1.);
#7999 = DIRECTION('',(0.,-1.));
#8000 = ( GEOMETRIC_REPRESENTATION_CONTEXT(2) 
PARAMETRIC_REPRESENTATION_CONTEXT() REPRESENTATION_CONTEXT('2D SPACE',''
  ) );
#8001 = ORIENTED_EDGE('',*,*,#4988,.T.);
#8002 = ORIENTED_EDGE('',*,*,#7979,.F.);
#8003 = ORIENTED_EDGE('',*,*,#8004,.F.);
#8004 = EDGE_CURVE('',#7980,#7980,#8005,.T.);
#8005 = SURFACE_CURVE('',#8006,(#8011,#8018),.PCURVE_S1.);
#8006 = ELLIPSE('',#8007,9.,8.);
#8007 = AXIS2_PLACEMENT_3D('',#8008,#8009,#8010);
#8008 = CARTESIAN_POINT('',(0.,0.,0.));
#8009 = DIRECTION('',(0.,0.,1.));
#8010 = DIRECTION('',(1.,0.,-0.));
#8011 = PCURVE('',#5005,#8012);
#8012 = DEFINITIONAL_REPRESENTATION('',(#8013),#8017);
#8013 = LINE('',#8014,#8015);
#8014 = CARTESIAN_POINT('',(0.,0.));
#8015 = VECTOR('',#8016,1.);
#8016 = DIRECTION('',(1.,0.));
#8017 = ( GEOMETRIC_REPRESENTATION_CONTEXT(2) 
PARAMETRIC_REPRESENTATION_CONTEXT() REPRESENTATION_CONTEXT('2D SPACE',''
  ) );
#8018 = PCURVE('',#8019,#8024);
#8019 = PLANE('',#8020);
#8020 = AXIS2_PLACEMENT_3D('',#8021,#8022,#8023);
#8021 = CARTESIAN_POINT('',(0.134129896014,3.066547563779E-16,0.));
#8022 = DIRECTION('',(0.,0.,1.));
#8023 = DIRECTION('',(1.,0.,-0.));
#8024 = DEFINITIONAL_REPRESENTATION('',(#8025),#8029);
#8025 = ELLIPSE('',#8026,9.,8.);
#8026 = AXIS2_PLACEMENT_2D('',#8027,#8028);
#8027 = CARTESIAN_POINT('',(-0.134129896014,-3.066547563779E-16));
#8028 = DIRECTION('',(1.,0.));
#8029 = ( GEOMETRIC_REPRESENTATION_CONTEXT(2) 
PARAMETRIC_REPRESENTATION_CONTEXT() REPRESENTATION_CONTEXT('2D SPACE',''
  ) );
#8030 = ADVANCED_FACE('',(#8031),#8019,.F.);
#8031 = FACE_BOUND('',#8032,.F.);
#8032 = EDGE_LOOP('',(#8033));
#8033 = ORIENTED_EDGE('',*,*,#8004,.T.);
#8034 = ( GEOMETRIC_REPRESENTATION_CONTEXT(3) 
GLOBAL_UNCERTAINTY_ASSIGNED_CONTEXT((#8038)) 
GLOBAL_UNIT_ASSIGNED_CONTEXT((#8035,#8036,#8037)) REPRESENTATION_CONTEXT
('Context #1','3D Context with UNIT and UNCERTAINTY') );
#8035 = ( LENGTH_UNIT() NAMED_UNIT(*) SI_UNIT(.MILLI.,.METRE.) );
#8036 = ( NAMED_UNIT(*) PLANE_ANGLE_UNIT() SI_UNIT($,.RADIAN.) );
#8037 = ( NAMED_UNIT(*) SI_UNIT($,.STERADIAN.) SOLID_ANGLE_UNIT() );
#8038 = UNCERTAINTY_MEASURE_WITH_UNIT(LENGTH_MEASURE(1.E-05),#8035,
  'distance_accuracy_value','confusion accuracy');
#8039 = PRODUCT_RELATED_PRODUCT_CATEGORY('part',$,(#7));
ENDSEC;
END-ISO-10303-21;
