# FluxKernel CAD tessellation; metres
v 0.007845975032426955 -0.0015622662354838365 0.0025000000000000001
v 0.007739638376123876 -0.0016777340897116866 0.0025000000000000001
v 0.0076280842109232756 -0.0017883762239518162 0.0025000000000000001
v 0.007511822682137779 -0.0018942521317201484 0.0025000000000000001
v 0.0073913162872273489 -0.0019954433717896403 0.0025000000000000001
v 0.0072669771243667452 -0.0020920506185630604 0.0025000000000000001
v 0.0071391656630391343 -0.0021841899832578918 0.0025000000000000001
v 0.0070082182363963097 -0.0022719712111940707 0.0025000000000000001
v 0.0068744332688568475 -0.0023555083866455538 0.0025000000000000001
v 0.0067380761615074281 -0.0024349164914051697 0.0025000000000000001
v 0.0065993871358463697 -0.0025103065136675229 0.0025000000000000001
v 0.0064585816334886154 -0.0025817858957808515 0.0025000000000000001
v 0.006267876126980221 -0.0026711881443019551 0.0025000000000000001
v 0.0060876966828286427 -0.0027485050006758041 0.0025000000000000001
v 0.0059051961651810135 -0.0028203321283148571 0.0025000000000000001
v 0.0078679607468454902 -0.0014474783471961857 0.002442572855070949
v 0.0078888019227071841 -0.001329211920970549 0.002388832214929366
v 0.0079083362138378938 -0.0012075670881731445 0.0023390485803850289
v 0.0079263986343854134 -0.0010826839885793936 0.0022935000533941922
v 0.0079428254601681784 -0.00095473750184443026 0.0022524643097835578
v 0.0079574561502861844 -0.00082394879056836036 0.0022162162246434614
v 0.0079701332642968491 -0.00069063432017746362 0.0021850304598748653
v 0.0079807147569994803 -0.00055515040197313612 0.0021591538716118222
v 0.0079890779901925918 -0.00041789094878560751 0.0021387989620285735
v 0.0079951233601601081 -0.00027928920153450263 0.0021241378869284407
v 0.0079987780633149555 -0.00013981962888505906 0.0021152957013238689
v 0.0079999999999998996 -5.6126416974719195e-19 0.0021123428430074769
v 0.0081888658455884188 -1.1403145539845282e-18 0.0022490714118332386
v 0.0083488101948321295 -1.1548116339947959e-18 0.0023770131368108355
v 0.008484563614244026 -1.166639938329641e-18 0.0024958353644053731
v 0.0086125187749227314 -1.1773208857613602e-18 0.0026178855478054437
v 0.0087326675359376011 -1.1868649079855129e-18 0.0027429171719833274
v 0.0088450241108104996 -1.1952853376146525e-18 0.0028706828076600441
v 0.0089496241289612807 -1.2025982326373521e-18 0.0030009353045333444
v 0.0090465235930779642 -1.2088221903129618e-18 0.0031334289255577842
v 0.0091357977483784315 -1.2139781528968412e-18 0.0032679204146888476
v 0.0092175398797964252 -1.2180892075365084e-18 0.0034041699918516727
v 0.0092918600529259959 -1.2211803825909826e-18 0.0035419422702427741
v 0.0093588838141216643 -1.2232784425083516e-18 0.0036810070923928599
v 0.0094187508645063363 -1.2244116832550337e-18 0.0038211402826873594
v 0.0094716593851713778 -1.224609490035858e-18 0.0039622549332130269
v 0.0095184442422392088 -1.2238814083423896e-18 0.004106439713833762
v 0.0095591695890088757 -1.2222010738405402e-18 0.0042544373802010814
v 0.009593581755931899 -1.2195395953412788e-18 0.0044061717719254094
v 0.0096214334411046393 -1.2158695259865173e-18 0.0045615531889392534
v 0.0096424851917001307 -1.2111650670108195e-18 0.0047204780834276721
v 0.0096565069241737623 -1.2054022728622057e-18 0.0048828288290857277
v 0.0096632794710529643 -1.1985592557555135e-18 0.0050484735756078534
v 0.0096625961407688973 -1.1906163875813728e-18 0.005217266195830174
v 0.0096542642757461109 -1.1815564969655579e-18 0.0053890463322914589
v 0.0096381067928723238 -1.1713650591722527e-18 0.0055636395491483297
v 0.0096139636895628648 -1.1600303764753661e-18 0.0057408575943774347
v 0.0095816934979496525 -1.1475437465889414e-18 0.0059204987760276438
v 0.009541174669297367 -1.1338996167547387e-18 0.006102348454960542
v 0.0094923068706107214 -1.1190957211353962e-18 0.0062861796550541587
v 0.0094350121755711683 -1.1031331992574426e-18 0.0064717537902652059
v 0.0093692361324489316 -1.0860166933909739e-18 0.006658821506275915
v 0.0092949486924873218 -1.0677544229420273e-18 0.0068471236327247009
v 0.0092121449834541239 -1.0483582341682271e-18 0.0070363922402706365
v 0.0091208459145919012 -1.0278436238054904e-18 0.0072263517950089343
v 0.0090210986010590844 -1.0062297355093892e-18 0.0074167204010783788
v 0.0089129765981093272 -9.8353932836386991e-19 0.0076072111207235215
v 0.0087965799376718591 -9.5979871708584466e-19 0.0077975333596346794
v 0.0086720349626243573 -9.3503768394908845e-19 0.0079873943041259225
v 0.0085394939568396704 -9.0928936285648152e-19 0.008176500395660518
v 0.0083991345719781549 -8.8259009639687023e-19 0.0083645588274246837
v 0.0082511590549248053 -8.5497926712234477e-19 0.0085512790471086331
v 0.008095793282667697 -8.2649910466421399e-19 0.0087363742497959945
v 0.0078775753053459373 -7.8725114730877977e-19 0.0089801542790662083
v 0.0076177139022218544 -7.4148629760255084e-19 0.0092495497529504443
v 0.0073436177791720795 -6.9418014843488342e-19 0.0095129538762541745
v 0.0070563825149029822 -6.4551142871232318e-19 0.0097695363416749302
v 0.0067571738450529642 -5.9566501944710302e-19 0.010018527404926789
v 0.0064472128873626303 -5.4482973099688111e-19 0.010259225052139508
v 0.0061277609178004046 -4.9319608621849835e-19 0.010491000806442106
v 0.0058001040684923276 -4.4095416061145209e-19 0.010713304095155324
v 0.0054655383018596664 -3.8829152619168731e-19 0.010925665146984077
v 0.0051253549861658013 -3.3539133995162839e-19 0.011127696434813679
v 0.0047808273580419863 -2.8243061072298903e-19 0.011319092722083085
v 0.0044331981102348449 -2.2957867049309308e-19 0.011499629807544516
v 0.0039669363654280055 -1.595543592678321e-19 0.011723213081119449
v 0.003441702108870823 -8.1784326810798949e-20 0.011951204627826994
v 0.0031607642245197777 -4.0645185860131756e-20 0.012063299382673634
v 0.002881110788291179 -2.4995996377697626e-35 0.012168309414322499
v 0.0079999999999998996 -5.6126416974719195e-19 0.0021123428430074769
v 0.0081888658455884188 -1.1403145539845282e-18 0.0022490714118332386
v 0.0083488101948321295 -1.1548116339947959e-18 0.0023770131368108355
v 0.008484563614244026 -1.166639938329641e-18 0.0024958353644053731
v 0.0086125187749227314 -1.1773208857613602e-18 0.0026178855478054437
v 0.0087326675359376011 -1.1868649079855129e-18 0.0027429171719833274
v 0.0088450241108104996 -1.1952853376146525e-18 0.0028706828076600441
v 0.0089496241289612807 -1.2025982326373521e-18 0.0030009353045333444
v 0.0090465235930779642 -1.2088221903129618e-18 0.0031334289255577842
v 0.0091357977483784315 -1.2139781528968412e-18 0.0032679204146888476
v 0.0092175398797964252 -1.2180892075365084e-18 0.0034041699918516727
v 0.0092918600529259959 -1.2211803825909826e-18 0.0035419422702427741
v 0.0093588838141216643 -1.2232784425083516e-18 0.0036810070923928599
v 0.0094187508645063363 -1.2244116832550337e-18 0.0038211402826873594
v 0.0094716593851713778 -1.224609490035858e-18 0.0039622549332130269
v 0.0095184442422392088 -1.2238814083423896e-18 0.004106439713833762
v 0.0095591695890088757 -1.2222010738405402e-18 0.0042544373802010814
v 0.009593581755931899 -1.2195395953412788e-18 0.0044061717719254094
v 0.0096214334411046393 -1.2158695259865173e-18 0.0045615531889392534
v 0.0096424851917001307 -1.2111650670108195e-18 0.0047204780834276721
v 0.0096565069241737623 -1.2054022728622057e-18 0.0048828288290857277
v 0.0096632794710529643 -1.1985592557555135e-18 0.0050484735756078534
v 0.0096625961407688973 -1.1906163875813728e-18 0.005217266195830174
v 0.0096542642757461109 -1.1815564969655579e-18 0.0053890463322914589
v 0.0096381067928723238 -1.1713650591722527e-18 0.0055636395491483297
v 0.0096139636895628648 -1.1600303764753661e-18 0.0057408575943774347
v 0.0095816934979496525 -1.1475437465889414e-18 0.0059204987760276438
v 0.009541174669297367 -1.1338996167547387e-18 0.006102348454960542
v 0.0094923068706107214 -1.1190957211353962e-18 0.0062861796550541587
v 0.0094350121755711683 -1.1031331992574426e-18 0.0064717537902652059
v 0.0093692361324489316 -1.0860166933909739e-18 0.006658821506275915
v 0.0092949486924873218 -1.0677544229420273e-18 0.0068471236327247009
v 0.0092121449834541239 -1.0483582341682271e-18 0.0070363922402706365
v 0.0091208459145919012 -1.0278436238054904e-18 0.0072263517950089343
v 0.0090210986010590844 -1.0062297355093892e-18 0.0074167204010783788
v 0.0089129765981093272 -9.8353932836386991e-19 0.0076072111207235215
v 0.0087965799376718591 -9.5979871708584466e-19 0.0077975333596346794
v 0.0086720349626243573 -9.3503768394908845e-19 0.0079873943041259225
v 0.0085394939568396704 -9.0928936285648152e-19 0.008176500395660518
v 0.0083991345719781549 -8.8259009639687023e-19 0.0083645588274246837
v 0.0082511590549248053 -8.5497926712234477e-19 0.0085512790471086331
v 0.008095793282667697 -8.2649910466421399e-19 0.0087363742497959945
v 0.0078775753053459373 -7.8725114730877977e-19 0.0089801542790662083
v 0.0076177139022218544 -7.4148629760255084e-19 0.0092495497529504443
v 0.0073436177791720795 -6.9418014843488342e-19 0.0095129538762541745
v 0.0070563825149029822 -6.4551142871232318e-19 0.0097695363416749302
v 0.0067571738450529642 -5.9566501944710302e-19 0.010018527404926789
v 0.0064472128873626303 -5.4482973099688111e-19 0.010259225052139508
v 0.0061277609178004046 -4.9319608621849835e-19 0.010491000806442106
v 0.0058001040684923276 -4.4095416061145209e-19 0.010713304095155324
v 0.0054655383018596664 -3.8829152619168731e-19 0.010925665146984077
v 0.0051253549861658013 -3.3539133995162839e-19 0.011127696434813679
v 0.0047808273580419863 -2.8243061072298903e-19 0.011319092722083085
v 0.0044331981102348449 -2.2957867049309308e-19 0.011499629807544516
v 0.0039669363654280055 -1.595543592678321e-19 0.011723213081119449
v 0.003441702108870823 -8.1784326810798949e-20 0.011951204627826994
v 0.0031607642245197777 -4.0645185860131756e-20 0.012063299382673634
v 0.002881110788291179 -2.4995996377697626e-35 0.012168309414322499
v 0.0079987780638409375 0.00013981959848527117 0.0021152956999518618
v 0.0079951233624107852 0.00027928913698204897 0.0021241378814247534
v 0.0079890779942136635 0.00041789087197348574 0.0021387989523336719
v 0.0079807147615026924 0.00055515033730596693 0.0021591538606869562
v 0.007970133268244169 0.000690634274593206 0.0021850304501301698
v 0.0079574561558823954 0.00082394873646389813 0.0022162162107687345
v 0.0079428254769051305 0.00095473736265293328 0.0022524642682769393
v 0.0079263986676774405 0.0010826837439848391 0.0022934999697482041
v 0.0079083362418212854 0.0012075669051799375 0.0023390485094969306
v 0.0078888019432052613 0.001329211799507371 0.0023888321624338598
v 0.0078679607584683404 0.001447478283665641 0.0024425728248447806
v 0.007845975032426955 0.0015622662354838378 0.0025000000000000001
v 0.0059051961664476011 0.0028203321287427132 0.0025000000000000001
v 0.0061982486011365693 0.0027018543883381577 0.0025000000000000001
v 0.0064564802006199561 0.0025828162300937526 0.0025000000000000001
v 0.0066835847759327983 0.0024651561205461582 0.0025000000000000001
v 0.0069047918245602538 0.0023370620734828023 0.0025000000000000001
v 0.0070980022926992008 0.0022124678720419396 0.0025000000000000001
v 0.0072663939994084634 0.0020924867510114581 0.0025000000000000001
v 0.0074288079297726252 0.0019648120969930822 0.0025000000000000001
v 0.0075691812544840002 0.00184311622284882 0.0025000000000000001
v 0.0076902137174381493 0.0017279572245858929 0.0025000000000000001
v 0.0077695013813847474 0.0016463809408007078 0.0025000000000000001
v 0.0032021890906134189 0.0033164533588469886 0.0025000000000000001
v 0.0031156151056241864 0.0033664144990419886 0.002552948583506446
v 0.0030321087323303799 0.0034179939346356942 0.0026096884479661266
v 0.0029519108811540832 0.0034710331348433176 0.0026701659835153919
v 0.0028752565893513989 0.0035253625702255068 0.0027343156701095986
v 0.0028023743899822299 0.0035808022341430488 0.0028020590823365247
v 0.0027334856837350628 0.0036371621672180482 0.0028733038825322554
v 0.0026688034954571523 0.0036942435217112543 0.0029479434773621569
v 0.0026085305037236348 0.0037518403238487553 0.0030258571952232558
v 0.0025528610521437099 0.003809737428419249 0.003106905351935774
v 0.0025019762074242505 0.0038677149168270773 0.00319093279212542
v 0.002460408800645865 0.0039197788611809682 0.0032689638565463245
v 0.0024265193753062655 0.003966401510813909 0.0033410246958246259
v 0.0023960424688737204 0.004012676577568406 0.003414711056833131
v 0.0023690443685053957 0.0040584832244924722 0.0034899078856155466
v 0.0023455687737754241 0.0041037311324721463 0.0035665440631803104
v 0.0023256504844741325 0.004148353095829246 0.0036445866888830318
v 0.0023093471183377044 0.0041922360884532788 0.0037239210315699869
v 0.0022967098084734983 0.0042352677152126461 0.0038044246767032839
v 0.0022877823991029008 0.0042773373916881394 0.0038859686889125581
v 0.0022826010398028611 0.0043183368470998407 0.0039684176580221638
v 0.0022811937680717546 0.0043581608675368625 0.0040516303728371488
v 0.002283580098426261 0.0043967078770032128 0.0041354599823805174
v 0.0022897707683767095 0.0044338806522092938 0.0042197548529418353
v 0.0022997677470739915 0.0044695873639502663 0.0043043603548083348
v 0.0023135633999391736 0.0045037401264687478 0.0043891145361584141
v 0.002331140565837022 0.0045362573309645155 0.0044738528572688899
v 0.0023524727739046378 0.0045670642606600864 0.0045584094166371061
v 0.0023775243127823744 0.0045960932014877595 0.0046426170709699503
v 0.0024062502029386888 0.0046232835679737433 0.0047263075829234238
v 0.0024385960720889276 0.0046485820443193885 0.0048093117965928023
v 0.0024744979350345363 0.004671942741451161 0.004891459843575874
v 0.0025138835693593858 0.0046933282105018062 0.0049725846976486797
v 0.0025566730152564495 0.0047127093412532624 0.0050525226801075816
v 0.0026027776634081896 0.0047300646945200951 0.0051311114949446528
v 0.002652101148792569 0.004745380896219187 0.0052081923106408216
v 0.0027045394113708035 0.0047586524866582124 0.0052836099758111835
v 0.0027599802868285297 0.0047698816965855515 0.0053572126834285196
v 0.0028183046591690078 0.0047790786123772591 0.0054288540107654652
v 0.0028793876820306348 0.0047862610346189631 0.0054983943761654575
v 0.0029430962549329334 0.0047914538922080828 0.0055656982826919584
v 0.0030092885290631034 0.0047946892742331357 0.005630634793519107
v 0.0030778134235230001 0.0047960064878221969 0.005693078179515693
v 0.0031485100881024092 0.004795452127808293 0.0057529086525014064
v 0.0032212073125786147 0.0047930801582117492 0.0058100131841754025
v 0.0032957208518493435 0.0047889521419643153 0.0058642850026462429
v 0.0033718453259347055 0.0047831381783691382 0.0059156203025231783
v 0.0034257447691242336 0.0047781299158844029 0.0059496171232799469
v 0.0034843946700606988 0.0047719034406207769 0.0059845152210290476
v 0.0035436183427962325 0.0047648478960919914 0.0060176385469594773
v 0.0036032949339345039 0.0047570075866951072 0.0060489561063754443
v 0.0036632967364507193 0.0047484304617016635 0.0060784428662048222
v 0.0037234851995531296 0.0047391687575029885 0.0061060786220433396
v 0.0037837067150231938 0.0047292799033713381 0.0061318474836143779
v 0.0038637713838992108 0.0047152267568676513 0.0061632903538747161
v 0.0039530623334429003 0.004698413585863967 0.006194694924387823
v 0.0040409610111196816 0.0046807682792971575 0.0062219668635357956
v 0.0041169874058930318 0.0046646863649733323 0.0062427249025497553
v 0.0041825951987806845 0.0046502303129668599 0.0062585758768156858
v 0.0042675011305716793 0.0046307674064362597 0.0062763069182366679
v 0.004359181706713385 0.0046088437570618174 0.0062919871789885399
v 0.0044466441853406981 0.0045870950763504132 0.0063036408477390058
v 0.0045310078704380915 0.0045653816136636783 0.0063118561310558045
v 0.0046155560192987985 0.0045429259468528702 0.0063171283349893279
v 0.0047009702760401123 0.0045195595648573617 0.0063194534554509088
v 0.0047877326554257174 0.0044951460460021788 0.006318725086218834
v 0.0048762964381485231 0.0044695392904561659 0.0063147554293574446
v 0.0049670601142217455 0.0044425920815981705 0.0063072768670539292
v 0.0050602684535431671 0.0044141876329976048 0.0062959576617155804
v 0.0051559648956938375 0.0043842589298035087 0.0062804310456426498
v 0.005254006719635362 0.0043527896754391258 0.0062603240863162053
v 0.0053540395256839422 0.0043198279953704415 0.006235297070742875
v 0.0054555075078421616 0.0042854895711084686 0.0062050836095067889
v 0.0055577525144612219 0.0042499297599234527 0.0061695011748396991
v 0.0056600692301178521 0.0042133270725582114 0.006128456085571078
v 0.0057617608974323865 0.0041758641264709037 0.0060819342591744074
v 0.0058621657912184292 0.0041377171881543705 0.0060299912143513745
v 0.0059607019449650521 0.0040990372931047469 0.0059727222677134215
v 0.0060256169072419917 0.0040728061091000693 0.0059313016179468638
v 0.0060966001607442389 0.0040433633021131126 0.0058823680694196539
v 0.0061658747965750681 0.0040137773396118123 0.0058306390028853216
v 0.0062332726500880266 0.0039840819164436306 0.005776187807295813
v 0.0062986348423407787 0.0039543061684103311 0.0057190939876708285
v 0.0063618112440054306 0.003924474773046689 0.0056594421491580737
v 0.0064226599129797489 0.0038946080859727917 0.005597321046762093
v 0.0064810465056992532 0.0038647223128199272 0.0055328227007417352
v 0.0065368434326005496 0.0038348298422961604 0.0054660418638929004
v 0.0065899252072641823 0.003804941820348795 0.0053970808119662237
v 0.0066401711869404564 0.003775067024190509 0.0053260461948559093
v 0.0066874652422809471 0.0037452122939658481 0.0052530491035219359
v 0.0067316950247196077 0.0037153833331710572 0.0051782060941750465
v 0.0067727522389986481 0.003685585029206722 0.0051016391031241349
v 0.0068105329507609762 0.0036558218018832478 0.0050234753712483883
v 0.0068449379292092119 0.0036260979798791752 0.0049438473780942091
v 0.006875873024899266 0.0035964182050856005 0.0048628927854145378
v 0.0069032517209033422 0.0035667853994522792 0.0047807475142950485
v 0.0069269927473173971 0.0035372031332536209 0.0046975505967192435
v 0.0069470181073137145 0.0035076791282244273 0.0046134532097573113
v 0.0069632567477649222 0.0034782232958361363 0.0045286116221538103
v 0.0069756454461684329 0.0034488480751528176 0.0044431865373553963
v 0.0069841291544362159 0.0034195679387516672 0.0043573412106294738
v 0.0069886617477616974 0.0033904004907955088 0.0042712421027075731
v 0.0069892065972382671 0.0033613686341199813 0.0041850642211574687
v 0.0069857380643511859 0.0033324982657306178 0.0040989829340537087
v 0.006978241701033742 0.0033038185576310434 0.0040131733099752903
v 0.0069667144826600878 0.0032753622947878373 0.0039278098198739899
v 0.0069511651286167245 0.003247166154507309 0.0038430660421037736
v 0.0069316145104526376 0.0032192709272241926 0.0037591143706112917
v 0.0069080961476080619 0.003191721678702253 0.0036761257262874453
v 0.0068806564640287622 0.0031645675473480251 0.0035942683564045546
v 0.0068493523668976836 0.0031378594202589637 0.0035137005347423969
v 0.0068136923292334084 0.0031112590737173828 0.0034333897750006438
v 0.0067746359247952024 0.003085502869589439 0.0033555322327415843
v 0.0067318450370322499 0.0030603277549483654 0.0032792920445241141
v 0.0066854127167887143 0.0030358049828216175 0.003204827467981999
v 0.006635445488487008 0.003012007623516133 0.0031322881134687179
v 0.0065820601218597001 0.0029890089110583985 0.0030618109948815243
v 0.0065253827258422315 0.0029668820183560984 0.0029935211263559022
v 0.0064655479429845172 0.0029456997747586478 0.0029275320791600644
v 0.0064026982443814587 0.0029255343260166243 0.0028639464987894833
v 0.0063369833251223397 0.0029064567366400857 0.0028028565822614511
v 0.0062685596002591167 0.0028885365346557881 0.0027443445156096844
v 0.0061975898012936129 0.0028718411987632871 0.0026884828715789569
v 0.0061242424136139758 0.002856435537539055 0.0026353347898083368
v 0.006048678843036526 0.0028423789761127874 0.0025849463679306524
v 0.0059777342294341828 0.0028307469774512305 0.0025412904129593281
v 0.0032021890884705228 -0.0033164533606113347 0.0025000000000000001
v 0.0027926803055489825 -0.0033150446708701746 0.0025000000000000001
v 0.0023837966069865648 -0.0032949422980417145 0.0025000000000000001
v 0.0019764298760292271 -0.0032559933970508818 0.0025000000000000001
v 0.0015715667204844732 -0.0031978893607020817 0.0025000000000000001
v 0.0011703191370205463 -0.0031201644991869638 0.0025000000000000001
v 0.00081331460289073298 -0.0030329124460990193 0.0025000000000000001
v 0.00049624189151309839 -0.0029398684977472991 0.0025000000000000001
v 0.00018416022687293965 -0.0028325517261739335 0.0025000000000000001
v -6.0570207336358495e-05 -0.0027362840920151371 0.0025000000000000001
v -0.00028642917517702587 -0.0026369013407627445 0.0025000000000000001
v -0.0005076086980793775 -0.0025285972696182544 0.0025000000000000001
v -0.00072333271885960252 -0.0024110910380180195 0.0025000000000000001
v -0.00093267992679751412 -0.0022841231222127515 0.0025000000000000001
v -0.001114737405422466 -0.0021615915805406867 0.0025000000000000001
v -0.0012726340209720252 -0.0020445566702963713 0.0025000000000000001
v -0.0014240470221821751 -0.0019211631341073199 0.0025000000000000001
v -0.0015540075733516904 -0.0018048140057281019 0.0025000000000000001
v -0.001665193443580928 -0.0016960446123937985 0.0025000000000000001
v -0.0017702541661221141 -0.0015837835077675566 0.0025000000000000001
v -0.0018684977114643254 -0.0014685673791746204 0.0025000000000000001
v -0.0019592120422609804 -0.0013511600740109251 0.0025000000000000001
v -0.002033862126550167 -0.0012444455311093154 0.0025000000000000001
v -0.0020955649322350854 -0.0011474277009196818 0.0025000000000000001
v -0.0021522331777677588 -0.0010492823772353789 0.0025000000000000001
v -0.0022036966486906782 -0.00095033881815854775 0.0025000000000000001
v -0.0022498387508834172 -0.00085093432554491115 0.0025000000000000001
v -0.0022905995722652854 -0.00075140462109126967 0.0025000000000000001
v -0.0023259804313814384 -0.00065206085149707607 0.0025000000000000001
v -0.0023560474618129633 -0.00055314693540617734 0.0025000000000000001
v -0.0023809163032439576 -0.00045482472976099506 0.0025000000000000001
v -0.0024007320498633349 -0.00035716926569014898 0.0025000000000000001
v -0.0024156484709389392 -0.0002601696872340844 0.0025000000000000001
v -0.0024258079340986663 -0.00016373562036367851 0.0025000000000000001
v -0.0024313234652183057 -6.7708690786163483e-05 0.0025000000000000001
v -0.0024322643301373506 2.8122346052763325e-05 0.0025000000000000001
v -0.0024286449173795241 0.00012401793330299874 0.0025000000000000001
v -0.002420420211001991 0.00022022196971785239 0.0025000000000000001
v -0.0024074939740190144 0.00031692972860100399 0.0025000000000000001
v -0.0023897320671461171 0.00041427492685299308 0.0025000000000000001
v -0.0023669799961425317 0.00051230854375771025 0.0025000000000000001
v -0.0023390878570075531 0.00061097973388327999 0.0025000000000000001
v -0.0023059288515388716 0.00071015080717937629 0.0025000000000000001
v -0.0022674180365350187 0.00080960431472559737 0.0025000000000000001
v -0.0022235272585191005 0.00090905658989872394 0.0025000000000000001
v -0.0021742882890717079 0.0010081878475295925 0.0025000000000000001
v -0.0021197942773592622 0.0011066611625692949 0.0025000000000000001
v -0.0020601921522023624 0.0012041451946619346 0.0025000000000000001
v -0.0019947207422717473 0.0013016880480221367 0.0025000000000000001
v -0.0019210065011210852 0.0014020710055131843 0.0025000000000000001
v -0.0018415744840823262 0.0015012579824403654 0.0025000000000000001
v -0.0017568525582354146 0.0015986842007918909 0.0025000000000000001
v -0.0016672775245393798 0.0016939134206623101 0.0025000000000000001
v -0.001573272015906256 0.0017866256103437092 0.0025000000000000001
v -0.001475225183382483 0.0018766031975724358 0.0025000000000000001
v -0.0013734981042324622 0.0019636997680067322 0.0025000000000000001
v -0.0012684183827579932 0.0020478266683802283 0.0025000000000000001
v -0.001160281216201633 0.0021289381905570596 0.0025000000000000001
v -0.0010493574581099359 0.0022070161219190734 0.0025000000000000001
v -0.00093589195590511375 0.0022820647934475797 0.0025000000000000001
v -0.00078102269240234046 0.0023774589547972806 0.0025000000000000001
v -0.00060242304814839124 0.002478491838943375 0.0025000000000000001
v -0.00041974551804686323 0.002573007449540839 0.0025000000000000001
v -0.0002334840582891705 0.0026611666226122256 0.0025000000000000001
v -4.4067835122357237e-05 0.0027431352078533307 0.0025000000000000001
v 0.00014813213226517964 0.0028190784784760314 0.0025000000000000001
v 0.00034278547911396602 0.002889153069752039 0.0025000000000000001
v 0.00053960222228439394 0.0029535074179675414 0.0025000000000000001
v 0.00073832445373896985 0.0030122791739307657 0.0025000000000000001
v 0.001005841659173371 0.0030821704321760306 0.0025000000000000001
v 0.0013097459800570279 0.0031495306225500165 0.0025000000000000001
v 0.0016162090487991869 0.003205274218740992 0.0025000000000000001
v 0.0019246936590133895 0.0032496643945961537 0.0025000000000000001
v 0.002234707271179854 0.0032829073388882051 0.0025000000000000001
v 0.0025457997761596822 0.0033051563288712216 0.0025000000000000001
v 0.0028575620201176642 0.0033165127554033672 0.0025000000000000001
v 0.0030298687686698073 0.0033181353926526307 0.0025000000000000001
v 0.0031156047768119166 -0.0033664206597691761 0.0025529552089362394
v 0.0030320851572199275 -0.0034180090011224234 0.0026097053140056053
v 0.0029518635126917023 -0.0034710655718560536 0.0026702036498109562
v 0.0028751826054076099 -0.0035254168865193483 0.0027343809209334014
v 0.0028022764591178577 -0.0035808794578710418 0.0028021550237822468
v 0.0027333691113322432 -0.0036372611800283955 0.0028734311600604025
v 0.0026686742960676068 -0.0036943621189801734 0.0029481012019718028
v 0.002608395005830729 -0.0037519753274045421 0.0030260429613846889
v 0.0025527229044430503 -0.0038098876887007419 0.0031071193548081102
v 0.0025018375623135788 -0.0038678807951433906 0.003191177456039002
v 0.002460271339646037 -0.0039199595740227597 0.0032692391055562874
v 0.0024263846821922317 -0.0039665959697399436 0.003341329750886688
v 0.0023959127762376653 -0.0040128844346410319 0.0034150471019124625
v 0.0023689226111197766 -0.0040587029511185216 0.0034902742434406151
v 0.0023454576967445817 -0.0041039612563974273 0.0035669401007327067
v 0.0023255524602481398 -0.0041485927099390923 0.0036450127277625546
v 0.0023092645716841333 -0.0041924841264143337 0.0037243771477072328
v 0.002296645157791237 -0.0042355230481053987 0.0038049108505768658
v 0.002287738056016213 -0.0042775988040013547 0.0038864847463553477
v 0.0022825794047550739 -0.0043186030227601617 0.0039689632264338272
v 0.0022811972070728393 -0.0043584304350411844 0.0040522049442520578
v 0.0022836109358064542 -0.0043969794048363195 0.0041360628900210276
v 0.0022898312817859227 -0.0044341526724521844 0.004220385308849388
v 0.0022998601469836162 -0.0044698583471174036 0.004305017359969741
v 0.0023136898084885923 -0.0045040084848725799 0.0043897968627083211
v 0.0023313030181968289 -0.0045365214750416249 0.0044745591568893456
v 0.0023526732103447902 -0.0045673225996151106 0.0045591382041711018
v 0.0023777645666798659 -0.0045963441458298079 0.0046433667088098506
v 0.0024065319845360733 -0.0046235255339501504 0.0047270762661276201
v 0.0024389209478150264 -0.004648813460251611 0.0048100975386839223
v 0.0024748673063704403 -0.0046721620584032021 0.0048922604718523843
v 0.0025142987641568883 -0.0046935339702573646 0.0049733980737245338
v 0.0025571351672316923 -0.0047129001114044116 0.0050533464467157991
v 0.0026032877531288723 -0.0047302391092556451 0.0051319431945758527
v 0.0026526599901821506 -0.0047455376622255515 0.0052090293841453505
v 0.0027051476387528338 -0.0047587903893332381 0.0052844497610336971
v 0.0027606383309456434 -0.0047699996062478059 0.0053580524061798626
v 0.0028190128746301384 -0.004779175514317043 0.0054296909653078589
v 0.0028801461812760546 -0.0047863360017906826 0.0054992257204933576
v 0.0029439048912570341 -0.0047915061005037044 0.0055665210613575098
v 0.0030101469059618195 -0.0047947180176841622 0.0056314459864789347
v 0.0030787209086563789 -0.0047960111893074961 0.0056938747476712338
v 0.0031494658313527451 -0.0047954323455848503 0.0057536875794328892
v 0.0032222102676845552 -0.0047930355885854462 0.0058107715135695161
v 0.0032967692805103959 -0.0047888826531953463 0.0058650195076116749
v 0.0033729370872860502 -0.0047830438304410404 0.0059163278130231018
v 0.0034267756010081364 -0.0047780273149938043 0.0059502490554493416
v 0.0034854538577693333 -0.0047717838801262609 0.0059851260058627186
v 0.00354470412795568 -0.0047647116544160166 0.0060182265534227865
v 0.0036044052910497643 -0.0047568550510082878 0.0060495197573545148
v 0.0036644293644947788 -0.0047482621348312959 0.0060789806628883201
v 0.003724637929666666 -0.0047389852009583752 0.0061065893666476662
v 0.0037848797860799872 -0.0047290813340849416 0.0061323311704282431
v 0.0038649654937624972 -0.0047150096537491382 0.0061637354733896053
v 0.0039542703720279676 -0.0046981782620133597 0.0061950939780400661
v 0.0040421753618673541 -0.0046805172504124967 0.0062223188618917655
v 0.0041281256981574432 -0.004662269112345109 0.0062455495191734269
v 0.0042116372464919005 -0.0046436668450184054 0.006264991446121736
v 0.0042923503202500282 -0.0046249162246273078 0.0062809099796456045
v 0.0043700455131149268 -0.0046061857529504134 0.0062936093916293951
v 0.0044446489788317663 -0.004587599988283883 0.0063034106883815885
v 0.0045168815733342199 -0.0045690664341586041 0.0063106866258500743
v 0.0045891527630579406 -0.0045500116379018664 0.0063157994727468126
v 0.0046619466309652359 -0.0045303184995657882 0.0063187652747225456
v 0.0047355699803107781 -0.0045099046257044695 0.0063195368333046767
v 0.0048103189142296218 -0.0044886808200645606 0.0063180231676153034
v 0.004886469504255659 -0.0044665542154244744 0.0063140896622022524
v 0.0049642645543766977 -0.0044434325964162061 0.0063075591261288824
v 0.0050438519507970594 -0.0044192438991671468 0.0062982214487497133
v 0.0051252698134151616 -0.0043939432161721149 0.0062858474249492509
v 0.0052084596644769643 -0.0043675113378011318 0.0062702010697030337
v 0.0052932528789325743 -0.0043399614549465143 0.0062510567716366171
v 0.0053793620822524344 -0.0043113448572748595 0.0062282198156225826
v 0.0054664090424199948 -0.0042817447527056405 0.0062015397022020819
v 0.0055539714164187714 -0.0042512625006263646 0.0061709118895986381
v 0.0056416052335901785 -0.0042200107516715823 0.0061362796233690254
v 0.0057288713822642723 -0.004188104311279659 0.0060976289587381452
v 0.005815346145923132 -0.0041556559796886517 0.0060549852871136824
v 0.0059006412458390287 -0.0041227683275850708 0.0060084015199654804
v 0.0059844133275935409 -0.004089528650560407 0.0059579465146950361
v 0.0060487382814925737 -0.0040633067007406582 0.0059157939442544948
v 0.0061091629269390147 -0.0040380633324235181 0.0058732886005837858
v 0.0061683121481870542 -0.0040127197907276957 0.0058287430735966669
v 0.0062260810725651167 -0.0039872969024280251 0.0057822038781840824
v 0.0062823697969448013 -0.0039618130488284671 0.0057337207989597745
v 0.0063370831423412953 -0.0039362842117436495 0.0056833464234945933
v 0.0063901303983725189 -0.0039107240334238401 0.0056311357013163
v 0.0064414250575769941 -0.003885143890423316 0.0055771455286748352
v 0.006490884539590445 -0.0038595529814121716 0.0055214343590730755
v 0.006538429659071093 -0.0038339585637436739 0.0054640621471367112
v 0.0065839815351160748 -0.0038083676914880504 0.0054050938647255426
v 0.006627464364232909 -0.0037827859034945143 0.005344596294790541
v 0.0066688048260954251 -0.0037572176397477541 0.0052826385202888381
v 0.0067079315958388794 -0.0037316666868811546 0.0052192925741626379
v 0.0067447754642255857 -0.0037061363214248811 0.0051546333987778871
v 0.0067792694716207512 -0.003680629464075547 0.0050887388091598248
v 0.0068113490557785627 -0.0036551488449874754 0.0050216894600254277
v 0.0068409522134384986 -0.0036296971800855427 0.0049535688166127299
v 0.006868019675731878 -0.0036042773583996211 0.0048844631293070402
v 0.0068924958436560367 -0.0035788918256362957 0.0048144591526944423
v 0.006914329583553723 -0.0035535415675832099 0.00474364055037767
v 0.0069334703360994267 -0.0035282306990874401 0.0046720999584016713
v 0.0069498705955028401 -0.003502964512825989 0.0045999336038698262
v 0.0069634868950926498 -0.0034777495960304407 0.0045272402265017038
v 0.0069742799881267036 -0.0034525938981886193 0.0044541209393874773
v 0.0069822149633090034 -0.0034275065236206502 0.0043806785093129423
v 0.0069872618201239434 -0.0034024976328518239 0.0043070156747505211
v 0.0069893952854394505 -0.0033775808391814433 0.0042332416461875995
v 0.0069885958742376512 -0.0033527714836846128 0.00415946655327831
v 0.0069848500674630906 -0.0033280865511412065 0.0040858004482378363
v 0.0069781503924215525 -0.0033035448427411488 0.0040123531677673328
v 0.0069684955376963179 -0.0032791671256507077 0.003939234196226612
v 0.00695589050258184 -0.0032549762594397845 0.0038665525300546006
v 0.0069403467810348635 -0.0032309972993702181 0.0037944165434375776
v 0.0069218825801429483 -0.0032072575765450897 0.0037229338552251779
v 0.0069005230731104452 -0.0031837867549190371 0.003652211197094175
v 0.006876300129379339 -0.0031606163529167798 0.0035823527533846628
v 0.0068492507968655261 -0.0031377784995095239 0.0035134563363558562
v 0.0068194018596856301 -0.0031152955034359628 0.0034455818399150647
v 0.0067867632084818658 -0.00309318116424893 0.003378755088012371
v 0.0067513803337424525 -0.0030714765233504611 0.0033130758689700469
v 0.006713307162023131 -0.0030502248859086184 0.0032486428117682771
v 0.0066726060691392327 -0.0030294713869983732 0.0031855523670034852
v 0.0066293453434426381 -0.0030092614599837031 0.0031238945659485297
v 0.0065835987419957526 -0.0029896407159067388 0.0030637531688145351
v 0.0065354451343292335 -0.0029706548254811835 0.0030052058875435828
v 0.0064849681877115657 -0.0029523493745398999 0.0029483245942327598
v 0.006432256093930484 -0.0029347696929366692 0.0028931755151895711
v 0.0063774013375862536 -0.0029179606569021176 0.0028398194106187152
v 0.0063205005058967938 -0.0029019664648538123 0.0027883117399402184
v 0.0062616539237333232 -0.0028868303342832031 0.0027387026382026409
v 0.0062009600443413962 -0.0028725930464167 0.0026910329649141324
v 0.0061385191398722434 -0.0028592940361792303 0.0026453385556749875
v 0.006074433735158067 -0.0028469713273035083 0.0026016509498470995
v 0.0060088069170651983 -0.0028356610389650744 0.0025599965434897464
v 0.005957402529866593 -0.002827680372082057 0.0025293877216136379
v 0.00812206736634348 0.0005178802687699339 0.0022533293277628196
v 0.0079640773706954378 0.0010595003800811034 0.0023108329834905543
v 0.0030972395212853338 0.0033617079137441986 0.0025475463313154316
v 0.0010733624385836436 0.0034367840778845612 0.0028346179998609538
v 0.007263690282964733 0.0021679007777044112 0.0025657530358889212
v 0.0013552925152840948 0.0037733456174679778 0.0031815631911690117
v -0.00056015262608302078 0.0035329178982449684 0.0034291688606250498
v 0.0089219909222538162 0.00054768859523895226 0.0030516054113337446
v 0.0067039508057959631 0.0027040979849831137 0.0027694815445220796
v 0.0016319575298906945 0.0040680883322744129 0.0035671797594096742
v -0.00043819138438582096 0.0038788937466279214 0.0038343379462845327
v 0.0070962367345634115 0.0027960310778570017 0.0031706563787394612
v 0.0018991362182503013 0.0043173682003009957 0.0039845001467890846
v -0.00030161857630894227 0.0041818810128974732 0.0042709439077546875
v -0.0020862869945483123 0.0037155719046646414 0.0044341956916084746
v -0.0020612472317869902 0.0033841634604241284 0.0039755226159188554
v -0.0033202298043128993 0.0030618621784789719 0.0044337547977781784
v 0.0074222499323602538 0.0028597413651258691 0.0035974664907639296
v 0.0021530735556087892 0.0045190934578969496 0.0044258654033894366
v -0.00015292345005609009 0.0044381337443653605 0.0047313887849907881
v -0.0020784498559926964 0.0040058018123544214 0.0049176576048726994
v -0.0034685607321039507 0.0033617079137441973 0.0049373021876866208
v 0.0076825375801224333 0.0028965299503518876 0.0040418392058403363
v 0.0023906401571837611 0.0046727322094798412 0.0048833534673705719
v 5.1331919374482118e-06 0.0046455016665094525 0.0052076517607447265
v -0.0020386334537810802 0.0042512649551289241 0.0054177310968046939
v -0.0035686954454048755 0.0036242968778444754 0.0054600626411652267
v -0.0046780502524651352 0.0028309119273635338 0.0053775203717549977
v -0.0044218395552730718 0.002578410255561239 0.0048347079569050844
v -0.0049323946998918724 0.0022575942329798875 0.0050205348324978034
v 0.009606576244179571 0.00054768859523895226 0.0049324881250148349
v 0.0078793914999326573 0.0029082942664402792 0.0044961062641605898
v -0.005238603657556822 0.0024786786460786712 0.0055815451259249365
v -0.005390287687985309 0.0018842228790639833 0.0051871942506430237
v 0.0071271794355326074 0.0034464276273054192 0.0047698890654581392
v 0.0026094317607392279 0.0047792049571377913 0.0053491890481694691
v 0.0001696747766537201 0.0048034380055492079 0.0056917187572192163
v -0.0019686849643945309 0.0044499015963406332 0.005926062817503761
v -0.0036201966827117131 0.0038463825784499773 0.005993373035745389
v -0.0048726603361405347 0.0030520394760795576 0.0059346670479211864
v -0.0057413377428925487 0.0020687433315348916 0.0057645253687381853
v -0.0057747760511218087 0.0014623819359899581 0.0053271365702464444
v 0.009597772159302638 0.00053548700310825212 0.0054811617618504517
v -0.0054769995613399448 0.0026722926288254198 0.0061546285372932712
v -0.0061634787465547763 0.0016055918394002151 0.0059181721287344972
v -0.0060662249561232381 0.0009997917317482361 0.0054332152964764423
v 0.007271420587275799 0.0034324865125938695 0.0052433056052971433
v 0.0028078058474908935 0.0048406861075041743 0.0058160964565511274
v 0.00033785952410935062 0.0049128890118829045 0.0061759737272882474
v -0.0018712486432041918 0.004601187984262926 0.0064345541324642794
v -0.003624145353576191 0.0040261014443081916 0.0065286011231726285
v -0.0050040645080260231 0.0032390590134315595 0.0064970597323184979
v -0.0060190030972268266 0.0022303365402119857 0.00635190169122313
v -0.0064834690117214783 0.0010977005432634115 0.0060346390605101252
v 0.0095069212248829731 0.0005178802687699339 0.0060581840333446841
v -0.0065993573780250957 0.00083069230301014969 0.0060768189763423805
v -0.0061717767217183512 0.00075659914835001689 0.0054716329973273073
v -0.005645435771371163 0.0028360424541566654 0.0067304997812898384
v -0.0064741182829715343 0.0017310074640451241 0.0065175500719967371
v -0.0066834214779344578 0.00055738162300421833 0.0061074158064797681
v -0.0062483427693002976 0.00050766626793433643 0.0054995007596025458
v -0.0067343846552787249 0.00027977803183306662 0.0061259648860767114
v -0.0062947603133610315 0.00025482338026352899 0.0055163953639883927
v -0.0063103134140619363 -1.7342762415107685e-19 0.0055220562296940667
v 0.007367181093173727 0.0033888907877886155 0.0057475613027410302
v 0.0081068352542860104 0.0028597413651258691 0.0054783492044450204
v 0.0080205898851328575 0.0028965299503518876 0.0049706302804510627
v 0.0029848609439049297 0.0048603466538922578 0.0062775696972610876
v 0.00050701141271281621 0.00497608991470709 0.0066535171459756797
v -0.0017495683206824096 0.0047060305271720455 0.0069357353289708984
v -0.0035829908663108263 0.0041629796048093127 0.0070575773504117523
v -0.0050726731941101461 0.0033904012162595289 0.0070558221406328888
v -0.0062206516072034323 0.0023670046636615253 0.0069398612238113387
v -0.0068191035549646081 0.0011834438784798292 0.0066431144422624457
v -0.0067514608587985938 -1.7026137636921101e-19 0.0061321801158722147
v 0.0093296515173716434 0.00049476290428194787 0.0066564958190835398
v -0.0069440441669837202 0.0008955791512820332 0.0066885891060884045
v 0.0081314429074285429 0.0027960310778570017 0.0060148619631664509
v 0.0086987924043015856 0.0022926815388786886 0.0052628944218782985
v 0.0087102122354479512 0.0022416044025896308 0.0058042071552611343
v -0.0067343846552787249 -0.00027977803183306695 0.0061259648860767114
v -0.0062947603133610306 -0.00025482338026352932 0.0055163953639883927
v -0.0062483427693002993 -0.00050766626793433676 0.0054995007596025458
v 0.0064913453085306549 0.0038607331613242164 0.0060663394584562925
v -0.005744011969446486 0.0029685540603194044 0.0073001694719640412
v -0.0067036548435932715 0.0018370782464238718 0.0071156600249114828
v -0.0070346746627488804 0.00060091968959079278 0.0067215759088637122
v -0.0066834214779344578 -0.00055738162300421877 0.0061074158064797681
v 0.0091787139478056463 0.0010122059416973633 0.0067114326016380474
v 0.0093489312292349309 0.0010595003800811034 0.0061156876890724179
v -0.0070896186642127523 0.00030163198983360984 0.0067415738899480404
v 0.0074082670123786177 0.0033133919303584337 0.0062780764631034432
v -0.0065993573780250966 -0.00083069230301014818 0.0060768189763423814
v -0.0061717767217183521 -0.00075659914835001538 0.0054716329973273073
v 0.0055003142550238866 0.0042578371436318499 0.0064270452631662329
v 0.0031458581525013176 0.0048406861075041743 0.0067448875311618556
v 0.00067472178511256912 0.0049963004064486841 0.0071183915880742698
v -0.0016072697406010951 0.0047665703393510016 0.0074230525526519601
v -0.0035003142550238849 0.0042578371436318499 0.0075729547368337674
v -0.0050807653115291342 0.0035056670356288949 0.0076027226661157911
v -0.0070697797458129747 0.0012559616582693807 0.007248918591343077
v -0.0071080287202588063 -1.6086341027760567e-19 0.0067482746023599764
v -0.0064834690117214801 -0.0010977005432634102 0.0060346390605101269
v -0.006066224956123239 -0.00099979173174823436 0.005433215296476444
v -0.0057747760511218113 -0.001462381935989955 0.0053271365702464452
v 0.0090639706297004595 0.0004661958639550995 0.0072677612311818672
v 0.0089090464848082598 0.0015420980844476873 0.0068095835313191789
v 0.0090666637896048754 0.0016141512702986763 0.0062184246352002901
v -0.0072023763320222724 0.00095045747112277516 0.0072971798018885746
v 0.0080888046643354562 0.0027040979849831137 0.0065743362501039446
v -0.0070896186642127523 -0.00030163198983361016 0.0067415738899480404
v 0.0065519433941574612 0.0037747224395939375 0.0065897527710350803
v -0.0057749280563834373 0.0030694780496289867 0.0078553772429792827
v -0.00729856038419482 0.00063774218917305228 0.0073321879338904897
v -0.0070346746627488804 -0.0006009196895907931 0.0067215759088637131
v -0.0061634787465547781 -0.0016055918394002116 0.0059181721287344972
v 0.0085095910432580711 0.0020711290807038348 0.0069549734219591106
v 0.0086485441415042261 0.0021679007777044112 0.0063706077414707862
v -0.0073568711840944837 0.00032011506504655153 0.0073534113293902198
v 0.0073894066869382687 0.0032044480883269282 0.0068288962957825071
v -0.0069440441669837219 -0.00089557915128203158 0.0066885891060884054
v 0.0055829908663108281 0.0041629796048093136 0.006942422649588248
v 0.0032940170826649849 0.0047792049571377913 0.0072300717618505612
v 0.00084506371772324039 0.00497608991470709 0.0075823082205864062
v -0.0014481465646790771 0.0047859298630192667 0.007891052478664241
v -0.0033805378046708272 0.0043126112594128099 0.0080684693453481962
v -0.0050322169475726791 0.0035855470683215569 0.0081305217187137777
v -0.0073764093514219744 -1.4552814359479762e-19 0.0073605226407295393
v -0.0068191035549646098 -0.001183443878479827 0.0066431144422624457
v -0.0057413377428925504 -0.0020687433315348899 0.0057645253687381862
v -0.0053902876879853099 -0.001884222879063982 0.0051871942506430246
v -0.0049323946998918742 -0.0022575942329798875 0.0050205348324978043
v 0.008710594882117749 0.00043241886027415059 0.0078826938832338295
v -0.0073736992176831112 0.00099486676616109817 0.007893327121485369
v -0.0072349071718168026 0.0013146453695700221 0.0078428109480371232
v 0.0079748374601121778 0.0025833912840335679 0.0071496078088914118
v -0.0073568711840944837 -0.0003201150650465518 0.0073534113293902198
v 0.0065612388640326515 0.0036506101178960288 0.0071303247322971955
v -0.0057421968656466392 0.0031394190920787835 0.008388933275819457
v -0.0063974900985342368 0.002561833602959578 0.0080819712953061548
v -0.0074743773856690314 0.0006675401358438442 0.0079299709778726957
v -0.00729856038419482 -0.00063774218917305261 0.0073321879338904897
v -0.0064741182829715369 -0.0017310074640451206 0.0065175500719967371
v -0.0052386036575568229 -0.0024786786460786708 0.0055815451259249374
v 0.00857867664160414 0.00088465997730110527 0.007930708196137554
v 0.0089217480215822847 0.00095376233627486259 0.0073195260271765898
v -0.0075354127067549029 0.00033507216181498541 0.0079521860179868342
v 0.0073066595135612197 0.0030614065420316154 0.0073928046926290741
v -0.0072023763320222742 -0.00095045747112277332 0.0072971798018885746
v 0.0056241453535761914 0.0040261014443081916 0.0074713988768273717
v 0.0034258463300488933 0.0046727322094798412 0.0077275590517975621
v 0.0010224448460351076 0.0049128890118829045 0.0080568564409693386
v -0.0012692174355906714 0.0047665703393510016 0.0083518436272626874
v -0.0032286167935365864 0.0043301270189221933 0.008539090644965509
v -0.0049321473607318441 0.0036316726395055226 0.0086332090389574026
v -0.0063789445893738129 0.0026202074730042164 0.0086206904939929059
v -0.0075558637778826371 -1.2472103161366328e-19 0.0079596295991361896
v -0.0060190030972268301 -0.0022303365402119835 0.0063519016912231318
v -0.0046780502524651369 -0.0028309119273635338 0.0053775203717549985
v -0.0044218395552730726 -0.002578410255561239 0.0048347079569050844
v 0.0082730924562642305 0.00039384949183754469 0.0084914910910351762
v 0.0083429894144633147 0.001347781513805278 0.0080164913314135517
v 0.0086676508473507146 0.0014530591169238224 0.0074120098352080336
v 0.0077873819759103277 0.0024342292463134544 0.0077324015025634378
v 0.0082912595029848244 0.0019515444726854877 0.0075490050809926589
v -0.0075354127067549029 -0.00033507216181498568 0.0079521860179868342
v 0.0065154598058240051 0.003487652597040136 0.0076807778356055385
v -0.0056512606770366203 0.0031798055368942378 0.0088949448811567987
v -0.0074743773856690314 -0.00066754013584384452 0.0079299709778726957
v -0.0054769995613399448 -0.0026722926288254194 0.0061546285372932712
v 0.0081529405924961971 0.00080575320486288792 0.0085352227930383488
v 0.0079938685218690596 0.0018101504150930298 0.0081435609444783057
v 0.007157783854522968 0.0028846444537945835 0.0079615564782983556
v -0.0073736992176831112 -0.00099486676616109622 0.007893327121485369
v 0.0056201966827117153 0.0038463825784499782 0.0080066269642546112
v 0.0035379274141482827 0.0045190934578969496 0.0082307201089713011
v 0.0012048809495188524 0.0048034380055492079 0.0085359243416462064
v -0.0010649829987566526 0.0047060305271720455 0.0088166180426519879
v -0.0030424854996604022 0.0043126112594128107 0.0089972604199589218
v -0.0047865282437869082 0.0036464227527765835 0.0091061240404791167
v -0.0062961997177085607 0.0026539146211771144 0.0091296834948775846
v -0.0072349071718168043 -0.0013146453695700199 0.0078428109480371232
v -0.0070697797458129747 -0.001255961658269379 0.0072489185913430778
v -0.0048726603361405356 -0.0030520394760795567 0.0059346670479211881
v -0.0034685607321039546 -0.0033617079137441977 0.0049373021876866208
v -0.0033202298043129028 -0.0030618621784789719 0.0044337547977781784
v 0.0077578069667395885 0.00035106804713700329 0.009084337347133856
v 0.0079382753612360201 0.0012275668641828141 0.0086133545475489248
v 0.0075264981249573096 0.0022578635241565512 0.0083136698573313666
v 0.0064122671067690252 0.0032862795524496546 0.0082329023836277358
v -0.0055085622536461742 0.0031927203826154424 0.0093689229281957598
v -0.0056454357713711647 -0.002836042454156665 0.0067304997812898393
v -0.0062206516072034358 -0.0023670046636615231 0.0069398612238113395
v 0.0076507064599543352 0.00071822919660456458 0.0091233187436785129
v 0.0076202941195044668 0.0016486950191809855 0.0087290902545942156
v 0.0069425158910280758 0.0026756450742045665 0.0085262220078218872
v 0.0055686954454048764 0.0036242968778444759 0.0085399373588347736
v 0.00362710424625321 0.0043173682003009957 0.008732053285266609
v 0.0013899870504769417 0.0046455016665094525 0.0090125064663265919
v -0.00083604247033905942 0.004601187984262926 0.0092787597168912696
v -0.0028157289330981261 0.0042578371436318499 0.0094538374505148577
v -0.0045940950557214182 0.003631672639505523 0.0095620001135681282
v -0.0061561207275234531 0.0026646935501059661 0.0096046149376339384
v -0.0050040645080260231 -0.0032390590134315587 0.0064970597323184979
v -0.0035686954454048798 -0.003624296877844475 0.0054600626411652267
v -0.0020862869945483123 -0.0037155719046646401 0.0044341956916084746
v -0.0020612472317869902 -0.0033841634604241276 0.0039755226159188554
v 0.007173557754651309 0.00030478887918121753 0.0096519248406391409
v 0.0074593589907088788 0.0010942238359330366 0.0091929635268860263
v 0.0071946105746033412 0.0020564745974858767 0.0088840263941551458
v 0.0062510136120415343 0.0030481807508043251 0.0087779082543002328
v -0.0053132083720261944 0.0031798055368942382 0.0098237359557675225
v 0.0070805756570522134 0.00062354940477651487 0.0096857675564848474
v 0.007175918092918049 0.0014696074330524161 0.0092961275768555784
v 0.006662716322975732 0.0024369923461363251 0.0090776200695248926
v 0.0054685607321039512 0.0033617079137441986 0.0090626978123133795
v 0.0015750445779468183 0.0044381337443653605 0.0094789419234683116
v 0.003690681870992587 0.0040680883322744129 0.0092234783994687222
v -0.00058383110585503756 0.0044499015963406332 0.0097309175230856255
v -0.0025477846934456932 0.0041629796048093127 0.0099017829348387407
v -0.0043476316256469199 0.0035855470683215577 0.01001140443239487
v -0.0059581474126981357 0.0026539146211771148 0.010058474569488308
v -0.0063974900985342403 -0.0025618336029595758 0.0080819712953061548
v -0.0063461042627114246 -0.0024776008888050395 0.0075193131449935559
v -0.0057440119694464869 -0.0029685540603194035 0.0073001694719640412
v -0.0050726731941101479 -0.0033904012162595284 0.0070558221406328897
v -0.0036201966827117192 -0.0038463825784499769 0.005993373035745389
v -0.0020784498559926973 -0.0040058018123544223 0.0049176576048726994
v -0.00043819138438582226 -0.003878893746627921 0.0038343379462845331
v -0.00056015262608302317 -0.0035329178982449689 0.0034291688606250498
v 0.0065311457622212821 0.00025582125202546472 0.010185934107591161
v 0.0010733624385836388 -0.0034367840778845617 0.0028346179998609547
v 0.006914452362263364 0.0009499789549268008 0.0097462314910062176
v 0.0067964739298456284 0.0018330924271549324 0.0094342339577799909
v 0.0060328922190717371 0.0027762999027659075 0.0093068572961693304
v -0.0050576115437208809 0.0031394190920787839 0.010269815989500547
v -0.0057749280563834373 -0.0030694780496289859 0.0078553772429792827
v 0.0064531022434168705 0.00052336945448333582 0.010214339625413359
v 0.0066683757561572235 0.0012758780128504072 0.0098357960509781045
v 0.0063223560749993786 0.0021722768762611512 0.0096067987444781698
v 0.0053202298043129002 0.0030618621784789728 0.0095662452022218219
v 0.0037266137261027124 0.0037733456174679778 0.0096967146721669596
v 0.0017571057647929502 0.0041818810128974732 0.0099272425478137347
v -0.00031066542577817157 0.0042512649551289241 0.010165284235282219
v -0.0022392914950366957 0.0040261014443081916 0.010333455828754492
v -0.0056943592674480537 0.0026202074730042164 0.010501573207673996
v -0.0050807653115291351 -0.0035056670356288936 0.007602722666115792
v -0.0036241453535761953 -0.0040261014443081907 0.0065286011231726294
v -0.0020386334537810806 -0.0042512649551289241 0.0054177310968046939
v -0.00030161857630894471 -0.0041818810128974732 0.0042709439077546884
v 0.0058427218344653496 0.00020502407580614835 0.010679423636466883
v 0.0013552925152840896 -0.0037733456174679787 0.0031815631911690126
v 0.0063136684511550115 0.00079735456982576395 0.010265089375447534
v 0.0063389514120226892 0.0015914469883102091 0.0099556967066857394
v 0.0057609458846097144 0.0024747275427048458 0.0098111353429937292
v -0.0047397218835183033 0.0030694780496289872 0.010699582827406271
v -0.0040455591386640019 0.0035056670356288949 0.010446928250542779
v 0.0057801750359142206 0.00041944653878846932 0.010702188809388136
v 0.0061071267110581837 0.0010708944222505175 0.010340264420976325
v 0.0059273336337690094 0.0018859188119975405 0.010105513325864866
v 0.0051256955988977148 0.0027292709470973439 0.010042347538301999
v 0.0037336548277113702 0.0034367840778845612 0.010143711268136376
v 0.001933129826432797 0.0038788937466279214 0.010349489427282482
v -1.9725514890803762e-05 0.0040058018123544214 0.010573956244931747
v -0.0018922286547088051 0.0038463825784499782 0.010740926174222912
v -0.0036878193355706496 0.0033904012162595297 0.010860676846214751
v -0.0050322169475726809 -0.0035855470683215564 0.0081305217187137777
v -0.0057421968656466409 -0.003139419092078783 0.008388933275819457
v -0.0035829908663108315 -0.0041629796048093118 0.0070575773504117532
v -0.0019686849643945309 -0.0044499015963406332 0.005926062817503761
v -0.00015292345005609321 -0.0044381337443653596 0.004731388784990789
v 0.005121091364859642 0.00015325962920327931 0.011127092120312369
v 0.0016319575298906889 -0.0040680883322744129 0.003567179759409676
v 0.0056684279305885526 0.00063902776831091198 0.010742861429492091
v 0.0030972395212853277 -0.0033617079137442003 0.0025475463313154325
v 0.005830627947748461 0.0013357638315917965 0.01044090174063248
v 0.0054399307382756341 0.0021484992444372143 0.010282913471919614
v -0.0043591581109069921 0.0029685540603194048 0.011105024177545905
v -0.005651260677036622 -0.0031798055368942374 0.0088949448811568004
v -0.006296199717708565 -0.0026539146211771122 0.0091296834948775864
v -0.0063789445893738164 -0.0026202074730042138 0.0086206904939929094
v 0.0050743363722271584 0.00031354474225798199 0.011144109545933929
v 0.0055028981747787002 0.00085825214859794449 0.01080310933349223
v 0.0054851410137380227 0.0015829255745802105 0.01056664870094017
v 0.0048884216386561232 0.0023694877381507558 0.010483646368108071
v 0.0037114604907775668 0.0030634673895990595 0.010557087021911975
v 0.002100139763044706 0.0035329178982449684 0.010738262128900472
v 0.00028503421627030525 0.0037155719046646414 0.010949347172606422
v -0.0015099711043029815 0.0036242968778444759 0.011116361281224271
v -0.0049321473607318467 -0.0036316726395055222 0.0086332090389574026
v -0.0035003142550238905 -0.004257837143631849 0.0075729547368337683
v -0.0018712486432041913 -0.0046011879842629251 0.0064345541324642786
v 5.1331919374464356e-06 -0.0046455016665094533 0.0052076517607447274
v 0.0043790321342760787 0.00010135110796911606 0.011525397323932868
v 0.0018991362182502957 -0.0043173682003009965 0.0039845001467890872
v 0.0049908031585818267 0.00047768613728335884 0.011174513149273431
v 0.0052813024200855912 0.0010705277333257943 0.010883763592240279
v 0.0050760446605478647 0.0018033196229607152 0.010715547596448242
v -0.0039174677433682541 0.0028360424541566663 0.011478052919767362
v -0.0032760964800231137 0.00323905901343156 0.01124461287079602
v 0.0043481129004829134 0.00020734819202510119 0.0115366510046999
v 0.0048670663296373371 0.00064156078031248618 0.011219549671891713
v 0.0050044171387113173 0.0012686117764990027 0.010984541592966935
v 0.0046131414576911301 0.0019888039270366743 0.010884030583634583
v 0.0036606165535227118 0.0026596290938426851 0.010930530872577313
v 0.0022553841072692473 0.0031491587851123198 0.011087055484326983
v 0.00059904515734073688 0.0033841634604241284 0.011284615884194278
v -0.0010972395212853318 0.0033617079137441977 0.011452453668684567
v -0.0028139359950386414 0.003052039476079558 0.011590965687980233
v -0.004786528243786909 -0.0036464227527765827 0.0091061240404791185
v -0.0055085622536461759 -0.003192720382615442 0.0093689229281957598
v -0.0033805378046708333 -0.004312611259412809 0.0080684693453481979
v -0.0017495683206824105 -0.0047060305271720447 0.0069357353289708984
v 0.00016967477665371834 -0.0048034380055492079 0.0056917187572192171
v 0.0036286917010340445 5.0047780118831937e-05 0.011872536384498587
v 0.0021530735556087831 -0.0045190934578969513 0.0044258654033894384
v 0.0042928721055052231 0.00031589544831105246 0.011556757009788981
v 0.0047014190364414012 0.00080024105859873007 0.011279840356001799
v 0.0046765530497648346 0.0014452432554110466 0.011103874362228263
v -0.0034182752202380506 0.0026722926288254203 0.011810927177352319
v -0.0044926835792005234 0.0023670046636615262 0.011687414362288862
v 0.0036134235994283409 0.0001023897708712943 0.011878093519016817
v 0.0042110445245871252 0.0004242663006052066 0.011586539813585177
v 0.0044944417076159329 0.00094831287352312101 0.011355173942862198
v 0.0043055662744207702 0.0015938968473961825 0.011238902505759903
v 0.0035825965278175305 0.0022323309385105525 0.011259118263182523
v 0.0023964858741545832 0.0027340243132508721 0.011390636812090023
v 0.00091734416380334681 0.0030165626257391701 0.011574062196007803
v -0.00065993741518517051 0.0030618621784789723 0.011742848066053599
v -0.0039602787561249311 0.0022303365402119861 0.012008200331282175
v -0.0045940950557214217 -0.0036316726395055226 0.0095620001135681299
v -0.005313208372026197 -0.0031798055368942378 0.0098237359557675243
v -0.0032286167935365916 -0.0043301270189221907 0.0085390906449655107
v -0.0016072697406010956 -0.0047665703393510008 0.0074230525526519609
v 0.0003378595241093477 -0.0049128890118829045 0.0061759737272882483
v 0.0035861453662049273 0.00015599105184354781 0.011888021983953511
v 0.0041015014127789582 0.00052920210203421267 0.011626410245652245
v 0.0042493566925832634 0.0010803484642567772 0.011444377593198777
v -0.0028672824467382034 0.0024786786460786712 0.012096696606922884
v -0.0023067290416465161 0.0028309119273635347 0.011892671852752943
v -0.005570592356191912 0.0006377421891730525 0.012079741072368014
v -0.0054744083040193644 0.00095045747112277538 0.0120447329403661
v -0.0059888453591436155 0.00099486676616109839 0.011698181827067231
v -0.0060895235271295374 0.0006675401358438442 0.011734825683454559
v 0.0035457384199020533 0.00020950522347510967 0.011902728909665351
v -0.0056289031560915765 0.00032011506504655163 0.012100964467867743
v -0.0061505588482154098 0.00033507216181498546 0.011757040723568696
v 0.003964626609479484 0.00062712249098203989 0.011676228599874296
v 0.0039720366002722 0.0011914700205803313 0.011545313852163957
v 0.003479651616622852 0.0017890678899344908 0.0115395108572425
v 0.0025215621029772554 0.0022947737619653935 0.011645303211356144
v 0.0012348316079959717 0.0026189075000613623 0.011813444387480105
v -0.00020488288555514967 0.0027292709470973439 0.011982519438062684
v -0.0017615471661453421 0.002578410255561239 0.012143801225180504
v -0.0033700165320739296 0.002068743331534892 0.012279676849736132
v -0.0056484413234190673 -1.4552814359479758e-19 0.012108075779207063
v -0.0061710099193431414 -1.247210316136632e-19 0.011764484304718053
v -0.0061505588482154098 -0.00033507216181498568 0.011757040723568696
v -0.0053622839256691054 -0.0025618336029595763 0.010926176879733141
v -0.0056943592674480572 -0.0026202074730042142 0.010501573207673998
v -0.0050576115437208826 -0.0031394190920787835 0.010269815989500547
v -0.0043476316256469208 -0.0035855470683215569 0.01001140443239487
v -0.0030424854996604091 -0.004312611259412809 0.0089972604199589253
v -0.0014481465646790767 -0.004785929863019265 0.007891052478664241
v 0.00050701141271281361 -0.0049760899147070882 0.0066535171459756806
v 0.0026094317607392209 -0.0047792049571377913 0.0053491890481694726
v -0.0048853198258818264 0.0008955791512820332 0.012344887746147452
v 0.0034916453795479372 0.00026132314655210904 0.011922417166235209
v -0.0056289031560915765 -0.00032011506504655185 0.012100964467867743
v 0.0038025510651935076 0.00071443807096731641 0.011735219273696884
v -0.0022721023107641434 0.0022575942329798879 0.012329628100773225
v -0.0049759503216469858 0.00060091968959079289 0.012377874548922758
v -0.0055705923561919111 -0.00063774218917305272 0.012079741072368012
v -0.0060895235271295374 -0.00066754013584384452 0.011734825683454559
v -0.0047397218835183042 -0.0030694780496289863 0.010699582827406271
v -0.0050308943231108577 0.00030163198983360989 0.012397872530007086
v 0.0034240557873213982 0.00030967681720664892 0.011947017765951858
v 0.0067039508057959623 -0.0027040979849831154 0.0027694815445220805
v -0.0054744083040193644 -0.00095045747112277364 0.0120447329403661
v -0.0059888453591436155 -0.00099486676616109622 0.011698181827067231
v 0.0036191583559462221 0.00078792312969538328 0.011801968761044331
v 0.0033546487461386981 0.0013373643088146576 0.011770024654066034
v 0.0026293016139196687 0.0018391117469955956 0.011849012946934646
v 0.0015465401481482316 0.0021981517088300088 0.012000182180669955
v 0.00026054093315326752 0.0023694877381507558 0.012168057192645982
v -0.0011868315537438363 0.0022983334291346051 0.012339919524860705
v -0.00272999529885758 0.0018842228790639836 0.012496287518918445
v -0.0037921575357361573 0.0016055918394002155 0.012433323609732443
v -0.0050493043791569126 -1.6086341027760562e-19 0.012404573242419023
v -0.0049612504041719307 -0.0024776008888050399 0.011324167850575419
v -0.0040455591386640019 -0.0035056670356288936 0.010446928250542779
v -0.0012692174355906723 -0.0047665703393510008 0.0083518436272626891
v -0.002815728933098133 -0.004257837143631849 0.0094538374505148595
v 0.00067472178511256598 -0.0049963004064486833 0.0071183915880742715
v 0.0028078058474908874 -0.0048406861075041751 0.00581609645655113
v -0.0050308943231108577 -0.00030163198983361022 0.012397872530007086
v 0.0033440219192601198 0.00035279377010057316 0.011976147711659351
v 0.007263690282964733 -0.0021679007777044134 0.0025657530358889212
v -0.0016419282373546537 0.002012365675279148 0.012505561171408306
v -0.0031144836619940806 0.0014623819359899581 0.012636229838521865
v -0.0043121002671158383 0.00055738162300421844 0.012622567287477715
v -0.0042280361672064762 0.00083069230301014991 0.012591970457340328
v -0.0049759503216469875 -0.00060091968959079321 0.01237787454892276
v -0.0043591581109069921 -0.002968554060319404 0.011105024177545905
v -0.0043630634444601054 0.00027977803183306668 0.01264111636707466
v 0.0070962367345634089 -0.0027960310778570021 0.0031706563787394621
v -0.0048853198258818273 -0.00089557915128203169 0.012344887746147453
v -0.0053418117178100676 -0.0012559616582693792 0.011996471729820601
v 0.0032534615083112646 0.00038908112931091777 0.012009109005647651
v 0.0032108776926796402 0.00088440351292338939 0.011950570769699831
v 0.0027189949791610085 0.0013747731006696132 0.012001383704545098
v 0.0018478850052650207 0.0017616754629115705 0.012133425333046181
v 0.00072877979893679415 0.0019888039270366743 0.012297822606546053
v -0.00059196340733410182 0.0019953580952848469 0.012478343397166124
v -0.0020500831301734483 0.0016795513520599049 0.012654117403364461
v -0.00340593256699551 0.00099979173174823631 0.012742308564751864
v -0.0041121478009028597 0.0010977005432634118 0.012549790541508073
v -0.0043801396479799743 -1.7026137636921098e-19 0.012647331596870162
v -0.0047603792138627143 -0.0011834438784798272 0.012299413082321494
v -0.0044926835792005269 -0.002367004663661524 0.011687414362288864
v -0.0036878193355706513 -0.0033904012162595293 0.010860676846214751
v -0.0010649829987566539 -0.0047060305271720455 0.0088166180426519896
v 0.00084506371772323713 -0.0049760899147070882 0.0075823082205864071
v 0.0029848609439049219 -0.0048603466538922578 0.0062775696972610902
v -0.0035114843325906222 0.000756599148350017 0.012780726265602727
v -0.0043630634444601054 -0.000279778031833067 0.01264111636707466
v 0.0079640773706954378 -0.0010595003800811026 0.0023108329834905534
v -0.00098706745980487592 0.0017470877331987142 0.012622149511703437
v -0.0023928068903678926 0.0013035323926435087 0.012778858650651025
v -0.003588050380172569 0.00050766626793433654 0.012808594027877967
v -0.0043121002671158383 -0.00055738162300421877 0.012622567287477715
v -0.0044153939418696423 -0.0017310074640451208 0.012173848712055787
v -0.0049756868155903661 -0.0018370782464238681 0.011863213163389006
v -0.0039174677433682558 -0.0028360424541566658 0.011478052919767362
v -0.0036344679242333029 0.00025482338026352905 0.012825488632263814
v 0.0074222499323602521 -0.0028597413651258708 0.00359746649076393
v -0.004228036167206478 -0.00083069230301014839 0.012591970457340328
v 0.0030518500876629247 0.00043672371657347907 0.012082489561651769
v 0.00812206736634348 -0.00051788026876993336 0.0022533293277628187
v 0.0027905177198489575 0.00090914207272544214 0.012103569287487147
v 0.0021348703136806046 0.0013168879174835244 0.012213987695880668
v 0.001192503333490156 0.0015938968473961825 0.01237196475365585
v 1.3239493376783874e-05 0.0016747822543466725 0.01255825797918764
v -0.0013414177725977207 0.0014581463004004658 0.01275112247806295
v -0.0026525974957630981 0.00089119051333790857 0.012873414698156877
v -0.0036500210249342073 -1.734276241510768e-19 0.012831149497969489
v -0.0041121478009028605 -0.0010977005432634102 0.012549790541508073
v -0.0039602787561249337 -0.002230336540211984 0.012008200331282177
v -0.0032760964800231155 -0.0032390590134315591 0.011244612870796021
v -0.0022392914950367026 -0.0040261014443081907 0.010333455828754496
v -0.0025477846934456993 -0.0041629796048093118 0.0099017829348387425
v -0.00083604247033905921 -0.004601187984262926 0.0092787597168912696
v 0.0010224448460351043 -0.0049128890118829045 0.0080568564409693403
v 0.0031458581525013107 -0.0048406861075041751 0.0067448875311618582
v -0.0027466838231224432 0.00067441444252598506 0.012907659320767104
v -0.003634467924233302 -0.00025482338026352937 0.012825488632263814
v -0.0003183868233541225 0.0014663992088749674 0.012678960087377025
v -0.0016389623414934267 0.0011316956361317053 0.012859419844508556
v -0.002814932972502278 0.00045252160780888531 0.012932499979655352
v -0.0035880503801725698 -0.00050766626793433687 0.012808594027877967
v -0.003792157535736159 -0.0016055918394002118 0.012433323609732443
v -0.0034182752202380506 -0.0026722926288254198 0.011810927177352319
v -0.0028563084646230585 0.00022714348584425181 0.012947559427215431
v 0.0076825375801224298 -0.0028965299503518884 0.0040418392058403372
v -0.0035114843325906239 -0.00075659914835001559 0.012780726265602728
v 0.0028442738320841607 0.00044893976458952053 0.012158041140022875
v 0.0024042341150517371 0.00087086240650542364 0.012244165021618385
v 0.0016449593039228481 0.0011914700205803313 0.012392300720871791
v 0.00061904437068714734 0.0013422289241231007 0.012580686746689315
v -0.00061580692909355415 0.0012238793397148769 0.012787212152938486
v -0.0018645063295776364 0.00077371028184514492 0.012941511142688902
v -0.0028701721277815829 -1.7026137636921098e-19 0.012952605387943027
v -0.00340593256699551 -0.00099979173174823458 0.012742308564751862
v -0.0033700165320739313 -0.0020687433315348903 0.012279676849736134
v -0.0028139359950386414 -0.0030520394760795572 0.011590965687980233
v -0.0018922286547088114 -0.0038463825784499773 0.010740926174222913
v -0.00058383110585503756 -0.0044499015963406323 0.0097309175230856255
v 0.0012048809495188502 -0.0048034380055492079 0.0085359243416462081
v 0.0032940170826649766 -0.0047792049571377913 0.0072300717618505638
v -0.0019461898279648907 0.00058551048355848831 0.012971241504732592
v 0.0071271794355325987 -0.0034464276273054226 0.0047698890654581426
v -0.0028563084646230585 -0.00022714348584425214 0.012947559427215431
v 0.00035326747153420658 0.0011752234819511025 0.012677421626936556
v -0.00086554774756685232 0.00094987650246527793 0.012878110377144043
v -0.0020054421065877691 0.00039286843326851844 0.012992807570463769
v -0.0028149329725022788 -0.00045252160780888569 0.012932499979655353
v -0.0031144836619940827 -0.0014623819359899555 0.012636229838521865
v -0.0028672824467382042 -0.0024786786460786712 0.012096696606922884
v -0.0020413633189336551 0.00019720053997613528 0.013005881822536425
v 0.0078793914999326538 -0.0029082942664402792 0.0044961062641605916
v -0.0027466838231224441 -0.00067441444252598387 0.012907659320767104
v 0.0089219909222538162 -0.00054768859523895183 0.0030516054113337433
v 0.0026535246897828038 0.00043003703765943544 0.012227468150032375
v 0.0020802543174798763 0.00078792312969538296 0.012362084024438131
v 0.0012162871703848088 0.001003343175225542 0.012548324617739024
v 0.00011490462316801975 0.00098085959839765103 0.012764178608696757
v -0.0010548556566136672 0.0006494053639303426 0.01294701282114826
v -0.0020533994195981618 -1.6086341027760564e-19 0.013010262604914939
v -0.002652597495763099 -0.00089119051333790727 0.012873414698156877
v -0.0027299952988575809 -0.0018842228790639825 0.012496287518918445
v -0.0023067290416465169 -0.0028309119273635342 0.011892671852752943
v -0.001509971104302987 -0.003624296877844475 0.011116361281224275
v -0.00031066542577817271 -0.0042512649551289241 0.010165284235282219
v 0.0013899870504769395 -0.0046455016665094525 0.0090125064663265919
v 0.0034258463300488864 -0.0046727322094798412 0.0077275590517975647
v 0.005500314255023878 -0.0042578371436318525 0.0064270452631662355
v -0.0011234158182684602 0.00049144189702836761 0.012971966679247082
v 0.0072714205872757903 -0.0034324865125938729 0.0052433056052971459
v -0.0020413633189336551 -0.00019720053997613566 0.013005881822536425
v 0.0010176135811742896 0.00087850324098088942 0.012620635890546485
v -8.5246381070917419e-05 0.00076126416592056537 0.012837027616598216
v -0.0011731485780180516 0.00032974987391281592 0.012990067923463848
v -0.0020054421065877686 -0.00039286843326851877 0.012992807570463769
v -0.0023928068903678944 -0.0013035323926435061 0.012778858650651027
v -0.0022721023107641447 -0.0022575942329798879 0.012329628100773225
v 0.0064913453085306463 -0.0038607331613242195 0.0060663394584562951
v -0.0012032986594163071 0.00016551814217210254 0.013001041655653514
v -0.0019461898279648916 -0.00058551048355848733 0.012971241504732592
v 0.0024935415381752164 0.00038908112931091771 0.012285697255201632
v 0.0017967719946044959 0.00066351421448032242 0.012465263151905411
v 0.0008394325474942255 0.00073321232035712702 0.01268548848311681
v -0.00023696434346778017 0.0005204561134354883 0.012892248438914193
v -0.0012134010304403753 -1.4552814359479762e-19 0.013004718618001789
v -0.0018645063295776372 -0.00077371028184514395 0.012941511142688902
v -0.0020500831301734509 -0.0016795513520599032 0.012654117403364461
v -0.001761547166145343 -0.0025784102555612394 0.012143801225180505
v -0.0010972395212853359 -0.0033617079137441969 0.011452453668684569
v -1.9725514890803318e-05 -0.0040058018123544214 0.010573956244931749
v 0.001575044577946815 -0.0044381337443653605 0.0094789419234683134
v 0.0035379274141482762 -0.0045190934578969505 0.0082307201089713029
v 0.0055829908663108203 -0.0041629796048093144 0.0069424226495882506
v -0.00029191084876826492 0.00039385868043766695 0.012912247331320521
v 0.00736718109317372 -0.0033888907877886194 0.0057475613027410336
v -0.0012032986594163071 -0.00016551814217210284 0.013001041655653514
v 0.0016653884822251232 0.00058095714631917639 0.012513082839684846
v 0.00068981563751079977 0.00056906030833687516 0.012739944584893664
v -0.00033176841738001572 0.00026427305241801945 0.012926754299905422
v -0.0011731485780180507 -0.00032974987391281609 0.012990067923463846
v -0.0016389623414934293 -0.0011316956361317029 0.012859419844508559
v -0.001641928237354655 -0.0020123656752791476 0.012505561171408306
v 0.0065519433941574508 -0.0037747224395939393 0.0065897527710350829
v -0.00035593174441096286 0.0001326520133073543 0.012935549031705526
v 0.0081068352542860069 -0.0028597413651258699 0.0054783492044450212
v 0.008020589885132854 -0.0028965299503518884 0.0049706302804510653
v -0.001123415818268461 -0.00049144189702836686 0.012971966679247082
v 0.0023535562805185751 0.00032764726678814109 0.012336647722224736
v 0.0015475567657030639 0.00048487577212023581 0.012555970077151372
v 0.00057640340253794055 0.00038905143529153677 0.012781223262625388
v -0.00036402813697515211 -1.2472103161366328e-19 0.012938495877603826
v -0.0010548556566136681 -0.00064940536393034173 0.01294701282114826
v -0.0013414177725977225 -0.0014581463004004645 0.012751122478062952
v -0.0011868315537438372 -0.0022983334291346051 0.012339919524860707
v -0.00065993741518517539 -0.0030618621784789719 0.0117428480660536
v 0.00028503421627030525 -0.0037155719046646401 0.010949347172606424
v 0.0017571057647929487 -0.0041818810128974732 0.0099272425478137364
v 0.0036271042462532035 -0.0043173682003009965 0.0087320532852666125
v 0.0056241453535761854 -0.0040261014443081933 0.0074713988768273744
v 0.00053532978230452668 0.00029441730238278477 0.012796172837803904
v 0.0074082670123786099 -0.0033133919303584367 0.0062780764631034458
v -0.00035593174441096286 -0.00013265201330735454 0.012935549031705526
v 0.0022886783204196454 0.00028688009534445541 0.012360261368560657
v 0.0014486146001989129 0.0003763214947798847 0.012591982080308721
v 0.0005055354463839155 0.00019754943346409604 0.012807017089228736
v -0.00033176841738001659 -0.00026427305241801967 0.012926754299905422
v -0.00086554774756685362 -0.00094987650246527609 0.012878110377144045
v -0.00098706745980487657 -0.001747087733198714 0.012622149511703437
v 0.0065612388640326437 -0.0036506101178960314 0.007130324732297199
v 0.00048747287238366989 9.9160053728401847e-05 0.012813591328519057
v 0.0081314429074285412 -0.0027960310778570021 0.0060148619631664518
v -0.00029191084876826557 -0.00039385868043766641 0.012912247331320521
v 0.002230492317743507 0.00023943454111441094 0.012381439341585703
v 0.0013736147079800231 0.00025728102194134955 0.012619279808649572
v 0.00048142065574817108 -9.9044435580193511e-20 0.012815794155225709
v -0.0002369643434677806 -0.00052045611343548754 0.012892248438914193
v -0.00061580692909355545 -0.001223879339714876 0.012787212152938486
v -0.00059196340733410247 -0.001995358095284846 0.012478343397166122
v -0.00020488288555515455 -0.0027292709470973435 0.011982519438062687
v 0.00059904515734073721 -0.0033841634604241276 0.01128461588419428
v 0.0019331298264327957 -0.003878893746627921 0.010349489427282482
v 0.0036906818709925827 -0.0040680883322744129 0.0092234783994687257
v 0.0013464525848521007 0.00019469915173939977 0.012629166012967609
v 0.0073894066869382618 -0.0032044480883269316 0.0068288962957825097
v 0.00048747287238366989 -9.9160053728402064e-05 0.012813591328519057
v 0.0021816340877462404 0.00018582979310372201 0.012399222283003641
v 0.0013267494903551624 0.00013064010440545185 0.012636337352887429
v 0.0005055354463839155 -0.0001975494334640962 0.012807017089228736
v -8.5246381070918314e-05 -0.00076126416592056396 0.01283702761659822
v -0.0003183868233541225 -0.0014663992088749672 0.012678960087377025
v 0.006515459805823999 -0.0034876525970401395 0.0076807778356055411
v 0.0056201966827117084 -0.0038463825784499804 0.0080066269642546147
v 0.0013148046494520769 6.5574876853711825e-05 0.012640684919429199
v 0.0080888046643354545 -0.002704097984983115 0.0065743362501039454
v 0.00053532978230452647 -0.00029441730238278423 0.012796172837803904
v 0.009606576244179571 -0.00054768859523895129 0.0049324881250148349
v 0.0021445986947453972 0.00012704689936683027 0.012412702063670299
v 0.0013108022982467023 -6.9196453653799632e-20 0.012642141656135031
v 0.00057640340253794012 -0.00038905143529153628 0.012781223262625388
v 0.0001149046231680193 -0.0009808595983976506 0.012764178608696757
v 1.3239493376783428e-05 -0.0016747822543466721 0.01255825797918764
v 0.00026054093315326378 -0.0023694877381507553 0.012168057192645985
v 0.00091734416380334638 -0.0030165626257391701 0.011574062196007803
v 0.0021001397630447042 -0.0035329178982449689 0.010738262128900474
v 0.0037266137261027076 -0.0037733456174679778 0.0096967146721669614
v 0.0055686954454048712 -0.0036242968778444772 0.008539937358834777
v 0.0021311858767396863 9.6143599520844567e-05 0.012417583930182009
v 0.0073066595135612145 -0.0030614065420316188 0.0073928046926290767
v 0.0013148046494520769 -6.557487685371196e-05 0.012640684919429199
v 0.0021214563714505698 6.4510860818390355e-05 0.012421125180501381
v 0.0013267494903551624 -0.00013064010440545201 0.012636337352887429
v 0.00068981563751079934 -0.00056906030833687397 0.012739944584893664
v 0.00035326747153420637 -0.0011752234819511025 0.012677421626936556
v 0.0064122671067690191 -0.0032862795524496568 0.0082329023836277392
v 0.0021155579379449961 3.2381264337969659e-05 0.012423272034726211
v 0.0013464525848521005 -0.0001946991517393995 0.012629166012967609
v 0.009597772159302638 -0.00053548700310825212 0.0054811617618504517
v 0.0021135815531071909 -3.5927628757560071e-20 0.012423991379978626
v 0.0013736147079800227 -0.00025728102194134934 0.012619279808649572
v 0.00083943254749422507 -0.00073321232035712669 0.012685488483116812
v 0.00061904437068714755 -0.0013422289241231005 0.012580686746689315
v 0.00072877979893679035 -0.0019888039270366743 0.012297822606546056
v 0.0012348316079959724 -0.0026189075000613627 0.011813444387480106
v 0.002255384107269246 -0.0031491587851123198 0.011087055484326985
v 0.0037336548277113668 -0.0034367840778845617 0.010143711268136379
v 0.005468560732103946 -0.0033617079137441995 0.0090626978123133813
v 0.0071577838545229628 -0.0028846444537945861 0.0079615564782983574
v 0.0021155579379449961 -3.2381264337969733e-05 0.012423272034726211
v 0.0021214563714505698 -6.4510860818390437e-05 0.012421125180501381
v 0.0014486146001989125 -0.0003763214947798841 0.012591982080308721
v 0.0010176135811742894 -0.00087850324098088953 0.012620635890546485
v 0.0062510136120415291 -0.0030481807508043269 0.0087779082543002363
v 0.007787381975910326 -0.0024342292463134549 0.0077324015025634395
v 0.0079748374601121778 -0.0025833912840335688 0.0071496078088914118
v 0.0021311858767396863 -9.6143599520844445e-05 0.012417583930182009
v 0.0095069212248829731 -0.00051788026876993271 0.0060581840333446841
v 0.0021445986947453972 -0.0001270468993668301 0.012412702063670299
v 0.0015475567657030635 -0.0004848757721202356 0.012555970077151372
v 0.0012162871703848082 -0.001003343175225542 0.012548324617739023
v 0.0011925033334901543 -0.0015938968473961825 0.012371964753655852
v 0.0015465401481482321 -0.0021981517088300088 0.012000182180669956
v 0.0023964858741545819 -0.0027340243132508726 0.011390636812090023
v 0.0037114604907775633 -0.0030634673895990603 0.010557087021911977
v 0.0053202298043128942 -0.0030618621784789745 0.0095662452022218254
v 0.0069425158910280714 -0.0026756450742045686 0.0085262220078218907
v 0.0021816340877462404 -0.00018582979310372165 0.012399222283003641
v 0.0016653884822251236 -0.0005809571463191765 0.012513082839684848
v 0.0060328922190717319 -0.0027762999027659101 0.0093068572961693338
v 0.007526498124957307 -0.0022578635241565516 0.0083136698573313666
v 0.0093296515173716451 -0.00049476290428194744 0.0066564958190835398
v 0.0022304923177435066 -0.00023943454111441078 0.012381439341585703
v 0.0017967719946044962 -0.00066351421448032231 0.012465263151905411
v 0.0016449593039228457 -0.0011914700205803311 0.012392300720871793
v 0.0018478850052650222 -0.0017616754629115705 0.012133425333046181
v 0.0025215621029772545 -0.0022947737619653935 0.011645303211356145
v 0.0036606165535227088 -0.0026596290938426864 0.010930530872577315
v 0.0051256955988977105 -0.0027292709470973456 0.010042347538302
v 0.0066627163229757268 -0.0024369923461363282 0.009077620069524896
v 0.0079938685218690613 -0.0018101504150930309 0.0081435609444783074
v 0.0082912595029848227 -0.0019515444726854883 0.0075490050809926589
v 0.0086676508473507146 -0.001453059116923824 0.0074120098352080353
v 0.002288678320419645 -0.00028688009534445547 0.012360261368560657
v 0.0057609458846097101 -0.002474727542704848 0.009811135342993731
v 0.0071946105746033395 -0.0020564745974858785 0.0088840263941551458
v 0.0083429894144633164 -0.0013477815138052793 0.0080164913314135517
v 0.0090639706297004612 -0.0004661958639550982 0.0072677612311818664
v 0.0023535562805185751 -0.00032764726678814109 0.012336647722224736
v 0.002080254317479875 -0.00078792312969538307 0.012362084024438133
v 0.0021348703136806054 -0.0013168879174835244 0.01221398769588067
v 0.0026293016139196691 -0.0018391117469955958 0.011849012946934646
v 0.0035825965278175279 -0.0022323309385105534 0.011259118263182526
v 0.0048884216386561189 -0.0023694877381507575 0.010483646368108073
v 0.0063223560749993751 -0.0021722768762611538 0.0096067987444781715
v 0.007620294119504465 -0.0016486950191809866 0.0087290902545942173
v 0.00857867664160414 -0.00088465997730110353 0.007930708196137554
v 0.0089217480215822865 -0.00095376233627486086 0.0073195260271765889
v 0.0054399307382756298 -0.0021484992444372156 0.010282913471919617
v 0.0067964739298456266 -0.0018330924271549331 0.0094342339577799909
v 0.0079382753612360184 -0.0012275668641828156 0.0086133545475489248
v 0.0087105948821177507 -0.00043241886027414929 0.0078826938832338295
v 0.0024935415381752151 -0.0003890811293109176 0.012285697255201632
v 0.0024042341150517384 -0.00087086240650542353 0.012244165021618385
v 0.002718994979161009 -0.0013747731006696134 0.0120013837045451
v 0.0034796516166228507 -0.0017890678899344912 0.011539510857242504
v 0.0046131414576911275 -0.0019888039270366756 0.010884030583634585
v 0.0059273336337690059 -0.0018859188119975427 0.010105513325864868
v 0.007175918092918049 -0.0014696074330524172 0.0092961275768555802
v 0.0081529405924961971 -0.00080575320486288684 0.0085352227930383488
v 0.005076044660547863 -0.0018033196229607169 0.010715547596448244
v 0.0063389514120226892 -0.00159144698831021 0.0099556967066857412
v 0.0074593589907088788 -0.0010942238359330384 0.009192963526886028
v 0.0082730924562642305 -0.00039384949183754388 0.008491491091035178
v 0.0026535246897828046 -0.00043003703765943528 0.012227468150032374
v 0.0027905177198489584 -0.00090914207272544214 0.012103569287487148
v 0.0033546487461386968 -0.0013373643088146578 0.011770024654066038
v 0.0043055662744207685 -0.0015938968473961836 0.011238902505759906
v 0.0054851410137380201 -0.0015829255745802122 0.010566648700940172
v 0.0066683757561572217 -0.0012758780128504081 0.0098357960509781045
v 0.0076507064599543387 -0.00071822919660456338 0.0091233187436785129
v 0.004676553049764832 -0.0014452432554110477 0.011103874362228264
v 0.0058306279477484601 -0.0013357638315917967 0.01044090174063248
v 0.0069144523622633632 -0.00094997895492680232 0.0097462314910062194
v 0.0077578069667395885 -0.0003510680471370028 0.0090843373471338577
v 0.0028442738320841616 -0.00044893976458952042 0.012158041140022875
v 0.0032108776926796398 -0.00088440351292338928 0.011950570769699831
v 0.0039720366002721982 -0.001191470020580332 0.011545313852163957
v 0.0050044171387113147 -0.0012686117764990042 0.010984541592966938
v 0.0061071267110581829 -0.0010708944222505179 0.010340264420976325
v 0.0070805756570522151 -0.00062354940477651411 0.0096857675564848474
v 0.0042493566925832608 -0.0010803484642567778 0.011444377593198777
v 0.0052813024200855894 -0.0010705277333257948 0.010883763592240279
v 0.0063136684511550115 -0.00079735456982576482 0.010265089375447534
v 0.0071735577546513107 -0.00030478887918121758 0.0096519248406391409
v 0.0030518500876629247 -0.00043672371657347902 0.012082489561651769
v 0.0036191583559462216 -0.00078792312969538339 0.011801968761044331
v 0.0044944417076159303 -0.00094831287352312187 0.011355173942862199
v 0.0055028981747787002 -0.00085825214859794514 0.01080310933349223
v 0.0064531022434168722 -0.00052336945448333485 0.010214339625413359
v 0.0038025510651935059 -0.00071443807096731673 0.011735219273696884
v 0.0047014190364414003 -0.00080024105859873018 0.0112798403560018
v 0.0056684279305885517 -0.00063902776831091307 0.010742861429492092
v 0.006531145762221283 -0.00025582125202546423 0.010185934107591159
v 0.0032534615083112642 -0.00038908112931091777 0.012009109005647651
v 0.0039646266094794831 -0.00062712249098204021 0.011676228599874296
v 0.0048670663296373363 -0.0006415607803124864 0.011219549671891713
v 0.0057801750359142215 -0.00041944653878846878 0.010702188809388139
v 0.0033440219192601194 -0.00035279377010057316 0.011976147711659352
v 0.0041015014127789582 -0.00052920210203421245 0.011626410245652245
v 0.0049908031585818267 -0.00047768613728335928 0.011174513149273433
v 0.0058427218344653496 -0.00020502407580614792 0.010679423636466883
v 0.0034240557873213978 -0.00030967681720664902 0.011947017765951858
v 0.0042110445245871252 -0.00042426630060520633 0.01158653981358518
v 0.0050743363722271584 -0.00031354474225798144 0.011144109545933929
v 0.0034916453795479372 -0.00026132314655210882 0.011922417166235209
v 0.0042928721055052223 -0.00031589544831105241 0.011556757009788981
v 0.0051210913648596411 -0.00015325962920327893 0.011127092120312371
v 0.0035457384199020529 -0.00020950522347510953 0.011902728909665351
v 0.0043481129004829134 -0.00020734819202510032 0.0115366510046999
v 0.0035861453662049268 -0.00015599105184354773 0.011888021983953511
v 0.0043790321342760796 -0.00010135110796911531 0.01152539732393287
v 0.0036134235994283409 -0.00010238977087129388 0.011878093519016817
v 0.0036286917010340445 -5.0047780118831503e-05 0.011872536384498587
v -0.000262613506771751 0.0031608856141564497 0.0029265201621770541
v -0.0013415486983934736 0.0029444444402114351 0.0031570147782469305
v 0.0082869062246768328 0.00080072225027951881 0.0024645949957186001
v 0.0083992046954356279 0.0010955209486340305 0.0026964148247794447
v 0.0085625659864375057 0.00053548700310825212 0.0026369561774234615
v -0.0012472040294993687 0.0029989069055681022 0.003163526997417902
v -0.0011550817899352518 0.0030508805969561331 0.0031706703224355088
v -0.0010647568615337652 0.0031005442968169792 0.0031782540977359089
v -0.00097587527177757892 0.0031480542489326978 0.0031861262138793501
v 0.0087205924589926764 0.00026625086780836851 0.0027477568367326971
v -0.0023758789875696234 0.0025258209180286329 0.0033339625344557373
v -0.0023127549769470612 0.0025765519105441282 0.0033378251365093078
v -0.0022519387059096916 0.0026254718042554148 0.0033427514591035214
v -0.0021931174487874157 0.0026726981801554533 0.0033485530738455662
v -0.0021360129729555881 0.0027183404819303186 0.003355069493510819
v -0.0020803830892957074 0.0027624974112752743 0.0033621644796394765
v -0.0020260162339841192 0.0028052592305046757 0.003369722822067195
v -0.0019551732185912633 0.002860248685222428 0.0033803558386148063
v -0.0028435731531955303 0.0023903807727827932 0.0035041892894835344
v -0.0028946751730929685 0.0023357497819507952 0.0034962680669350997
v -0.0029495146725409872 0.0022785883585109104 0.0034901382444195972
v 0.0086850091530442548 0.00082331710817110202 0.0028654497872194111
v 0.0087549072853664537 0.0011204834588504876 0.0031124188817936863
v 0.0090450997149120749 0.00027132358925034358 0.0031541749989071563
v -0.0033455985956887444 0.001997529885415792 0.0035601555408645343
v -0.0030741206918003935 0.0021549845993919562 0.0034851943454202246
v -0.003145354286631112 0.0020877026775303026 0.0034872725727863548
v -0.0034159838882218603 0.001925194529772188 0.0035637960274528843
v 0.0069662227004074753 0.0025841825573300393 0.0027977933031685938
v 0.008456328062452452 0.0013988652962751483 0.002948682897334362
v 0.0084563930016308114 0.0017070591313178391 0.0032210691955767558
v 0.0081073408140764306 0.001669028689485762 0.0028026445900515952
v -0.0037402057458043492 0.0016629442259091776 0.0036413400447360021
v -0.0034872521604494581 0.0018508304358092165 0.0035689762102276397
v -0.0035597754812082627 0.001773640422623629 0.0035756687990622519
v 0.0091842363082413839 0.00027303168523914269 0.0033730862973003124
v -0.0038077439844048247 0.0015788794387582605 0.0036474326492265449
v 0.0071659233025134529 0.0026280138005335182 0.0029971594497070165
v 0.0071932863151437671 0.0026381575819359416 0.0030322377416433515
v 0.0076750060625828198 0.0022416044025896308 0.0029600015708341446
v 0.0090030291059110847 0.0008378696916740726 0.0032929135128216707
v 0.0092015716955749956 0.00055473422838920043 0.0034889560029807134
v 0.0090323386438173042 0.0011348976998454771 0.0035505517964745451
v 0.0080908422359360337 0.0019811659104711581 0.0030817088592325192
v 0.0080142070823758273 0.0022926815388786886 0.0033820117081972078
v -0.0040334928050021835 0.0013640012420815726 0.0037124849445655758
v -0.0038759131765961933 0.0014916581630069912 0.003655130650299065
v 0.0092957982754295898 0.00027407600015996308 0.0035797213622578848
v -0.0040937415731064405 0.0012696460878378142 0.0037188338028783011
v 0.0073126122538481123 0.0026982634508882042 0.003218507273862485
v 0.0087703059510485879 0.0014235910111077632 0.0033776178140161443
v 0.0087299841812800687 0.0017290192606862426 0.0036605998210356545
v 0.0093978693516352588 0.00027464502387149648 0.0038057375618745139
v 0.0094256610879199683 0.0002747079162471526 0.003876079664308911
v 0.0094045952037511444 0.00055698729289040713 0.003940977514778096
v 0.0074777525869779973 0.0027290385305237205 0.0034312822638358142
v 0.0092432370756802308 0.00084485104858994444 0.0037387798934227891
v 0.0092346748084659869 0.0011395071102426823 0.0040028234808566392
v -0.0044203837504381222 0.00073976114183158935 0.003801589853578145
v -0.0043282672343001516 0.000924384716799019 0.00377821480104778
v -0.0043742176667924898 0.00081718703294779264 0.0037847867732984895
v 0.0083983599611798642 0.0020161841094849206 0.0035129950830830375
v 0.008282109847480108 0.0023221752935299752 0.0038236127472306451
v 0.0094762828388699587 0.0002746784277501769 0.0040179820799487896
v 0.0090085748085394993 0.0014354527564955377 0.0038241899737674386
v 0.0089310923270478852 0.0017360417080471465 0.0041133184677375019
v 0.0095454977376936857 0.00027418422423275727 0.0042554143796523823
v 0.0095635989671036467 0.00027391631833206538 0.0043307697836917616
v 0.0094109578321056216 0.00084485104858994444 0.0041995888844753989
v 0.0093703909488277292 0.0011348976998454771 0.0044793428710852724
v 0.0095396240005854206 0.00055473422838920043 0.0044177470775914399
v 0.0086335296640713179 0.002032983500865579 0.0039606952428599251
v 0.0084813989424108883 0.0023316068563427198 0.0042769934742917905
v 0.0095949544349479676 0.00027321242905938183 0.0044842386261520701
v 0.0096081477803699172 0.00027277494822489307 0.0045623279806297299
v 0.0091762955649648901 0.0014354527564955377 0.0042849989648200484
v 0.0090680364862904938 0.0017290192606862426 0.0045893908956463822
v 0.0095135452366972555 0.0008378696916740726 0.0046955450544240232
v 0.0094394926072922103 0.0011204834588504876 0.0049933015954747775
v 0.0088012504204967087 0.002032983500865579 0.0044215042339125349
v 0.008620162152490533 0.0023221752935299752 0.0047524038218413724
v 0.0096510394351851658 0.00026871237262294411 0.0050687190607532255
v 0.0092808220818347605 0.0014235910111077632 0.0047802493556184959
v 0.0091409783235565662 0.0017070591313178391 0.0051019519092578474
v 0.0095446962054102427 0.00082331710817110202 0.0052274205513924647
v 0.0094344108683007584 0.0010955209486340305 0.0055406204092064348
v 0.0089088760919660351 0.0020161841094849206 0.0049156266246853896
v 0.007439226193725299 0.0033063652847122853 0.0050199399127186795
v 0.0093160151148184382 0.0013988652962751483 0.0053106536615074142
v 0.0091425469869415629 0.001669028689485762 0.0056468501744785845
v -0.0039160032680319824 -0.0014391500172519685 0.0036604119836957097
v -0.0040687829665914856 -0.0013092006890362761 0.0037160192463715318
v -0.0041287741384942699 -0.0012129128128656099 0.0037232379843200668
v -0.0038475308080778044 -0.0015282766900896097 0.0036517319037068421
v 0.009497396162605188 0.00080072225027951881 0.0057903887666537852
v 0.0092749909245289381 0.0013604752734454081 0.0058713376532584282
v -0.0035294295444163694 -0.0018061257530102371 0.003572688297071525
v -0.0037123074237556866 -0.0016970281532745102 0.0036392504016567627
v -0.0037795722611964743 -0.0016142176148912799 0.0036447099477834905
v -0.0034573996501437386 -0.0018821596227326231 0.0035666431473896361
v 0.0089195353770259982 0.0019267954112279417 0.0060007128921542949
v -0.0031887721066052952 -0.0020476423162390299 0.0034900335412597397
v -0.0033866100982649378 -0.001955410538439208 0.0035620406814308547
v -0.0031095039052813902 -0.0021212958408445772 0.0034858226038742158
v -0.006553758532829846 0.0021613666182830455 0.0073261655208571993
v -0.006851675403379988 0.0019229141226546603 0.0077033259915009243
v -0.0063461042627114212 0.0024776008888050417 0.007519313144993555
v 0.0091480966109726974 0.00073054540174676051 0.0069828328683187351
v 0.0089451833986268665 0.0012412405860568498 0.0070566872377519551
v -0.0066522555178240876 0.0022481555426245243 0.0079020051948773488
v -0.0069202494915840251 0.0019882887664760913 0.0082722401540593436
v -0.0023630756021606825 -0.0025361000793204733 0.00333463868121818
v -0.0028336504573284581 -0.0024010466759587135 0.0035059139214933793
v -0.0028934812125350397 -0.0023370142046471084 0.0034964305790748081
v -0.0029583814497576278 -0.0022695121493653101 0.0034893864340584395
v -0.0022816285931891596 -0.002601592839169992 0.0033402043610027245
v -0.0021954094054194534 -0.0026708612328436472 0.0033483090813742505
v -0.0071078781632475732 0.0016544253993192534 0.0080678382758691217
v -0.0073165102559949414 0.0013593402791214086 0.0084164672773124876
v -0.0021128438604474352 -0.0027367742177326496 0.0033579401485378008
v -0.0067927167233412912 -0.0015094283536941956 0.0068878194307265663
v -0.0067036548435932741 -0.0018370782464238674 0.0071156600249114828
v -0.0013105464803285557 -0.0029624685036696323 0.0031590529532577361
v -0.0020245099951527222 -0.0028064375286584908 0.0033699401800995881
v -0.0019296184677158755 -0.0028798499013250778 0.0033843767295347435
v -0.0011989017172874465 -0.0030263166150332633 0.0031671875243338954
v -0.0010901079157358202 -0.0030867418476100339 0.003176076933525901
v -0.00098351573943999114 -0.0031440254226363855 0.0031854370199661821
v -0.00416253901419126 -0.0032511545614827692 0.0054289659552900736
v -0.0065537585328298504 -0.0021613666182830416 0.0073261655208572011
v -0.0068516754033799906 -0.0019229141226546559 0.0077033259915009252
v -0.00027137987494962326 -0.0031574117626711161 0.0029262407625382583
v -0.0071078781632475767 -0.0016544253993192491 0.0080678382758691235
v -0.0069202494915840285 -0.001988288766476087 0.0082722401540593436
v -0.0073165102559949449 -0.0013593402791214067 0.0084164672773124911
v 0.0046541544057334214 0.0040118875273195678 0.008618494065538447
v -0.0037165192312895103 0.0039874564960680134 0.0095108947181941263
v -0.0034555811968391471 0.0039182001496455123 0.0099591345630147907
v -0.0066757073001860725 -0.0023115942131323557 0.0084562933531983631
v -0.0069136155635814321 -0.0020335938596450602 0.0088152948137305912
v -0.0071441867494787346 -0.0017011101352271049 0.008626805928106317
v -0.003146105681915918 0.0038106702869797407 0.010392247094949294
v -0.0058160202478200803 0.0023115942131323604 0.010818264117371414
v -0.0058850433187188919 0.0019882887664760917 0.01111644573848633
v -0.0053622839256691037 0.0025618336029595784 0.010926176879733141
v -0.0062290302416556685 0.0020335938596450645 0.010696177527411681
v -0.0027891328125769156 0.0036635612596208444 0.010802309299386579
v -0.0043152682492051363 -0.0039182001496455114 0.0075971637988417407
v -0.0062844996971127441 0.0017011101352271104 0.010988776692279366
v -0.0065192404360921597 -0.0023720541884737051 0.0094758525259983351
v -0.0068377488624187226 -0.0020597546313613391 0.0093267912639444037
v -0.0061561207275234574 -0.0026646935501059635 0.0096046149376339384
v -0.0066998693852457275 -0.0020681203672464179 0.0098025232639670466
v -0.0069999730117299448 -0.0017456028391127851 0.0096508248741726133
v -0.0054417655798957307 0.0022481555426245247 0.011227798965812531
v -0.0054668215448404941 0.0019229141226546605 0.011508180697082787
v -0.0049612504041719255 0.0024776008888050417 0.011324167850575417
v -0.0023873042490224154 0.0034766957640483408 0.011181375421685708
v -0.0058973882253192163 0.0016544253993192538 0.011393632046804304
v -0.00628130408312981 0.0013593402791214088 0.011260672861739478
v -0.0063515196796667664 -0.0023720541884737056 0.0099366615170509414
v -0.0064996965574082976 -0.0020597546313613395 0.010255582338555129
v -0.0068322522553045505 -0.0017456028391127853 0.010111633865225221
v -0.0059581474126981391 -0.0026539146211771126 0.010058474569488312
v -0.0049961699042508322 0.0021613666182830459 0.01160560510667733
v -0.0049756868155903626 0.001837078246423872 0.011863213163389005
v -0.001944893105870869 0.00325115456148277 0.011521898012746274
v -0.0054342034645099707 0.0015905571312711652 0.011765036284221309
v -0.0053418117178100659 0.0012559616582693809 0.011996471729820601
v -0.0058500533132773095 0.0013146453695700221 0.011647665653618987
v -0.0061186803430076288 -0.0023524529144489359 0.010385209860771332
v -0.006229030241655672 -0.0020335938596450602 0.010696177527411683
v -0.0065954404246806892 -0.0017311781941134732 0.010558736339386648
v -0.004897459062739376 0.0015094283536941997 0.012094997057278704
v -0.0047603792138627135 0.0011834438784798292 0.012299413082321494
v -0.0044153939418696397 0.0017310074640451241 0.012173848712055783
v -0.0058973882253192189 -0.0016544253993192495 0.011393632046804306
v -0.0062813040831298118 -0.0013593402791214067 0.011260672861739478
v -0.0058850433187188954 -0.0019882887664760874 0.011116445738486332
v -0.003716519231289512 -0.0039874564960680125 0.0095108947181941263
v -0.0042922084381566902 0.0014115082855653898 0.012376250924134991
v -0.0054342034645099725 -0.0015905571312711611 0.011765036284221309
v -0.0058500533132773095 -0.0013146453695700201 0.011647665653618987
v -0.0054668215448404958 -0.0019229141226546559 0.011508180697082789
v -0.0034555811968391488 -0.0039182001496455123 0.0099591345630147925
v 0.0069670824844856524 -0.0025844867948945889 0.0027987277244864899
v 0.0071667036237489266 -0.0026282882831357539 0.0029981295694812751
v 0.0071901276287635015 -0.0026369304317842039 0.0030280731313293671
v 0.0076750060625828172 -0.0022416044025896321 0.0029600015708341454
v 0.0073125492410574377 -0.0026982226519190514 0.0032183895417719505
v 0.0074776985949405791 -0.0027290008913684019 0.0034311615654929271
v 0.0080142070823758255 -0.0022926815388786903 0.0033820117081972078
v 0.0080908422359360337 -0.0019811659104711581 0.0030817088592325192
v 0.0081073408140764306 -0.0016690286894857644 0.0028026445900515944
v 0.0084563930016308079 -0.0017070591313178413 0.0032210691955767566
v 0.008286906224676838 -0.00080072225027951664 0.0024645949957185984
v 0.0085625659864375057 -0.00053548700310825212 0.0026369561774234615
v 0.0083992046954356279 -0.001095520948634029 0.0026964148247794447
v 0.008456328062452452 -0.0013988652962751483 0.0029486828973343611
v 0.0087549072853664537 -0.0011204834588504858 0.0031124188817936859
v 0.0083983599611798642 -0.002016184109484921 0.0035129950830830375
v 0.0087299841812800653 -0.0017290192606862448 0.0036605998210356558
v 0.008282109847480108 -0.002322175293529976 0.0038236127472306455
v 0.0086850091530442583 -0.00082331710817109887 0.0028654497872194111
v 0.0087205924589926782 -0.00026625086780837003 0.0027477568367326962
v 0.0087703059510485879 -0.0014235910111077643 0.0033776178140161438
v 0.0090323386438173059 -0.0011348976998454756 0.0035505517964745446
v 0.0086335296640713179 -0.002032983500865579 0.0039606952428599251
v 0.0089310923270478817 -0.0017360417080471489 0.0041133184677375027
v 0.0084813989424108848 -0.0023316068563427211 0.0042769934742917922
v 0.0090030291059110864 -0.00083786969167407022 0.0032929135128216707
v 0.0092015716955749973 -0.0005547342283892 0.003488956002980713
v 0.0074420994884463682 -0.0033037245820997777 0.0050135799048528556
v 0.0090450997149120766 -0.00027132358925034504 0.0031541749989071554
v 0.0090085748085395011 -0.0014354527564955377 0.0038241899737674378
v 0.0092346748084659869 -0.0011395071102426808 0.0040028234808566392
v 0.0091842363082413839 -0.00027303168523914464 0.0033730862973003124
v 0.0088012504204967069 -0.002032983500865579 0.0044215042339125358
v 0.0090680364862904903 -0.0017290192606862446 0.0045893908956463831
v 0.0086201621524905295 -0.002322175293529976 0.0047524038218413733
v 0.0092432370756802308 -0.00084485104858994184 0.0037387798934227882
v 0.0094045952037511444 -0.00055698729289040626 0.003940977514778096
v 0.0045717618261198797 -0.004397273052520319 0.0075831730500139933
v 0.0092957982754295915 -0.00027407600015996508 0.0035797213622578844
v 0.0091762955649648901 -0.0014354527564955377 0.0042849989648200493
v 0.0093703909488277292 -0.0011348976998454749 0.0044793428710852724
v 0.0093978693516352588 -0.00027464502387149789 0.0038057375618745139
v 0.0094256610879199718 -0.00027470791624715406 0.0038760796643089097
v 0.0089088760919660351 -0.0020161841094849206 0.0049156266246853896
v 0.0091409783235565627 -0.0017070591313178413 0.0051019519092578482
v 0.0086987924043015839 -0.0022926815388786903 0.0052628944218783003
v 0.0094109578321056216 -0.00084485104858994184 0.0041995888844753998
v 0.0095396240005854224 -0.00055473422838919946 0.004417747077591439
v 0.0046307902665558417 -0.0042275185177346681 0.0081016781580374279
v 0.0094762828388699604 -0.00027467842775017793 0.0040179820799487887
v 0.0092808220818347605 -0.0014235910111077639 0.0047802493556184959
v 0.0094394926072922103 -0.0011204834588504858 0.0049933015954747775
v 0.0095454977376936874 -0.00027418422423275873 0.0042554143796523815
v 0.0095635989671036467 -0.00027391631833206689 0.0043307697836917616
v 0.0089505292883020181 -0.0019811659104711581 0.0054436796234055718
v 0.0091425469869415629 -0.0016690286894857644 0.0056468501744785854
v 0.0087102122354479478 -0.0022416044025896321 0.0058042071552611351
v 0.0095135452366972573 -0.00083786969167406978 0.0046955450544240223
v 0.0046541544057334171 -0.0040118875273195704 0.0086184940655384488
v 0.0095949544349479658 -0.00027321242905938183 0.0044842386261520701
v 0.0096081477803699206 -0.00027277494822489404 0.0045623279806297282
v 0.0093160151148184382 -0.0013988652962751483 0.0053106536615074142
v 0.0094344108683007584 -0.001095520948634029 0.0055406204092064339
v 0.0089195353770259982 -0.0019267954112279417 0.0060007128921542949
v 0.0090666637896048754 -0.0016141512702986785 0.006218424635200291
v 0.0086485441415042243 -0.0021679007777044125 0.006370607741470787
v 0.0095446962054102462 -0.00082331710817109887 0.0052274205513924647
v 0.0096510394351851658 -0.00026871237262294368 0.0050687190607532255
v 0.0083323236800680999 -0.0023881171340404172 0.0067544301743771946
v 0.0085095910432580694 -0.0020711290807038361 0.0069549734219591123
v 0.0088107201862677592 -0.0018524124346073157 0.0065803080859435726
v 0.0089090464848082581 -0.0015420980844476895 0.0068095835313191806
v 0.0094973961626051897 -0.00080072225027951545 0.0057903887666537852
v 0.0093489312292349309 -0.0010595003800811021 0.0061156876890724179
v 0.0091524535495027121 -0.0013079548035149048 0.0064559273136703703
v 0.0091787139478056497 -0.0010122059416973622 0.0067114326016380465
v 0.0086208806636110698 -0.0017579273303420222 0.007174723780188825
v 0.0093662729441999874 -0.00076981076685211903 0.0063781034184917434
v 0.0091480966109726974 -0.00073054540174675791 0.0069828328683187359
v -0.0024919311398767336 0.001781688628306683 0.0029426493328449385
v -0.0030090890611037188 0.002218461336460943 0.003486303666349575
v 0.008348118143395318 0.00039211738333427289 0.0024097792095846876
v 0.0084160735441785716 0.00039413239409522125 0.0024691508943809185
v -0.002805287797535156 0.0014820131941525566 0.002981482907400709
v 0.0080999366985960025 0.0011239829914833387 0.0024453016179884538
v 0.0080968754017951075 0.0011805200267154825 0.0024711756934004763
v -0.0030215379908352445 0.0012485743657730389 0.0030185502913907163
v -0.0030666034135776901 0.0011806071619140331 0.0030224691183368254
v -0.0031511485686140529 0.0011011175415315147 0.0030475626225037241
v -0.0041534423438477517 0.001172040688098066 0.0037266656703580873
v -0.0032127864533595539 0.00099360377690482175 0.0030537649724861711
v -0.0042121580237694037 0.0010712698052500775 0.0037359545044904408
v -0.0032712351757363044 0.00088325300341162317 0.0030608342708413967
v -0.0033071761676296838 0.00080821505072602206 0.0030653939133524748
v 0.0074068122279671673 0.0022368666509523087 0.0027339509468732588
v -0.0033979978068968803 0.000640028398350415 0.0030877757108743022
v -0.0044573824991102125 0.00062854861079291878 0.0038069253234114279
v -0.0034535556531596506 0.00049332813840697698 0.0030995157536574335
v -0.0045421750841427282 0.00031809187704135485 0.0038278466376760706
v -0.0045195390746894312 0.00043412778223281468 0.0038235084092029235
v -0.0044908738264752904 0.00051515839031472937 0.0038130751120951235
v -0.0030994903158788451 0.0027408162272131993 0.0039505275394215705
v 0.0078166577773449049 0.0023587228303882761 0.0032447410314863962
v 0.0092848620571845016 0.00055609722814133479 0.0036538017857874277
v -0.0038975957652781297 0.0023179472904517637 0.0041659813852260065
v 0.0093357080564517182 0.00055666464776076387 0.0037668597666718805
v -0.004128726612126034 0.0021914876626632739 0.0042501061336993832
v -0.0041716024779180827 0.0021479475468207717 0.0042523586469634805
v -0.004369676101089676 0.0019856972978764807 0.0042995679105037347
v 0.0079533693501873948 0.0024468565936160173 0.0035398147338699319
v -0.0045768144346310657 0.0018349623196588184 0.0043749600982883044
v -0.0034725222271216678 -0.00042231202451197762 0.0031024784660996702
v -0.0045089273028379425 -0.00048170577666910205 0.0038218882851350157
v -0.0045333486641024861 -0.0003662187179276832 0.0038259847315635655
v -0.0045530929712338146 -0.00028393708992586163 0.0038331710716555793
v -0.0044774716511152418 -0.00056231785447342897 0.0038104393642085085
v -0.0047562313724307083 0.001647372420766376 0.004418024634905926
v 0.0094589741618047226 0.00055671848717326494 0.0041030028565155214
v 0.0080864184036583495 0.0024625057470193585 0.003761050715232135
v -0.0049330026618502375 0.0014755845979198057 0.0044823641225274907
v 0.0094932254776398071 0.00055618902972537723 0.0042219655098772865
v -0.0049697245866743255 0.0014162611958944864 0.0044858907096686626
v -0.0050074667992179101 0.0013549816694803276 0.0044907931510202795
v -0.0034223750264646123 -0.00057064788400822543 0.0030914118860030106
v -0.0044424540703624834 -0.00067490097123709691 0.0038046096008786698
v -0.004399915770835333 -0.00075314602750396449 0.0037891269260344859
v -0.004355468487701371 -0.00086195569495421589 0.0037819301005096221
v -0.0051186168254724199 0.001198808309997604 0.0045235221247954009
v 0.0082023820562493691 0.0024727065306014324 0.0039855886944846833
v -0.0052484598428645841 0.0010065215985357496 0.0045707811182534551
v -0.005304147865550354 0.0008887033640116841 0.0045845234724356965
v -0.0053542800252027968 0.00078805761298280177 0.0046027700863286664
v 0.0083016871278458332 0.0024776878031659067 0.0042124908605931958
v -0.0032844331411739348 -0.000855068586795641 0.0030621750982792301
v -0.0043085532589819554 -0.00096798729764727284 0.0037758206685611531
v -0.0041879650043011871 -0.0011134262835704491 0.0037319301332552415
v -0.0053767894830072053 0.00071715838451204652 0.0046057131692236681
v -0.0054176839639702027 0.00059340145500092097 0.0046166844346327614
v -0.0032474190972586196 -0.00092935468802362513 0.0030578050099301663
v -0.0054504508750749924 0.00048937550511833638 0.0046286106149437513
v -0.0054656032542196621 0.00041534503736764578 0.0046315924295358196
v -0.0054774242426198719 0.0003627311782295942 0.004635894917453102
v -0.0045590114007612904 0.00023555022465734072 0.0038339745557799095
v 0.0083851931863783546 0.0024776878031659067 0.0044419218707989518
v -0.0031875692200135993 -0.0010385613420857973 0.0030510806755831114
v -0.0054962862574455375 0.00025700205050154537 0.0046427601294079324
v -0.0055038897988087714 0.00018184421296815452 0.0046444016834794122
v -0.0045700170686172473 0.00011792867598417945 0.0038362490303210637
v -0.0031061322319387266 -0.0011198148979141343 0.0030267289023339096
v -0.0055117381663003628 7.5433707605212632e-05 0.0046472582556339355
v -0.0045746727745182977 3.4659562862748429e-05 0.0038379435686885436
v -0.005513227252751671 2.2160266447859566e-05 0.0046478002387784594
v -0.0055130383067642568 -5.3326962583180574e-05 0.0046480248309082603
v -0.0045736712995712416 -8.3405715159955363e-05 0.0038380300101150525
v -0.0030619010466229994 -0.0011889518129808957 0.003022393260931748
v 0.0084549709890939378 0.0024727065306014324 0.0046795710838792781
v -0.005506535890548273 -0.00015979743581034475 0.0046456581449548316
v -0.0045660471488568975 -0.00016658663802371129 0.0038352550461934723
v -0.0055008541214543651 -0.0002129287909085155 0.0046435901501266762
v -0.0054928975288971319 -0.00028793638094656848 0.0046424044455047973
v -0.0054721689625979227 -0.000393518483751446 0.0046348598643728726
v -0.0054594231112210095 -0.00044603685517996414 0.0046302207538612946
v 0.0085104679083904001 0.0024625057470193585 0.0049261171542143599
v -0.0054439930555132098 -0.00051975986642922942 0.0046277141660340587
v -0.0054094284891591073 -0.00062353847610894901 0.0046151336927208447
v -0.0053674919372010315 -0.00074669427653018916 0.0046043445360774843
v -0.0028235021001108205 -0.0014586552265925506 0.0029824223196483375
v 0.0095857343908410421 0.00039299434244321232 0.0057546843703156544
v -0.0053197244719126995 -0.00084781892753730105 0.0045869586005461869
v 0.0090520597091136371 0.0018455491132575077 0.0052703781589900989
v 0.0085507541679532006 0.0024468565936160173 0.0051811160314065002
v -0.002773524885872848 -0.0015206524664383499 0.0029794133339489833
v -0.0052651176268379059 -0.00096684579648401397 0.004572871779514538
v -0.0052367185496192603 -0.001034254864381955 0.0045695703484929413
v 0.009054016544369891 0.0018249082273961443 0.0055425240091910169
v -0.0051039041619551475 -0.0012256860612843102 0.0045212298647009132
v -0.0049916971345006821 -0.0013806291748581266 0.0044885887885033433
v -0.0025340355686556677 -0.0017358399301627082 0.0029432998618508393
v -0.003029992920094756 -0.0021978233754090418 0.003485612011144717
v -0.004954355046651958 -0.0014411220572391988 0.0044842642312347249
v -0.0047808397687927077 -0.0016143096394987634 0.0044211098349035286
v -0.0046010752098230639 -0.0018048976217325144 0.0043769810677510637
v 0.0085719001355839628 0.0023653331624065698 0.0059910064917569556
v -0.0045598433929447549 -0.0018559997570080581 0.0043737746996114386
v -0.004351019411254156 -0.0020057324027755144 0.0042977689860751109
v 0.0092491111421062304 0.0003601553299055428 0.0069050099264918114
v -0.0061807170242002309 0.0025801188161172373 0.0073243663515252921
v 0.0085432838764212052 0.002326170353678555 0.0062735353699021924
v 0.0092079078956890919 0.0003568675742820977 0.006999567538996972
v -0.0041536084001990072 -0.0021661427129382156 0.0042512518667122108
v -0.0068529591323496933 0.0017177009301237902 0.0073020046730098813
v -0.0039241364240673125 -0.002293917926667265 0.0041677308978020303
v -0.0069293519340691209 0.0017573289502896112 0.0075968471750501292
v -0.0062450798165973858 0.0026756527306227803 0.0078900406401785465
v 0.0087703787653259854 0.0016525495420838792 0.0069908550507133708
v -0.003093259565095356 -0.0027463090668279695 0.0039513511330484209
v -0.0072630058013301111 0.001327126942639228 0.007988421987713424
v -0.0068048204332824677 0.0021515325997486646 0.0083667760238782668
v -0.0071441867494787311 0.0017011101352271101 0.0086268059281063153
v -0.0068000450297229812 0.0021758678173512394 0.0086378959991135606
v -0.0069136155635814277 0.0020335938596450641 0.0088152948137305912
v -0.007324321867432166 0.0013683510902247663 0.0085558590825673617
v -0.0065447186948170222 -0.0019483249399156609 0.0069270114005589543
v -0.0067778254458516502 0.0021949763976863317 0.0089015311548053255
v -0.0071059565554668575 0.001731178194113478 0.0091561047977842969
v -0.0068529591323496977 -0.0017177009301237863 0.007302004673009883
v -0.0073254223592443598 0.0013838280212000304 0.0088291177088176097
v -0.0073189055148758318 0.0013903141693491761 0.0089628082922489534
v -0.0067389914468220565 0.0022090146222613761 0.0091570586116039524
v -0.00683774886241872 0.0020597546313613434 0.009326791263944402
v -0.0069293519340691227 -0.001757328950289607 0.0075968471750501292
v -0.0073078166654390259 0.00139598086830875 0.009094432183157572
v -0.0072630058013301128 -0.0013271269426392285 0.0079884219877134257
v -0.0066844411726904914 0.0022181653339373177 0.0094039492326014676
v -0.0069999730117299395 0.0017456028391127898 0.0096508248741726116
v -0.0072723722863484927 0.0014049090248722739 0.0093511933607194914
v -0.0067591553239745297 -0.0020867136376703211 0.007805035411435176
v -0.0061807170242002335 -0.0025801188161172356 0.0073243663515252921
v -0.0066151256381477659 0.0022226338327197919 0.0096417666975369652
v -0.006699869385245724 0.0020681203672464226 0.0098025232639670466
v -0.0072200315106180695 0.001410728776940902 0.0095988881733676829
v -0.007324321867432166 -0.0013683510902247663 0.0085558590825673617
v -0.0067914059395794112 -0.0021218450144127811 0.0080888870871460589
v -0.0065316195796152436 0.0022226338327197923 0.0098711977077427186
v -0.0071517949239501104 0.0014135706930621733 0.0098370983432139181
v -0.0073254223592443615 -0.0013838280212000304 0.0088291177088176097
v -0.0073189055148758335 -0.0013903141693491735 0.0089628082922489551
v -0.0064318522398459227 0.0022181653339373177 0.010097931621996063
v -0.006499696557408295 0.0020597546313613443 0.010255582338555128
v -0.0068322522553045471 0.0017456028391127901 0.01011163386522522
v -0.0073078166654390259 -0.00139598086830875 0.009094432183157572
v -0.007105956555466861 -0.0017311781941134732 0.0091561047977842969
v -0.0062508504422106124 -0.0027130888620225694 0.0081651474364513969
v -0.0063149419420900025 0.0022090146222613761 0.010322125050586176
v -0.0069674425777734991 0.001410728776940902 0.010292870562762277
v -0.0070682888654175872 0.0014135706930621737 0.010066529353419673
v -0.0072723722863484927 -0.0014049090248722737 0.0093511933607194914
v -0.0067778254458516528 -0.0021949763976863296 0.0089015311548053255
v -0.0062398092817299404 -0.0027437756421532329 0.0084339868626722332
v -0.0054677646572894017 0.0027437756421532346 0.010555162035133925
v -0.0061804406280858426 0.0021949763976863317 0.010542832452341892
v -0.0065954404246806849 0.001731178194113478 0.010558736339386646
v -0.0072200315106180695 -0.0014107287769409018 0.0095988881733676829
v -0.0067389914468220565 -0.0022090146222613735 0.0091570586116039524
v -0.005303416024751215 0.0027130888620225712 0.010768202104835228
v -0.0067104318476732148 0.00139598086830875 0.010735733480694136
v -0.0068483227816164387 0.0014049090248722739 0.010516259799701716
v -0.0066343201929500726 0.0013903141693491761 0.010843691005930044
v -0.0071517949239501104 -0.001413570693062173 0.0098370983432139181
v -0.0051221602290821367 0.0026756527306227807 0.010975236850739992
v -0.0065533777348038237 0.0013838280212000306 0.010950292881279303
v -0.0061133147903244056 -0.002797112933512104 0.0091960762294160756
v -0.0063768874499727712 0.0013683510902247663 0.011158913750951193
v -0.0069674425777734991 -0.0014107287769409018 0.010292870562762277
v -0.0070682888654175872 -0.0014135706930621735 0.010066529353419673
v -0.0060428487204698166 -0.0028027477234651389 0.0094334749337445806
v -0.0047092470457581167 0.0025801188161172378 0.011367196890700379
v -0.0059593426619372952 -0.0028027477234651393 0.0096629059439503357
v -0.0059651750844127386 0.0013271269426392283 0.011554182576718504
v -0.0067104318476732166 -0.00139598086830875 0.010735733480694138
v -0.0066343201929500743 -0.0013903141693491737 0.010843691005930044
v -0.0068483227816164387 -0.0014049090248722737 0.010516259799701716
v -0.0058607258574798361 -0.002797112933512104 0.0098900586188106678
v -0.0065533777348038245 -0.0013838280212000306 0.010950292881279303
v -0.0062844996971127476 -0.0017011101352271054 0.010988776692279366
v -0.0057461716567990965 -0.0027855738594908786 0.010115109596605191
v -0.0047326736636913672 0.0019483249399156635 0.011905564206611629
v -0.0063768874499727712 -0.0013683510902247667 0.011158913750951193
v -0.0060280004052824469 -0.0021758678173512372 0.010759071171575256
v -0.0056152848616469429 -0.0027678716174976267 0.01033713257563423
v -0.0058573860158230764 -0.0021515325997486625 0.0109698306922621
v -0.0041626585210512356 0.0018289845581932911 0.012206432566702939
v -0.0059651750844127403 -0.0013271269426392285 0.011554182576718504
v -0.0056684863520641603 -0.0021218450144127811 0.011174083297707504
v -0.0054613246070571581 -0.0020867136376703215 0.011370796000440256
v -0.0052360666488813525 -0.0020460847493077722 0.01155894354506517
v -0.0049930272275272632 -0.0019999452444113305 0.011737522226041179
v 0.0073350260458314963 -0.0021902547808816449 0.0026357235387568655
v 0.0074413546174288145 -0.002209882626244311 0.002732771682377403
v 0.0080968754018237027 -0.0011805200277778117 0.0024711756939720599
v 0.0080999366966584291 -0.0011239830228623961 0.0024453016317129003
v 0.007816626676611562 -0.002358704273124403 0.0032446821170096164
v 0.008348118143395318 -0.00039211738333427083 0.0024097792095846868
v 0.0079533693501873913 -0.0024468565936160199 0.0035398147338699332
v 0.0084160735441785733 -0.00039413239409522016 0.0024691508943809185
v 0.0080864184036583461 -0.0024625057470193615 0.0037610507152321358
v 0.0082023820562493657 -0.0024727065306014359 0.0039855886944846841
v 0.0083016871278458297 -0.0024776878031659098 0.0042124908605931967
v 0.0083851931863783476 -0.0024776878031659093 0.0044419218707989535
v 0.0084549709890939344 -0.002472706530601435 0.0046795710838792798
v 0.0092848620571845016 -0.00055609722814133381 0.0036538017857874277
v 0.0085104679083903966 -0.0024625057470193607 0.0049261171542143616
v 0.0093357080564517182 -0.00055666464776076344 0.0037668597666718801
v 0.0085507541679531972 -0.002446856593616019 0.0051811160314065019
v 0.0094589741618047278 -0.00055671848717326299 0.0041030028565155197
v 0.0085749505429007725 -0.0024255552457578618 0.0054440316939871483
v 0.0094932254776398089 -0.0005561890297253756 0.0042219655098772856
v 0.0085822434354705206 -0.0023984274881606936 0.0057142353781576161
v 0.0085719001355839593 -0.002365333162406572 0.0059910064917569564
v 0.0079067418668499513 -0.0028044873233670151 0.0067753524506786091
v 0.0085432838764212034 -0.002326170353678558 0.0062735353699021933
v 0.0092161695000465161 -0.0015140484216647761 0.0057565116202429817
v 0.0092749909245289381 -0.0013604752734454081 0.005871337653258429
v 0.0091768860764052922 -0.0014889803299113584 0.0060429230287424029
v 0.0083431636191750192 -0.0021719011333170752 0.0071463486475400089
v 0.0095857343908410438 -0.00039299434244321026 0.0057546843703156544
v 0.0089347459742856253 -0.0013902326890665002 0.0069310302791626491
v 0.0094582182130950893 -0.000378478627998131 0.0063216257124758023
v 0.0089451833986268648 -0.0012412405860568495 0.0070566872377519569
v 0.0094302281821204668 -0.00037579582581158036 0.0064142576127731044
v 0.0089407148756638823 -0.0010956000923349155 0.0071862823856143482
v 0.0092491111421062321 -0.00036015532990554057 0.0069050099264918122
v 0.0092079078956890919 -0.00035686757428209548 0.0069995675389969711
v -0.0035723415385477885 3.6277600034479716e-05 0.0031407769141931592
v 0.0091754729786338862 0.00084342674417290774 0.0035962791837651008
v 0.0075019030597866555 0.0028716070627723572 0.0037185790730930603
v 0.0075109061763348082 0.0028862076330667349 0.0037601329378882725
v 0.0093635141290686896 0.00084559043069021972 0.0040465635051342586
v 0.0075761665160365985 0.0028955200341471529 0.0038712629710657585
v 0.0079549454493031118 0.0029036725550206787 0.00471497051569856
v 0.0079890552661057677 0.0029001718604419447 0.0048344787718285062
v -0.0073890696329614548 0.0009996723642959407 0.0079665430655352885
v -0.0074373817761135734 0.0010172404995344715 0.0082558492520389097
v -0.0074600209112140325 0.0010286899409567422 0.0084687008841122773
v -0.0074650283110425713 0.0010321803738129274 0.0085387945093866099
v -0.0075641219046372063 0.00069023496038289026 0.0085065905470758547
v -0.0074726536422930357 0.0010445315969436662 0.0088145599048223295
v -0.0073890696329614548 -0.00099967236429594091 0.0079665430655352885
v -0.0074691913855962589 0.0010497535214702143 0.0089495196792590808
v -0.0074656861999392084 0.0010521296416696473 0.0090162320925772244
v -0.0075721592357364783 0.00070596263521356987 0.0090549851083593889
v -0.0074610163018830368 0.0010543507174968888 0.0090824198659877273
v -0.0074373817761135734 -0.0010172404995344719 0.0082558492520389097
v -0.0074600209112140325 -0.00102868994095674 0.0084687008841122773
v -0.0070737498543065151 0.0017383574897613904 0.009345892312510767
v -0.0072482525872719049 0.0014081995949103056 0.0094762024008463643
v -0.0074482383391875724 0.0010583326096921533 0.0092131847958993335
v -0.0074650283110425713 -0.0010321803738129276 0.0085387945093866099
v -0.0075641219046372081 -0.00069023496038289047 0.0085065905470758547
v -0.0074093382880345594 0.0010644922697921086 0.0094680365133517908
v -0.0075047642412475217 0.0007150443538922783 0.0095695650076358801
v -0.0073969215038403547 0.0010656645583105022 0.009530313461237885
v -0.0074712987041214837 -0.0010386764095141525 0.008677622267378577
v -0.0073834592293252083 0.0010666927908659191 0.0095920021859273556
v -0.0069443353259660322 0.0017472328972133098 0.0098266883857510371
v -0.0071120403794375326 0.0014139190265868391 0.0099525412372807719
v -0.0073534623063608324 0.0010683233902549563 0.0097135902587561374
v -0.0074691913855962607 -0.0010497535214702143 0.0089495196792590808
v -0.0074656861999392102 -0.0010521296416696449 0.0090162320925772244
v -0.00757215923573648 -0.00070596263521357009 0.0090549851083593907
v -0.006902674201535685 0.0017472328972133098 0.0099411513843925044
v -0.0074610163018830368 -0.0010543507174968886 0.0090824198659877273
v -0.0072816371495480238 0.0010699271718070677 0.009949456209498591
v -0.0072613131178745662 0.0010699927768765276 0.010006872070859256
v -0.0073695938607822595 0.00071794852127207254 0.010046283038221889
v -0.0074482383391875724 -0.0010583326096921533 0.0092131847958993335
v -0.0072399760251176757 0.0010699271718070677 0.01006391920814006
v -0.0071939492707313486 0.0010693970246900308 0.010177640849832907
v -0.0074093382880345594 -0.0010644922697921086 0.0094680365133517908
v -0.0072482525872719066 -0.0014081995949103033 0.0094762024008463643
v -0.0073969215038403565 -0.0010656645583104998 0.0095303134612378868
v -0.0075047642412475217 -0.0007150443538922783 0.0095695650076358801
v -0.0066927617231649864 0.0017383574897613906 0.010392648599902328
v -0.006910200282261479 0.0014081995949103059 0.01040499347545709
v -0.0073834592293252101 -0.0010666927908659191 0.0095920021859273556
v -0.0070882092461336142 0.0010666927908659191 0.010403194847840613
v -0.007058869198829928 0.0010656645583105025 0.010459104535848612
v -0.007166711936237094 0.00071504435389227851 0.010498356082246606
v -0.0070737498543065203 -0.0017383574897613854 0.009345892312510767
v -0.0070283501568930299 0.0010644922697921086 0.01051479280074335
v -0.0073194774723489538 -0.0010693970246900303 0.009832754950383802
v -0.0069637442140511457 0.0010617094527014862 0.010625444016954659
v -0.0072816371495480238 -0.0010699271718070677 0.009949456209498591
v -0.0071120403794375344 -0.0014139190265868369 0.0099525412372807737
v -0.0072613131178745679 -0.0010699927768765252 0.010006872070859256
v -0.0073695938607822595 -0.00071794852127207254 0.010046283038221889
v -0.0072399760251176757 -0.0010699271718070677 0.01006391920814006
v -0.0068200682092186002 0.0010543507174968888 0.010843410277625774
v -0.0068875739138107182 0.00070596263521356998 0.010935867822040481
v -0.0067811008780134501 0.0010521296416696475 0.010897114806258313
v -0.0071939492707313486 -0.0010693970246900308 0.010177640849832907
v -0.0069443353259660383 -0.0017472328972133052 0.0098266883857510371
v -0.006740904093314945 0.0010497535214702145 0.01095047256967774
v -0.0069026742015356902 -0.0017472328972133052 0.0099411513843925062
v -0.00665680586500413 0.0010445315969436664 0.011056083250635845
v -0.0070882092461336142 -0.0010666927908659191 0.010403194847840613
v -0.006910200282261479 -0.0014081995949103035 0.01040499347545709
v -0.0070588691988299297 -0.0010656645583105001 0.010459104535848612
v -0.007166711936237094 -0.00071504435389227851 0.010498356082246606
v -0.0070283501568930316 -0.0010644922697921086 0.010514792800743352
v -0.0064737059430063811 0.0010321803738129274 0.011262430330966329
v -0.0065289157317720723 0.00069023496038289037 0.011350796131502843
v -0.0064248147383489003 0.0010286899409567422 0.011312906468539266
v -0.006963744214051144 -0.0010617094527014858 0.010625444016954659
v -0.0066927617231649916 -0.0017383574897613858 0.01039264859990233
v -0.0062706537629098535 0.0010172404995344717 0.011461408122961279
v -0.0068200682092186002 -0.0010543507174968886 0.010843410277625774
v -0.0067811008780134518 -0.0010521296416696451 0.010897114806258315
v -0.0068875739138107199 -0.00070596263521357009 0.010935867822040481
v -0.0067409040933149467 -0.0010497535214702145 0.01095047256967774
v -0.006047682082022816 0.00099967236429594091 0.011651975072476737
v -0.00665680586500413 -0.0010445315969436666 0.011056083250635845
v -0.0064737059430063811 -0.0010321803738129276 0.011262430330966329
v -0.0064248147383489003 -0.0010286899409567402 0.011312906468539266
v -0.0065289157317720749 -0.00069023496038289047 0.011350796131502843
v -0.0062706537629098535 -0.0010172404995344719 0.011461408122961279
v -0.0060476820820228152 -0.00099967236429594113 0.011651975072476737
v 0.0075031944289572737 -0.0028735433815669283 0.0037241484649667908
v 0.0075108267372921023 -0.0028860658947221429 0.0037597343509343847
v 0.0075761003207966355 -0.0028953831204045571 0.0038708615208624671
v 0.0079560467586836849 -0.0029022208416903694 0.0047119300214838768
v 0.0079902198048541276 -0.0028987522482403676 0.0048313955185843704
v 0.009175472978633888 -0.00084342674417290384 0.0035962791837651003
v 0.0093635141290686914 -0.00084559043069021506 0.0040465635051342578
v 0.0091097520313936538 0.001137533652133 0.0037039740772360596
v -0.0075115066350992573 0.0006753929403625563 0.0081127974898191554
v -0.0075536793246030274 0.00068651721802505665 0.008400430704849771
v -0.0076272322858256117 0.00034646384227281614 0.0085295608473016284
v -0.007575148988640347 0.00069588653750992172 0.0086812888677185677
v -0.0075115066350992573 -0.00067539294036255651 0.0081127974898191554
v -0.0075766093823407786 0.00070353187056976533 0.0089545893146505059
v -0.0076367076483355514 0.00035435835785752658 0.0090784788092145869
v -0.0075536793246030274 -0.00068651721802505687 0.008400430704849771
v -0.0076272322858256117 -0.0003464638422728163 0.0085295608473016284
v -0.007565053262589716 0.00070815933549637806 0.0091541877024593557
v -0.0075716865433845711 -0.0006937072370627375 0.0086117538943919925
v -0.0075334872012907984 0.00071289441367463127 0.0094126663193479197
v -0.0075780779326274587 -0.00070178004501929303 0.0088870119859485435
v -0.0074843344209437369 0.00071604332622973298 0.0096619303753454552
v -0.0075701430243154278 0.00035891693186270406 0.0095933609386251468
v -0.0075650532625897143 -0.00070815933549637795 0.0091541877024593557
v -0.0076367076483355514 -0.00035435835785752674 0.0090784788092145869
v -0.007418612592153059 0.0007176715385419102 0.009901558415062045
v -0.0075334872012907984 -0.00071289441367463117 0.0094126663193479197
v -0.0073371561093834789 0.00071784925258414523 0.010131804336676617
v -0.0074352381811249981 0.00036037468037843957 0.010070175616875281
v -0.0074694164139990655 -0.00071659024374105297 0.0097227551493180766
v -0.0072381026545965295 0.00071659024374105319 0.010358284480085706
v -0.0073997171325869537 -0.00071784925258414501 0.0099599193380870959
v -0.0074352381811249981 -0.00036037468037843957 0.010070175616875281
v -0.0071203053264310675 0.00071382790413118582 0.010581733918262658
v -0.0072320907193049993 0.00035891693186270417 0.010522152013235871
v -0.0073371561093834772 -0.00071784925258414512 0.010131804336676617
v -0.0069832302003324355 0.00070949512179905271 0.010801185300385338
v -0.0072381026545965295 -0.00071659024374105319 0.010358284480085706
v -0.0068264497516272917 0.00070353187056976533 0.011015635961022223
v -0.0069521223264097914 0.00035435835785752664 0.010959361522895677
v -0.0071203053264310675 -0.00071382790413118582 0.010581733918262658
v -0.007232090719305001 -0.00035891693186270417 0.010522152013235871
v -0.006649656884138668 0.00069588653750992172 0.011224057526720467
v -0.0069832302003324373 -0.00070949512179905271 0.010801185300385339
v -0.0064526780201358616 0.00068651721802505676 0.011425406927663391
v -0.0065920261129604777 0.0003464638422728162 0.011373766431728615
v -0.0068264497516272891 -0.00070353187056976533 0.011015635961022223
v -0.0069521223264097914 -0.0003543583578575268 0.010959361522895677
v -0.006235484798934131 0.00067539294036255641 0.011618638671413859
v -0.006649656884138668 -0.00069588653750992193 0.011224057526720467
v -0.0064526780201358616 -0.00068651721802505698 0.011425406927663391
v -0.0065920261129604777 -0.00034646384227281636 0.011373766431728615
v -0.006235484798934131 -0.00067539294036255651 0.011618638671413859
v 0.0091097520313936555 -0.0011375336521329982 0.0037039740772360592
v -0.0075553907186577335 0.00033708660344332521 0.0080440070669129116
v -0.0076052235905842589 0.00034294796933933809 0.0083339710042909729
v -0.0075553907186577335 -0.00033708660344332775 0.0080440070669129116
v -0.0076340005842035373 0.00034792479039986074 0.0086173647933025649
v -0.0076483786461890874 -9.9044435580193523e-20 0.0085372574930369996
v -0.0076052235905842572 -0.00034294796933934064 0.0083339710042909729
v -0.0076423803229367666 0.0003520307801836252 0.0088933776285720217
v -0.007639494048522451 -0.00034956566376313661 0.0087217751292943176
v -0.0076220376551147913 0.00035629110344831898 0.0092595446122507152
v -0.0076404187933603292 -0.00035334980306640237 0.0089948302768179493
v -0.0076583358490848923 -6.9196453653799632e-20 0.0090863508305080807
v -0.0075852569139292121 0.00035841575529776157 0.00951533557660467
v -0.0075920494568364454 -3.5927628757560029e-20 0.0096013342280017577
v -0.0076220376551147913 -0.00035629110344832153 0.0092595446122507152
v -0.0075310582731819408 0.00035975413067470483 0.0097617179350458546
v -0.0075852569139292121 -0.00035841575529776417 0.00951533557660467
v -0.0075701430243154295 -0.00035891693186270406 0.0095933609386251468
v -0.0075533589837729967 -0.00035934229968855649 0.0096704539122884226
v -0.007460481841345656 0.00036034011657697925 0.0099983019761975406
v -0.0074572335870731745 0 0.010078181289931017
v -0.0074887993220084928 -0.0003602062652104369 0.0099107520486740527
v -0.0073737929011341453 0.00036020626521043441 0.010226729593118615
v -0.0072687878065790324 0.00035934229968855405 0.010452306795856452
v -0.0072539971518260169 -3.5927628757559944e-20 0.010530125302612483
v -0.0073737929011341453 -0.0003602062652104369 0.010226729593118615
v -0.0071447219960822841 0.00035771286757235835 0.010674504560507139
v -0.0072687878065790324 -0.00035934229968855649 0.010452306795856452
v -0.0070010873022929359 0.00035528532162239912 0.010892341392846337
v -0.006973750527159134 -6.9196453653799548e-20 0.010967233544189171
v -0.0071447219960822841 -0.000357712867572361 0.010674504560507139
v -0.0068374871018102865 0.0003520307801836252 0.011104803578689119
v -0.0070010873022929359 -0.00035528532162240172 0.010892341392846337
v -0.0066536502188932487 0.00034792479039986085 0.01131085528514667
v -0.0068374871018102848 -0.00035203078018362775 0.011104803578689119
v -0.0064494437466027579 0.0003429479693393382 0.011509450027490932
v -0.0066536502188932461 -0.00034792479039986334 0.01131085528514667
v -0.0062248843257762428 0.00033708660344332521 0.011699543337794828
v -0.0064494437466027562 -0.0003429479693393407 0.011509450027490932
v -0.0062248843257762428 -0.00033708660344332775 0.011699543337794828
v -0.0075759647408799435 -1.2101321651936015e-19 0.0080514953986009254
v -0.0076037350174214847 -1.1483942084221397e-19 0.008197311949069596
v -0.0076261553602546446 -1.0837805758465901e-19 0.0083415895454015104
v -0.0076583901507812071 -9.1944756002998421e-20 0.008677449993918819
v -0.0076633215558916364 -8.459568711859855e-20 0.0088157555452121582
v -0.0076632691697560238 -7.7008966960312851e-20 0.0089520838915856278
v -0.0076437838206551657 -5.8107507254387972e-20 0.0092674595692168373
v -0.0076277045692852031 -4.9806650419663604e-20 0.0093965288945048603
v -0.0076071327572257413 -4.1320388841916495e-20 0.0095232977324140791
v -0.0075644458529242724 -2.7165497847140941e-20 0.0097242447422215116
v -0.0075326858403650171 -1.8249101266716769e-20 0.0098447164872075311
v -0.0074969030896813362 -9.190100121123784e-21 0.0099627074431422932
v -0.0073957780278918273 -1.260320298848999e-20 0.010234731524854983
v -0.0073456016892458585 -2.1610084672921158e-20 0.010347875198530962
v -0.0072907202013513302 -3.0470005645005454e-20 0.010460289534719742
v -0.0071665549387487266 -4.7701999641213003e-20 0.010682451101764162
v -0.0070971433953605544 -5.6050329216372996e-20 0.010791952642532875
v -0.0070227720801144698 -6.4204274650142539e-20 0.010900234006510051
v -0.0068589732392610641 -7.9881086221201343e-20 0.011112623893170553
v -0.0067694773447518741 -8.7380071212284303e-20 0.011216473142114644
v -0.0066748857479716015 -9.4636986904200692e-20 0.011318584385640087
v -0.0066131724733239534 -9.9044435580193475e-20 0.011381463077463988
v -0.0064703755162731445 -1.08378057584659e-19 0.01151706856860147
v -0.0063604606859554678 -1.1483942084221393e-19 0.011613180100960015
v -0.006245458347998451 -1.2101321651936006e-19 0.011707031669482846
v 0.0071264702702358677 -0.0036350270270583021 0.0025000000000000001
v 0.0070429968685033805 -0.0035439417709469162 0.0025000000000000001
v 0.0069555712217201143 -0.003456536979743735 0.0025000000000000001
v 0.0068643625256965381 -0.0033729945203113186 0.0025000000000000001
v 0.0067695493679352818 -0.0032934880232460633 0.0025000000000000001
v 0.0066713181992680429 -0.0032181815316769495 0.0025000000000000001
v 0.006569863238937935 -0.0031472294367121396 0.0025000000000000001
v 0.0064653864223742684 -0.0030807764511369433 0.0025000000000000001
v 0.0063580969286528705 -0.0030189573477171004 0.0025000000000000001
v 0.0062482088471103713 -0.0029618955083279353 0.0025000000000000001
v 0.0061359441266969836 -0.0029097044753797689 0.0025000000000000001
v 0.0060215295676307474 -0.0028624864835882693 0.0025000000000000001
v 0.0059051961651810135 -0.0028203321283148571 0.0025000000000000001
v 0.0072856038857688262 -0.0033045386999807059 0.0025000000000000001
v 0.0074294211080849241 -0.0029671033009893992 0.0025000000000000001
v 0.007557619592840039 -0.002623430214417825 0.0025000000000000001
v 0.0076699298306794114 -0.0022742419379771575 0.0025000000000000001
v 0.0077661157138222683 -0.0019202725638624422 0.0025000000000000001
v 0.007845975032426955 -0.0015622662354838365 0.0025000000000000001
v 0.007739638376123876 -0.0016777340897116866 0.0025000000000000001
v 0.0076280842109232756 -0.0017883762239518162 0.0025000000000000001
v 0.007511822682137779 -0.0018942521317201484 0.0025000000000000001
v 0.0073913162872273489 -0.0019954433717896403 0.0025000000000000001
v 0.0072669771243667452 -0.0020920506185630604 0.0025000000000000001
v 0.0071391656630391343 -0.0021841899832578918 0.0025000000000000001
v 0.0070082182363963097 -0.0022719712111940707 0.0025000000000000001
v 0.0068744332688568475 -0.0023555083866455538 0.0025000000000000001
v 0.0067380761615074281 -0.0024349164914051697 0.0025000000000000001
v 0.0065993871358463697 -0.0025103065136675229 0.0025000000000000001
v 0.0064585816334886154 -0.0025817858957808515 0.0025000000000000001
v 0.006267876126980221 -0.0026711881443019551 0.0025000000000000001
v 0.0060876966828286427 -0.0027485050006758041 0.0025000000000000001
v 0.0071264702702358677 -0.0036350270270583021 0.0025000000000000001
v 0.007106418024632132 -0.003674074402013271 0.0023913977869495012
v 0.00708392863876392 -0.0037172510161007544 0.0022838390472641546
v 0.0070589085165639054 -0.0037645465386682824 0.0021774656978494687
v 0.0070312553956191123 -0.0038159464823665818 0.0020724267900964189
v 0.0070008588602429988 -0.0038714306428212228 0.0019688809096067334
v 0.0069676006978470935 -0.0039309719552763061 0.0018669970944412376
v 0.0069313557789323242 -0.0039945346493712635 0.0017669567421553039
v 0.0068919930203793257 -0.0040620723973013879 0.0016689547779912247
v 0.0068493768484886404 -0.0041335259556699597 0.0015732011077821335
v 0.0068033693604555865 -0.0042088199430943716 0.0014799225261707524
v 0.0067538335328109723 -0.004287858743927302 0.0013893646659246272
v 0.0067006379369120442 -0.0043705207072699329 0.0013017945619909757
v 0.0066436609082285705 -0.0044566545437562588 0.0012174993833721031
v 0.0065827998434853886 -0.0045460693171944519 0.0011367901230360041
v 0.0065179857982123343 -0.00463851928026631 0.0010600061338654839
v 0.0064491971027593161 -0.0047336937436348748 0.00098751073331997423
v 0.0063764938568744572 -0.0048311826911024373 0.00091969999215212029
v 0.0063000489771936558 -0.0049304546312558522 0.00085699210703957197
v 0.0062202294337987789 -0.0050307798177354444 0.00079983844668601834
v 0.006137617522467647 -0.0051312426514797194 0.00074866498026767141
v 0.0060532537226226889 -0.0052304989615358692 0.00070392671741080915
v 0.0059689316435655405 -0.0053265237268412431 0.00066608443441691916
v 0.0058868761377371733 -0.0054170738742098058 0.00063528814853735203
v 0.0058094750193111262 -0.0054999999999999997 0.00061127187275935354
v 0.0059465982586676385 -0.0054999999999999979 0.00065325594113425868
v 0.0060830875193211556 -0.0054999999999999997 0.00070233643454207595
v 0.0062184116521113502 -0.0054999999999999997 0.00075856368923163007
v 0.0063520260947331061 -0.0055000000000000014 0.00082193625184896963
v 0.0064833791028581804 -0.0054999999999999997 0.00089239833617102079
v 0.0065992067789790044 -0.0055000000000000014 0.00096178454853265152
v 0.0067011737152178419 -0.0054999999999999997 0.0010289662101355384
v 0.006800687328915634 -0.0055000000000000014 0.0011005156505026585
v 0.0068974712365557998 -0.0054999999999999997 0.001176295434775883
v 0.0069912596728816329 -0.0054999999999999997 0.0012561450770704155
v 0.0070817998709251772 -0.0054999999999999997 0.0013398821102967747
v 0.007168854306723647 -0.0054999999999999997 0.0014273034481125113
v 0.0072522027673344791 -0.0055000000000000014 0.0015181870182050703
v 0.0073316442045286666 -0.0054999999999999979 0.0016122936394958359
v 0.0074069983414770417 -0.0054999999999999997 0.0017093691100266461
v 0.0074781070056638387 -0.0054999999999999997 0.0018091464674668595
v 0.0075448351679393072 -0.0054999999999999997 0.0019113483805379733
v 0.0076070716747989025 -0.0054999999999999997 0.0020156896273146765
v 0.0076647296683735443 -0.0054999999999999997 0.0021218796153855708
v 0.0077177466959539648 -0.0054999999999999997 0.0022296248992398709
v 0.0077660845178856904 -0.0054999999999999997 0.0023386316519238663
v 0.0078097286291190816 -0.0054999999999999979 0.0024486080508637114
v 0.0078486875153787484 -0.0054999999999999997 0.0025592665416148659
v 0.0078829916696716192 -0.0054999999999999997 0.0026703259479747216
v 0.0079126923985773246 -0.0054999999999999997 0.0027815134021640501
v 0.0079378604504044426 -0.0054999999999999997 0.0028925660744168139
v 0.0079585844988485054 -0.0054999999999999997 0.0030032326870925003
v 0.0079749695162942905 -0.0054999999999999997 0.0031132748041312551
v 0.0079871350704475829 -0.0054999999999999997 0.0032224678921239569
v 0.0079952135766712881 -0.0054999999999999979 0.003330602154311232
v 0.007999348536371324 -0.0054999999999999997 0.0034374831433356288
v 0.0079996891144294754 -0.0054999999999999997 0.0035431881554747104
v 0.0079962566076043299 -0.0054999999999999997 0.0036498210311918786
v 0.0079889077627272719 -0.0054999999999999997 0.003757740927888159
v 0.0079774972471789961 -0.0054999999999999997 0.003866756244720518
v 0.0079618904940646287 -0.0054999999999999997 0.0039766599429043549
v 0.007941965463297479 -0.0054999999999999979 0.0040872301190886364
v 0.0079176143939967015 -0.0054999999999999997 0.0041982307984780223
v 0.0078887455182895666 -0.0055000000000000014 0.0043094129542835006
v 0.0078552847044637466 -0.0054999999999999997 0.0044205157556801364
v 0.0078171769959635082 -0.0054999999999999997 0.0045312680414974658
v 0.0077743880121015838 -0.0054999999999999997 0.0046413900114803093
v 0.0077269051766825697 -0.0054999999999999997 0.0047505951212849845
v 0.0076747387420909967 -0.0054999999999999997 0.0048585921615987163
v 0.0076179225788377773 -0.0054999999999999997 0.0049650874960941302
v 0.0075565147040879306 -0.0054999999999999997 0.0050697874275780781
v 0.0074905975272660501 -0.0054999999999999997 0.0051724006568930293
v 0.0074202777963574378 -0.0055000000000000014 0.0052726407951018128
v 0.0073456862348447111 -0.0054999999999999997 0.0053702288864361071
v 0.0072669768661469819 -0.0055000000000000014 0.0054648958975870464
v 0.0071843260297272896 -0.0054999999999999997 0.0055563851282908602
v 0.0070979311004409863 -0.0054999999999999997 0.0056444544988883474
v 0.0070080089299347304 -0.0054999999999999997 0.0057288786726294406
v 0.0069147940356940295 -0.0054999999999999997 0.00580945097390496
v 0.0068185365694131564 -0.0054999999999999997 0.0058859850682070553
v 0.0067195001014906689 -0.0054999999999999997 0.0059583163752807682
v 0.0066179592624460992 -0.0055000000000000014 0.0060263031934161965
v 0.0065141972847709787 -0.0054999999999999997 0.0060898275198924337
v 0.0064085034900930012 -0.0054999999999999997 0.0061487955599471688
v 0.0063011707665316524 -0.0054999999999999997 0.0062031379240289298
v 0.0061924930798045114 -0.0054999999999999997 0.0062528095202208141
v 0.0060827630591101184 -0.0054999999999999997 0.0062977891553557958
v 0.0059722696952182065 -0.0054999999999999997 0.0063380788642601691
v 0.0058612961837313567 -0.0054999999999999997 0.0063737029915928679
v 0.0057501179413586559 -0.0054999999999999997 0.0064047070547736569
v 0.005639000817488601 -0.0055000000000000014 0.0064311564194441924
v 0.0055281995175917951 -0.0054999999999999997 0.0064531348207651808
v 0.0054179562492383008 -0.0054999999999999997 0.0064707427646503914
v 0.0053084995959730439 -0.0054999999999999997 0.0064840958428449419
v 0.0052000436191202868 -0.0054999999999999997 0.0064933229946748574
v 0.0050994184855617745 -0.0054999999999999979 0.0064983522082518253
v 0.0050000000000000001 -0.0054999999999999997 0.0064999999999999997
v 0.0058094750193111262 -0.0054999999999999997 0.00061127187275935354
v 0.0059465982586676385 -0.0054999999999999979 0.00065325594113425868
v 0.0060830875193211556 -0.0054999999999999997 0.00070233643454207595
v 0.0062184116521113502 -0.0054999999999999997 0.00075856368923163007
v 0.0063520260947331061 -0.0055000000000000014 0.00082193625184896963
v 0.0064833791028581804 -0.0054999999999999997 0.00089239833617102079
v 0.0065992067789790044 -0.0055000000000000014 0.00096178454853265152
v 0.0067011737152178419 -0.0054999999999999997 0.0010289662101355384
v 0.006800687328915634 -0.0055000000000000014 0.0011005156505026585
v 0.0068974712365557998 -0.0054999999999999997 0.001176295434775883
v 0.0069912596728816329 -0.0054999999999999997 0.0012561450770704155
v 0.0070817998709251772 -0.0054999999999999997 0.0013398821102967747
v 0.007168854306723647 -0.0054999999999999997 0.0014273034481125113
v 0.0072522027673344791 -0.0055000000000000014 0.0015181870182050703
v 0.0073316442045286666 -0.0054999999999999979 0.0016122936394958359
v 0.0074069983414770417 -0.0054999999999999997 0.0017093691100266461
v 0.0074781070056638387 -0.0054999999999999997 0.0018091464674668595
v 0.0075448351679393072 -0.0054999999999999997 0.0019113483805379733
v 0.0076070716747989025 -0.0054999999999999997 0.0020156896273146765
v 0.0076647296683735443 -0.0054999999999999997 0.0021218796153855708
v 0.0077177466959539648 -0.0054999999999999997 0.0022296248992398709
v 0.0077660845178856904 -0.0054999999999999997 0.0023386316519238663
v 0.0078097286291190816 -0.0054999999999999979 0.0024486080508637114
v 0.0078486875153787484 -0.0054999999999999997 0.0025592665416148659
v 0.0078829916696716192 -0.0054999999999999997 0.0026703259479747216
v 0.0079126923985773246 -0.0054999999999999997 0.0027815134021640501
v 0.0079378604504044426 -0.0054999999999999997 0.0028925660744168139
v 0.0079585844988485054 -0.0054999999999999997 0.0030032326870925003
v 0.0079749695162942905 -0.0054999999999999997 0.0031132748041312551
v 0.0079871350704475829 -0.0054999999999999997 0.0032224678921239569
v 0.0079952135766712881 -0.0054999999999999979 0.003330602154311232
v 0.007999348536371324 -0.0054999999999999997 0.0034374831433356288
v 0.0079996891144294754 -0.0054999999999999997 0.0035431881554747104
v 0.0079962566076043299 -0.0054999999999999997 0.0036498210311918786
v 0.0079889077627272719 -0.0054999999999999997 0.003757740927888159
v 0.0079774972471789961 -0.0054999999999999997 0.003866756244720518
v 0.0079618904940646287 -0.0054999999999999997 0.0039766599429043549
v 0.007941965463297479 -0.0054999999999999979 0.0040872301190886364
v 0.0079176143939967015 -0.0054999999999999997 0.0041982307984780223
v 0.0078887455182895666 -0.0055000000000000014 0.0043094129542835006
v 0.0078552847044637466 -0.0054999999999999997 0.0044205157556801364
v 0.0078171769959635082 -0.0054999999999999997 0.0045312680414974658
v 0.0077743880121015838 -0.0054999999999999997 0.0046413900114803093
v 0.0077269051766825697 -0.0054999999999999997 0.0047505951212849845
v 0.0076747387420909967 -0.0054999999999999997 0.0048585921615987163
v 0.0076179225788377773 -0.0054999999999999997 0.0049650874960941302
v 0.0075565147040879306 -0.0054999999999999997 0.0050697874275780781
v 0.0074905975272660501 -0.0054999999999999997 0.0051724006568930293
v 0.0074202777963574378 -0.0055000000000000014 0.0052726407951018128
v 0.0073456862348447111 -0.0054999999999999997 0.0053702288864361071
v 0.0072669768661469819 -0.0055000000000000014 0.0054648958975870464
v 0.0071843260297272896 -0.0054999999999999997 0.0055563851282908602
v 0.0070979311004409863 -0.0054999999999999997 0.0056444544988883474
v 0.0070080089299347304 -0.0054999999999999997 0.0057288786726294406
v 0.0069147940356940295 -0.0054999999999999997 0.00580945097390496
v 0.0068185365694131564 -0.0054999999999999997 0.0058859850682070553
v 0.0067195001014906689 -0.0054999999999999997 0.0059583163752807682
v 0.0066179592624460992 -0.0055000000000000014 0.0060263031934161965
v 0.0065141972847709787 -0.0054999999999999997 0.0060898275198924337
v 0.0064085034900930012 -0.0054999999999999997 0.0061487955599471688
v 0.0063011707665316524 -0.0054999999999999997 0.0062031379240289298
v 0.0061924930798045114 -0.0054999999999999997 0.0062528095202208141
v 0.0060827630591101184 -0.0054999999999999997 0.0062977891553557958
v 0.0059722696952182065 -0.0054999999999999997 0.0063380788642601691
v 0.0058612961837313567 -0.0054999999999999997 0.0063737029915928679
v 0.0057501179413586559 -0.0054999999999999997 0.0064047070547736569
v 0.005639000817488601 -0.0055000000000000014 0.0064311564194441924
v 0.0055281995175917951 -0.0054999999999999997 0.0064531348207651808
v 0.0054179562492383008 -0.0054999999999999997 0.0064707427646503914
v 0.0053084995959730439 -0.0054999999999999997 0.0064840958428449419
v 0.0052000436191202868 -0.0054999999999999997 0.0064933229946748574
v 0.0050994184855617745 -0.0054999999999999979 0.0064983522082518253
v 0.0050000000000000001 -0.0054999999999999997 0.0064999999999999997
v 0.0057106210399216666 -0.0056025714907988987 0.00058718404169829633
v 0.0056170950135675437 -0.0056963359843737373 0.00057072603668630332
v 0.0055279807308708552 -0.005782856473828887 0.0005604033383891134
v 0.005441298489597444 -0.0058644923722609684 0.00055510594740283432
v 0.005354257123418798 -0.0059440668432957601 0.00055427317775743462
v 0.0052635543553953825 -0.0060245328092689652 0.0005579931245998387
v 0.0051817286431210582 -0.006095054409983737 0.00056522829763231374
v 0.0051030721322538443 -0.0061610595548338663 0.0005755553669705355
v 0.0050179871958216261 -0.0062305541055657542 0.00059036649371217937
v 0.0049262048882348667 -0.0063033725465826522 0.00061051096869014544
v 0.0048282348534622833 -0.0063787262221120505 0.00063672617920106935
v 0.0047252461867096328 -0.0064553891031167189 0.00066949792410807849
v 0.004618737113741396 -0.0065320186359304035 0.00070901878579110521
v 0.004510257518443141 -0.0066073880710772826 0.00075521513309812318
v 0.0044011748776457823 -0.0066805433685218907 0.0008078399323495091
v 0.0042926159102795389 -0.0067508109619017053 0.00086654605428150133
v 0.0041977736293302816 -0.0068101906193626183 0.00092321261949314219
v 0.004115138376036641 -0.0068604399396033494 0.0009768624510767931
v 0.0040339709886457985 -0.0069084787209050015 0.0010336310587789322
v 0.0039545531887658445 -0.0069542439377894673 0.0010932978330307787
v 0.0038771014674683392 -0.0069977199293172953 0.0011556591763665096
v 0.0038017882609900308 -0.0070389207992216105 0.0012205238756592296
v 0.0037287505670986708 -0.0070778823959520678 0.0012877133942061376
v 0.0036580976803122075 -0.0071146553927281852 0.0013570613346199378
v 0.0035899177495442151 -0.0071493000046848332 0.0014284118299354468
v 0.0035242804342149434 -0.0071818832776276162 0.0015016205563212488
v 0.003461242515868245 -0.0072124753195484548 0.0015765516172417629
v 0.0034008494012852776 -0.0072411479315891477 0.0016530778984902637
v 0.003343137219989409 -0.0072679731364063372 0.001731080354804785
v 0.0032881344790679015 -0.0072930221202200402 0.0018104473627292416
v 0.003235863332498385 -0.0073163644312025863 0.0018910742489781599
v 0.0031863410453181838 -0.0073380672350002226 0.0019728621427435897
v 0.003139580532806989 -0.0073581950284399185 0.0020557179490304834
v 0.0030955912826208976 -0.0073768092431667279 0.002139553565118575
v 0.0030543798442883145 -0.0073939680715159424 0.0022242856412735229
v 0.0030159504796477879 -0.0074097262255318156 0.0023098347889939645
v 0.0029803054991062506 -0.0074241349021324727 0.0023961254422037812
v 0.002960358035254981 -0.0074321114258933622 0.0024479514652033063
v 0.0029414030329315576 -0.0074396336064258594 0.0025000000000000001
v 0.0032021890884705228 -0.0033164533606113347 0.0025000000000000001
v 0.003097400607166925 -0.0034071275107241663 0.0025000000000000001
v 0.0029969061063342835 -0.0035030987240556714 0.0025000000000000001
v 0.0029010121120474769 -0.0036041492562233573 0.0025000000000000001
v 0.0028100098455486624 -0.0037100437776479422 0.0025000000000000001
v 0.0027241752226374919 -0.0038205293742545211 0.0025000000000000001
v 0.0026437677582824056 -0.0039353372297437472 0.0025000000000000001
v 0.0025690295237893648 -0.0040541844646990594 0.0025000000000000001
v 0.0025001852301889385 -0.0041767743464660072 0.0025000000000000001
v 0.0024374414850433946 -0.0043027974885788073 0.0025000000000000001
v 0.0023809861735158474 -0.0044319332518927175 0.0025000000000000001
v 0.0023309880553809355 -0.0045638508451293427 0.0025000000000000001
v 0.0022919851737071058 -0.0046835102291144072 0.0025000000000000001
v 0.0022617189039792159 -0.0047916100037495336 0.0025000000000000001
v 0.0022357544047273289 -0.0049008787550160592 0.0025000000000000001
v 0.0022141405552293242 -0.0050111366697114879 0.0025000000000000001
v 0.0021969179324123327 -0.005122202354201565 0.0025000000000000001
v 0.0021841188122534274 -0.0052338928766507316 0.0025000000000000001
v 0.0021757671711803116 -0.0053460238092525904 0.0025000000000000001
v 0.0021718786874720111 -0.0054584092704603598 0.0025000000000000001
v 0.0021724607288334092 -0.0055708628855052752 0.0025000000000000001
v 0.0021775121833506423 -0.0056832000598996376 0.0025000000000000001
v 0.0021870235124723508 -0.0057952341762534509 0.0025000000000000001
v 0.0022009768777400871 -0.0059067797274162202 0.0025000000000000001
v 0.0022193461421820744 -0.0060176526709719699 0.0025000000000000001
v 0.002242096868912516 -0.0061276704714697061 0.0025000000000000001
v 0.0022691863197309048 -0.0062366521426538901 0.0025000000000000001
v 0.0023005634537213368 -0.0063444182896948949 0.0025000000000000001
v 0.0023361690121519027 -0.0064507914963246897 0.0025000000000000001
v 0.0023759361229243243 -0.0065555987739904023 0.0025000000000000001
v 0.0024197898758078385 -0.0066586698017258236 0.0025000000000000001
v 0.0024676475171957631 -0.00675983764958203 0.0025000000000000001
v 0.0025194186680232095 -0.006858939394757982 0.0025000000000000001
v 0.002575005317155508 -0.0069558161980099462 0.0025000000000000001
v 0.0026343021186622032 -0.00705031400028195 0.0025000000000000001
v 0.0026971965249047119 -0.0071422838181299337 0.0025000000000000001
v 0.0027635689422993498 -0.007231581983994189 0.0025000000000000001
v 0.0028332931072460026 -0.0073180708025141362 0.0025000000000000001
v 0.0028865090398632917 -0.0073796691678374229 0.0025000000000000001
v 0.0031156047768119166 -0.0033664206597691761 0.0025529552089362394
v 0.0030320851572199275 -0.0034180090011224234 0.0026097053140056053
v 0.0029518635126917023 -0.0034710655718560536 0.0026702036498109562
v 0.0028751826054076099 -0.0035254168865193483 0.0027343809209334014
v 0.0028022764591178577 -0.0035808794578710418 0.0028021550237822468
v 0.0027333691113322432 -0.0036372611800283955 0.0028734311600604025
v 0.0026686742960676068 -0.0036943621189801734 0.0029481012019718028
v 0.002608395005830729 -0.0037519753274045421 0.0030260429613846889
v 0.0025527229044430503 -0.0038098876887007419 0.0031071193548081102
v 0.0025018375623135788 -0.0038678807951433906 0.003191177456039002
v 0.002460271339646037 -0.0039199595740227597 0.0032692391055562874
v 0.0024263846821922317 -0.0039665959697399436 0.003341329750886688
v 0.0023959127762376653 -0.0040128844346410319 0.0034150471019124625
v 0.0023689226111197766 -0.0040587029511185216 0.0034902742434406151
v 0.0023454576967445817 -0.0041039612563974273 0.0035669401007327067
v 0.0023255524602481398 -0.0041485927099390923 0.0036450127277625546
v 0.0023092645716841333 -0.0041924841264143337 0.0037243771477072328
v 0.002296645157791237 -0.0042355230481053987 0.0038049108505768658
v 0.002287738056016213 -0.0042775988040013547 0.0038864847463553477
v 0.0022825794047550739 -0.0043186030227601617 0.0039689632264338272
v 0.0022811972070728393 -0.0043584304350411844 0.0040522049442520578
v 0.0022836109358064542 -0.0043969794048363195 0.0041360628900210276
v 0.0022898312817859227 -0.0044341526724521844 0.004220385308849388
v 0.0022998601469836162 -0.0044698583471174036 0.004305017359969741
v 0.0023136898084885923 -0.0045040084848725799 0.0043897968627083211
v 0.0023313030181968289 -0.0045365214750416249 0.0044745591568893456
v 0.0023526732103447902 -0.0045673225996151106 0.0045591382041711018
v 0.0023777645666798659 -0.0045963441458298079 0.0046433667088098506
v 0.0024065319845360733 -0.0046235255339501504 0.0047270762661276201
v 0.0024389209478150264 -0.004648813460251611 0.0048100975386839223
v 0.0024748673063704403 -0.0046721620584032021 0.0048922604718523843
v 0.0025142987641568883 -0.0046935339702573646 0.0049733980737245338
v 0.0025571351672316923 -0.0047129001114044116 0.0050533464467157991
v 0.0026032877531288723 -0.0047302391092556451 0.0051319431945758527
v 0.0026526599901821506 -0.0047455376622255515 0.0052090293841453505
v 0.0027051476387528338 -0.0047587903893332381 0.0052844497610336971
v 0.0027606383309456434 -0.0047699996062478059 0.0053580524061798626
v 0.0028190128746301384 -0.004779175514317043 0.0054296909653078589
v 0.0028801461812760546 -0.0047863360017906826 0.0054992257204933576
v 0.0029439048912570341 -0.0047915061005037044 0.0055665210613575098
v 0.0030101469059618195 -0.0047947180176841622 0.0056314459864789347
v 0.0030787209086563789 -0.0047960111893074961 0.0056938747476712338
v 0.0031494658313527451 -0.0047954323455848503 0.0057536875794328892
v 0.0032222102676845552 -0.0047930355885854462 0.0058107715135695161
v 0.0032967692805103959 -0.0047888826531953463 0.0058650195076116749
v 0.0033729370872860502 -0.0047830438304410404 0.0059163278130231018
v 0.0034267756010081364 -0.0047780273149938043 0.0059502490554493416
v 0.0034854538577693333 -0.0047717838801262609 0.0059851260058627186
v 0.00354470412795568 -0.0047647116544160166 0.0060182265534227865
v 0.0036044052910497643 -0.0047568550510082878 0.0060495197573545148
v 0.0036644293644947788 -0.0047482621348312959 0.0060789806628883201
v 0.003724637929666666 -0.0047389852009583752 0.0061065893666476662
v 0.0037848797860799872 -0.0047290813340849416 0.0061323311704282431
v 0.0038649654937624972 -0.0047150096537491382 0.0061637354733896053
v 0.0039542703720279676 -0.0046981782620133597 0.0061950939780400661
v 0.0040421753618673541 -0.0046805172504124967 0.0062223188618917655
v 0.0041281256981574432 -0.004662269112345109 0.0062455495191734269
v 0.0042116372464919005 -0.0046436668450184054 0.006264991446121736
v 0.0042923503202500282 -0.0046249162246273078 0.0062809099796456045
v 0.0043700455131149268 -0.0046061857529504134 0.0062936093916293951
v 0.0044446489788317663 -0.004587599988283883 0.0063034106883815885
v 0.0045168815733342199 -0.0045690664341586041 0.0063106866258500743
v 0.0045891527630579406 -0.0045500116379018664 0.0063157994727468126
v 0.0046619466309652359 -0.0045303184995657882 0.0063187652747225456
v 0.0047355699803107781 -0.0045099046257044695 0.0063195368333046767
v 0.0048103189142296218 -0.0044886808200645606 0.0063180231676153034
v 0.004886469504255659 -0.0044665542154244744 0.0063140896622022524
v 0.0049642645543766977 -0.0044434325964162061 0.0063075591261288824
v 0.0050438519507970594 -0.0044192438991671468 0.0062982214487497133
v 0.0051252698134151616 -0.0043939432161721149 0.0062858474249492509
v 0.0052084596644769643 -0.0043675113378011318 0.0062702010697030337
v 0.0052932528789325743 -0.0043399614549465143 0.0062510567716366171
v 0.0053793620822524344 -0.0043113448572748595 0.0062282198156225826
v 0.0054664090424199948 -0.0042817447527056405 0.0062015397022020819
v 0.0055539714164187714 -0.0042512625006263646 0.0061709118895986381
v 0.0056416052335901785 -0.0042200107516715823 0.0061362796233690254
v 0.0057288713822642723 -0.004188104311279659 0.0060976289587381452
v 0.005815346145923132 -0.0041556559796886517 0.0060549852871136824
v 0.0059006412458390287 -0.0041227683275850708 0.0060084015199654804
v 0.0059844133275935409 -0.004089528650560407 0.0059579465146950361
v 0.0060487382814925737 -0.0040633067007406582 0.0059157939442544948
v 0.0061091629269390147 -0.0040380633324235181 0.0058732886005837858
v 0.0061683121481870542 -0.0040127197907276957 0.0058287430735966669
v 0.0062260810725651167 -0.0039872969024280251 0.0057822038781840824
v 0.0062823697969448013 -0.0039618130488284671 0.0057337207989597745
v 0.0063370831423412953 -0.0039362842117436495 0.0056833464234945933
v 0.0063901303983725189 -0.0039107240334238401 0.0056311357013163
v 0.0064414250575769941 -0.003885143890423316 0.0055771455286748352
v 0.006490884539590445 -0.0038595529814121716 0.0055214343590730755
v 0.006538429659071093 -0.0038339585637436739 0.0054640621471367112
v 0.0065839815351160748 -0.0038083676914880504 0.0054050938647255426
v 0.006627464364232909 -0.0037827859034945143 0.005344596294790541
v 0.0066688048260954251 -0.0037572176397477541 0.0052826385202888381
v 0.0067079315958388794 -0.0037316666868811546 0.0052192925741626379
v 0.0067447754642255857 -0.0037061363214248811 0.0051546333987778871
v 0.0067792694716207512 -0.003680629464075547 0.0050887388091598248
v 0.0068113490557785627 -0.0036551488449874754 0.0050216894600254277
v 0.0068409522134384986 -0.0036296971800855427 0.0049535688166127299
v 0.006868019675731878 -0.0036042773583996211 0.0048844631293070402
v 0.0068924958436560367 -0.0035788918256362957 0.0048144591526944423
v 0.006914329583553723 -0.0035535415675832099 0.00474364055037767
v 0.0069334703360994267 -0.0035282306990874401 0.0046720999584016713
v 0.0069498705955028401 -0.003502964512825989 0.0045999336038698262
v 0.0069634868950926498 -0.0034777495960304407 0.0045272402265017038
v 0.0069742799881267036 -0.0034525938981886193 0.0044541209393874773
v 0.0069822149633090034 -0.0034275065236206502 0.0043806785093129423
v 0.0069872618201239434 -0.0034024976328518239 0.0043070156747505211
v 0.0069893952854394505 -0.0033775808391814433 0.0042332416461875995
v 0.0069885958742376512 -0.0033527714836846128 0.00415946655327831
v 0.0069848500674630906 -0.0033280865511412065 0.0040858004482378363
v 0.0069781503924215525 -0.0033035448427411488 0.0040123531677673328
v 0.0069684955376963179 -0.0032791671256507077 0.003939234196226612
v 0.00695589050258184 -0.0032549762594397845 0.0038665525300546006
v 0.0069403467810348635 -0.0032309972993702181 0.0037944165434375776
v 0.0069218825801429483 -0.0032072575765450897 0.0037229338552251779
v 0.0069005230731104452 -0.0031837867549190371 0.003652211197094175
v 0.006876300129379339 -0.0031606163529167798 0.0035823527533846628
v 0.0068492507968655261 -0.0031377784995095239 0.0035134563363558562
v 0.0068194018596856301 -0.0031152955034359628 0.0034455818399150647
v 0.0067867632084818658 -0.00309318116424893 0.003378755088012371
v 0.0067513803337424525 -0.0030714765233504611 0.0033130758689700469
v 0.006713307162023131 -0.0030502248859086184 0.0032486428117682771
v 0.0066726060691392327 -0.0030294713869983732 0.0031855523670034852
v 0.0066293453434426381 -0.0030092614599837031 0.0031238945659485297
v 0.0065835987419957526 -0.0029896407159067388 0.0030637531688145351
v 0.0065354451343292335 -0.0029706548254811835 0.0030052058875435828
v 0.0064849681877115657 -0.0029523493745398999 0.0029483245942327598
v 0.006432256093930484 -0.0029347696929366692 0.0028931755151895711
v 0.0063774013375862536 -0.0029179606569021176 0.0028398194106187152
v 0.0063205005058967938 -0.0029019664648538123 0.0027883117399402184
v 0.0062616539237333232 -0.0028868303342832031 0.0027387026382026409
v 0.0062009600443413962 -0.0028725930464167 0.0026910329649141324
v 0.0061385191398722434 -0.0028592940361792303 0.0026453385556749875
v 0.006074433735158067 -0.0028469713273035083 0.0026016509498470995
v 0.0060088069170651983 -0.0028356610389650744 0.0025599965434897464
v 0.005957402529866593 -0.002827680372082057 0.0025293877216136379
v 0.0059051961651810135 -0.0028203321283148571 0.0025000000000000001
v 0.0070429968685033805 -0.0035439417709469162 0.0025000000000000001
v 0.0069555712217201143 -0.003456536979743735 0.0025000000000000001
v 0.0068643625256965381 -0.0033729945203113186 0.0025000000000000001
v 0.0067695493679352818 -0.0032934880232460633 0.0025000000000000001
v 0.0066713181992680429 -0.0032181815316769495 0.0025000000000000001
v 0.006569863238937935 -0.0031472294367121396 0.0025000000000000001
v 0.0064653864223742684 -0.0030807764511369433 0.0025000000000000001
v 0.0063580969286528705 -0.0030189573477171004 0.0025000000000000001
v 0.0062482088471103713 -0.0029618955083279353 0.0025000000000000001
v 0.0061359441266969836 -0.0029097044753797689 0.0025000000000000001
v 0.0060215295676307474 -0.0028624864835882693 0.0025000000000000001
v 0.0071081171049067818 -0.005736309695102527 0.0013786796564403576
v 0.0073145633413797713 -0.0057594513161644883 0.0016091056208023089
v 0.0072677685216001996 -0.006030795986380664 0.0016091056208023086
v 0.0070654961239922836 -0.0059834519229177317 0.0013786796564403581
v 0.0074953579867659791 -0.0057797175183730582 0.0018583707398445728
v 0.0071841641521402846 -0.0063086689082831647 0.0016091056208023089
v 0.0069893488014487887 -0.0062365401185096887 0.0013786796564403576
v 0.0074449079406650074 -0.0060722574017649149 0.0018583707398445726
v 0.0070603219208716988 -0.0065860902490558161 0.0016091056208023091
v 0.0068765526116104534 -0.0064892170115085895 0.0013786796564403576
v 0.0076482658045940967 -0.0057968577425691684 0.0021221162208319901
v 0.007354773085709615 -0.0063718354701542933 0.0018583707398445728
v 0.0068945335249027892 -0.0068547181144939275 0.0016091056208023091
v 0.0067255516227462762 -0.0067338847584915273 0.0013786796564403576
v 0.0075947243357395409 -0.006107323565018417 0.0021221162208319901
v 0.0072212573182341136 -0.0066709266836112932 0.0018583707398445724
v 0.0066873798872800162 -0.0071053870445227383 0.0016091056208023089
v 0.006536874942783006 -0.0069621954076817937 0.0013786796564403581
v 0.0077720037108438018 -0.0058107281612619598 0.0023957158713143823
v 0.0074990662957122771 -0.0064252588506686142 0.0021221162208319901
v 0.0070425188967798433 -0.0069605375477880711 0.0018583707398445728
v 0.0064420861023087115 -0.0073289084504825951 0.0016091056208023089
v 0.0063134600054682759 -0.0071657799416595452 0.0013786796564403581
v 0.0077159605636297306 -0.0061357002280486607 0.0023957158713143823
v 0.0073573690950481897 -0.0067426774484223009 0.0021221162208319901
v 0.00681918412132217 -0.0072307866722767502 0.0018583707398445726
v 0.0061645297813622659 -0.0075170247482465183 0.0016091056208023089
v 0.0060606601717798211 -0.0073371173070873822 0.0013786796564403581
v 0.0076158329852470674 -0.0064684907621792029 0.0023957158713143823
v 0.0071676781360696211 -0.0070500347704201402 0.0021221162208319901
v 0.0065547300039994118 -0.0074717677314697908 0.0018583707398445726
v 0.0058628381281596057 -0.007663337424285128 0.0016091056208023089
v 0.0057858777438575884 -0.0074703797024201464 0.0013786796564403581
v 0.0074675151066656799 -0.0068007404666226437 0.0023957158713143823
v 0.0069306580964769108 -0.00733684392521897 0.0021221162208319906
v 0.0062554932668279772 -0.0076745781267066847 0.0018583707398445726
v 0.005546616019823104 -0.0077640073704807848 0.0016091056208023089
v 0.0054978608969578754 -0.0075620704467307346 0.0013786796564403581
v 0.0079315556315655966 -0.0058286131571433711 0.0029541108427635666
v 0.0072689610033389159 -0.0071224587909898655 0.0023957158713143823
v 0.0066499990489557849 -0.0075925915582240808 0.0021221162208319901
v 0.0059302359438155481 -0.0078323195452242676 0.0018583707398445726
v 0.005225953539667305 -0.007818073218134056 0.0016091056208023091
v 0.0052057997348229504 -0.0076113139200855023 0.0013786796564403576
v 0.0049184107560169363 -0.0076197507389469798 0.0013786796564403581
v 0.0070208664094520172 -0.0074226688529961515 0.0023957158713143823
v 0.0063324260102446293 -0.007807829547069987 0.0021221162208319901
v 0.0055893131660621122 -0.0079408529993646483 0.0018583707398445726
v 0.004910420786049057 -0.007827336247976751 0.0016091056208023086
v 0.0067270938131133752 -0.007690366070737616 0.0023957158713143823
v 0.0059872379246890262 -0.0079752368717279139 0.0021221162208319901
v 0.0052436031711755784 -0.0079991420262151471 0.0018583707398445728
v 0.0046082457417537083 -0.0077958760959303689 0.0016091056208023089
v 0.0046431880528113962 -0.0075910966582976233 0.0013786796564403576
v 0.0043859335847590518 -0.0075304980762544759 0.0013786796564403581
v 0.0063946824515936458 -0.0079156608665849129 0.0023957158713143823
v 0.0056254244537882955 -0.0080904209201805976 0.0021221162208319906
v 0.0049034235948593871 -0.0080091286077384818 0.0018583707398445728
v 0.004325798547632374 -0.0077293431427987846 0.0016091056208023086
v 0.0079813278008298762 -0.0058341923757342434 0.0035000000000000001
v 0.0060333657542895923 -0.008090890152243924 0.0023957158713143823
v 0.0052585304198982117 -0.008152281718274465 0.0021221162208319901
v 0.0045776451222191593 -0.0079752110474495437 0.0018583707398445728
v 0.0040674097601538723 -0.0076341963103853201 0.0016091056208023089
v 0.004150591646665952 -0.0074438378145530405 0.0013786796564403576
v 0.0037412912484272656 -0.0072075281194505132 0.0013786796564403581
v 0.0056546468650337531 -0.008211456074738166 0.0023957158713143823
v 0.0048975056915196444 -0.0081628802466192155 0.0021221162208319901
v 0.0042731354770995924 -0.0079034810874126522 0.0018583707398445726
v 0.0038354702186377361 -0.0075170247482465183 0.0016091056208023089
v 0.0039393398282201791 -0.0073371173070873805 0.0013786796564403581
v 0.0052706100279211552 -0.0082762072645826603 0.0023957158713143823
v 0.0045517645218992727 -0.0081268843231626139 0.0021221162208319901
v 0.0039945634834116202 -0.0078009021672622615 0.0018583707398445728
v 0.0036180268984663576 -0.0073747449942208297 0.0016091056208023091
v 0.0048927167344927965 -0.0082873009999056696 0.0023957158713143823
v 0.0042285954677531105 -0.0080507589730773547 0.0021221162208319901
v 0.0037445067331720234 -0.0076745781267066847 0.001858370739844573
v 0.0079315556315655966 -0.0058286131571433711 0.0040458891572364344
v 0.0045308211107542122 -0.0082496231983708469 0.0023957158713143823
v 0.0039329534440779527 -0.0079418943340367077 0.0021221162208319901
v 0.0035100785298224006 -0.0075211846488892021 0.0018583707398445728
v 0.0041925522648668381 -0.008169940957804378 0.0023957158713143823
v 0.0036675739897553718 -0.0078078295470699836 0.0021221162208319901
v 0.0038830966259021851 -0.0080559897136064443 0.0023957158713143823
v 0.003418780751327951 -0.0076450365914675373 0.0021221162208319901
v 0.0036053175484063553 -0.0079156608665849129 0.0023957158713143823
v 0.0031766801965073502 -0.0074434354080589347 0.0021221162208319901
v 0.0077720037108438018 -0.0058107281612619598 0.0046042841286856187
v 0.0033448996632540143 -0.0077452615523444842 0.0023957158713143823
v 0.0030914871715034325 -0.0075342407297557144 0.0023957158713143823
v 0.0076482658045940967 -0.0057968577425691684 0.0048778837791680109
v 0.0075947243357395409 -0.006107323565018417 0.0048778837791680109
v 0.0077159605636297306 -0.0061357002280486607 0.0046042841286856187
v 0.0074953579867659791 -0.0057797175183730582 0.0051416292601554276
v 0.0074990662957122771 -0.0064252588506686142 0.0048778837791680109
v 0.0076158329852470674 -0.0064684907621792029 0.0046042841286856187
v 0.0074675151066656807 -0.0068007404666226437 0.0046042841286856187
v 0.0074449079406650074 -0.0060722574017649149 0.0051416292601554276
v 0.0073573690950481897 -0.0067426774484223009 0.0048778837791680109
v 0.0073145633413797713 -0.0057594513161644883 0.0053908943791976926
v 0.007354773085709615 -0.0063718354701542933 0.0051416292601554276
v 0.0071676781360696211 -0.0070500347704201402 0.0048778837791680109
v 0.0072689610033389159 -0.0071224587909898655 0.0046042841286856187
v 0.0070208664094520172 -0.0074226688529961549 0.0046042841286856187
v 0.0027297880664668038 -0.0073836514552472676 0.0029541108427635666
v 0.0072677685216001996 -0.006030795986380664 0.0053908943791976926
v 0.0072212573182341136 -0.0066709266836112932 0.0051416292601554276
v 0.0069306580964769117 -0.00733684392521897 0.00487788377916801
v 0.0071081171049067818 -0.005736309695102527 0.0056213203435596425
v 0.0071841641521402854 -0.0063086689082831647 0.0053908943791976917
v 0.0070425188967798433 -0.0069605375477880711 0.0051416292601554276
v 0.0066499990489557849 -0.0075925915582240808 0.0048778837791680109
v 0.0067270938131133752 -0.007690366070737616 0.0046042841286856187
v 0.0070654961239922836 -0.0059834519229177317 0.0056213203435596425
v 0.0070603219208716988 -0.0065860902490558161 0.0053908943791976926
v 0.00681918412132217 -0.0072307866722767502 0.0051416292601554276
v 0.0063324260102446293 -0.007807829547069987 0.0048778837791680109
v 0.0063946824515936458 -0.0079156608665849129 0.0046042841286856187
v 0.006879125327045009 -0.0057106408282822018 0.0058290595627245303
v 0.0069893488014487895 -0.0062365401185096887 0.0056213203435596425
v 0.0068945335249027892 -0.0068547181144939275 0.0053908943791976917
v 0.0065547300039994118 -0.0074717677314697908 0.0051416292601554276
v 0.0059872379246890262 -0.0079752368717279139 0.0048778837791680109
v 0.0060333657542895923 -0.008090890152243924 0.0046042841286856187
v 0.0068411340007977529 -0.0059309375179627394 0.0058290595627245312
v 0.0068765526116104534 -0.0064892170115085895 0.0056213203435596425
v 0.0066873798872800162 -0.0071053870445227383 0.0053908943791976917
v 0.0062554932668279772 -0.0076745781267066847 0.0051416292601554276
v 0.0056254244537882955 -0.0080904209201805976 0.00487788377916801
v 0.0056546468650337531 -0.008211456074738166 0.0046042841286856187
v 0.0066314116506523855 -0.0056828733275087282 0.0060109865336559539
v 0.0067732580929342409 -0.0061565343015598213 0.0058290595627245303
v 0.006725551622746277 -0.0067338847584915273 0.0056213203435596425
v 0.0064420861023087115 -0.0073289084504825951 0.0053908943791976917
v 0.0059302359438155481 -0.0078323195452242676 0.0051416292601554276
v 0.0052585304198982117 -0.008152281718274465 0.0048778837791680109
v 0.0052706100279211552 -0.0082762072645826603 0.0046042841286856187
v 0.0048927167344927965 -0.0082873009999056696 0.0046042841286856187
v 0.0065984284901513379 -0.0058741296428659077 0.0060109865336559539
v 0.006672714258521035 -0.0063817644598314497 0.0058290595627245295
v 0.006536874942783006 -0.0069621954076817937 0.0056213203435596416
v 0.0061645297813622659 -0.0075170247482465183 0.0053908943791976917
v 0.0055893131660621122 -0.0079408529993646483 0.0051416292601554276
v 0.0048975056915196444 -0.0081628802466192155 0.0048778837791680109
v 0.0063693077390487079 -0.0056534927512152788 0.006164852020489258
v 0.0065395002508830853 -0.0060699873729560799 0.0060109865336559539
v 0.0065381155771085699 -0.0065998554562929591 0.0058290595627245295
v 0.0063134600054682759 -0.0071657799416595452 0.0056213203435596425
v 0.0058628381281596057 -0.007663337424285128 0.0053908943791976917
v 0.0052436031711755784 -0.0079991420262151471 0.0051416292601554276
v 0.0045517645218992727 -0.0081268843231626139 0.0048778837791680109
v 0.0045308211107542122 -0.0082496231983708469 0.0046042841286856187
v 0.0063416236797162202 -0.00581402167269 0.006164852020489258
v 0.0064522104993682628 -0.0062655268077102429 0.0060109865336559539
v 0.0063699336828881232 -0.0068033661257566906 0.0058290595627245303
v 0.0060606601717798211 -0.0073371173070873822 0.0056213203435596425
v 0.005546616019823104 -0.0077640073704807848 0.0053908943791976917
v 0.0049034235948593871 -0.0080091286077384818 0.0051416292601554276
v 0.0042285954677531105 -0.0080507589730773547 0.0048778837791680109
v 0.0041925522648668372 -0.008169940957804378 0.0046042841286856187
v 0.0038830966259021842 -0.0080559897136064443 0.0046042841286856187
v 0.0060974109909552104 -0.0056230144454836907 0.006289364903187291
v 0.0062921628988971898 -0.0059784127418954572 0.006164852020489258
v 0.0063353551444547884 -0.0064548681929861261 0.0060109865336559539
v 0.0025039171417117726 -0.003927875516197471 0.0029541108427635666
v 0.0061707869342700738 -0.0069848365256229084 0.0058290595627245303
v 0.0057858777438575884 -0.0074703797024201464 0.0056213203435596425
v 0.005225953539667305 -0.007818073218134056 0.0053908943791976917
v 0.0045776451222191593 -0.0079752110474495437 0.0051416292601554276
v 0.0039329534440779527 -0.0079418943340367077 0.0048778837791680109
v 0.006075224020035996 -0.0057516679232730806 0.006289364903187291
v 0.0062188971892640091 -0.0061425366533503084 0.006164852020489258
v 0.0061893436476636267 -0.0066315512871985231 0.0060109865336559539
v 0.0059454471895988457 -0.0071375625682584048 0.0058290595627245303
v 0.0054978608969578754 -0.0075620704467307346 0.0056213203435596416
v 0.0049104207860490561 -0.007827336247976751 0.0053908943791976926
v 0.0042731354770995924 -0.0079034810874126522 0.0051416292601554276
v 0.0036675739897553718 -0.0078078295470699836 0.00487788377916801
v 0.0036053175484063553 -0.0079156608665849129 0.0046042841286856187
v 0.0060355844248272958 -0.005883416660986544 0.006289364903187291
v 0.0061208159099202476 -0.0063014582989550762 0.006164852020489258
v 0.0060164492051221433 -0.0067890995466623281 0.0060109865336559539
v 0.0057005126845214244 -0.0072563494903082407 0.0058290595627245303
v 0.0052057997348229504 -0.0076113139200854989 0.0056213203435596425
v 0.0046082457417537083 -0.0077958760959303689 0.0053908943791976917
v 0.0039945634834116202 -0.0078009021672622615 0.0051416292601554276
v 0.003418780751327951 -0.0076450365914675373 0.00487788377916801
v 0.0033448996632540143 -0.0077452615523444842 0.0046042841286856187
v 0.0059768667292218929 -0.0060149512891587665 0.006289364903187291
v 0.0022686567164179102 -0.0042591277796521464 0.0035000000000000001
v 0.0059982627379686609 -0.0064497553447481247 0.006164852020489258
v 0.0058208146300777136 -0.0069216926428904519 0.0060109865336559539
v 0.0054437813338933357 -0.0073380804337594349 0.0058290595627245303
v 0.0049184107560169363 -0.0076197507389469798 0.0056213203435596425
v 0.004325798547632374 -0.0077293431427987846 0.0053908943791976926
v 0.0037445067331720238 -0.0076745781267066847 0.0051416292601554276
v 0.0031766801965073502 -0.0074434354080589347 0.00487788377916801
v 0.0030914871715034325 -0.0075342407297557144 0.0046042841286856187
v 0.0055424915068801915 -0.0055608106647814671 0.0064499161052497238
v 0.0058982609703487491 -0.0061423166399954742 0.006289364903187291
v 0.0058531456560133536 -0.0065819917737764263 0.006164852020489258
v 0.005608168352855508 -0.0070248206066234374 0.0060109865336559539
v 0.005183444977086343 -0.0073819748918790623 0.0058290595627245295
v 0.0046431880528113962 -0.0075910966582976233 0.0056213203435596425
v 0.0040674097601538714 -0.0076341963103853201 0.0053908943791976917
v 0.003510078529822401 -0.0075211846488892021 0.0051416292601554276
v 0.0029491691823884517 -0.0072016254724939976 0.0048778837791680109
v 0.0028533459039987216 -0.0072811324361916419 0.0046042841286856187
v 0.0026397681588415244 -0.0069865605332830238 0.0046042841286856187
v 0.0068765526116104526 -0.0045107829884914108 0.0013786796564403576
v 0.0055315236530986333 -0.0056244089152150583 0.0064499161052497238
v 0.0058000425830273365 -0.0062611670658994003 0.006289364903187291
v 0.0056889418895840057 -0.0066932823562220033 0.006164852020489258
v 0.0053852803365670903 -0.0070957774563056098 0.0060109865336559539
v 0.0049272732931077813 -0.007389495271067391 0.0058290595627245303
v 0.0043859335847590518 -0.0075304980762544759 0.0056213203435596425
v 0.0038354702186377361 -0.0075170247482465201 0.0053908943791976917
v 0.0032819565822354005 -0.0073312236856477352 0.0051416292601554276
v 0.0027451252134321671 -0.0069202027981969142 0.00487788377916801
v 0.0055119283110489142 -0.0056895372689866296 0.0064499161052497238
v 0.0021704886337400617 -0.0046658114983904944 0.0040458891572364344
v 0.0056837406910773642 -0.0063671459532466269 0.006289364903187291
v 0.0055104595347694966 -0.0067798416981241175 0.006164852020489258
v 0.0051592625401643329 -0.0071338855746651483 0.0060109865336559539
v 0.0046819463371395587 -0.0073639537067273098 0.0058290595627245303
v 0.004150591646665952 -0.0074438378145530405 0.0056213203435596425
v 0.0036180268984663576 -0.0073747449942208297 0.0053908943791976917
v 0.0030675817920712252 -0.007103375577295251 0.0051416292601554276
v 0.0025737914440321689 -0.0066022469478543219 0.00487788377916801
v 0.0024604289687399305 -0.0066537484735927953 0.0046042841286856187
v 0.0070603219208716988 -0.004413909750944185 0.0016091056208023084
v 0.0069893488014487878 -0.004763459881490315 0.0013786796564403576
v 0.0054829019467860758 -0.0057545597803631242 0.0064499161052497238
v 0.0055521420643428092 -0.0064563381084377092 0.006289364903187291
v 0.0053233808869475943 -0.0068393985631063289 0.006164852020489258
v 0.004936860413070945 -0.0071404145879505236 0.0060109865336559539
v 0.0044526358376006684 -0.0073099375754435026 0.0058290595627245312
v 0.0039393398282201791 -0.0073371173070873839 0.0056213203435596416
v 0.0034064329307674276 -0.0071985471564181194 0.0053908943791976917
v 0.0028753190869065018 -0.0068382019241271927 0.0051416292601554276
v 0.0070425188967798424 -0.0040394624522119308 0.0018583707398445724
v 0.002443917449734794 -0.0062535769949616264 0.00487788377916801
v 0.0023244867255142322 -0.0062887872217420107 0.0046042841286856187
v 0.0022395404325970341 -0.0059005240815063051 0.0046042841286856187
v 0.0071841641521402837 -0.0046913310917168346 0.0016091056208023084
v 0.0071081171049067809 -0.005263690304897475 0.0013786796564403576
v 0.0054440441652147111 -0.005817521261220527 0.006449916105249723
v 0.0054091000787617697 -0.0065257097846974383 0.006289364903187291
v 0.0051336752920088371 -0.0068713842004342442 0.006164852020489258
v 0.0047238734193747788 -0.0071182400128753064 0.0060109865336559539
v 0.0042428576448440775 -0.0072326906842568196 0.0058290595627245295
v 0.0037412912484272661 -0.0072075281194505132 0.0056213203435596416
v 0.0032075901061060083 -0.0069872071876472021 0.0053908943791976917
v 0.0027138779320445808 -0.0065386044784270731 0.0051416292601554276
v 0.0072212573182341127 -0.0043290733163887105 0.0018583707398445726
v 0.0023627630263551905 -0.0058826453135038311 0.0048778837791680109
v 0.0022106350968127096 -0.0054999999999999962 0.0046042841286856187
v 0.0072677685216001996 -0.0049692040136193414 0.0016091056208023084
v 0.0070654961239922836 -0.0050165480770822711 0.0013786796564403572
v 0.0053954911241202736 -0.0058762734945892242 0.0064499161052497238
v 0.0052591687240792781 -0.006573440733960695 0.006289364903187291
v 0.0049470044700319999 -0.0068768642571792353 0.006164852020489258
v 0.0045247915299550081 -0.0070713445000368169 0.0060109865336559539
v 0.0040545528104011554 -0.0071375625682584083 0.0058290595627245295
v 0.0035485702912486663 -0.0070470461533367421 0.0056213203435596416
v 0.0030292572930792458 -0.0067412459989209346 0.0053908943791976917
v 0.0071676781360696202 -0.0039499652295798618 0.0021221162208319901
v 0.0025915027126157185 -0.0062100663270878978 0.0051416292601554276
v 0.007354773085709615 -0.0046281645298457087 0.0018583707398445726
v 0.0023351479795107426 -0.0054999999999999979 0.00487788377916801
v 0.0073145633413797713 -0.0052405486838355128 0.0016091056208023082
v 0.0023244867255142318 -0.0047112127782579843 0.0046042841286856187
v 0.0022395404325970336 -0.00509947591849369 0.0046042841286856187
v 0.0053379987268899164 -0.0059286628425803886 0.0064499161052497238
v 0.0051071320423351722 -0.0065990751395478145 0.006289364903187291
v 0.0047682361385270391 -0.0068582522672204381 0.006164852020489258
v 0.0043426671219709599 -0.0070042805972492343 0.0060109865336559539
v 0.0038780170281109134 -0.0070220498559746183 0.0058290595627245303
v 0.0033674631457398145 -0.0068545565397879326 0.0056213203435596425
v 0.002879512935429907 -0.0064633551036401274 0.0053908943791976917
v 0.0073573690950481888 -0.0042573225515776993 0.0021221162208319901
v 0.0025150340521850412 -0.0058605518137544747 0.0051416292601554276
v 0.0074449079406650074 -0.0049277425982350844 0.0018583707398445721
v 0.0023627630263551905 -0.0051173546864961656 0.00487788377916801
v 0.0052729445786182175 -0.0059727538778172294 0.0064499161052497238
v 0.004957527533512091 -0.0066034670481973558 0.006289364903187291
v 0.0046011389060303127 -0.0068188910252980029 0.006164852020489258
v 0.0041791853699222866 -0.0069216926428904519 0.0060109865336559539
v 0.0037062301616015798 -0.0068790000574807646 0.0058290595627245295
v 0.003205036632372611 -0.0066305337274383917 0.0056213203435596425
v 0.0072689610033389142 -0.0038775412090101343 0.0023957158713143823
v 0.0027660040928968806 -0.0061586203259580453 0.0053908943791976917
v 0.0074990662957122763 -0.0045747411493313895 0.0021221162208319901
v 0.0024890134663440467 -0.0054999999999999997 0.0051416292601554276
v 0.0074953579867659782 -0.0052202824816269438 0.0018583707398445724
v 0.0024439174497347931 -0.0047464230050383695 0.00487788377916801
v 0.0052022335478881087 -0.0060070469052236602 0.0064499161052497238
v 0.0048142563562349073 -0.0065885507501572075 0.006289364903187291
v 0.0044482747523248416 -0.0067626016632224527 0.006164852020489258
v 0.0040259212273766548 -0.0068214072697405058 0.0060109865336559539
v 0.003544795569926202 -0.0067074194051674873 0.0058290595627245295
v 0.0030686486424307746 -0.0063774291615939747 0.0056213203435596416
v 0.0074675151066656799 -0.0041992595333773565 0.0023957158713143818
v 0.0026950757695316839 -0.0058344289738025308 0.0053908943791976917
v 0.0075947243357395409 -0.0048926764349815849 0.0021221162208319901
v 0.0025150340521850412 -0.0051394481862455238 0.0051416292601554276
v 0.0051281168430248767 -0.0060306421077540315 0.0064499161052497238
v 0.0046803388048541625 -0.0065570052777469403 0.006289364903187291
v 0.0043110581104159953 -0.0066932823562220051 0.006164852020489258
v 0.0038767799798936553 -0.0066972148571709088 0.0060109865336559539
v 0.0068265024589499552 -0.0031835601032054709 0.0029541108427635666
v 0.0034000124483711848 -0.0065077308112359428 0.0058290595627245295
v 0.0029652641602591194 -0.0060998750390489406 0.0056213203435596416
v 0.0076158329852470674 -0.0045315092378207973 0.0023957158713143814
v 0.0026709404372754712 -0.0054999999999999997 0.0053908943791976917
v 0.0076482658045940967 -0.0052031422574308353 0.0021221162208319901
v 0.0025915027126157176 -0.0047899336729121042 0.0051416292601554276
v 0.0050529593958512963 -0.0060433141580884565 0.006449916105249723
v 0.0045578281393437257 -0.0065118930193013118 0.006289364903187291
v 0.0041824175086264508 -0.0066091089120071745 0.006164852020489258
v 0.0037366263297421371 -0.006548252639919227 0.0060109865336559539
v 0.0032784394458050875 -0.0062821194355861055 0.0058290595627245295
v 0.0029006622506741369 -0.0058045997607606009 0.0056213203435596416
v 0.0077159605636297306 -0.004864299771951343 0.0023957158713143818
v 0.0026950757695316839 -0.0051655710261974694 0.0053908943791976917
v 0.0049790042631832135 -0.0060454852436352628 0.006449916105249723
v 0.0044478579356571919 -0.0064563381084377074 0.006289364903187291
v 0.0040572374142534666 -0.0065048693526080026 0.006164852020489258
v 0.003610929087560793 -0.0063748877802402805 0.0060109865336559539
v 0.0031862849832185419 -0.006034714308002744 0.0058290595627245295
v 0.0028786796564403581 -0.0054999999999999979 0.0056213203435596416
v 0.0077720037108438018 -0.0051892718387380439 0.0023957158713143818
v 0.0027660040928968806 -0.0048413796740419532 0.0053908943791976917
v 0.0049081799343818899 -0.0060381115567781354 0.0064499161052497238
v 0.0043447608697010651 -0.0063888785738176225 0.006289364903187291
v 0.0039396009625757714 -0.0063798395253249806 0.006164852020489258
v 0.0035053823153808807 -0.006179017381679021 0.0060109865336559539
v 0.003128700381208503 -0.005771512964685332 0.0058290595627245295
v 0.0029006622506741369 -0.0051954002392393958 0.0056213203435596416
v 0.0048419794544841905 -0.0060225174439032525 0.0064499161052497238
v 0.0042444371751098409 -0.0063053373544738577 0.006289364903187291
v 0.0068575129533678713 -0.0031442314145760084 0.0034999999999999996
v 0.0038340983407039921 -0.0062343276038289248 0.006164852020489258
v 0.0034253760157692847 -0.0059642261691070873 0.0060109865336559539
v 0.0031091056208023098 -0.0054999999999999997 0.0058290595627245295
v 0.0029652641602591194 -0.0049001249609510571 0.0056213203435596416
v 0.0047814178270816762 -0.0060002167586862797 0.0064499161052497238
v 0.0041501592189377963 -0.0062051340891706615 0.006289364903187291
v 0.0071734693877550989 -0.0034321434236167471 0.0034999999999999996
v 0.0037455087980709169 -0.0060699259014791668 0.006164852020489258
v 0.0033753824420223494 -0.0057357210599611099 0.0060109865336559539
v 0.003128700381208503 -0.0052284870353146683 0.0058290595627245295
v 0.0047270554213817836 -0.0059727538778172294 0.006449916105249723
v 0.0040656057372660155 -0.0060885157590385899 0.006289364903187291
v 0.0036783563750837464 -0.0058896432183582039 0.006164852020489258
v 0.003358370739844573 -0.0054999999999999997 0.0060109865336559539
v 0.0079315556315655966 -0.0051713868428566326 0.0029541108427635662
v 0.0031862849832185415 -0.0049652856919972536 0.0058290595627245295
v 0.0046760906660381326 -0.0059394060939048114 0.006449916105249723
v 0.00399460698731608 -0.0059567584995523382 0.006289364903187291
v 0.0036363948092171506 -0.00569784992434769 0.006164852020489258
v 0.0033753824420223494 -0.0052642789400388886 0.0060109865336559539
v 0.0046264968924171774 -0.0058981085286881922 0.0064499161052497238
v 0.0039407886928933874 -0.0058122736680612892 0.006289364903187291
v 0.0036221162208319902 -0.0054999999999999979 0.006164852020489258
v 0.0034253760157692843 -0.0050357738308929121 0.0060109865336559539
v 0.0045798917545691962 -0.0058485742877915038 0.0064499161052497238
v 0.0071371841170686746 -0.0034666655273268318 0.0040458891572364344
v 0.0039071592301608655 -0.0056585638314508094 0.006289364903187291
v 0.003636394809217151 -0.0053021500756523067 0.006164852020489258
v 0.0035053823153808794 -0.0048209826183209775 0.0060109865336559539
v 0.0045380937900307101 -0.00579092546327214 0.006449916105249723
v 0.0038957158713143823 -0.0054999999999999962 0.006289364903187291
v 0.0079813278008298762 -0.0051658076242657586 0.0035000000000000001
v 0.0036783563750837456 -0.0051103567816417911 0.006164852020489258
v 0.0045029964389339937 -0.0057257928968679293 0.0064499161052497238
v 0.0039071592301608655 -0.0053414361685491848 0.006289364903187291
v 0.003745508798070916 -0.0049300740985208317 0.006164852020489258
v 0.0044763920328548491 -0.0056543686131648096 0.006449916105249723
v 0.0039407886928933874 -0.0051877263319387041 0.006289364903187291
v 0.0038340983407039913 -0.0047656723961710728 0.006164852020489258
v 0.0070208664094520137 -0.0035773311470038431 0.0046042841286856187
v 0.0044597677252219753 -0.0055783840626432695 0.006449916105249723
v 0.0039946069873160791 -0.0050432415004476585 0.006289364903187291
v 0.0072689610033389151 -0.0038775412090101325 0.0046042841286856187
v 0.0044541108427635662 -0.0054999999999999979 0.006449916105249723
v 0.0079315556315655966 -0.0051713868428566326 0.0040458891572364344
v 0.0040656057372660155 -0.0049114842409614069 0.006289364903187291
v 0.0069306580964769091 -0.0036631560747810319 0.00487788377916801
v 0.0044597677252219753 -0.0054216159373567281 0.006449916105249723
v 0.0041501592189377963 -0.0047948659108293353 0.006289364903187291
v 0.0071676781360696202 -0.0039499652295798618 0.00487788377916801
v 0.0044763920328548491 -0.0053456313868351889 0.006449916105249723
v 0.00424443717510984 -0.0046946626455261365 0.006289364903187291
v 0.0068191841213221683 -0.0037692133277232517 0.0051416292601554276
v 0.0073573690950481888 -0.0042573225515776993 0.00487788377916801
v 0.0074675151066656799 -0.0041992595333773548 0.0046042841286856187
v 0.0076158329852470674 -0.0045315092378207956 0.0046042841286856187
v 0.0045029964389339929 -0.0052742071031320684 0.006449916105249723
v 0.0070425188967798424 -0.0040394624522119308 0.0051416292601554276
v 0.0074990662957122771 -0.0045747411493313895 0.00487788377916801
v 0.0077720037108438018 -0.0051892718387380422 0.0046042841286856187
v 0.0045380937900307101 -0.0052090745367278576 0.006449916105249723
v 0.0066873798872800136 -0.0038946129554772602 0.0053908943791976917
v 0.0072212573182341127 -0.0043290733163887105 0.0051416292601554276
v 0.0075947243357395409 -0.0048926764349815849 0.00487788377916801
v 0.0077159605636297306 -0.004864299771951343 0.0046042841286856187
v 0.0045798917545691962 -0.005151425712208493 0.006449916105249723
v 0.0068945335249027892 -0.004145281885506071 0.0053908943791976917
v 0.007354773085709615 -0.0046281645298457087 0.0051416292601554276
v 0.0076482658045940975 -0.0052031422574308353 0.00487788377916801
v 0.0046264968924171774 -0.0051018914713118037 0.0064499161052497238
v 0.0065368749427830043 -0.0040378045923182048 0.0056213203435596416
v 0.0070603219208716988 -0.004413909750944185 0.0053908943791976926
v 0.0074449079406650074 -0.0049277425982350844 0.0051416292601554276
v 0.0046760906660381326 -0.0050605939060951871 0.006449916105249723
v 0.006170786934270072 -0.0040151634743770953 0.0058290595627245295
v 0.0067255516227462753 -0.0042661152415084764 0.0056213203435596425
v 0.0071841641521402846 -0.0046913310917168346 0.0053908943791976917
v 0.0074953579867659791 -0.0052202824816269438 0.0051416292601554276
v 0.0047270554213817827 -0.0050272461221827726 0.0064499161052497238
v 0.0063699336828881214 -0.0041966338742433105 0.0058290595627245295
v 0.0068765526116104526 -0.0045107829884914108 0.0056213203435596416
v 0.0072677685216001996 -0.0049692040136193414 0.0053908943791976917
v 0.0047814178270816762 -0.0049997832413137197 0.006449916105249723
v 0.0060164492051221416 -0.0042109004533376721 0.0060109865336559539
v 0.006538115577108569 -0.0044001445437070429 0.0058290595627245295
v 0.0069893488014487887 -0.004763459881490315 0.0056213203435596416
v 0.0073145633413797722 -0.0052405486838355128 0.0053908943791976917
v 0.0048419794544841905 -0.0049774825560967477 0.0064499161052497238
v 0.0052591687240792773 -0.004426559266039307 0.006289364903187291
v 0.005688941889584004 -0.0043067176437779969 0.006164852020489258
v 0.0061893436476636249 -0.0043684487128014772 0.0060109865336559539
v 0.006672714258521035 -0.004618235540168554 0.0058290595627245303
v 0.0070654961239922844 -0.0050165480770822711 0.0056213203435596425
v 0.0049081799343818899 -0.0049618884432218648 0.0064499161052497238
v 0.0054091000787617688 -0.0044742902153025611 0.006289364903187291
v 0.0058531456560133527 -0.0044180082262235722 0.006164852020489258
v 0.0063353551444547875 -0.0045451318070138776 0.0060109865336559539
v 0.00677325809293424 -0.0048434656984401789 0.0058290595627245295
v 0.0071081171049067818 -0.005263690304897475 0.0056213203435596416
v 0.0049790042631832135 -0.0049545147563647357 0.0064499161052497238
v 0.0055521420643428084 -0.0045436618915622928 0.006289364903187291
v 0.0059982627379686591 -0.0045502446552518755 0.006164852020489258
v 0.0064522104993682619 -0.0047344731922897574 0.0060109865336559539
v 0.0068411340007977529 -0.0050690624820372661 0.0058290595627245295
v 0.0050529593958512954 -0.0049566858419115437 0.006449916105249723
v 0.0056837406910773634 -0.0046328540467533742 0.006289364903187291
v 0.0061208159099202467 -0.004698541701044924 0.006164852020489258
v 0.0065395002508830853 -0.0049300126270439204 0.0060109865336559539
v 0.0068791253270450098 -0.0052893591717178019 0.0058290595627245303
v 0.0051281168430248767 -0.0049693578922459661 0.006449916105249723
v 0.0058000425830273339 -0.0047388329341005999 0.006289364903187291
v 0.0062188971892640091 -0.0048574633466496892 0.006164852020489258
v 0.0065984284901513387 -0.0051258703571340934 0.0060109865336559539
v 0.0052022335478881087 -0.0049929530947763418 0.0064499161052497238
v 0.0058982609703487491 -0.0048576833600045251 0.006289364903187291
v 0.0062921628988971889 -0.0050215872581045439 0.006164852020489258
v 0.0066314116506523864 -0.0053171266724912711 0.0060109865336559539
v 0.0052729445786182175 -0.0050272461221827726 0.0064499161052497238
v 0.0059768667292218929 -0.0049850487108412354 0.006289364903187291
v 0.006341623679716221 -0.0051859783273100002 0.006164852020489258
v 0.0053379987268899164 -0.0050713371574196116 0.0064499161052497238
v 0.0060355844248272967 -0.0051165833390134563 0.006289364903187291
v 0.0063693077390487079 -0.0053465072487847232 0.006164852020489258
v 0.0053954911241202736 -0.0051237265054107795 0.0064499161052497238
v 0.0060752240200359969 -0.0052483320767269196 0.006289364903187291
v 0.0054440441652147111 -0.005182478738779475 0.006449916105249723
v 0.0060974109909552104 -0.005376985554516313 0.006289364903187291
v 0.0054829019467860758 -0.0052454402196368778 0.0064499161052497238
v 0.0055119283110489142 -0.0053104627310133698 0.006449916105249723
v 0.0055315236530986342 -0.0053755910847849402 0.0064499161052497238
v 0.0055424915068801915 -0.0054391893352185331 0.0064499161052497238
v 0.0059240305167138621 -0.0056380615530282497 0.00064919193705417256
v 0.0058853996362030082 -0.0057100909502302228 0.00064134135006591953
v 0.0059519997915609369 -0.0057258940851678359 0.00066404015205537227
v 0.005915243743580898 -0.0058062802595104032 0.00065948573450681986
v 0.0069534935825723183 -0.0057189771487589219 0.0012337449765813689
v 0.0068911450071547885 -0.0058245410613685066 0.0011938682471724826
v 0.0068218495164768314 -0.0059264237738219806 0.0011549995512937414
v 0.0066822977721736239 -0.0060047436514298691 0.0010679004847496678
v 0.0067405760566252347 -0.0060222290185151335 0.0011130203512967132
v 0.0066471177911064426 -0.0061098318867849775 0.0010679004847496682
v 0.0069374068127740071 -0.0058324800906019497 0.0012337449765813693
v 0.0068682958496865286 -0.0059372950453009639 0.0011938682471724831
v 0.0067921620042149036 -0.0060377064684526884 0.0011549995512937414
v 0.0052906196362022288 -0.0069373835556570656 0.00088285102812615389
v 0.0054759277258047438 -0.0068559695112850143 0.00086659166017197405
v 0.0053781503817309038 -0.0068864208612542457 0.00086659166017197405
v 0.0051044019623087099 -0.0069988169369569579 0.00090333906338215723
v 0.0052075369448577307 -0.0069880458315394944 0.00090333906338215723
v 0.0050246546306489028 -0.0070439508788180498 0.00092791760766017988
v 0.0047760152839123942 -0.0071243588945078323 0.00098777209855625521
v 0.0048824497710050563 -0.0071355099861727493 0.00098777209855625521
v 0.0049507014051262607 -0.0070895864515941494 0.00095622631481261826
v 0.0078027538755267483 -0.0058141751054680809 0.002477324725866556
v 0.0047114674219320861 -0.0071662483407112327 0.0010220239269777961
v 0.0078220883853829908 -0.005816342410177317 0.0025326610601192419
v 0.0046070565285817955 -0.0071447583438910608 0.0010220239269777965
v 0.0045458843101162816 -0.0071831087100119057 0.0010584996394668491
v 0.0079019596159288497 -0.0058252955874433321 0.0028123858870645691
v 0.004386299981687213 -0.0071875980611014805 0.0010967969141811164
v 0.0044887704455384737 -0.0072214119991901027 0.0010967969141811164
v 0.0079144019577390631 -0.0058266903135677471 0.0028679124524658619
v 0.0078722867340589413 -0.0061722900753102897 0.0029541108427635666
v 0.0077625350266465375 -0.0063288497075942038 0.0026745253554638928
v 0.0077663959788862608 -0.0065242354787907022 0.0029541108427635666
v 0.0043381023494855455 -0.007218751628673502 0.0011319239160923003
v 0.0042983444283735944 -0.0072464622053850878 0.001163860187410207
v 0.0079451208534707194 -0.0058301337526761986 0.0030338724811858589
v 0.0076345049189895505 -0.0066738719875045335 0.0026745253554638928
v 0.0076095411700286015 -0.0068756089233272116 0.0029541108427635666
v 0.0041990987273181077 -0.0072032345485720534 0.0011638601874102074
v 0.0079532014325182799 -0.0058310395463659981 0.0030888867337171256
v 0.0041607621951023372 -0.0072290529140716002 0.0011965122255216856
v 0.0074552740835461947 -0.0070133475429967757 0.0026745253554638928
v 0.0073995586229270134 -0.0072158448190755209 0.0029541108427635666
v 0.0040661809206956022 -0.0071798589226348816 0.001196512225521686
v 0.0040290242540231055 -0.0072039147047115613 0.0012297839794873449
v 0.0072240685861211969 -0.0073363307260558624 0.0026745253554638928
v 0.0071371841170686772 -0.0075333344726731697 0.0029541108427635666
v 0.0079781870010217568 -0.0058338403073205352 0.0033623307000338995
v 0.0079801517328534979 -0.0058340605442224781 0.0034157432378733093
v 0.0079210526315789467 -0.006183704266145609 0.0035000000000000001
v 0.0078618299370659152 -0.0063586413868572172 0.0032304366863068865
v 0.007813364055299539 -0.0065416250248282867 0.0035000000000000001
v 0.0069432137243664515 -0.0076313169714197467 0.0026745253554638928
v 0.0068265024589499587 -0.0078164398967945289 0.0029541108427635666
v 0.0077291979916229237 -0.0067160649417001483 0.0032304366863068865
v 0.0076538461538461534 -0.0068989641138056312 0.0035000000000000001
v 0.0066183757495098987 -0.0078873524131611288 0.0026745253554638928
v 0.0064749580526248622 -0.0080547022861791103 0.0029541108427635666
v 0.0079786166966573785 -0.0058338884741156371 0.0036279103641094742
v 0.0075435249899887041 -0.0070677424039725864 0.0032304366863068865
v 0.0074402985074626862 -0.0072449765598641682 0.0035000000000000001
v 0.0062583199628286701 -0.0080952307185248196 0.0026745253554638928
v 0.0060928445674888875 -0.0082400174779226724 0.0029541108427635666
v 0.0073040091801391243 -0.0074023347018191679 0.0032304366863068869
v 0.0071734693877551015 -0.0075678565763832497 0.0035000000000000001
v 0.0058741677785831888 -0.0082485309359937933 0.0026745253554638928
v 0.0056923272491912619 -0.0083675229742826741 0.0029541108427635666
v 0.0079545598904980138 -0.0058311918229118562 0.0039011082520924788
v 0.0079466727837066656 -0.0058303077165229042 0.0039560880596637461
v 0.0078722867340589413 -0.0061722900753102897 0.0040458891572364344
v 0.0078618299370659152 -0.0063586413868572189 0.0037695633136931145
v 0.0077663959788862608 -0.0065242354787907022 0.0040458891572364344
v 0.0070130594388372281 -0.0077079237567495686 0.0032304366863068869
v 0.0068575129533678747 -0.0078557685854239914 0.0035000000000000001
v 0.0054782747654537013 -0.0083442652583678289 0.0026745253554638928
v 0.0052861858908078091 -0.0084360011348625571 0.0029541108427635666
v 0.0077291979916229237 -0.00671606494170015 0.0037695633136931145
v 0.0076095411700286015 -0.0068756089233272116 0.0040458891572364344
v 0.006676545681663682 -0.0079731619836164464 0.0032304366863068869
v 0.0064999999999999997 -0.008098076211353316 0.0035000000000000001
v 0.0079043103020650079 -0.0058255590879494595 0.0041774901841152958
v 0.0050829603752168733 -0.0083830035011029508 0.0026745253554638928
v 0.0048865416882596267 -0.0084477334071297403 0.0029541108427635666
v 0.0075435249899887041 -0.0070677424039725881 0.0037695633136931145
v 0.0073995586229270134 -0.0072158448190755209 0.0040458891572364344
v 0.0063035482646539177 -0.0081885121427340696 0.0032304366863068869
v 0.0061113989637305707 -0.0082865376981872373 0.0035000000000000001
v 0.0046993505024750812 -0.0083684841799922822 0.0026745253554638928
v 0.0045038159546469357 -0.0084078869340379718 0.0029541108427635666
v 0.0073040091801391252 -0.0074023347018191696 0.0037695633136931145
v 0.0071371841170686772 -0.0075333344726731697 0.0040458891572364344
v 0.0059055883435456874 -0.0083473224917358681 0.0032304366863068869
v 0.0057040816326530616 -0.008416207992335353 0.0035000000000000001
v 0.0078254869071482311 -0.0058167233679714894 0.0044572408504209961
v 0.0043365373893726172 -0.0083068503657173255 0.0026745253554638928
v 0.0041460769169013962 -0.0083236183163032263 0.0029541108427635666
v 0.0078063639503512458 -0.0058145797773333603 0.0045126010773556572
v 0.0077625350266465375 -0.0063288497075942056 0.0043254746445361087
v 0.0070130594388372281 -0.0077079237567495703 0.0037695633136931145
v 0.0068265024589499587 -0.0078164398967945289 0.0040458891572364344
v 0.0054954655882065336 -0.0084464978314626217 0.0032304366863068869
v 0.0052910447761194039 -0.0084858487802120207 0.0035000000000000001
v 0.0040011506021397272 -0.0082057145990703014 0.0026745253554638928
v 0.0038188095263211696 -0.0082031082281148245 0.0029541108427635666
v 0.0076345049189895505 -0.0066738719875045335 0.0043254746445361087
v 0.0066765456816636828 -0.0079731619836164482 0.0037695633136931145
v 0.0064749580526248622 -0.0080547022861791103 0.0040458891572364344
v 0.0050859422534359948 -0.0084866284584770701 0.0032304366863068869
v 0.0048846153846153848 -0.0084977802438692112 0.0035000000000000001
v 0.0036973189342994449 -0.0080732496288337952 0.0026745253554638928
v 0.0035250419473751393 -0.0080547022861791086 0.0029541108427635666
v 0.0074552740835461947 -0.0070133475429967757 0.0043254746445361087
v 0.0063035482646539177 -0.0081885121427340713 0.0037695633136931145
v 0.0060928445674888875 -0.0082400174779226724 0.0040458891572364344
v 0.0046885441363525111 -0.0084715872635529946 0.0032304366863068865
v 0.0044953917050691242 -0.0084572572543975544 0.0035000000000000001
v 0.0034228409840013356 -0.0079147797103425628 0.0026745253554638928
v 0.0032496348421132346 -0.0078744950709714531 0.0029541108427635666
v 0.0072240685861211969 -0.0073363307260558624 0.0043254746445361087
v 0.0059055883435456874 -0.0083473224917358698 0.0037695633136931145
v 0.0056923272491912619 -0.0083675229742826741 0.0040458891572364344
v 0.0043126902852260972 -0.0084077381202385115 0.0032304366863068865
v 0.0041315789473684219 -0.0083715579178115611 0.0035000000000000001
v 0.0069432137243664515 -0.0076313169714197467 0.0043254746445361087
v 0.0030813118543115319 -0.0076728339093116438 0.0027270649431291052
v 0.0029816363490396632 -0.0076513282409929337 0.0029541108427635666
v 0.0054954655882065344 -0.0084464978314626234 0.0037695633136931145
v 0.0052861858908078091 -0.0084360011348625571 0.0040458891572364344
v 0.0039652485554592986 -0.0083029671899491966 0.0032304366863068865
v 0.003798755186721992 -0.008249001800394588 0.0035000000000000001
v 0.0066183757495098987 -0.0078873524131611288 0.0043254746445361087
v 0.0050859422534359948 -0.0084866284584770718 0.0037695633136931145
v 0.0048865416882596267 -0.0084477334071297403 0.0040458891572364344
v 0.0036504961434656318 -0.0081657409778726885 0.0032304366863068865
v 0.0035000000000000005 -0.008098076211353316 0.0035000000000000001
v 0.0062583199628286693 -0.0080952307185248196 0.0043254746445361087
v 0.0046885441363525102 -0.0084715872635529963 0.0037695633136931145
v 0.0045038159546469357 -0.0084078869340379718 0.0040458891572364344
v 0.0033661525215202626 -0.0080015751112001814 0.0032304366863068865
v 0.0032199170124481329 -0.0079148094246603417 0.0035000000000000001
v 0.0058741677785831888 -0.0082485309359937933 0.0043254746445361087
v 0.0043126902852260972 -0.0084077381202385133 0.0037695633136931145
v 0.0041460769169013962 -0.0083236183163032263 0.0040458891572364344
v 0.0030899349298000606 -0.0077976046325494916 0.0032304366863068865
v 0.0029473684210526317 -0.0076878536516659501 0.0035000000000000001
v 0.0054782747654537004 -0.0083442652583678289 0.0043254746445361087
v 0.0039652485554592986 -0.0083029671899492001 0.0037695633136931145
v 0.0038188095263211688 -0.0082031082281148245 0.0040458891572364344
v 0.0028254797777079893 -0.0075490967333812957 0.0032304366863068865
v 0.0026912442396313371 -0.0074156322295692639 0.0035000000000000001
v 0.0050829603752168733 -0.0083830035011029473 0.0043254746445361087
v 0.0036504961434656318 -0.0081657409778726903 0.0037695633136931145
v 0.0035250419473751393 -0.0080547022861791086 0.0040458891572364344
v 0.0025822578720245664 -0.0072555223218528494 0.0032304366863068865
v 0.0024615384615384625 -0.0070988161300635788 0.0035000000000000001
v 0.0025039171417117734 -0.0070721244838025275 0.0029541108427635666
v 0.0046993505024750812 -0.0083684841799922804 0.0043254746445361087
v 0.003366152521520263 -0.0080015751112001814 0.0037695633136931145
v 0.0032496348421132346 -0.0078744950709714531 0.0040458891572364344
v 0.0023705327565753014 -0.0069188860545044834 0.0032304366863068869
v 0.0023142554862651786 -0.0067201563157870368 0.0029541108427635666
v 0.0022686567164179111 -0.006740872220347853 0.0035000000000000001
v 0.0043365373893726172 -0.0083068503657173255 0.0043254746445361087
v 0.0030899349298000615 -0.0077976046325494916 0.0037695633136931145
v 0.0029816363490396632 -0.0076513282409929337 0.0040458891572364344
v 0.002200525231654342 -0.0065441631296434544 0.0032304366863068869
v 0.0021224489795918372 -0.0063483514159521021 0.0035000000000000001
v 0.0021704886337400625 -0.0063341885016095049 0.0029541108427635666
v 0.0040011506021397272 -0.0082057145990703014 0.0043254746445361087
v 0.0028254797777079897 -0.0075490967333812957 0.0037695633136931145
v 0.0027297880664668038 -0.0073836514552472676 0.0040458891572364344
v 0.0020813522176170852 -0.0061393987349863009 0.0032304366863068869
v 0.0020806529735611554 -0.0059235775811281415 0.0029541108427635666
v 0.0020310880829015549 -0.0059307691127632421 0.0035000000000000001
v 0.0036973189342994449 -0.0080732496288337934 0.0043254746445361087
v 0.0025822578720245668 -0.0072555223218528494 0.0037695633136931145
v 0.0025039171417117734 -0.0070721244838025275 0.0040458891572364344
v 0.0020199060536824007 -0.0057153501591176228 0.0032304366863068869
v 0.0020000000000000005 -0.0054999999999999979 0.0035000000000000001
v 0.0020500838947502772 -0.0054999999999999979 0.0029541108427635666
v 0.0034228409840013361 -0.0079147797103425628 0.0043254746445361087
v 0.0023705327565753018 -0.0069188860545044834 0.0037695633136931141
v 0.0023142554862651786 -0.0067201563157870386 0.0040458891572364344
v 0.0020199060536824007 -0.0052846498408823774 0.0032304366863068869
v 0.0020310880829015549 -0.0050692308872367546 0.0035000000000000001
v 0.0020806529735611554 -0.005076422418871857 0.0029541108427635666
v 0.0026725316789722843 -0.0038082713716781208 0.0026509149260947975
v 0.0031562071207448285 -0.007717886252636935 0.0043254746445361087
v 0.0022005252316543425 -0.0065441631296434544 0.0037695633136931145
v 0.0021704886337400625 -0.0063341885016095049 0.0040458891572364344
v 0.0020813522176170848 -0.0048606012650137011 0.0032304366863068869
v 0.0029009275839808461 -0.0074780006581231205 0.0043254746445361087
v 0.0022880190069525484 -0.0042772811435431227 0.0031125497562084375
v 0.0023142554862651769 -0.0042798436842129634 0.0029541108427635666
v 0.0021704886337400617 -0.0046658114983904944 0.0029541108427635666
v 0.0020813522176170861 -0.0061393987349863009 0.0037695633136931145
v 0.0020806529735611554 -0.0059235775811281415 0.0040458891572364335
v 0.0026661445785353699 -0.0071946121924877475 0.0043254746445361087
v 0.0020199060536824011 -0.0057153501591176228 0.0037695633136931145
v 0.0020500838947502772 -0.0054999999999999979 0.0040458891572364344
v 0.0064234032548668996 -0.005216111745846041 0.00087448469187709145
v 0.002267110492926023 -0.004267854368640839 0.0033854046892430206
v 0.006480812824633626 -0.0052046617913253639 0.00090770975373176248
v 0.0024617655412369327 -0.0068696559581061739 0.0043254746445361078
v 0.0022539863074348965 -0.0042945222505385667 0.0034210557424611361
v 0.0021224489795918363 -0.0046516485840478964 0.0035000000000000001
v 0.0020199060536824011 -0.0052846498408823774 0.0037695633136931145
v 0.0065289023346010401 -0.0051662529818816555 0.00094049407518782986
v 0.0065793504964416199 -0.0051552405560367836 0.00097278949527591148
v 0.006626181887519747 -0.0051183745467144543 0.0010080340126503908
v 0.0021309680055052764 -0.004636399193303953 0.0036511590594028981
v 0.0022976566484251039 -0.0065079345323119635 0.0043254746445361087
v 0.0066753061875489119 -0.0051068462647861921 0.0010426072111996913
v 0.0067205958787621093 -0.0050715079631039007 0.0010800941348260112
v 0.0068087221419291192 -0.0047995982207989498 0.0012113406629672169
v 0.0067682752401905981 -0.0050596340379431021 0.0011168758961416665
v 0.00218261849705036 -0.0061172139645740455 0.0043254746445361087
v 0.0068449588139833034 -0.0047589202831913192 0.0012534631478562201
v 0.002156282989813265 -0.0046440191992543301 0.0039249358007151436
v 0.0021233042876614319 -0.0057078783053636888 0.0043254746445361078
v 0.0021560919470497873 -0.0046663185517677374 0.0039660066836841382
v 0.0020806529735611554 -0.005076422418871857 0.0040458891572364344
v 0.0021663064339373121 -0.0047453828624599058 0.0041330353460792826
v 0.0021233042876614315 -0.0052921216946363089 0.0043254746445361078
v 0.0021715536039247263 -0.0047625255001987393 0.0041752942667250183
v 0.0021778580934151007 -0.0047785782961522931 0.0042176808373607438
v 0.0022587657474562343 -0.0047992606500397734 0.0044972959120031233
v 0.0065593844902630712 -0.0030843068581542089 0.002643993775743321
v 0.0073171415883466831 -0.0039113869910718628 0.0024477815970918924
v 0.0065806620195501377 -0.0030289169478261596 0.0028713060130628894
v 0.0073907938300389964 -0.0038608916264909628 0.0027270649431291047
v 0.0076095411700286006 -0.0041243910766727903 0.0029541108427635662
v 0.0073995586229270117 -0.0037841551809244789 0.0029541108427635666
v 0.0071371841170686746 -0.0034666655273268318 0.0029541108427635662
v 0.0068991973067599266 -0.0032238799153506041 0.0030392105141700287
v 0.0069200614944140574 -0.0032353405599106983 0.0030702541703717771
v 0.0069399588119067419 -0.003246502184427028 0.003102121371127811
v 0.0076345049189895488 -0.004326128012495465 0.0026745253554638928
v 0.00776639597888626 -0.0044757645212092981 0.0029541108427635662
v 0.0070955027459854445 -0.003390364761800223 0.003102121371127811
v 0.0071134777026213803 -0.0034024218696361874 0.0031347904881555123
v 0.0077625350266465375 -0.0046711502924057964 0.0026745253554638928
v 0.0078722867340589413 -0.0048277099246897106 0.0029541108427635662
v 0.0078027538755267483 -0.0051858248945319246 0.0024773247258665556
v 0.0078220883853829908 -0.0051836575898226867 0.0025326610601192419
v 0.0071282927312176555 -0.0033877182936553679 0.0034070696858506809
v 0.0074402985074626853 -0.0037550234401358333 0.0034999999999999996
v 0.0075435249899887041 -0.0039322575960274156 0.0032304366863068865
v 0.0079019596159288497 -0.0051747044125566698 0.0028123858870645691
v 0.0079144019577390631 -0.0051733096864322583 0.0028679124524658619
v 0.0077291979916229219 -0.0042839350582998519 0.003230436686306886
v 0.0076538461538461534 -0.004101035886194369 0.0034999999999999996
v 0.0078133640552995372 -0.0044583749751717101 0.0034999999999999996
v 0.0072022188505569953 -0.0034657996622268553 0.0036107299419986835
v 0.007210944437552348 -0.0034775233812892933 0.0036459897969887854
v 0.0078618299370659152 -0.0046413586131427848 0.003230436686306886
v 0.0079210526315789467 -0.004816295733854393 0.0035000000000000001
v 0.0079451208534707194 -0.0051698662473238051 0.0030338724811858585
v 0.0079532014325182799 -0.0051689604536340091 0.0030888867337171251
v 0.0071918042113969403 -0.0034950320347039393 0.0039196400326937325
v 0.0071968963003819671 -0.0035085874908497116 0.0039559855960090923
v 0.0073995586229270117 -0.0037841551809244789 0.0040458891572364335
v 0.0075435249899887041 -0.0039322575960274138 0.0037695633136931141
v 0.0076095411700286006 -0.0041243910766727903 0.0040458891572364344
v 0.0072009256189361007 -0.003521772923109321 0.0039924876162578055
v 0.0079781870010217568 -0.0051661596926794659 0.0033623307000338991
v 0.0079801517328534979 -0.0051659394557775238 0.0034157432378733093
v 0.0077291979916229219 -0.0042839350582998519 0.0037695633136931141
v 0.00776639597888626 -0.0044757645212092981 0.0040458891572364344
v 0.007206719275327911 -0.0035590640701782627 0.004102625718189392
v 0.0072065813900050613 -0.0035707259756656102 0.0041394531322246466
v 0.0072054237150936621 -0.0035819972313349008 0.0041762925522992713
v 0.0078618299370659152 -0.004641358613142783 0.0037695633136931141
v 0.0078722867340589413 -0.0048277099246897106 0.0040458891572364344
v 0.0073337640361981395 -0.0037404052150984608 0.0041762925522992713
v 0.0073307899568083477 -0.0037510343491591342 0.0042131180333017217
v 0.0079786166966573785 -0.005166111525884364 0.0036279103641094742
v 0.0072643758753788475 -0.00380086979092129 0.0044927529539610569
v 0.0079545598904980138 -0.0051688081770881449 0.0039011082520924783
v 0.0079466727837066656 -0.0051696922834770995 0.0039560880596637453
v 0.0076345049189895488 -0.004326128012495465 0.0043254746445361078
v 0.0077625350266465375 -0.0046711502924057964 0.0043254746445361078
v 0.0079043103020650079 -0.0051744409120505408 0.0041774901841152958
v 0.0078254869071482328 -0.005183276632028516 0.0044572408504209961
v 0.0078063639503512467 -0.0051854202226666417 0.0045126010773556572
v 0.0065427319767535665 -0.0057183254221086699 0.00093634790621599734
v 0.0065356552877805889 -0.0057635351573289886 0.00093634790621599734
v 0.0062934544110718098 -0.0059556726093556202 0.00083179120765223581
v 0.0060246583709072524 -0.0060848823312635398 0.00074174187547549849
v 0.0057484660200651716 -0.0061405028942969507 0.00066635311670542978
v 0.0060406053367305134 -0.0064225503359595301 0.00084179733451549368
v 0.0057138138944512872 -0.0061773463570869696 0.00066597959840983159
v 0.0059384525036816956 -0.0065234739572329354 0.0008407128855274944
v 0.0056383758257546298 -0.0062460411288683222 0.00066523388281696633
v 0.0058628730426292276 -0.0065879531952727872 0.00084071288552749386
v 0.005611237633521015 -0.0062684332217171849 0.00066523388281696633
v 0.0055334557975224592 -0.0063355966405018119 0.00066853338948315462
v 0.0057504427568215617 -0.0066791913479385253 0.00084550505111029176
v 0.0054916345797824048 -0.006366316697400027 0.00067019597502440307
v 0.005663473118881786 -0.0067302276158663884 0.00084550505111029219
v 0.005460066842270744 -0.0063834860954621389 0.00067019597502440307
v 0.0063560977077917807 -0.0063045845969848194 0.00094781610513335935
v 0.0053902285683015277 -0.0064355112126946567 0.00067643125895544868
v 0.005353343985839574 -0.0064594021022274023 0.00067959300208061491
v 0.005563409674444692 -0.0067975970191696414 0.00085447330110161523
v 0.0052901601357838932 -0.0065046535485874506 0.00068815392617011906
v 0.0052206545794684141 -0.0065340823618842683 0.000692512649111404
v 0.0067203801242767657 -0.0064068913254370901 0.0012157407432954526
v 0.0051561768600677403 -0.0065767070608410043 0.00070423343365106782
v 0.006655560310111051 -0.0065204311381688558 0.0012157407432954526
v 0.0063067747662671975 -0.0067001581979429028 0.0010809175272104188
v 0.0062424166728292096 -0.00676531940864769 0.0010802133141172424
v 0.0050941778136988861 -0.0066216047950741147 0.00071914883118969365
v 0.0061490993752813059 -0.0068506306010721989 0.0010802133141172431
v 0.0050586175755317911 -0.0066392889497978317 0.00072536765161448403
v 0.006099961032016296 -0.0068909414519922052 0.0010802133141172431
v 0.0060288787649854852 -0.0069495050610976694 0.0010833197222606819
v 0.0049977136438544428 -0.0066844548116566658 0.00074372324108790936
v 0.0059217852797630276 -0.007019857997708343 0.0010833197222606819
v 0.0049226317740371141 -0.0067006279400768738 0.00075181756298492572
v 0.0058031034863497578 -0.0070945423376129286 0.0010890957041448629
v 0.0048623086140557811 -0.0067440159693440225 0.00077356178315850905
v 0.0057492114028938812 -0.0071320037621087611 0.0010968258502063106
v 0.0056301022441444309 -0.007181584124475348 0.0010968258502063106
v 0.0048052127349372496 -0.0067890374220908921 0.00079806727585259149
v 0.0047690645673517836 -0.0068048977097168867 0.00080854857128663765
v 0.005466052644799684 -0.0072656059345886509 0.0011197834938769633
v 0.0047136295814716378 -0.0068493398117418901 0.00083592904451847442
v 0.0053404495322247813 -0.0072940634046731369 0.0011197834938769633
v 0.0046039909493813241 -0.0068727757760947451 0.0008620721199404318
v 0.0045483191144671982 -0.0069133966202312783 0.00089264609775291598
v 0.0051508445706072402 -0.0073839768473618114 0.0011702195051629949
v 0.0050222564831697994 -0.0073898749944993581 0.0011702195051629945
v 0.004895815386693458 -0.0073871323250443233 0.0011702195051629945
v 0.0047980894154848941 -0.0074033569567370809 0.0011899211244848558
v 0.004674827173810822 -0.0074362603705215718 0.00123170583683337
v 0.0031730545266757532 -0.0076974971857138247 0.0025871602789756215
v 0.0024807893526449794 -0.0040278156013974801 0.0028026831346049091
v 0.0021698629822530248 -0.0045605852652479302 0.003171633715328514
v 0.0021585787671680994 -0.0045568396664114009 0.0033082346153314171
v 0.002057241299906273 -0.0049559465754604407 0.0037101835014206799
v 0.0020697941924738765 -0.0049582673380119411 0.0038470153432854405
v 0.0070181989413164265 -0.003435175481593067 0.0026855230258289583
v 0.007186007442327183 -0.0036465439067922302 0.0026133929998916425
v 0.0068620654319046038 -0.0032546440489140522 0.002799222588671105
v 0.0068733268216162966 -0.0032315708985358 0.0029127385326421472
v 0.0073461696603753382 -0.0036574979270775714 0.0031827082793220024
v 0.0073551127582743726 -0.0036504747025019528 0.003319168394001433
v 0.0075021804661039746 -0.0040346402017800657 0.0042692942069250985
v 0.0074669900561005441 -0.0040552488720180671 0.0044092052800638369
v 0.0023894816297215776 -0.0042897534293716358 0.0026511790078460741
v 0.002307507059089259 -0.0043320126831424112 0.0028784797744194983
v 0.0022925671248210681 -0.0042251732505783953 0.0032887560998289159
v 0.0021612195036354942 -0.0045861700931378521 0.0038259450793995935
v 0.0022951960125678931 -0.0045893155813063391 0.0025755059334317152
v 0.0021713270936253473 -0.0048230179087554404 0.0027649456912063487
v 0.0021506929377456446 -0.0051414286064467357 0.0026323158289373251
v 0.0020894730017405041 -0.0051553636840664559 0.0028596419734692792
v 0.00208453682690771 -0.0055276782687393652 0.0027933824232427968
v 0.0021436163558182088 -0.0058356474819713251 0.0026465287086860764
v 0.0020984990080250565 -0.005934985150829521 0.0028738371520712585
v 0.0022223067147788202 -0.0061522523993046488 0.0025731845810311009
v 0.0021261063237439787 -0.0054881511791790008 0.0026394218553665231
v 0.00224803159749543 -0.0064405604501160951 0.0027637826738701049
v 0.0023973244891549355 -0.006713340658435412 0.002631734699625229
v 0.0023575190622403875 -0.0067674747265110986 0.0028590613826327102
v 0.0021793461321162845 -0.0061419692922627485 0.002705149583013071
v 0.0032021890906134189 0.0033164533588469886 0.0025000000000000001
v 0.0030974006091643012 0.003407127508908381 0.0025000000000000001
v 0.0029969061081852612 0.0035030987221989561 0.0025000000000000001
v 0.002901012113752027 0.0036041492543361694 0.0025000000000000001
v 0.0028100098471075729 0.0037100437757406333 0.0025000000000000001
v 0.0027241752240523324 0.0038205293723372917 0.0025000000000000001
v 0.0026437677595555317 0.0039353372278265412 0.0025000000000000001
v 0.002569029524923847 0.0040541844627915592 0.0025000000000000001
v 0.0025001852311885495 0.0041767743445775586 0.0025000000000000001
v 0.0024374414859125657 0.0043027974867183858 0.0025000000000000001
v 0.0023809861742596352 0.0044319332500688709 0.0025000000000000001
v 0.0023309880560049854 0.0045638508433501418 0.0025000000000000001
v 0.0022919851742517683 0.0046835102273079486 0.0025000000000000001
v 0.0022617189044691513 0.0047916100018556909 0.0025000000000000001
v 0.0022357544051563724 0.0049008787530365298 0.0025000000000000001
v 0.0022141405555913692 0.0050111366676483258 0.0025000000000000001
v 0.0021969179327013511 0.0051222023520571805 0.0025000000000000001
v 0.0021841188124634894 0.0052338928744278977 0.0025000000000000001
v 0.0021757671713056059 0.0053460238069544443 0.0025000000000000001
v 0.0021718786875068647 0.005458409268090411 0.0025000000000000001
v 0.0021724607287723096 0.0055708628830673573 0.0025000000000000001
v 0.0021775121831882653 0.0056832000573979477 0.0025000000000000001
v 0.0021870235122035701 0.0057952341736925124 0.0025000000000000001
v 0.0022009768773599975 0.0059067797248008522 0.0025000000000000001
v 0.0022193461416860111 0.0060176526683072967 0.0025000000000000001
v 0.0022420968682960759 0.0061276704687611558 0.0025000000000000001
v 0.0022691863189899662 0.0062366521399071836 0.0025000000000000001
v 0.0023005634528520768 0.0063444182869160405 0.0025000000000000001
v 0.0023361690111508059 0.0064507914935199202 0.0025000000000000001
v 0.0023759361217882006 0.0065555987711661667 0.0025000000000000001
v 0.0024197898745338545 0.006658669798888823 0.0025000000000000001
v 0.0024676475157814448 0.0067598376467391625 0.0025000000000000001
v 0.00251941866646645 0.0068589393919163064 0.0025000000000000001
v 0.0025750053154546051 0.0069558161951767065 0.0025000000000000001
v 0.0026343021168158641 0.0070503139974645353 0.0025000000000000001
v 0.0026971965229120628 0.0071422838153358511 0.0025000000000000001
v 0.0027635689401599287 0.0072315819812310122 0.0025000000000000001
v 0.0028332931049598067 0.0073180707997895361 0.0025000000000000001
v 0.0028865090386829516 0.0073796691665102554 0.0025000000000000001
v 0.0029414030329315529 0.0074396336064258611 0.0025000000000000001
v 0.002583257983848378 0.0075714449208115894 0.0025000000000000001
v 0.0022192343236016828 0.0076860262175553491 0.0025000000000000001
v 0.0018501604454709193 0.0077831167488362175 0.0025000000000000001
v 0.001476876235303227 0.0078624955698300119 0.0025000000000000001
v 0.0011002311602206574 0.0079239820415041018 0.0025000000000000001
v 0.0007210823355236996 0.007967436241690027 0.0025000000000000001
v 0.0003402925741901645 0.0079927592834984733 0.0025000000000000001
v -4.1271576591890578e-05 0.0079998935403519985 0.0025000000000000001
v -0.00042274180738902507 0.0079888227771233895 0.0025000000000000001
v -0.00080325002249754369 0.0079595721870812687 0.0025000000000000001
v -0.0011819303154322509 0.0079122083345588307 0.0025000000000000001
v -0.0015579209394332913 0.0078468390034761963 0.0025000000000000001
v -0.0019303662685068808 0.0077636129520610971 0.0025000000000000001
v -0.0022984187445372669 0.0076627195743260591 0.0025000000000000001
v -0.0026612408060389604 0.0075443884690724336 0.0025000000000000001
v -0.0030180067941600569 0.0074088889174021046 0.0025000000000000001
v -0.0033679048315992405 0.0072565292699258432 0.0025000000000000001
v -0.0037101386701606873 0.0070876562450628402 0.0025000000000000001
v -0.004043929502742483 0.0069026541400282349 0.0025000000000000001
v -0.0043685177356350673 0.0067019439563041601 0.0025000000000000001
v -0.0046831647170965879 0.0064859824415844387 0.0025000000000000001
v -0.0049871544182714857 0.0062552610503731343 0.0025000000000000001
v -0.0052797950626271416 0.0060103048256022803 0.0025000000000000001
v -0.0055604207002005399 0.0057516712038138389 0.0025000000000000001
v -0.0058283927230724855 0.0054799487466248896 0.0025000000000000001
v -0.0060831013186206945 0.0051957558013627989 0.0025000000000000001
v -0.0063239668572446393 0.0048997390939183039 0.0025000000000000001
v -0.0065504412114041708 0.004592572257018702 0.0025000000000000001
v -0.0067620090029702215 0.0042749542972702849 0.0025000000000000001
v -0.0069581887760490633 0.003947608004458503 0.0025000000000000001
v -0.0071385340926111655 0.003611278306725761 0.0025000000000000001
v -0.0073026345484313781 0.0032667305753698831 0.0025000000000000001
v -0.0074501167070284962 0.0029147488831209579 0.0025000000000000001
v -0.0075806449494789114 0.0025561342198601139 0.0025000000000000001
v -0.0076939222381704206 0.0021917026698406576 0.0025000000000000001
v -0.0077896907927581882 0.0018222835545595819 0.0025000000000000001
v -0.0078677326767845977 0.0014487175455056378 0.0025000000000000001
v -0.0079278702936280438 0.0010718547510787087 0.0025000000000000001
v -0.007969966790652077 0.00069255278203400605 0.0025000000000000001
v -0.0079939263706351651 0.00031167479985346982 0.0025000000000000001
v -0.0079996945097723926 -6.9912447514385172e-05 0.0025000000000000001
v -0.0079872580817529765 -0.00045134059807619257 0.0025000000000000001
v -0.0079566453876312622 -0.00083174165188847277 0.0025000000000000001
v -0.0079079260914232084 -0.001210249946328469 0.0025000000000000001
v -0.007841211061574923 -0.001586004126046041 0.0025000000000000001
v -0.0077566521186640232 -0.001958149103113681 0.0025000000000000001
v -0.0076544416899079534 -0.0023258380029140195 0.0025000000000000001
v -0.0075348123712654863 -0.0026882340913366486 0.0025000000000000001
v -0.0073980363981279206 -0.0030445126788986219 0.0025000000000000001
v -0.0072444250258044875 -0.0033938629974555028 0.0025000000000000001
v -0.0070743278212117826 -0.0037354900452322131 0.0025000000000000001
v -0.0068881318673790857 -0.0040686163959750129 0.0025000000000000001
v -0.0066862608825798524 -0.0043924839681076227 0.0025000000000000001
v -0.0064691742560939198 -0.0047063557498654603 0.0025000000000000001
v -0.00623736600279471 -0.0050095174764822163 0.0025000000000000001
v -0.0059913636389404366 -0.005301279255612028 0.0025000000000000001
v -0.0057317269817276214 -0.0055809771372883777 0.0025000000000000001
v -0.005459046875338722 -0.0058479746248470106 0.0025000000000000001
v -0.0051739438463829753 -0.0061016641233745186 0.0025000000000000001
v -0.004877066691790167 -0.0063414683223864581 0.0025000000000000001
v -0.0045690910023708526 -0.006566841509588436 0.0025000000000000001
v -0.0042507176254028608 -0.0067772708127305549 0.0025000000000000001
v -0.0039226710697427281 -0.0069722773667291408 0.0025000000000000001
v -0.0035856978570914669 -0.0071514174033998094 0.0025000000000000001
v -0.0032405648231666421 -0.0073142832613219836 0.0025000000000000001
v -0.0028880573726466929 -0.0074605043135367926 0.0025000000000000001
v -0.0025289776918586554 -0.007589747810967191 0.0025000000000000001
v -0.0021641429232765971 -0.0077017196396409957 0.0025000000000000001
v -0.0017943833059849736 -0.0077961649899936335 0.0025000000000000001
v -0.0014205402863385909 -0.0078728689367275166 0.0025000000000000001
v -0.0010434646031186458 -0.007931656927908471 0.0025000000000000001
v -0.00066401435154239078 -0.0079723951821862003 0.0025000000000000001
v -0.00028305303053206393 -0.0079949909932348663 0.0025000000000000001
v 9.8552422313162008e-05 -0.0079993929407209518 0.0025000000000000001
v 0.00047993360357048443 -0.0079855910073183597 0.0025000000000000001
v 0.00086022262018248751 -0.0079536166015043985 0.0025000000000000001
v 0.0012385540644847424 -0.0079035424860848524 0.0025000000000000001
v 0.0016140669835775032 -0.0078354826126107273 0.0025000000000000001
v 0.0019859068385598829 -0.007749591862063517 0.0025000000000000001
v 0.0023532274491679635 -0.0076460656923990934 0.0025000000000000001
v 0.0026493266195439487 -0.0075485805594810891 0.0025000000000000001
v 0.0029414030329315576 -0.0074396336064258594 0.0025000000000000001
v 0.0032021890884705228 -0.0033164533606113347 0.0025000000000000001
v 0.003097400607166925 -0.0034071275107241663 0.0025000000000000001
v 0.0029969061063342835 -0.0035030987240556714 0.0025000000000000001
v 0.0029010121120474769 -0.0036041492562233573 0.0025000000000000001
v 0.0028100098455486624 -0.0037100437776479422 0.0025000000000000001
v 0.0027241752226374919 -0.0038205293742545211 0.0025000000000000001
v 0.0026437677582824056 -0.0039353372297437472 0.0025000000000000001
v 0.0025690295237893648 -0.0040541844646990594 0.0025000000000000001
v 0.0025001852301889385 -0.0041767743464660072 0.0025000000000000001
v 0.0024374414850433946 -0.0043027974885788073 0.0025000000000000001
v 0.0023809861735158474 -0.0044319332518927175 0.0025000000000000001
v 0.0023309880553809355 -0.0045638508451293427 0.0025000000000000001
v 0.0022919851737071058 -0.0046835102291144072 0.0025000000000000001
v 0.0022617189039792159 -0.0047916100037495336 0.0025000000000000001
v 0.0022357544047273289 -0.0049008787550160592 0.0025000000000000001
v 0.0022141405552293242 -0.0050111366697114879 0.0025000000000000001
v 0.0021969179324123327 -0.005122202354201565 0.0025000000000000001
v 0.0021841188122534274 -0.0052338928766507316 0.0025000000000000001
v 0.0021757671711803116 -0.0053460238092525904 0.0025000000000000001
v 0.0021718786874720111 -0.0054584092704603598 0.0025000000000000001
v 0.0021724607288334092 -0.0055708628855052752 0.0025000000000000001
v 0.0021775121833506423 -0.0056832000598996376 0.0025000000000000001
v 0.0021870235124723508 -0.0057952341762534509 0.0025000000000000001
v 0.0022009768777400871 -0.0059067797274162202 0.0025000000000000001
v 0.0022193461421820744 -0.0060176526709719699 0.0025000000000000001
v 0.002242096868912516 -0.0061276704714697061 0.0025000000000000001
v 0.0022691863197309048 -0.0062366521426538901 0.0025000000000000001
v 0.0023005634537213368 -0.0063444182896948949 0.0025000000000000001
v 0.0023361690121519027 -0.0064507914963246897 0.0025000000000000001
v 0.0023759361229243243 -0.0065555987739904023 0.0025000000000000001
v 0.0024197898758078385 -0.0066586698017258236 0.0025000000000000001
v 0.0024676475171957631 -0.00675983764958203 0.0025000000000000001
v 0.0025194186680232095 -0.006858939394757982 0.0025000000000000001
v 0.002575005317155508 -0.0069558161980099462 0.0025000000000000001
v 0.0026343021186622032 -0.00705031400028195 0.0025000000000000001
v 0.0026971965249047119 -0.0071422838181299337 0.0025000000000000001
v 0.0027635689422993498 -0.007231581983994189 0.0025000000000000001
v 0.0028332931072460026 -0.0073180708025141362 0.0025000000000000001
v 0.0028865090398632917 -0.0073796691678374229 0.0025000000000000001
v 0.0027926803055489825 -0.0033150446708701746 0.0025000000000000001
v 0.0023837966069865648 -0.0032949422980417145 0.0025000000000000001
v 0.0019764298760292271 -0.0032559933970508818 0.0025000000000000001
v 0.0015715667204844732 -0.0031978893607020817 0.0025000000000000001
v 0.0011703191370205463 -0.0031201644991869638 0.0025000000000000001
v 0.00081331460289073298 -0.0030329124460990193 0.0025000000000000001
v 0.00049624189151309839 -0.0029398684977472991 0.0025000000000000001
v 0.00018416022687293965 -0.0028325517261739335 0.0025000000000000001
v -6.0570207336358495e-05 -0.0027362840920151371 0.0025000000000000001
v -0.00028642917517702587 -0.0026369013407627445 0.0025000000000000001
v -0.0005076086980793775 -0.0025285972696182544 0.0025000000000000001
v -0.00072333271885960252 -0.0024110910380180195 0.0025000000000000001
v -0.00093267992679751412 -0.0022841231222127515 0.0025000000000000001
v -0.001114737405422466 -0.0021615915805406867 0.0025000000000000001
v -0.0012726340209720252 -0.0020445566702963713 0.0025000000000000001
v -0.0014240470221821751 -0.0019211631341073199 0.0025000000000000001
v -0.0015540075733516904 -0.0018048140057281019 0.0025000000000000001
v -0.001665193443580928 -0.0016960446123937985 0.0025000000000000001
v -0.0017702541661221141 -0.0015837835077675566 0.0025000000000000001
v -0.0018684977114643254 -0.0014685673791746204 0.0025000000000000001
v -0.0019592120422609804 -0.0013511600740109251 0.0025000000000000001
v -0.002033862126550167 -0.0012444455311093154 0.0025000000000000001
v -0.0020955649322350854 -0.0011474277009196818 0.0025000000000000001
v -0.0021522331777677588 -0.0010492823772353789 0.0025000000000000001
v -0.0022036966486906782 -0.00095033881815854775 0.0025000000000000001
v -0.0022498387508834172 -0.00085093432554491115 0.0025000000000000001
v -0.0022905995722652854 -0.00075140462109126967 0.0025000000000000001
v -0.0023259804313814384 -0.00065206085149707607 0.0025000000000000001
v -0.0023560474618129633 -0.00055314693540617734 0.0025000000000000001
v -0.0023809163032439576 -0.00045482472976099506 0.0025000000000000001
v -0.0024007320498633349 -0.00035716926569014898 0.0025000000000000001
v -0.0024156484709389392 -0.0002601696872340844 0.0025000000000000001
v -0.0024258079340986663 -0.00016373562036367851 0.0025000000000000001
v -0.0024313234652183057 -6.7708690786163483e-05 0.0025000000000000001
v -0.0024322643301373506 2.8122346052763325e-05 0.0025000000000000001
v -0.0024286449173795241 0.00012401793330299874 0.0025000000000000001
v -0.002420420211001991 0.00022022196971785239 0.0025000000000000001
v -0.0024074939740190144 0.00031692972860100399 0.0025000000000000001
v -0.0023897320671461171 0.00041427492685299308 0.0025000000000000001
v -0.0023669799961425317 0.00051230854375771025 0.0025000000000000001
v -0.0023390878570075531 0.00061097973388327999 0.0025000000000000001
v -0.0023059288515388716 0.00071015080717937629 0.0025000000000000001
v -0.0022674180365350187 0.00080960431472559737 0.0025000000000000001
v -0.0022235272585191005 0.00090905658989872394 0.0025000000000000001
v -0.0021742882890717079 0.0010081878475295925 0.0025000000000000001
v -0.0021197942773592622 0.0011066611625692949 0.0025000000000000001
v -0.0020601921522023624 0.0012041451946619346 0.0025000000000000001
v -0.0019947207422717473 0.0013016880480221367 0.0025000000000000001
v -0.0019210065011210852 0.0014020710055131843 0.0025000000000000001
v -0.0018415744840823262 0.0015012579824403654 0.0025000000000000001
v -0.0017568525582354146 0.0015986842007918909 0.0025000000000000001
v -0.0016672775245393798 0.0016939134206623101 0.0025000000000000001
v -0.001573272015906256 0.0017866256103437092 0.0025000000000000001
v -0.001475225183382483 0.0018766031975724358 0.0025000000000000001
v -0.0013734981042324622 0.0019636997680067322 0.0025000000000000001
v -0.0012684183827579932 0.0020478266683802283 0.0025000000000000001
v -0.001160281216201633 0.0021289381905570596 0.0025000000000000001
v -0.0010493574581099359 0.0022070161219190734 0.0025000000000000001
v -0.00093589195590511375 0.0022820647934475797 0.0025000000000000001
v -0.00078102269240234046 0.0023774589547972806 0.0025000000000000001
v -0.00060242304814839124 0.002478491838943375 0.0025000000000000001
v -0.00041974551804686323 0.002573007449540839 0.0025000000000000001
v -0.0002334840582891705 0.0026611666226122256 0.0025000000000000001
v -4.4067835122357237e-05 0.0027431352078533307 0.0025000000000000001
v 0.00014813213226517964 0.0028190784784760314 0.0025000000000000001
v 0.00034278547911396602 0.002889153069752039 0.0025000000000000001
v 0.00053960222228439394 0.0029535074179675414 0.0025000000000000001
v 0.00073832445373896985 0.0030122791739307657 0.0025000000000000001
v 0.001005841659173371 0.0030821704321760306 0.0025000000000000001
v 0.0013097459800570279 0.0031495306225500165 0.0025000000000000001
v 0.0016162090487991869 0.003205274218740992 0.0025000000000000001
v 0.0019246936590133895 0.0032496643945961537 0.0025000000000000001
v 0.002234707271179854 0.0032829073388882051 0.0025000000000000001
v 0.0025457997761596822 0.0033051563288712216 0.0025000000000000001
v 0.0028575620201176642 0.0033165127554033672 0.0025000000000000001
v 0.0030298687686698073 0.0033181353926526307 0.0025000000000000001
v 0.0058094750193111262 0.0054999999999999997 0.00061127187275935354
v 0.0059465982586676385 0.0054999999999999997 0.00065325594113425868
v 0.0060830875193211556 0.0054999999999999997 0.00070233643454207595
v 0.0062184116521113502 0.0054999999999999997 0.00075856368923163007
v 0.0063520260947331061 0.0054999999999999997 0.00082193625184896963
v 0.0064833791028581804 0.0054999999999999997 0.00089239833617102079
v 0.0065992067789790044 0.0054999999999999997 0.00096178454853265152
v 0.0067011737152178419 0.0054999999999999997 0.0010289662101355384
v 0.006800687328915634 0.0054999999999999997 0.0011005156505026585
v 0.0068974712365557998 0.0054999999999999988 0.001176295434775883
v 0.0069912596728816329 0.0054999999999999988 0.0012561450770704155
v 0.0070817998709251772 0.0054999999999999988 0.0013398821102967747
v 0.007168854306723647 0.0054999999999999988 0.0014273034481125113
v 0.0072522027673344791 0.0054999999999999988 0.0015181870182050703
v 0.0073316442045286666 0.0054999999999999988 0.0016122936394958359
v 0.0074069983414770417 0.0054999999999999988 0.0017093691100266461
v 0.0074781070056638387 0.0054999999999999988 0.0018091464674668595
v 0.0075448351679393072 0.0054999999999999988 0.0019113483805379733
v 0.0076070716747989025 0.0054999999999999988 0.0020156896273146765
v 0.0076647296683735443 0.0054999999999999988 0.0021218796153855708
v 0.0077177466959539648 0.0054999999999999988 0.0022296248992398709
v 0.0077660845178856904 0.0054999999999999988 0.0023386316519238663
v 0.0078097286291190816 0.0054999999999999988 0.0024486080508637114
v 0.0078486875153787484 0.0054999999999999988 0.0025592665416148659
v 0.0078829916696716192 0.0054999999999999988 0.0026703259479747216
v 0.0079126923985773246 0.0054999999999999988 0.0027815134021640501
v 0.0079378604504044426 0.0054999999999999988 0.0028925660744168139
v 0.0079585844988485054 0.0054999999999999988 0.0030032326870925003
v 0.0079749695162942905 0.0054999999999999988 0.0031132748041312551
v 0.0079871350704475829 0.0054999999999999988 0.0032224678921239569
v 0.0079952135766712881 0.0054999999999999988 0.003330602154311232
v 0.007999348536371324 0.0054999999999999988 0.0034374831433356288
v 0.0079996891144294754 0.0054999999999999988 0.0035431881554747104
v 0.0079962566076043299 0.0054999999999999988 0.0036498210311918786
v 0.0079889077627272719 0.0054999999999999988 0.003757740927888159
v 0.0079774972471789961 0.0054999999999999988 0.003866756244720518
v 0.0079618904940646287 0.0054999999999999988 0.0039766599429043549
v 0.007941965463297479 0.0054999999999999988 0.0040872301190886364
v 0.0079176143939967015 0.0054999999999999988 0.0041982307984780223
v 0.0078887455182895666 0.0054999999999999988 0.0043094129542835006
v 0.0078552847044637466 0.0054999999999999988 0.0044205157556801364
v 0.0078171769959635082 0.0054999999999999988 0.0045312680414974658
v 0.0077743880121015838 0.0054999999999999988 0.0046413900114803093
v 0.0077269051766825697 0.0054999999999999988 0.0047505951212849845
v 0.0076747387420909967 0.0054999999999999988 0.0048585921615987163
v 0.0076179225788377773 0.0054999999999999988 0.0049650874960941302
v 0.0075565147040879306 0.0054999999999999988 0.0050697874275780781
v 0.0074905975272660501 0.0054999999999999988 0.0051724006568930293
v 0.0074202777963574378 0.0054999999999999988 0.0052726407951018128
v 0.0073456862348447111 0.0054999999999999988 0.0053702288864361071
v 0.0072669768661469819 0.0054999999999999988 0.0054648958975870464
v 0.0071843260297272896 0.0054999999999999988 0.0055563851282908602
v 0.0070979311004409863 0.0054999999999999988 0.0056444544988883474
v 0.0070080089299347304 0.0054999999999999988 0.0057288786726294406
v 0.0069147940356940295 0.0054999999999999988 0.00580945097390496
v 0.0068185365694131564 0.0054999999999999988 0.0058859850682070553
v 0.0067195001014906689 0.0054999999999999997 0.0059583163752807682
v 0.0066179592624460992 0.0054999999999999997 0.0060263031934161965
v 0.0065141972847709787 0.0054999999999999997 0.0060898275198924337
v 0.0064085034900930012 0.0054999999999999997 0.0061487955599471688
v 0.0063011707665316524 0.0054999999999999997 0.0062031379240289298
v 0.0061924930798045114 0.0054999999999999997 0.0062528095202208141
v 0.0060827630591101184 0.0054999999999999997 0.0062977891553557958
v 0.0059722696952182065 0.0054999999999999997 0.0063380788642601691
v 0.0058612961837313567 0.0054999999999999997 0.0063737029915928679
v 0.0057501179413586559 0.0054999999999999997 0.0064047070547736569
v 0.005639000817488601 0.0054999999999999997 0.0064311564194441924
v 0.0055281995175917951 0.0054999999999999997 0.0064531348207651808
v 0.0054179562492383008 0.0054999999999999997 0.0064707427646503914
v 0.0053084995959730439 0.0054999999999999997 0.0064840958428449419
v 0.0052000436191202868 0.0054999999999999997 0.0064933229946748574
v 0.0050994184855617745 0.0054999999999999997 0.0064983522082518253
v 0.0050000000000000001 0.0054999999999999997 0.0064999999999999997
v 0.0058094750193111262 0.0054999999999999997 0.00061127187275935354
v 0.0059465982586676385 0.0054999999999999997 0.00065325594113425868
v 0.0060830875193211556 0.0054999999999999997 0.00070233643454207595
v 0.0062184116521113502 0.0054999999999999997 0.00075856368923163007
v 0.0063520260947331061 0.0054999999999999997 0.00082193625184896963
v 0.0064833791028581804 0.0054999999999999997 0.00089239833617102079
v 0.0065992067789790044 0.0054999999999999997 0.00096178454853265152
v 0.0067011737152178419 0.0054999999999999997 0.0010289662101355384
v 0.006800687328915634 0.0054999999999999997 0.0011005156505026585
v 0.0068974712365557998 0.0054999999999999988 0.001176295434775883
v 0.0069912596728816329 0.0054999999999999988 0.0012561450770704155
v 0.0070817998709251772 0.0054999999999999988 0.0013398821102967747
v 0.007168854306723647 0.0054999999999999988 0.0014273034481125113
v 0.0072522027673344791 0.0054999999999999988 0.0015181870182050703
v 0.0073316442045286666 0.0054999999999999988 0.0016122936394958359
v 0.0074069983414770417 0.0054999999999999988 0.0017093691100266461
v 0.0074781070056638387 0.0054999999999999988 0.0018091464674668595
v 0.0075448351679393072 0.0054999999999999988 0.0019113483805379733
v 0.0076070716747989025 0.0054999999999999988 0.0020156896273146765
v 0.0076647296683735443 0.0054999999999999988 0.0021218796153855708
v 0.0077177466959539648 0.0054999999999999988 0.0022296248992398709
v 0.0077660845178856904 0.0054999999999999988 0.0023386316519238663
v 0.0078097286291190816 0.0054999999999999988 0.0024486080508637114
v 0.0078486875153787484 0.0054999999999999988 0.0025592665416148659
v 0.0078829916696716192 0.0054999999999999988 0.0026703259479747216
v 0.0079126923985773246 0.0054999999999999988 0.0027815134021640501
v 0.0079378604504044426 0.0054999999999999988 0.0028925660744168139
v 0.0079585844988485054 0.0054999999999999988 0.0030032326870925003
v 0.0079749695162942905 0.0054999999999999988 0.0031132748041312551
v 0.0079871350704475829 0.0054999999999999988 0.0032224678921239569
v 0.0079952135766712881 0.0054999999999999988 0.003330602154311232
v 0.007999348536371324 0.0054999999999999988 0.0034374831433356288
v 0.0079996891144294754 0.0054999999999999988 0.0035431881554747104
v 0.0079962566076043299 0.0054999999999999988 0.0036498210311918786
v 0.0079889077627272719 0.0054999999999999988 0.003757740927888159
v 0.0079774972471789961 0.0054999999999999988 0.003866756244720518
v 0.0079618904940646287 0.0054999999999999988 0.0039766599429043549
v 0.007941965463297479 0.0054999999999999988 0.0040872301190886364
v 0.0079176143939967015 0.0054999999999999988 0.0041982307984780223
v 0.0078887455182895666 0.0054999999999999988 0.0043094129542835006
v 0.0078552847044637466 0.0054999999999999988 0.0044205157556801364
v 0.0078171769959635082 0.0054999999999999988 0.0045312680414974658
v 0.0077743880121015838 0.0054999999999999988 0.0046413900114803093
v 0.0077269051766825697 0.0054999999999999988 0.0047505951212849845
v 0.0076747387420909967 0.0054999999999999988 0.0048585921615987163
v 0.0076179225788377773 0.0054999999999999988 0.0049650874960941302
v 0.0075565147040879306 0.0054999999999999988 0.0050697874275780781
v 0.0074905975272660501 0.0054999999999999988 0.0051724006568930293
v 0.0074202777963574378 0.0054999999999999988 0.0052726407951018128
v 0.0073456862348447111 0.0054999999999999988 0.0053702288864361071
v 0.0072669768661469819 0.0054999999999999988 0.0054648958975870464
v 0.0071843260297272896 0.0054999999999999988 0.0055563851282908602
v 0.0070979311004409863 0.0054999999999999988 0.0056444544988883474
v 0.0070080089299347304 0.0054999999999999988 0.0057288786726294406
v 0.0069147940356940295 0.0054999999999999988 0.00580945097390496
v 0.0068185365694131564 0.0054999999999999988 0.0058859850682070553
v 0.0067195001014906689 0.0054999999999999997 0.0059583163752807682
v 0.0066179592624460992 0.0054999999999999997 0.0060263031934161965
v 0.0065141972847709787 0.0054999999999999997 0.0060898275198924337
v 0.0064085034900930012 0.0054999999999999997 0.0061487955599471688
v 0.0063011707665316524 0.0054999999999999997 0.0062031379240289298
v 0.0061924930798045114 0.0054999999999999997 0.0062528095202208141
v 0.0060827630591101184 0.0054999999999999997 0.0062977891553557958
v 0.0059722696952182065 0.0054999999999999997 0.0063380788642601691
v 0.0058612961837313567 0.0054999999999999997 0.0063737029915928679
v 0.0057501179413586559 0.0054999999999999997 0.0064047070547736569
v 0.005639000817488601 0.0054999999999999997 0.0064311564194441924
v 0.0055281995175917951 0.0054999999999999997 0.0064531348207651808
v 0.0054179562492383008 0.0054999999999999997 0.0064707427646503914
v 0.0053084995959730439 0.0054999999999999997 0.0064840958428449419
v 0.0052000436191202868 0.0054999999999999997 0.0064933229946748574
v 0.0050994184855617745 0.0054999999999999997 0.0064983522082518253
v 0.0050000000000000001 0.0054999999999999997 0.0064999999999999997
v 0.005710621064081628 0.0056025714661729993 0.00058718404672527071
v 0.0056170950593393163 0.0056963359392386888 0.00057072604330361094
v 0.005527980796831769 0.0057828564107751546 0.00056040334416913916
v 0.0054412985763899286 0.0058644922917316204 0.00055510595044165449
v 0.0053542572343603543 0.0059440667433625846 0.0005542731760345103
v 0.0052635544966708123 0.0060245326858385188 0.00055799311524919399
v 0.0051817287952903813 0.0060950542806165534 0.00056522828082451759
v 0.0051030723171922032 0.0061610594016533972 0.00057555533886287586
v 0.0050179874180964886 0.0062305539265492017 0.00059036645013858021
v 0.0049262051509277342 0.0063033723412831985 0.0006105109049012417
v 0.0048282351571771517 0.006378725992221842 0.00063672609042920785
v 0.004725246529769662 0.0064553888520019883 0.00066949780604804593
v 0.0046187374928196153 0.0065320183678872872 0.00070901863489296444
v 0.0045102579292740181 0.0066073877906407301 0.00075521494665243454
v 0.004401175315878603 0.0066805430798119259 0.00080783970826949327
v 0.0042926163715793627 0.0067508106685764792 0.00086654579104912457
v 0.004197774084861796 0.0068101903385750229 0.00092321233490415754
v 0.0041151388038438751 0.0068604396829889175 0.00097686216268293266
v 0.0040339713878059175 0.0069084784878292041 0.0010336307693318732
v 0.0039545535589260092 0.0069542437272966722 0.0010932975450473087
v 0.0038771018087214227 0.0069977197402452977 0.0011556588921205573
v 0.0038017885737130462 0.0070389206303169121 0.0012205235972447309
v 0.0037287508519251999 0.0070778822459005332 0.0012877131235137348
v 0.0036580979380505143 0.0071146552602084946 0.0013570610733743909
v 0.0035899179811452507 0.0071492998883897138 0.0014284115797013619
v 0.0035242806407415794 0.0071818831762812535 0.0015016203185144981
v 0.0034612426984616533 0.0072124752319224807 0.0015765513931524529
v 0.003400849561155436 0.0072411478565051514 0.0016530776892834055
v 0.0033431373583963629 0.0072679730727416292 0.0017310801615349483
v 0.0032881345973118426 0.0072930220669085314 0.0018104471863473971
v 0.0032358634319086012 0.0073163643872356833 0.0018910740903424308
v 0.0031863411272471417 0.0073380671994249689 0.0019728620026246875
v 0.0031395805986236848 0.0073581950003573805 0.0020557178281195507
v 0.0030955913337066348 0.0073768092217291982 0.0021395534640324359
v 0.0030543798820327137 0.0073939680559240734 0.0022242855605604859
v 0.0030159505054460824 0.0074097262150312482 0.0023098347291381736
v 0.0029803055143567693 0.0074241348960103854 0.0023961254036295575
v 0.0029603582289816749 0.0074321113487281123 0.0024479509479030724
v 0.0029414030329315529 0.0074396336064258611 0.0025000000000000001
v 0.0032021890906134189 0.0033164533588469886 0.0025000000000000001
v 0.0030974006091643012 0.003407127508908381 0.0025000000000000001
v 0.0029969061081852612 0.0035030987221989561 0.0025000000000000001
v 0.002901012113752027 0.0036041492543361694 0.0025000000000000001
v 0.0028100098471075729 0.0037100437757406333 0.0025000000000000001
v 0.0027241752240523324 0.0038205293723372917 0.0025000000000000001
v 0.0026437677595555317 0.0039353372278265412 0.0025000000000000001
v 0.002569029524923847 0.0040541844627915592 0.0025000000000000001
v 0.0025001852311885495 0.0041767743445775586 0.0025000000000000001
v 0.0024374414859125657 0.0043027974867183858 0.0025000000000000001
v 0.0023809861742596352 0.0044319332500688709 0.0025000000000000001
v 0.0023309880560049854 0.0045638508433501418 0.0025000000000000001
v 0.0022919851742517683 0.0046835102273079486 0.0025000000000000001
v 0.0022617189044691513 0.0047916100018556909 0.0025000000000000001
v 0.0022357544051563724 0.0049008787530365298 0.0025000000000000001
v 0.0022141405555913692 0.0050111366676483258 0.0025000000000000001
v 0.0021969179327013511 0.0051222023520571805 0.0025000000000000001
v 0.0021841188124634894 0.0052338928744278977 0.0025000000000000001
v 0.0021757671713056059 0.0053460238069544443 0.0025000000000000001
v 0.0021718786875068647 0.005458409268090411 0.0025000000000000001
v 0.0021724607287723096 0.0055708628830673573 0.0025000000000000001
v 0.0021775121831882653 0.0056832000573979477 0.0025000000000000001
v 0.0021870235122035701 0.0057952341736925124 0.0025000000000000001
v 0.0022009768773599975 0.0059067797248008522 0.0025000000000000001
v 0.0022193461416860111 0.0060176526683072967 0.0025000000000000001
v 0.0022420968682960759 0.0061276704687611558 0.0025000000000000001
v 0.0022691863189899662 0.0062366521399071836 0.0025000000000000001
v 0.0023005634528520768 0.0063444182869160405 0.0025000000000000001
v 0.0023361690111508059 0.0064507914935199202 0.0025000000000000001
v 0.0023759361217882006 0.0065555987711661667 0.0025000000000000001
v 0.0024197898745338545 0.006658669798888823 0.0025000000000000001
v 0.0024676475157814448 0.0067598376467391625 0.0025000000000000001
v 0.00251941866646645 0.0068589393919163064 0.0025000000000000001
v 0.0025750053154546051 0.0069558161951767065 0.0025000000000000001
v 0.0026343021168158641 0.0070503139974645353 0.0025000000000000001
v 0.0026971965229120628 0.0071422838153358511 0.0025000000000000001
v 0.0027635689401599287 0.0072315819812310122 0.0025000000000000001
v 0.0028332931049598067 0.0073180707997895361 0.0025000000000000001
v 0.0028865090386829516 0.0073796691665102554 0.0025000000000000001
v 0.0031156151056241864 0.0033664144990419886 0.002552948583506446
v 0.0030321087323303799 0.0034179939346356942 0.0026096884479661266
v 0.0029519108811540832 0.0034710331348433176 0.0026701659835153919
v 0.0028752565893513989 0.0035253625702255068 0.0027343156701095986
v 0.0028023743899822299 0.0035808022341430488 0.0028020590823365247
v 0.0027334856837350628 0.0036371621672180482 0.0028733038825322554
v 0.0026688034954571523 0.0036942435217112543 0.0029479434773621569
v 0.0026085305037236348 0.0037518403238487553 0.0030258571952232558
v 0.0025528610521437099 0.003809737428419249 0.003106905351935774
v 0.0025019762074242505 0.0038677149168270773 0.00319093279212542
v 0.002460408800645865 0.0039197788611809682 0.0032689638565463245
v 0.0024265193753062655 0.003966401510813909 0.0033410246958246259
v 0.0023960424688737204 0.004012676577568406 0.003414711056833131
v 0.0023690443685053957 0.0040584832244924722 0.0034899078856155466
v 0.0023455687737754241 0.0041037311324721463 0.0035665440631803104
v 0.0023256504844741325 0.004148353095829246 0.0036445866888830318
v 0.0023093471183377044 0.0041922360884532788 0.0037239210315699869
v 0.0022967098084734983 0.0042352677152126461 0.0038044246767032839
v 0.0022877823991029008 0.0042773373916881394 0.0038859686889125581
v 0.0022826010398028611 0.0043183368470998407 0.0039684176580221638
v 0.0022811937680717546 0.0043581608675368625 0.0040516303728371488
v 0.002283580098426261 0.0043967078770032128 0.0041354599823805174
v 0.0022897707683767095 0.0044338806522092938 0.0042197548529418353
v 0.0022997677470739915 0.0044695873639502663 0.0043043603548083348
v 0.0023135633999391736 0.0045037401264687478 0.0043891145361584141
v 0.002331140565837022 0.0045362573309645155 0.0044738528572688899
v 0.0023524727739046378 0.0045670642606600864 0.0045584094166371061
v 0.0023775243127823744 0.0045960932014877595 0.0046426170709699503
v 0.0024062502029386888 0.0046232835679737433 0.0047263075829234238
v 0.0024385960720889276 0.0046485820443193885 0.0048093117965928023
v 0.0024744979350345363 0.004671942741451161 0.004891459843575874
v 0.0025138835693593858 0.0046933282105018062 0.0049725846976486797
v 0.0025566730152564495 0.0047127093412532624 0.0050525226801075816
v 0.0026027776634081896 0.0047300646945200951 0.0051311114949446528
v 0.002652101148792569 0.004745380896219187 0.0052081923106408216
v 0.0027045394113708035 0.0047586524866582124 0.0052836099758111835
v 0.0027599802868285297 0.0047698816965855515 0.0053572126834285196
v 0.0028183046591690078 0.0047790786123772591 0.0054288540107654652
v 0.0028793876820306348 0.0047862610346189631 0.0054983943761654575
v 0.0029430962549329334 0.0047914538922080828 0.0055656982826919584
v 0.0030092885290631034 0.0047946892742331357 0.005630634793519107
v 0.0030778134235230001 0.0047960064878221969 0.005693078179515693
v 0.0031485100881024092 0.004795452127808293 0.0057529086525014064
v 0.0032212073125786147 0.0047930801582117492 0.0058100131841754025
v 0.0032957208518493435 0.0047889521419643153 0.0058642850026462429
v 0.0033718453259347055 0.0047831381783691382 0.0059156203025231783
v 0.0034257447691242336 0.0047781299158844029 0.0059496171232799469
v 0.0034843946700606988 0.0047719034406207769 0.0059845152210290476
v 0.0035436183427962325 0.0047648478960919914 0.0060176385469594773
v 0.0036032949339345039 0.0047570075866951072 0.0060489561063754443
v 0.0036632967364507193 0.0047484304617016635 0.0060784428662048222
v 0.0037234851995531296 0.0047391687575029885 0.0061060786220433396
v 0.0037837067150231938 0.0047292799033713381 0.0061318474836143779
v 0.0038637713838992108 0.0047152267568676513 0.0061632903538747161
v 0.0039530623334429003 0.004698413585863967 0.006194694924387823
v 0.0040409610111196816 0.0046807682792971575 0.0062219668635357956
v 0.0041169874058930318 0.0046646863649733323 0.0062427249025497553
v 0.0041825951987806845 0.0046502303129668599 0.0062585758768156858
v 0.0042675011305716793 0.0046307674064362597 0.0062763069182366679
v 0.004359181706713385 0.0046088437570618174 0.0062919871789885399
v 0.0044466441853406981 0.0045870950763504132 0.0063036408477390058
v 0.0045310078704380915 0.0045653816136636783 0.0063118561310558045
v 0.0046155560192987985 0.0045429259468528702 0.0063171283349893279
v 0.0047009702760401123 0.0045195595648573617 0.0063194534554509088
v 0.0047877326554257174 0.0044951460460021788 0.006318725086218834
v 0.0048762964381485231 0.0044695392904561659 0.0063147554293574446
v 0.0049670601142217455 0.0044425920815981705 0.0063072768670539292
v 0.0050602684535431671 0.0044141876329976048 0.0062959576617155804
v 0.0051559648956938375 0.0043842589298035087 0.0062804310456426498
v 0.005254006719635362 0.0043527896754391258 0.0062603240863162053
v 0.0053540395256839422 0.0043198279953704415 0.006235297070742875
v 0.0054555075078421616 0.0042854895711084686 0.0062050836095067889
v 0.0055577525144612219 0.0042499297599234527 0.0061695011748396991
v 0.0056600692301178521 0.0042133270725582114 0.006128456085571078
v 0.0057617608974323865 0.0041758641264709037 0.0060819342591744074
v 0.0058621657912184292 0.0041377171881543705 0.0060299912143513745
v 0.0059607019449650521 0.0040990372931047469 0.0059727222677134215
v 0.0060256169072419917 0.0040728061091000693 0.0059313016179468638
v 0.0060966001607442389 0.0040433633021131126 0.0058823680694196539
v 0.0061658747965750681 0.0040137773396118123 0.0058306390028853216
v 0.0062332726500880266 0.0039840819164436306 0.005776187807295813
v 0.0062986348423407787 0.0039543061684103311 0.0057190939876708285
v 0.0063618112440054306 0.003924474773046689 0.0056594421491580737
v 0.0064226599129797489 0.0038946080859727917 0.005597321046762093
v 0.0064810465056992532 0.0038647223128199272 0.0055328227007417352
v 0.0065368434326005496 0.0038348298422961604 0.0054660418638929004
v 0.0065899252072641823 0.003804941820348795 0.0053970808119662237
v 0.0066401711869404564 0.003775067024190509 0.0053260461948559093
v 0.0066874652422809471 0.0037452122939658481 0.0052530491035219359
v 0.0067316950247196077 0.0037153833331710572 0.0051782060941750465
v 0.0067727522389986481 0.003685585029206722 0.0051016391031241349
v 0.0068105329507609762 0.0036558218018832478 0.0050234753712483883
v 0.0068449379292092119 0.0036260979798791752 0.0049438473780942091
v 0.006875873024899266 0.0035964182050856005 0.0048628927854145378
v 0.0069032517209033422 0.0035667853994522792 0.0047807475142950485
v 0.0069269927473173971 0.0035372031332536209 0.0046975505967192435
v 0.0069470181073137145 0.0035076791282244273 0.0046134532097573113
v 0.0069632567477649222 0.0034782232958361363 0.0045286116221538103
v 0.0069756454461684329 0.0034488480751528176 0.0044431865373553963
v 0.0069841291544362159 0.0034195679387516672 0.0043573412106294738
v 0.0069886617477616974 0.0033904004907955088 0.0042712421027075731
v 0.0069892065972382671 0.0033613686341199813 0.0041850642211574687
v 0.0069857380643511859 0.0033324982657306178 0.0040989829340537087
v 0.006978241701033742 0.0033038185576310434 0.0040131733099752903
v 0.0069667144826600878 0.0032753622947878373 0.0039278098198739899
v 0.0069511651286167245 0.003247166154507309 0.0038430660421037736
v 0.0069316145104526376 0.0032192709272241926 0.0037591143706112917
v 0.0069080961476080619 0.003191721678702253 0.0036761257262874453
v 0.0068806564640287622 0.0031645675473480251 0.0035942683564045546
v 0.0068493523668976836 0.0031378594202589637 0.0035137005347423969
v 0.0068136923292334084 0.0031112590737173828 0.0034333897750006438
v 0.0067746359247952024 0.003085502869589439 0.0033555322327415843
v 0.0067318450370322499 0.0030603277549483654 0.0032792920445241141
v 0.0066854127167887143 0.0030358049828216175 0.003204827467981999
v 0.006635445488487008 0.003012007623516133 0.0031322881134687179
v 0.0065820601218597001 0.0029890089110583985 0.0030618109948815243
v 0.0065253827258422315 0.0029668820183560984 0.0029935211263559022
v 0.0064655479429845172 0.0029456997747586478 0.0029275320791600644
v 0.0064026982443814587 0.0029255343260166243 0.0028639464987894833
v 0.0063369833251223397 0.0029064567366400857 0.0028028565822614511
v 0.0062685596002591167 0.0028885365346557881 0.0027443445156096844
v 0.0061975898012936129 0.0028718411987632871 0.0026884828715789569
v 0.0061242424136139758 0.002856435537539055 0.0026353347898083368
v 0.006048678843036526 0.0028423789761127874 0.0025849463679306524
v 0.0059777342294341828 0.0028307469774512305 0.0025412904129593281
v 0.0059051961664476011 0.0028203321287427132 0.0025000000000000001
v 0.0071264702702358669 0.0036350270270583034 0.0025000000000000001
v 0.0070429968685803597 0.0035439417710273181 0.0025000000000000001
v 0.0069555712218810385 0.003456536979897742 0.0025000000000000001
v 0.0068643625259478883 0.0033729945205316367 0.0025000000000000001
v 0.0067695493682830661 0.0032934880235249743 0.0025000000000000001
v 0.0066713181997177344 0.0032181815320063232 0.0025000000000000001
v 0.0065698632394944377 0.0031472294370834594 0.0025000000000000001
v 0.0064653864230419045 0.0030807764515413481 0.0025000000000000001
v 0.0063580969294353903 0.0030189573481454448 0.0025000000000000001
v 0.0062482088480108671 0.0029618955087707911 0.0025000000000000001
v 0.0061359441277179108 0.0029097044758274872 0.0025000000000000001
v 0.0060215295687739293 0.0028624864840310327 0.0025000000000000001
v 0.0071064179395303522 0.0036740745667274404 0.0023913973541113084
v 0.0070839286663129386 0.0037172509636233231 0.0022838391713968557
v 0.0070589086830059079 0.0037645462264114652 0.0021774663665756456
v 0.0070312557288783294 0.0038159458683104898 0.0020724279886626166
v 0.0070008593893209053 0.0038714296860713083 0.0019688826186536655
v 0.0069676014547643966 0.0039309706136373881 0.001866999295516577
v 0.0069313567964052938 0.0039945328838577165 0.0017669594097465156
v 0.006891994336349655 0.004062070164682725 0.0016689578909313762
v 0.0068493784968854995 0.0041335232242031327 0.0015732046271151533
v 0.0068033713845796788 0.0042088166710693977 0.0014799264246237792
v 0.0067538359686103826 0.0042878549074037466 0.0013893688932010209
v 0.0067006408668668369 0.0043705162151644007 0.0013017991369916595
v 0.0066436643421087273 0.0044566494247867579 0.0012175041960541747
v 0.0065828038377885069 0.0045460635333697662 0.0011367951329754166
v 0.0065179904074490116 0.0046385128033857919 0.0010600112882463112
v 0.0064492023613131255 0.0047336865781834386 0.00098751595329034728
v 0.0063764998266589738 0.0048311748125995048 0.00091970521802789873
v 0.006300055686307697 0.0049304460584039264 0.0008569972546056679
v 0.0062202368632544086 0.0050307706317032474 0.00079984340047146204
v 0.0061376243759712354 0.0051312344538049243 0.00074866891279325577
v 0.0060532584119056031 0.0052304935346044051 0.00070392900694593054
v 0.0059689346685018003 0.0053265203371276959 0.00066608567607704219
v 0.0058868779115862782 0.0054170719464730578 0.00063528875358582571
v 0.0071081171049067818 0.0057363096951025261 0.0013786796564403576
v 0.0073145633413797713 0.0057594513161644892 0.0016091056208023089
v 0.0072677685216001996 0.0060307959863806632 0.0016091056208023086
v 0.0070654961239922836 0.0059834519229177317 0.0013786796564403581
v 0.0074953579867659791 0.0057797175183730591 0.0018583707398445728
v 0.0071841641521402846 0.0063086689082831656 0.0016091056208023089
v 0.0069893488014487887 0.0062365401185096878 0.0013786796564403576
v 0.0068765526116104534 0.0064892170115085903 0.0013786796564403576
v 0.0074449079406650074 0.0060722574017649166 0.0018583707398445726
v 0.0070603219208716988 0.0065860902490558169 0.0016091056208023091
v 0.0076482658045940967 0.0057968577425691684 0.0021221162208319901
v 0.007354773085709615 0.0063718354701542933 0.0018583707398445728
v 0.0068945335249027892 0.0068547181144939301 0.0016091056208023091
v 0.0067255516227462762 0.0067338847584915264 0.0013786796564403576
v 0.0075947243357395409 0.006107323565018417 0.0021221162208319901
v 0.0072212573182341136 0.0066709266836112915 0.0018583707398445724
v 0.0066873798872800162 0.0071053870445227391 0.0016091056208023089
v 0.006536874942783006 0.0069621954076817946 0.0013786796564403581
v 0.0077720037108438018 0.0058107281612619606 0.0023957158713143823
v 0.0074990662957122771 0.0064252588506686116 0.0021221162208319901
v 0.0070425188967798433 0.006960537547788072 0.0018583707398445728
v 0.0064420861023087115 0.0073289084504825942 0.0016091056208023089
v 0.0063134600054682759 0.0071657799416595435 0.0013786796564403581
v 0.0077159605636297306 0.0061357002280486616 0.0023957158713143823
v 0.0073573690950481897 0.0067426774484223009 0.0021221162208319901
v 0.00681918412132217 0.0072307866722767494 0.0018583707398445726
v 0.0061645297813622659 0.0075170247482465183 0.0016091056208023089
v 0.0060606601717798211 0.0073371173070873831 0.0013786796564403581
v 0.0076158329852470674 0.0064684907621792055 0.0023957158713143823
v 0.0071676781360696211 0.0070500347704201402 0.0021221162208319901
v 0.0065547300039994118 0.0074717677314697925 0.0018583707398445726
v 0.0058628381281596057 0.0076633374242851262 0.0016091056208023089
v 0.0057858777438575884 0.0074703797024201464 0.0013786796564403581
v 0.0074675151066656799 0.0068007404666226463 0.0023957158713143823
v 0.0069306580964769108 0.0073368439252189683 0.0021221162208319906
v 0.0062554932668279772 0.0076745781267066847 0.0018583707398445726
v 0.005546616019823104 0.0077640073704807848 0.0016091056208023089
v 0.0054978608969578754 0.0075620704467307363 0.0013786796564403581
v 0.0079315556315655966 0.0058286131571433711 0.0029541108427635666
v 0.0072689610033389159 0.0071224587909898681 0.0023957158713143823
v 0.0066499990489557849 0.0075925915582240808 0.0021221162208319901
v 0.0059302359438155481 0.0078323195452242693 0.0018583707398445726
v 0.005225953539667305 0.0078180732181340577 0.0016091056208023091
v 0.0052057997348229504 0.0076113139200855006 0.0013786796564403576
v 0.0070208664094520172 0.0074226688529961558 0.0023957158713143823
v 0.0063324260102446293 0.0078078295470699853 0.0021221162208319901
v 0.0055893131660621122 0.0079408529993646466 0.0018583707398445726
v 0.004910420786049057 0.0078273362479767527 0.0016091056208023086
v 0.0049184107560169363 0.0076197507389469806 0.0013786796564403581
v 0.0046431880528113962 0.0075910966582976216 0.0013786796564403576
v 0.0067270938131133752 0.0076903660707376177 0.0023957158713143823
v 0.0059872379246890262 0.0079752368717279122 0.0021221162208319901
v 0.0052436031711755784 0.0079991420262151454 0.0018583707398445728
v 0.0046082457417537083 0.0077958760959303689 0.0016091056208023089
v 0.0063946824515936458 0.0079156608665849146 0.0023957158713143823
v 0.0056254244537882955 0.0080904209201805959 0.0021221162208319906
v 0.0049034235948593871 0.0080091286077384818 0.0018583707398445728
v 0.004325798547632374 0.0077293431427987846 0.0016091056208023086
v 0.0043859335847590518 0.0075304980762544759 0.0013786796564403581
v 0.0079813278008298762 0.0058341923757342443 0.0035000000000000001
v 0.0060333657542895923 0.008090890152243924 0.0023957158713143823
v 0.0052585304198982117 0.0081522817182744633 0.0021221162208319901
v 0.0045776451222191593 0.0079752110474495437 0.0018583707398445728
v 0.0040674097601538723 0.0076341963103853201 0.0016091056208023089
v 0.004150591646665952 0.0074438378145530405 0.0013786796564403576
v 0.0037412912484272656 0.0072075281194505132 0.0013786796564403581
v 0.0056546468650337531 0.0082114560747381694 0.0023957158713143823
v 0.0048975056915196444 0.0081628802466192155 0.0021221162208319901
v 0.0042731354770995924 0.0079034810874126522 0.0018583707398445726
v 0.0038354702186377361 0.0075170247482465183 0.0016091056208023089
v 0.0039393398282201791 0.0073371173070873831 0.0013786796564403581
v 0.0052706100279211552 0.008276207264582662 0.0023957158713143823
v 0.0045517645218992727 0.0081268843231626104 0.0021221162208319901
v 0.0039945634834116202 0.0078009021672622598 0.0018583707398445728
v 0.0036180268984663576 0.0073747449942208297 0.0016091056208023091
v 0.0048927167344927965 0.0082873009999056713 0.0023957158713143823
v 0.0042285954677531105 0.0080507589730773547 0.0021221162208319901
v 0.0037445067331720234 0.0076745781267066856 0.001858370739844573
v 0.0079315556315655966 0.0058286131571433711 0.0040458891572364344
v 0.0045308211107542122 0.0082496231983708486 0.0023957158713143823
v 0.0039329534440779527 0.0079418943340367077 0.0021221162208319901
v 0.0035100785298224006 0.0075211846488892013 0.0018583707398445728
v 0.0041925522648668381 0.0081699409578043797 0.0023957158713143823
v 0.0036675739897553718 0.0078078295470699862 0.0021221162208319901
v 0.0038830966259021851 0.0080559897136064443 0.0023957158713143823
v 0.003418780751327951 0.007645036591467539 0.0021221162208319901
v 0.0036053175484063553 0.0079156608665849146 0.0023957158713143823
v 0.0031766801965073502 0.0074434354080589356 0.0021221162208319901
v 0.0077720037108438018 0.0058107281612619598 0.0046042841286856187
v 0.0033448996632540143 0.0077452615523444851 0.0023957158713143823
v 0.0030914871715034325 0.0075342407297557179 0.0023957158713143823
v 0.0076482658045940967 0.0057968577425691692 0.0048778837791680109
v 0.0077159605636297306 0.0061357002280486616 0.0046042841286856187
v 0.0075947243357395409 0.006107323565018417 0.0048778837791680109
v 0.0074953579867659791 0.0057797175183730591 0.0051416292601554276
v 0.0074990662957122771 0.0064252588506686125 0.0048778837791680109
v 0.0076158329852470674 0.0064684907621792055 0.0046042841286856187
v 0.0074449079406650074 0.0060722574017649166 0.0051416292601554276
v 0.0073573690950481897 0.0067426774484223009 0.0048778837791680109
v 0.0074675151066656807 0.0068007404666226455 0.0046042841286856187
v 0.0072689610033389159 0.0071224587909898673 0.0046042841286856187
v 0.0073145633413797713 0.0057594513161644892 0.0053908943791976926
v 0.007354773085709615 0.0063718354701542933 0.0051416292601554276
v 0.0071676781360696211 0.0070500347704201402 0.0048778837791680109
v 0.0027297880664668038 0.0073836514552472693 0.0029541108427635666
v 0.0072677685216001996 0.0060307959863806632 0.0053908943791976926
v 0.0072212573182341136 0.0066709266836112915 0.0051416292601554276
v 0.0069306580964769117 0.0073368439252189692 0.00487788377916801
v 0.0070208664094520172 0.0074226688529961558 0.0046042841286856187
v 0.0071081171049067818 0.005736309695102527 0.0056213203435596425
v 0.0071841641521402854 0.0063086689082831665 0.0053908943791976917
v 0.0070425188967798433 0.006960537547788072 0.0051416292601554276
v 0.0066499990489557849 0.0075925915582240808 0.0048778837791680109
v 0.0067270938131133752 0.0076903660707376177 0.0046042841286856187
v 0.0070654961239922836 0.0059834519229177317 0.0056213203435596425
v 0.0070603219208716988 0.0065860902490558169 0.0053908943791976926
v 0.00681918412132217 0.0072307866722767502 0.0051416292601554276
v 0.0063324260102446293 0.0078078295470699862 0.0048778837791680109
v 0.0063946824515936458 0.0079156608665849146 0.0046042841286856187
v 0.0060333657542895923 0.008090890152243924 0.0046042841286856187
v 0.006879125327045009 0.0057106408282822018 0.0058290595627245303
v 0.0069893488014487895 0.0062365401185096878 0.0056213203435596425
v 0.0068945335249027892 0.0068547181144939309 0.0053908943791976917
v 0.0065547300039994118 0.0074717677314697934 0.0051416292601554276
v 0.0059872379246890262 0.0079752368717279139 0.0048778837791680109
v 0.0056546468650337531 0.0082114560747381694 0.0046042841286856187
v 0.0068411340007977529 0.0059309375179627385 0.0058290595627245312
v 0.0068765526116104534 0.0064892170115085912 0.0056213203435596425
v 0.0066873798872800162 0.00710538704452274 0.0053908943791976917
v 0.0062554932668279772 0.0076745781267066856 0.0051416292601554276
v 0.0056254244537882955 0.0080904209201805976 0.00487788377916801
v 0.0066314116506523855 0.0056828733275087308 0.0060109865336559539
v 0.0067732580929342409 0.0061565343015598213 0.0058290595627245303
v 0.006725551622746277 0.0067338847584915264 0.0056213203435596425
v 0.0064420861023087115 0.0073289084504825942 0.0053908943791976917
v 0.0059302359438155481 0.0078323195452242693 0.0051416292601554276
v 0.0052585304198982117 0.0081522817182744633 0.0048778837791680109
v 0.0052706100279211552 0.008276207264582662 0.0046042841286856187
v 0.0065984284901513379 0.0058741296428659086 0.0060109865336559539
v 0.006672714258521035 0.0063817644598314497 0.0058290595627245295
v 0.006536874942783006 0.0069621954076817955 0.0056213203435596416
v 0.0061645297813622659 0.0075170247482465183 0.0053908943791976917
v 0.0055893131660621122 0.0079408529993646466 0.0051416292601554276
v 0.0048975056915196444 0.0081628802466192155 0.0048778837791680109
v 0.0048927167344927965 0.0082873009999056713 0.0046042841286856187
v 0.0045308211107542122 0.0082496231983708486 0.0046042841286856187
v 0.0063693077390487079 0.0056534927512152788 0.006164852020489258
v 0.0065395002508830853 0.0060699873729560807 0.0060109865336559539
v 0.0065381155771085699 0.00659985545629296 0.0058290595627245295
v 0.0063134600054682759 0.0071657799416595443 0.0056213203435596425
v 0.0058628381281596057 0.0076633374242851262 0.0053908943791976917
v 0.0052436031711755784 0.0079991420262151471 0.0051416292601554276
v 0.0045517645218992727 0.0081268843231626121 0.0048778837791680109
v 0.0063416236797162202 0.0058140216726900009 0.006164852020489258
v 0.0064522104993682628 0.0062655268077102446 0.0060109865336559539
v 0.0063699336828881232 0.0068033661257566906 0.0058290595627245303
v 0.0060606601717798211 0.0073371173070873831 0.0056213203435596425
v 0.005546616019823104 0.0077640073704807857 0.0053908943791976917
v 0.0049034235948593871 0.0080091286077384818 0.0051416292601554276
v 0.0042285954677531105 0.0080507589730773547 0.0048778837791680109
v 0.0041925522648668372 0.0081699409578043797 0.0046042841286856187
v 0.0060974109909552104 0.005623014445483689 0.006289364903187291
v 0.0062921628988971898 0.0059784127418954581 0.006164852020489258
v 0.0063353551444547884 0.0064548681929861261 0.0060109865336559539
v 0.0025039171417117726 0.0039278755161974719 0.0029541108427635666
v 0.0061707869342700738 0.0069848365256229075 0.0058290595627245303
v 0.0057858777438575884 0.0074703797024201473 0.0056213203435596425
v 0.005225953539667305 0.0078180732181340577 0.0053908943791976917
v 0.0045776451222191593 0.0079752110474495437 0.0051416292601554276
v 0.0039329534440779527 0.0079418943340367077 0.0048778837791680109
v 0.0038830966259021842 0.008055989713606446 0.0046042841286856187
v 0.0036053175484063553 0.0079156608665849146 0.0046042841286856187
v 0.006075224020035996 0.0057516679232730815 0.006289364903187291
v 0.0062188971892640091 0.0061425366533503101 0.006164852020489258
v 0.0061893436476636267 0.0066315512871985248 0.0060109865336559539
v 0.0059454471895988457 0.0071375625682584065 0.0058290595627245303
v 0.0054978608969578754 0.0075620704467307363 0.0056213203435596416
v 0.0049104207860490561 0.0078273362479767527 0.0053908943791976926
v 0.0042731354770995924 0.0079034810874126522 0.0051416292601554276
v 0.0036675739897553718 0.007807829547069987 0.00487788377916801
v 0.0060355844248272958 0.0058834166609865474 0.006289364903187291
v 0.0061208159099202476 0.0063014582989550779 0.006164852020489258
v 0.0060164492051221433 0.0067890995466623281 0.0060109865336559539
v 0.0057005126845214244 0.0072563494903082398 0.0058290595627245303
v 0.0052057997348229504 0.0076113139200855006 0.0056213203435596425
v 0.0046082457417537083 0.0077958760959303689 0.0053908943791976917
v 0.0039945634834116202 0.0078009021672622606 0.0051416292601554276
v 0.003418780751327951 0.007645036591467539 0.00487788377916801
v 0.0033448996632540143 0.0077452615523444859 0.0046042841286856187
v 0.0059768667292218929 0.0060149512891587674 0.006289364903187291
v 0.0022686567164179102 0.0042591277796521481 0.0035000000000000001
v 0.0059982627379686609 0.0064497553447481265 0.006164852020489258
v 0.0058208146300777136 0.0069216926428904537 0.0060109865336559539
v 0.0054437813338933357 0.0073380804337594349 0.0058290595627245303
v 0.0049184107560169363 0.0076197507389469806 0.0056213203435596425
v 0.004325798547632374 0.0077293431427987846 0.0053908943791976926
v 0.0037445067331720238 0.0076745781267066864 0.0051416292601554276
v 0.0031766801965073502 0.0074434354080589356 0.00487788377916801
v 0.0030914871715034325 0.0075342407297557179 0.0046042841286856187
v 0.0055424915068801915 0.0055608106647814697 0.0064499161052497238
v 0.0058982609703487491 0.006142316639995476 0.006289364903187291
v 0.0058531456560133536 0.0065819917737764289 0.006164852020489258
v 0.005608168352855508 0.00702482060662344 0.0060109865336559539
v 0.005183444977086343 0.007381974891879064 0.0058290595627245295
v 0.0046431880528113962 0.0075910966582976216 0.0056213203435596425
v 0.0040674097601538714 0.0076341963103853201 0.0053908943791976917
v 0.003510078529822401 0.0075211846488892021 0.0051416292601554276
v 0.0029491691823884517 0.0072016254724940002 0.0048778837791680109
v 0.0028533459039987216 0.0072811324361916428 0.0046042841286856187
v 0.0026397681588415244 0.0069865605332830255 0.0046042841286856187
v 0.0068765526116104526 0.0045107829884914082 0.0013786796564403576
v 0.0055315236530986333 0.0056244089152150609 0.0064499161052497238
v 0.0058000425830273365 0.006261167065899402 0.006289364903187291
v 0.0056889418895840057 0.0066932823562220051 0.006164852020489258
v 0.0053852803365670903 0.0070957774563056106 0.0060109865336559539
v 0.0049272732931077813 0.0073894952710673928 0.0058290595627245303
v 0.0043859335847590518 0.0075304980762544767 0.0056213203435596425
v 0.0038354702186377361 0.0075170247482465192 0.0053908943791976917
v 0.0032819565822354005 0.0073312236856477352 0.0051416292601554276
v 0.0027451252134321671 0.006920202798196916 0.00487788377916801
v 0.0055119283110489142 0.0056895372689866313 0.0064499161052497238
v 0.0021704886337400617 0.0046658114983904953 0.0040458891572364344
v 0.0056837406910773642 0.0063671459532466277 0.006289364903187291
v 0.0055104595347694966 0.0067798416981241184 0.006164852020489258
v 0.0051592625401643329 0.0071338855746651483 0.0060109865336559539
v 0.0046819463371395587 0.0073639537067273107 0.0058290595627245303
v 0.004150591646665952 0.0074438378145530405 0.0056213203435596425
v 0.0036180268984663576 0.0073747449942208306 0.0053908943791976917
v 0.0030675817920712252 0.0071033755772952518 0.0051416292601554276
v 0.0025737914440321689 0.0066022469478543228 0.00487788377916801
v 0.0024604289687399305 0.0066537484735927962 0.0046042841286856187
v 0.0070603219208716988 0.0044139097509441816 0.0016091056208023084
v 0.0054829019467860758 0.0057545597803631242 0.0064499161052497238
v 0.0055521420643428092 0.00645633810843771 0.006289364903187291
v 0.0053233808869475943 0.0068393985631063315 0.006164852020489258
v 0.004936860413070945 0.0071404145879505236 0.0060109865336559539
v 0.0044526358376006684 0.0073099375754435026 0.0058290595627245312
v 0.0039393398282201791 0.0073371173070873839 0.0056213203435596416
v 0.0034064329307674276 0.0071985471564181211 0.0053908943791976917
v 0.0028753190869065018 0.0068382019241271918 0.0051416292601554276
v 0.0070425188967798424 0.0040394624522119274 0.0018583707398445724
v 0.002443917449734794 0.0062535769949616281 0.00487788377916801
v 0.0023244867255142322 0.0062887872217420133 0.0046042841286856187
v 0.0071841641521402837 0.0046913310917168329 0.0016091056208023084
v 0.0069893488014487878 0.0047634598814903107 0.0013786796564403576
v 0.0071081171049067809 0.0052636903048974741 0.0013786796564403576
v 0.0054440441652147111 0.0058175212612205278 0.006449916105249723
v 0.0054091000787617697 0.00652570978469744 0.006289364903187291
v 0.0051336752920088371 0.0068713842004342442 0.006164852020489258
v 0.0047238734193747788 0.007118240012875309 0.0060109865336559539
v 0.0042428576448440775 0.0072326906842568196 0.0058290595627245295
v 0.0037412912484272661 0.0072075281194505141 0.0056213203435596416
v 0.0032075901061060083 0.006987207187647203 0.0053908943791976917
v 0.0027138779320445808 0.0065386044784270739 0.0051416292601554276
v 0.0072212573182341127 0.004329073316388707 0.0018583707398445726
v 0.0023627630263551905 0.005882645313503832 0.0048778837791680109
v 0.0022395404325970341 0.0059005240815063068 0.0046042841286856187
v 0.0072677685216001996 0.0049692040136193379 0.0016091056208023084
v 0.0070654961239922836 0.0050165480770822685 0.0013786796564403572
v 0.0053954911241202736 0.0058762734945892242 0.0064499161052497238
v 0.0052591687240792781 0.006573440733960695 0.006289364903187291
v 0.0049470044700319999 0.0068768642571792361 0.006164852020489258
v 0.0045247915299550081 0.0070713445000368169 0.0060109865336559539
v 0.0040545528104011554 0.0071375625682584065 0.0058290595627245295
v 0.0035485702912486663 0.0070470461533367439 0.0056213203435596416
v 0.0030292572930792458 0.0067412459989209354 0.0053908943791976917
v 0.0071676781360696202 0.0039499652295798601 0.0021221162208319901
v 0.0025915027126157185 0.0062100663270878978 0.0051416292601554276
v 0.007354773085709615 0.0046281645298457061 0.0018583707398445726
v 0.0023351479795107426 0.0054999999999999997 0.00487788377916801
v 0.0022106350968127096 0.0054999999999999997 0.0046042841286856187
v 0.0022395404325970336 0.0050994759184936934 0.0046042841286856187
v 0.0073145633413797713 0.0052405486838355102 0.0016091056208023082
v 0.0023244867255142318 0.0047112127782579878 0.0046042841286856187
v 0.0053379987268899164 0.0059286628425803903 0.0064499161052497238
v 0.0051071320423351722 0.0065990751395478163 0.006289364903187291
v 0.0047682361385270391 0.0068582522672204389 0.006164852020489258
v 0.0043426671219709599 0.0070042805972492352 0.0060109865336559539
v 0.0038780170281109134 0.0070220498559746183 0.0058290595627245303
v 0.0033674631457398145 0.0068545565397879335 0.0056213203435596425
v 0.002879512935429907 0.0064633551036401291 0.0053908943791976917
v 0.0073573690950481888 0.0042573225515776993 0.0021221162208319901
v 0.0025150340521850412 0.0058605518137544756 0.0051416292601554276
v 0.0074449079406650074 0.0049277425982350836 0.0018583707398445721
v 0.0023627630263551905 0.0051173546864961682 0.00487788377916801
v 0.0052729445786182175 0.0059727538778172303 0.0064499161052497238
v 0.004957527533512091 0.0066034670481973576 0.006289364903187291
v 0.0046011389060303127 0.0068188910252980055 0.006164852020489258
v 0.0041791853699222866 0.0069216926428904537 0.0060109865336559539
v 0.0037062301616015798 0.0068790000574807638 0.0058290595627245295
v 0.003205036632372611 0.00663053372743839 0.0056213203435596425
v 0.0072689610033389142 0.0038775412090101317 0.0023957158713143823
v 0.0027660040928968806 0.0061586203259580471 0.0053908943791976917
v 0.0074990662957122763 0.0045747411493313869 0.0021221162208319901
v 0.0024890134663440467 0.0054999999999999997 0.0051416292601554276
v 0.0074953579867659782 0.005220282481626942 0.0018583707398445724
v 0.0024439174497347931 0.0047464230050383721 0.00487788377916801
v 0.0052022335478881087 0.006007046905223661 0.0064499161052497238
v 0.0048142563562349073 0.0065885507501572092 0.006289364903187291
v 0.0044482747523248416 0.0067626016632224527 0.006164852020489258
v 0.0040259212273766548 0.0068214072697405041 0.0060109865336559539
v 0.003544795569926202 0.006707419405167489 0.0058290595627245295
v 0.0030686486424307746 0.0063774291615939747 0.0056213203435596416
v 0.0074675151066656799 0.0041992595333773522 0.0023957158713143818
v 0.0026950757695316839 0.0058344289738025308 0.0053908943791976917
v 0.0075947243357395409 0.0048926764349815832 0.0021221162208319901
v 0.0025150340521850412 0.0051394481862455238 0.0051416292601554276
v 0.0051281168430248767 0.0060306421077540332 0.0064499161052497238
v 0.0046803388048541625 0.0065570052777469429 0.006289364903187291
v 0.0043110581104159953 0.0066932823562220051 0.006164852020489258
v 0.0038767799798936553 0.006697214857170908 0.0060109865336559539
v 0.0068265024589499552 0.00318356010320547 0.0029541108427635666
v 0.0034000124483711848 0.0065077308112359428 0.0058290595627245295
v 0.0029652641602591194 0.0060998750390489414 0.0056213203435596416
v 0.0076158329852470674 0.0045315092378207938 0.0023957158713143814
v 0.0026709404372754712 0.0054999999999999997 0.0053908943791976917
v 0.0076482658045940967 0.0052031422574308319 0.0021221162208319901
v 0.0025915027126157176 0.0047899336729121033 0.0051416292601554276
v 0.0050529593958512963 0.0060433141580884583 0.006449916105249723
v 0.0045578281393437257 0.0065118930193013118 0.006289364903187291
v 0.0041824175086264508 0.0066091089120071745 0.006164852020489258
v 0.0037366263297421371 0.0065482526399192288 0.0060109865336559539
v 0.0032784394458050875 0.0062821194355861055 0.0058290595627245295
v 0.0029006622506741369 0.0058045997607606018 0.0056213203435596416
v 0.0077159605636297306 0.0048642997719513395 0.0023957158713143818
v 0.0026950757695316839 0.0051655710261974694 0.0053908943791976917
v 0.0049790042631832135 0.0060454852436352662 0.006449916105249723
v 0.0044478579356571919 0.00645633810843771 0.006289364903187291
v 0.0040572374142534666 0.0065048693526080044 0.006164852020489258
v 0.003610929087560793 0.0063748877802402796 0.0060109865336559539
v 0.0031862849832185419 0.0060347143080027449 0.0058290595627245295
v 0.0028786796564403581 0.0054999999999999997 0.0056213203435596416
v 0.0077720037108438018 0.0051892718387380405 0.0023957158713143818
v 0.0027660040928968806 0.004841379674041954 0.0053908943791976917
v 0.0049081799343818899 0.0060381115567781371 0.0064499161052497238
v 0.0043447608697010651 0.0063888785738176225 0.006289364903187291
v 0.0039396009625757714 0.0063798395253249806 0.006164852020489258
v 0.0035053823153808807 0.0061790173816790236 0.0060109865336559539
v 0.003128700381208503 0.0057715129646853311 0.0058290595627245295
v 0.0029006622506741369 0.0051954002392393976 0.0056213203435596416
v 0.0048419794544841905 0.0060225174439032542 0.0064499161052497238
v 0.0042444371751098409 0.0063053373544738603 0.006289364903187291
v 0.0038340983407039921 0.0062343276038289265 0.006164852020489258
v 0.0034253760157692847 0.0059642261691070873 0.0060109865336559539
v 0.0031091056208023098 0.0054999999999999997 0.0058290595627245295
v 0.0029652641602591194 0.0049001249609510588 0.0056213203435596416
v 0.0047814178270816762 0.0060002167586862805 0.0064499161052497238
v 0.0041501592189377963 0.0062051340891706623 0.006289364903187291
v 0.0071734693877550989 0.0034321434236167475 0.0034999999999999996
v 0.0037455087980709169 0.0060699259014791677 0.006164852020489258
v 0.0033753824420223494 0.0057357210599611116 0.0060109865336559539
v 0.003128700381208503 0.0052284870353146691 0.0058290595627245295
v 0.0047270554213817836 0.0059727538778172303 0.006449916105249723
v 0.0040656057372660155 0.0060885157590385916 0.006289364903187291
v 0.0036783563750837464 0.0058896432183582056 0.006164852020489258
v 0.003358370739844573 0.0054999999999999997 0.0060109865336559539
v 0.0079315556315655966 0.00517138684285663 0.0029541108427635662
v 0.0031862849832185415 0.0049652856919972553 0.0058290595627245295
v 0.0046760906660381326 0.0059394060939048123 0.006449916105249723
v 0.00399460698731608 0.00595675849955234 0.006289364903187291
v 0.0036363948092171506 0.00569784992434769 0.006164852020489258
v 0.0033753824420223494 0.0052642789400388886 0.0060109865336559539
v 0.0046264968924171774 0.0058981085286881939 0.0064499161052497238
v 0.0039407886928933874 0.0058122736680612927 0.006289364903187291
v 0.0036221162208319902 0.0054999999999999997 0.006164852020489258
v 0.0034253760157692843 0.0050357738308929138 0.0060109865336559539
v 0.0045798917545691962 0.0058485742877915064 0.0064499161052497238
v 0.0071371841170686746 0.0034666655273268292 0.0040458891572364344
v 0.0039071592301608655 0.0056585638314508111 0.006289364903187291
v 0.003636394809217151 0.0053021500756523102 0.006164852020489258
v 0.0035053823153808794 0.0048209826183209783 0.0060109865336559539
v 0.0045380937900307101 0.0057909254632721417 0.006449916105249723
v 0.0038957158713143823 0.0054999999999999997 0.006289364903187291
v 0.0079813278008298762 0.0051658076242657577 0.0035000000000000001
v 0.0036783563750837456 0.0051103567816417946 0.006164852020489258
v 0.0045029964389339937 0.005725792896867931 0.0064499161052497238
v 0.0039071592301608655 0.0053414361685491874 0.006289364903187291
v 0.003745508798070916 0.0049300740985208343 0.006164852020489258
v 0.0044763920328548491 0.0056543686131648105 0.006449916105249723
v 0.0039407886928933874 0.0051877263319387076 0.006289364903187291
v 0.0038340983407039913 0.0047656723961710737 0.006164852020489258
v 0.0070208664094520137 0.003577331147003841 0.0046042841286856187
v 0.0044597677252219753 0.0055783840626432704 0.006449916105249723
v 0.0039946069873160791 0.0050432415004476611 0.006289364903187291
v 0.0072689610033389151 0.0038775412090101317 0.0046042841286856187
v 0.0044541108427635662 0.0054999999999999997 0.006449916105249723
v 0.0079315556315655966 0.00517138684285663 0.0040458891572364344
v 0.0040656057372660155 0.0049114842409614095 0.006289364903187291
v 0.0069306580964769091 0.0036631560747810289 0.00487788377916801
v 0.0044597677252219753 0.0054216159373567281 0.006449916105249723
v 0.0041501592189377963 0.0047948659108293379 0.006289364903187291
v 0.0071676781360696202 0.0039499652295798592 0.00487788377916801
v 0.0074675151066656799 0.0041992595333773522 0.0046042841286856187
v 0.0044763920328548491 0.0053456313868351906 0.006449916105249723
v 0.00424443717510984 0.0046946626455261391 0.006289364903187291
v 0.0068191841213221683 0.0037692133277232483 0.0051416292601554276
v 0.0073573690950481888 0.0042573225515776993 0.00487788377916801
v 0.0045029964389339929 0.0052742071031320692 0.006449916105249723
v 0.0070425188967798424 0.0040394624522119265 0.0051416292601554276
v 0.0074990662957122771 0.0045747411493313869 0.00487788377916801
v 0.0076158329852470674 0.004531509237820793 0.0046042841286856187
v 0.0077720037108438018 0.0051892718387380405 0.0046042841286856187
v 0.0045380937900307101 0.0052090745367278576 0.006449916105249723
v 0.0066873798872800136 0.0038946129554772585 0.0053908943791976917
v 0.0072212573182341127 0.004329073316388707 0.0051416292601554276
v 0.0075947243357395409 0.0048926764349815832 0.00487788377916801
v 0.0077159605636297306 0.0048642997719513395 0.0046042841286856187
v 0.0045798917545691962 0.0051514257122084938 0.006449916105249723
v 0.0068945335249027892 0.0041452818855060693 0.0053908943791976917
v 0.007354773085709615 0.0046281645298457061 0.0051416292601554276
v 0.0076482658045940975 0.0052031422574308319 0.00487788377916801
v 0.0046264968924171774 0.0051018914713118054 0.0064499161052497238
v 0.0065368749427830043 0.004037804592318203 0.0056213203435596416
v 0.0070603219208716988 0.0044139097509441807 0.0053908943791976926
v 0.0074449079406650074 0.0049277425982350836 0.0051416292601554276
v 0.0046760906660381326 0.005060593906095188 0.006449916105249723
v 0.006170786934270072 0.0040151634743770918 0.0058290595627245295
v 0.0067255516227462753 0.0042661152415084738 0.0056213203435596425
v 0.0071841641521402846 0.004691331091716832 0.0053908943791976917
v 0.0074953579867659791 0.0052202824816269412 0.0051416292601554276
v 0.0047270554213817827 0.0050272461221827699 0.0064499161052497238
v 0.0063699336828881214 0.004196633874243307 0.0058290595627245295
v 0.0068765526116104526 0.0045107829884914082 0.0056213203435596416
v 0.0072677685216001996 0.0049692040136193379 0.0053908943791976917
v 0.0047814178270816762 0.0049997832413137188 0.006449916105249723
v 0.0060164492051221416 0.0042109004533376704 0.0060109865336559539
v 0.006538115577108569 0.0044001445437070394 0.0058290595627245295
v 0.0069893488014487887 0.0047634598814903107 0.0056213203435596416
v 0.0073145633413797722 0.0052405486838355102 0.0053908943791976917
v 0.0048419794544841905 0.004977482556096746 0.0064499161052497238
v 0.0052591687240792773 0.0044265592660393052 0.006289364903187291
v 0.005688941889584004 0.0043067176437779952 0.006164852020489258
v 0.0061893436476636249 0.0043684487128014737 0.0060109865336559539
v 0.006672714258521035 0.0046182355401685497 0.0058290595627245303
v 0.0070654961239922844 0.0050165480770822677 0.0056213203435596425
v 0.0049081799343818899 0.0049618884432218631 0.0064499161052497238
v 0.0054091000787617688 0.0044742902153025593 0.006289364903187291
v 0.0058531456560133527 0.0044180082262235704 0.006164852020489258
v 0.0063353551444547875 0.0045451318070138741 0.0060109865336559539
v 0.00677325809293424 0.0048434656984401771 0.0058290595627245295
v 0.0071081171049067818 0.0052636903048974741 0.0056213203435596416
v 0.0049790042631832135 0.004954514756364734 0.0064499161052497238
v 0.0055521420643428084 0.0045436618915622902 0.006289364903187291
v 0.0059982627379686591 0.0045502446552518738 0.006164852020489258
v 0.0064522104993682619 0.0047344731922897548 0.0060109865336559539
v 0.0068411340007977529 0.0050690624820372626 0.0058290595627245295
v 0.0050529593958512954 0.004956685841911542 0.006449916105249723
v 0.0056837406910773634 0.0046328540467533708 0.006289364903187291
v 0.0061208159099202467 0.0046985417010449223 0.006164852020489258
v 0.0065395002508830853 0.0049300126270439186 0.0060109865336559539
v 0.0068791253270450098 0.0052893591717177984 0.0058290595627245303
v 0.0051281168430248767 0.0049693578922459661 0.006449916105249723
v 0.0058000425830273339 0.0047388329341005973 0.006289364903187291
v 0.0062188971892640091 0.0048574633466496892 0.006164852020489258
v 0.0065984284901513387 0.0051258703571340908 0.0060109865336559539
v 0.0052022335478881087 0.0049929530947763392 0.0064499161052497238
v 0.0058982609703487491 0.0048576833600045225 0.006289364903187291
v 0.0062921628988971889 0.0050215872581045413 0.006164852020489258
v 0.0066314116506523864 0.0053171266724912694 0.0060109865336559539
v 0.0052729445786182175 0.0050272461221827699 0.0064499161052497238
v 0.0059768667292218929 0.0049850487108412328 0.006289364903187291
v 0.006341623679716221 0.0051859783273099994 0.006164852020489258
v 0.0053379987268899164 0.0050713371574196099 0.0064499161052497238
v 0.0060355844248272967 0.0051165833390134519 0.006289364903187291
v 0.0063693077390487079 0.0053465072487847215 0.006164852020489258
v 0.0053954911241202736 0.0051237265054107761 0.0064499161052497238
v 0.0060752240200359969 0.0052483320767269187 0.006289364903187291
v 0.0054440441652147111 0.0051824787387794715 0.006449916105249723
v 0.0060974109909552104 0.0053769855545163113 0.006289364903187291
v 0.0054829019467860758 0.005245440219636876 0.0064499161052497238
v 0.0055119283110489142 0.0053104627310133681 0.006449916105249723
v 0.0055315236530986342 0.0053755910847849402 0.0064499161052497238
v 0.0055424915068801915 0.0054391893352185314 0.0064499161052497238
v 0.0059240305371609878 0.0056380615173711214 0.00064919194195485019
v 0.0058853996638875807 0.0057100908950657196 0.0006413413545863436
v 0.0059519998202572028 0.0057258940255997589 0.00066404015694358125
v 0.0059152437793500729 0.0058062801772672803 0.00065948573716411026
v 0.0069534935825723183 0.0057189771487589254 0.0012337449765813689
v 0.0068911450071547885 0.0058245410613685066 0.0011938682471724826
v 0.0068218495164768314 0.0059264237738219814 0.0011549995512937414
v 0.0066822977721736239 0.0060047436514298717 0.0010679004847496678
v 0.0067405760566252347 0.0060222290185151335 0.0011130203512967132
v 0.0066471177911064426 0.006109831886784981 0.0010679004847496682
v 0.0069374068127740071 0.0058324800906019514 0.0012337449765813693
v 0.0068682958496865286 0.0059372950453009639 0.0011938682471724831
v 0.0067921620042149036 0.0060377064684526902 0.0011549995512937414
v 0.0052906198510275018 0.0069373834281421 0.00088285098194787275
v 0.0054759279208679828 0.0068559693806267081 0.00086659162814782943
v 0.0053781505838708579 0.0068864207452923624 0.00086659162814782986
v 0.0051044021905489942 0.0069988168129306826 0.00090333900096973001
v 0.0052075371674649247 0.006988045691582 0.00090333900096973001
v 0.0050246548624617539 0.0070439507418936145 0.00092791752769022875
v 0.0047760155199385469 0.0071243587475639039 0.00098777198250154358
v 0.0048824500015111939 0.0071355098244740246 0.00098777198250154402
v 0.0049507016372578204 0.0070895863018742454 0.00095622621675497705
v 0.0078027538755267483 0.0058141751054680791 0.002477324725866556
v 0.0047114676560386735 0.0071662481825926208 0.0010220237933961172
v 0.0078220883853829908 0.0058163424101773161 0.0025326610601192419
v 0.0046070567674930517 0.0071447581997156956 0.0010220237933961168
v 0.0045458845475717978 0.0071831085556654448 0.0010584994888979224
v 0.0079019596159288497 0.0058252955874433339 0.0028123858870645691
v 0.0043863002226196069 0.0071875979108803082 0.0010967967471652194
v 0.0044887706815936908 0.0072214118361293295 0.0010967967471652198
v 0.0079144019577390631 0.0058266903135677454 0.0028679124524658619
v 0.0078722867340589413 0.0061722900753102914 0.0029541108427635666
v 0.0077625350266465375 0.0063288497075942047 0.0026745253554638928
v 0.0077663959788862608 0.0065242354787907022 0.0029541108427635666
v 0.0043381025739690823 0.0072187514773606621 0.0011319237435242538
v 0.0042983446295815266 0.0072464620605989473 0.0011638600187378781
v 0.0079451208534707194 0.0058301337526761986 0.0030338724811858589
v 0.0076345049189895505 0.0066738719875045335 0.0026745253554638928
v 0.0076095411700286015 0.0068756089233272125 0.0029541108427635666
v 0.0041990989330817283 0.0072032344139776484 0.0011638600187378781
v 0.0079532014325182799 0.0058310395463659973 0.0030888867337171256
v 0.0041607623804347108 0.0072290527857427449 0.0011965120616722045
v 0.0074552740835461947 0.0070133475429967757 0.0026745253554638928
v 0.0073995586229270134 0.0072158448190755209 0.0029541108427635666
v 0.0040661811099590812 0.0071798588031680242 0.0011965120616722045
v 0.0040290244250633439 0.0072039145912707958 0.0012297838211899506
v 0.0072240685861211969 0.0073363307260558607 0.0026745253554638928
v 0.0071371841170686772 0.007533334472673168 0.0029541108427635666
v 0.0079781870010217568 0.0058338403073205361 0.0033623307000338986
v 0.0079801517328534979 0.005834060544222479 0.0034157432378733093
v 0.0079210526315789467 0.006183704266145609 0.0035000000000000001
v 0.0078618299370659152 0.0063586413868572181 0.003230436686306886
v 0.007813364055299539 0.0065416250248282876 0.0035000000000000001
v 0.0069432137243664515 0.0076313169714197484 0.0026745253554638928
v 0.0068265024589499587 0.0078164398967945289 0.0029541108427635666
v 0.0077291979916229237 0.0067160649417001483 0.0032304366863068865
v 0.0076538461538461534 0.0068989641138056312 0.0035000000000000001
v 0.0066183757495098996 0.0078873524131611271 0.0026745253554638928
v 0.0064749580526248622 0.0080547022861791103 0.0029541108427635666
v 0.0079786166966573785 0.0058338884741156371 0.0036279103641094742
v 0.0075435249899887041 0.0070677424039725881 0.0032304366863068865
v 0.0074402985074626862 0.0072449765598641665 0.0035000000000000001
v 0.0062583199628286701 0.0080952307185248179 0.0026745253554638928
v 0.0060928445674888875 0.0082400174779226707 0.0029541108427635666
v 0.0073040091801391252 0.0074023347018191679 0.0032304366863068865
v 0.0071734693877551015 0.0075678565763832514 0.0035000000000000001
v 0.0058741677785831888 0.0082485309359937933 0.0026745253554638928
v 0.0056923272491912619 0.0083675229742826741 0.0029541108427635666
v 0.0079545598904980138 0.0058311918229118553 0.0039011082520924783
v 0.0079466727837066656 0.0058303077165229042 0.0039560880596637453
v 0.0078722867340589413 0.0061722900753102914 0.0040458891572364344
v 0.0078618299370659152 0.0063586413868572189 0.0037695633136931137
v 0.0077663959788862608 0.006524235478790703 0.0040458891572364344
v 0.0070130594388372281 0.0077079237567495686 0.0032304366863068865
v 0.0068575129533678747 0.0078557685854239896 0.0035000000000000001
v 0.0054782747654537013 0.0083442652583678254 0.0026745253554638928
v 0.0052861858908078091 0.0084360011348625571 0.0029541108427635666
v 0.0077291979916229237 0.0067160649417001483 0.0037695633136931137
v 0.0076095411700286015 0.0068756089233272125 0.0040458891572364344
v 0.0066765456816636828 0.0079731619836164482 0.0032304366863068865
v 0.0064999999999999997 0.008098076211353316 0.0035000000000000001
v 0.0079043103020650079 0.0058255590879494603 0.0041774901841152958
v 0.0050829603752168733 0.0083830035011029473 0.0026745253554638928
v 0.0048865416882596267 0.0084477334071297403 0.0029541108427635666
v 0.0075435249899887041 0.0070677424039725881 0.0037695633136931137
v 0.0073995586229270134 0.0072158448190755209 0.0040458891572364344
v 0.0063035482646539177 0.0081885121427340713 0.0032304366863068865
v 0.0061113989637305707 0.0082865376981872355 0.0035000000000000001
v 0.0046993505024750812 0.0083684841799922822 0.0026745253554638928
v 0.0045038159546469357 0.0084078869340379718 0.0029541108427635666
v 0.0073040091801391252 0.0074023347018191679 0.0037695633136931137
v 0.0071371841170686772 0.0075333344726731689 0.0040458891572364344
v 0.0059055883435456874 0.0083473224917358698 0.0032304366863068865
v 0.0057040816326530616 0.0084162079923353547 0.0035000000000000001
v 0.0078254869071482311 0.0058167233679714886 0.0044572408504209961
v 0.0043365373893726172 0.0083068503657173255 0.0026745253554638928
v 0.0041460769169013962 0.0083236183163032246 0.0029541108427635666
v 0.0078063639503512458 0.0058145797773333611 0.0045126010773556572
v 0.0077625350266465375 0.0063288497075942047 0.0043254746445361078
v 0.0070130594388372281 0.0077079237567495686 0.0037695633136931137
v 0.0068265024589499587 0.0078164398967945289 0.0040458891572364344
v 0.0054954655882065344 0.0084464978314626217 0.0032304366863068865
v 0.0052910447761194039 0.0084858487802120207 0.0035000000000000001
v 0.004001150602139728 0.0082057145990703014 0.0026745253554638928
v 0.0038188095263211696 0.0082031082281148245 0.0029541108427635666
v 0.0076345049189895505 0.0066738719875045335 0.0043254746445361078
v 0.0066765456816636828 0.0079731619836164482 0.0037695633136931137
v 0.0064749580526248622 0.0080547022861791103 0.0040458891572364344
v 0.0050859422534359948 0.0084866284584770718 0.0032304366863068865
v 0.0048846153846153848 0.0084977802438692095 0.0035000000000000001
v 0.0036973189342994449 0.0080732496288337934 0.0026745253554638928
v 0.0035250419473751393 0.0080547022861791103 0.0029541108427635666
v 0.0074552740835461947 0.0070133475429967757 0.0043254746445361078
v 0.0063035482646539168 0.0081885121427340713 0.0037695633136931137
v 0.0060928445674888875 0.0082400174779226724 0.0040458891572364344
v 0.0046885441363525102 0.0084715872635529963 0.0032304366863068865
v 0.0044953917050691242 0.0084572572543975544 0.0035000000000000001
v 0.0034228409840013356 0.0079147797103425628 0.0026745253554638928
v 0.0032496348421132346 0.0078744950709714549 0.0029541108427635666
v 0.0072240685861211969 0.0073363307260558607 0.0043254746445361078
v 0.0059055883435456874 0.0083473224917358698 0.0037695633136931137
v 0.0056923272491912619 0.0083675229742826759 0.0040458891572364344
v 0.0043126902852260972 0.0084077381202385133 0.0032304366863068865
v 0.0041315789473684219 0.0083715579178115593 0.0035000000000000001
v 0.0069432137243664515 0.0076313169714197484 0.0043254746445361078
v 0.0030813118543115306 0.0076728339093116455 0.0027270649431291052
v 0.0029816363490396632 0.0076513282409929337 0.0029541108427635666
v 0.0054954655882065336 0.0084464978314626217 0.0037695633136931137
v 0.0052861858908078091 0.0084360011348625571 0.0040458891572364344
v 0.0039652485554592994 0.0083029671899492001 0.0032304366863068865
v 0.003798755186721992 0.008249001800394588 0.0035000000000000001
v 0.0066183757495098996 0.0078873524131611271 0.0043254746445361078
v 0.0050859422534359948 0.0084866284584770718 0.0037695633136931137
v 0.0048865416882596267 0.0084477334071297421 0.0040458891572364344
v 0.0036504961434656318 0.0081657409778726903 0.0032304366863068865
v 0.0035000000000000005 0.008098076211353316 0.0035000000000000001
v 0.0062583199628286701 0.0080952307185248179 0.0043254746445361078
v 0.0046885441363525102 0.0084715872635529963 0.0037695633136931137
v 0.0045038159546469357 0.0084078869340379718 0.0040458891572364344
v 0.003366152521520263 0.0080015751112001814 0.0032304366863068865
v 0.0032199170124481329 0.0079148094246603417 0.0035000000000000001
v 0.0058741677785831888 0.0082485309359937933 0.0043254746445361078
v 0.0043126902852260963 0.0084077381202385133 0.0037695633136931137
v 0.0041460769169013962 0.0083236183163032263 0.0040458891572364344
v 0.0030899349298000615 0.0077976046325494916 0.0032304366863068865
v 0.0029473684210526317 0.0076878536516659501 0.0035000000000000001
v 0.0054782747654537013 0.0083442652583678254 0.0043254746445361078
v 0.0039652485554592986 0.0083029671899492001 0.0037695633136931137
v 0.0038188095263211688 0.0082031082281148245 0.0040458891572364344
v 0.0028254797777079897 0.007549096733381294 0.0032304366863068865
v 0.0026912442396313371 0.0074156322295692656 0.0035000000000000001
v 0.0050829603752168733 0.0083830035011029473 0.0043254746445361078
v 0.0036504961434656318 0.0081657409778726903 0.0037695633136931137
v 0.0035250419473751393 0.008054702286179112 0.0040458891572364344
v 0.0025822578720245668 0.0072555223218528477 0.0032304366863068865
v 0.0024615384615384625 0.0070988161300635797 0.0035000000000000001
v 0.0025039171417117734 0.0070721244838025292 0.0029541108427635666
v 0.0046993505024750812 0.0083684841799922822 0.0043254746445361078
v 0.003366152521520263 0.0080015751112001814 0.0037695633136931137
v 0.0032496348421132346 0.0078744950709714549 0.0040458891572364344
v 0.0023705327565753018 0.0069188860545044851 0.0032304366863068865
v 0.0023142554862651786 0.0067201563157870386 0.0029541108427635666
v 0.0022686567164179111 0.006740872220347853 0.0035000000000000001
v 0.0043365373893726172 0.0083068503657173255 0.0043254746445361078
v 0.0030899349298000615 0.0077976046325494916 0.0037695633136931137
v 0.0029816363490396632 0.0076513282409929355 0.0040458891572364344
v 0.0022005252316543425 0.0065441631296434544 0.0032304366863068865
v 0.0021224489795918372 0.0063483514159521038 0.0035000000000000001
v 0.0021704886337400625 0.0063341885016095049 0.0029541108427635666
v 0.004001150602139728 0.0082057145990703014 0.0043254746445361078
v 0.0028254797777079901 0.0075490967333812949 0.0037695633136931137
v 0.0027297880664668038 0.0073836514552472702 0.0040458891572364344
v 0.0020813522176170861 0.0061393987349863009 0.0032304366863068865
v 0.0020310880829015549 0.0059307691127632439 0.0035000000000000001
v 0.0020806529735611554 0.0059235775811281423 0.0029541108427635666
v 0.0036973189342994449 0.0080732496288337934 0.0043254746445361078
v 0.0025822578720245673 0.0072555223218528477 0.0037695633136931137
v 0.0025039171417117734 0.0070721244838025301 0.0040458891572364344
v 0.0020199060536824011 0.005715350159117622 0.0032304366863068865
v 0.0020000000000000005 0.0054999999999999997 0.0035000000000000001
v 0.0020500838947502772 0.0054999999999999997 0.0029541108427635666
v 0.0034228409840013356 0.0079147797103425628 0.0043254746445361078
v 0.0023705327565753023 0.0069188860545044851 0.0037695633136931137
v 0.0023142554862651786 0.0067201563157870386 0.0040458891572364344
v 0.0020199060536824011 0.0052846498408823783 0.0032304366863068865
v 0.0020310880829015549 0.0050692308872367564 0.0035000000000000001
v 0.0020806529735611554 0.0050764224188718579 0.0029541108427635666
v 0.0026725797990792173 0.0038082292410739722 0.0026508669670842417
v 0.0031562071207448285 0.007717886252636935 0.0043254746445361078
v 0.0022005252316543429 0.0065441631296434544 0.0037695633136931137
v 0.0021704886337400625 0.0063341885016095058 0.0040458891572364344
v 0.0020813522176170852 0.0048606012650137002 0.0032304366863068865
v 0.0029009275839808461 0.0074780006581231205 0.0043254746445361078
v 0.0022880833367621861 0.0042771826631419381 0.003112410304145686
v 0.0023142554862651769 0.0042798436842129643 0.0029541108427635666
v 0.0021704886337400617 0.0046658114983904953 0.0029541108427635666
v 0.0020813522176170865 0.0061393987349863009 0.0037695633136931137
v 0.0020806529735611554 0.0059235775811281423 0.0040458891572364335
v 0.0026661445785353694 0.0071946121924877492 0.0043254746445361078
v 0.0020199060536824015 0.005715350159117622 0.0037695633136931137
v 0.0020500838947502772 0.0054999999999999997 0.0040458891572364344
v 0.0064234074578435364 0.005216108434859458 0.00087448732850182998
v 0.0022671633699007702 0.0042677497412120678 0.0033852687797286288
v 0.0064808169633428 0.0052046583934252074 0.00090771250504462176
v 0.0024617655412369323 0.0068696559581061739 0.0043254746445361078
v 0.0022540388823685457 0.0042944123992331188 0.0034209046314038153
v 0.0021224489795918363 0.0046516485840478981 0.0035000000000000001
v 0.0020199060536824015 0.0052846498408823783 0.0037695633136931137
v 0.0065289061651861539 0.0051662500011419674 0.00094049675203995253
v 0.0065793542680730611 0.0051552375174040623 0.00097279226684593792
v 0.0066261853420450248 0.0051183718856212344 0.0010080366745006844
v 0.0021309948920471694 0.0046362680047012852 0.0036509196171406115
v 0.0022976566484251039 0.0065079345323119644 0.0043254746445361078
v 0.0066753095832088926 0.0051068435616098522 0.001042609958642946
v 0.0067205989739663368 0.0050715055926779419 0.0010800967553061742
v 0.006808724665487295 0.0047995953319975712 0.0012113435413985184
v 0.0067682782772579058 0.005059631637668917 0.001116878593181696
v 0.0021826184970503595 0.0061172139645740455 0.0043254746445361078
v 0.006844961095117159 0.0047589177696906312 0.0012534658503766769
v 0.0021562874991132436 0.0046438825028096813 0.0039246905265072117
v 0.0021233042876614315 0.0057078783053636896 0.0043254746445361078
v 0.002156089674479382 0.0046661813891889581 0.0039657473399412526
v 0.0020806529735611554 0.0050764224188718579 0.0040458891572364344
v 0.0021662712847807862 0.0047452509242899539 0.0041327206344484819
v 0.002123304287661431 0.0052921216946363097 0.0043254746445361078
v 0.0021715088377877458 0.0047623967421617395 0.0041749660578973965
v 0.0021778031713358837 0.0047784535371273801 0.0042173393633380329
v 0.0022586754856255982 0.0047991300298962022 0.0044969559628672906
v 0.0065674765573508556 0.0030869796118994141 0.0026512657372496388
v 0.0073171415885100169 0.0039113869913190019 0.0024477815970784509
v 0.0073907938302088284 0.0038608916267450638 0.0027270649431155613
v 0.0073995586229270117 0.0037841551809244789 0.0029541108427635666
v 0.0071371841170686746 0.0034666655273268292 0.0029541108427635662
v 0.0076095411700286006 0.0041243910766727869 0.0029541108427635662
v 0.0069021242889320249 0.0032254740725141031 0.0030434312815695213
v 0.006926290882135964 0.0032388088808725487 0.0030799783812956948
v 0.0069491280837321373 0.0032517330945481208 0.0031176446220379421
v 0.0076345049189895488 0.0043261280124954641 0.0026745253554638928
v 0.00776639597888626 0.0044757645212092963 0.0029541108427635662
v 0.0071042176298479606 0.0033961766872713586 0.0031176446220379421
v 0.0077625350266465375 0.0046711502924057955 0.0026745253554638928
v 0.0078722867340589413 0.0048277099246897097 0.0029541108427635662
v 0.0078027538755267483 0.005185824894531922 0.0024773247258665556
v 0.0078220883853829908 0.005183657589822685 0.0025326610601192419
v 0.0069638417791940965 0.0032347612419335522 0.0033903695514679684
v 0.0071201020746156874 0.00338029521914845 0.0033903695514679679
v 0.0074402985074626853 0.0037550234401358333 0.0034999999999999996
v 0.0075435249899887041 0.003932257596027413 0.003230436686306886
v 0.0079019596159288497 0.0051747044125566672 0.0028123858870645691
v 0.0079144019577390631 0.0051733096864322549 0.0028679124524658619
v 0.0077291979916229219 0.0042839350582998493 0.003230436686306886
v 0.0078133640552995372 0.0044583749751717118 0.0034999999999999996
v 0.0076538461538461534 0.0041010358861943682 0.0034999999999999996
v 0.0071958946400734573 0.0034578503430214851 0.0035875871463126089
v 0.0072067736347532253 0.003471795055442632 0.0036285878214726282
v 0.0072162599687201874 0.00348522655254685 0.0036699403027128366
v 0.0078618299370659152 0.0046413586131427821 0.003230436686306886
v 0.0079210526315789467 0.004816295733854393 0.0035000000000000001
v 0.0079451208534707194 0.0051698662473238033 0.0030338724811858585
v 0.0079532014325182799 0.0051689604536340047 0.0030888867337171251
v 0.0071953598646771425 0.0035042265684607113 0.0039441660438694582
v 0.0075435249899887041 0.003932257596027413 0.0037695633136931137
v 0.0076095411700286006 0.0041243910766727869 0.0040458891572364344
v 0.0073995586229270117 0.0037841551809244781 0.0040458891572364335
v 0.0072003639488557366 0.0035197307841424246 0.0039867569468459655
v 0.0079781870010217585 0.0051661596926794642 0.0033623307000338986
v 0.0079801517328534979 0.0051659394557775221 0.0034157432378733089
v 0.0077291979916229219 0.0042839350582998493 0.0037695633136931137
v 0.00776639597888626 0.0044757645212092963 0.0040458891572364344
v 0.0072067875204213042 0.0035631554793783505 0.0041154040482891492
v 0.0072061119938704862 0.0035765796665589268 0.0041584254638197182
v 0.0072040515744179676 0.0035894682351563373 0.0042014449606555286
v 0.0078618299370659152 0.0046413586131427813 0.0037695633136931141
v 0.0078722867340589413 0.0048277099246897097 0.0040458891572364344
v 0.0073318378090407484 0.003747713665093801 0.0042014449606555286
v 0.0079786166966573785 0.0051661115258843631 0.0036279103641094742
v 0.0072664327451794223 0.003796863052411188 0.0044811254503560336
v 0.0079545598904980138 0.0051688081770881458 0.0039011082520924779
v 0.0079466727837066656 0.005169692283477096 0.0039560880596637453
v 0.0076345049189895488 0.0043261280124954641 0.0043254746445361078
v 0.0077625350266465375 0.0046711502924057955 0.0043254746445361078
v 0.0079043103020650079 0.0051744409120505408 0.0041774901841152949
v 0.0078254869071482328 0.0051832766320285125 0.0044572408504209961
v 0.0078063639503512467 0.0051854202226666399 0.0045126010773556572
v 0.0065427319767535665 0.0057183254221086733 0.00093634790621599734
v 0.0065356552877805889 0.0057635351573289903 0.00093634790621599734
v 0.0062934544358530164 0.0059556725503886196 0.00083179120959500619
v 0.0060246584353011081 0.0060848822340230637 0.00074174187877739154
v 0.0057484661277732328 0.0061405027864621688 0.00066635312078051315
v 0.0060406054375233015 0.0064225502336346055 0.00084179733846012541
v 0.0057138140124854192 0.006177346240807101 0.00066597960034795194
v 0.0059384526341875431 0.0065234738317202405 0.00084071288327673297
v 0.0056383759677846252 0.0062460409985173031 0.0006652338804962499
v 0.0058628731827080399 0.0065879530786724892 0.00084071288327673254
v 0.0056112377805808142 0.0062684330961796809 0.0006652338804962499
v 0.0055334559681501907 0.0063355965011559568 0.00066853338050739764
v 0.0057504429272237732 0.0066791912127469434 0.00084550503922870316
v 0.0054916347636852691 0.0063663165526791146 0.00067019596266979951
v 0.0056634732986361588 0.0067302274932859547 0.00084550503922870316
v 0.0054600670311797574 0.0063834859575177972 0.00067019596266979951
v 0.0063560977507927784 0.0063045845316705073 0.00094781610739129625
v 0.0053902287597641018 0.0064355110773560709 0.00067643124057566878
v 0.0053533441785721895 0.0064594019681175402 0.00067959298060699515
v 0.0055634098523152081 0.0067975969004696385 0.00085447328076132664
v 0.0052901603452028007 0.006504653404025138 0.00068815389612936076
v 0.0052206548018469533 0.0065340822208487977 0.00069251261464164319
v 0.0067203801242767657 0.0064068913254370927 0.0012157407432954526
v 0.0051561770976634854 0.0065767069087847574 0.00070423338836365316
v 0.006655560310111051 0.0065204311381688558 0.0012157407432954526
v 0.0063067748309013506 0.0067001581327273945 0.0010809175297706291
v 0.0062424167535711089 0.0067653193265706599 0.0010802133126548955
v 0.0050941780639196825 0.0066216046303372951 0.000719148773220279
v 0.0061490994623501606 0.0068506305243751803 0.0010802133126548959
v 0.0050586178348758625 0.0066392887807236274 0.00072536758767008272
v 0.0060999611220452117 0.0068909413782530307 0.0010802133126548959
v 0.0060288788709229116 0.0069495049730899762 0.0010833197145762492
v 0.0049977139140174659 0.0066844546297776973 0.00074372316270497629
v 0.0059217853920094715 0.0070198579174127161 0.0010833197145762492
v 0.004922632055580493 0.0067006277622272577 0.00075181747735972553
v 0.0058031035973102798 0.0070945422620018158 0.0010890956910989979
v 0.0048623089049856663 0.0067440157794154991 0.00077356168180554711
v 0.0057492115214722384 0.0071320036777537529 0.0010968258298884215
v 0.0056301023678526118 0.0071815840490843906 0.0010968258298884211
v 0.0048052130336990757 0.0067890372210830012 0.00079806715841753469
v 0.0047690648729793164 0.0068048975035383333 0.00080854844510116358
v 0.0054660527757153035 0.0072656058482439365 0.0011197834554614854
v 0.0047136298940782815 0.0068493395962584995 0.00083592890177395368
v 0.0053404496673479084 0.0072940633280650456 0.0011197834554614859
v 0.0046039912751037783 0.0068727755596475005 0.00086207195840361098
v 0.0045483194465403467 0.0069133963963953606 0.0008926459188896141
v 0.0051508446945552665 0.0073839767540583075 0.0011702194377382989
v 0.0050222566110259687 0.0073898749098745102 0.0011702194377382989
v 0.0048958155175376243 0.0073871322490280311 0.0011702194377382989
v 0.004798089542428996 0.0074033568778499106 0.0011899210483914398
v 0.004674827293111937 0.0074362602831803465 0.0012317057451747026
v 0.0031730545266757519 0.007697497185713823 0.0025871602789756224
v 0.0024808107371634765 0.004027790365863218 0.0028026591571089399
v 0.0021698889475736689 0.0045605313084429626 0.0031715643007856355
v 0.0021586017192405525 0.0045567844598433903 0.0033081660746783034
v 0.0020572452507789277 0.004955878679174755 0.0037100630242575157
v 0.0020697924454178384 0.0049581986809082946 0.0038468933808825339
v 0.0070218283776355842 0.003437295600713122 0.0026891605753603175
v 0.0071860074424971859 0.0036465439069959683 0.002613392999884878
v 0.0068658177498777716 0.0032566280095132748 0.0028028585247306908
v 0.0073421147212605524 0.0036538327745061104 0.0031741699707411946
v 0.0073513589096407869 0.0036465460615799829 0.0033107388676769443
v 0.0075030156396011542 0.0040330136117047583 0.0042634550703666216
v 0.0074680949769240267 0.0040534801785160465 0.0044033756643481244
v 0.0023894917542542434 0.0042897399999833998 0.0026511670180458182
v 0.0023075160937000429 0.0043319982253244337 0.0028784678056042075
v 0.0022926401267776985 0.00422504668226049 0.0032885844034827687
v 0.002161238554815629 0.0045860024064461871 0.0038256406858987006
v 0.0066113863769852272 0.0030674239271407579 0.0028028575512715347
v 0.0022952005074592589 0.004589308307059667 0.0025754999483175683
v 0.0021713288309314995 0.0048230139053808702 0.002764942692728672
v 0.0021506936546019885 0.0051414265356999568 0.0026323143306620257
v 0.0020894735837941915 0.0051553615497939532 0.0028596404766010391
v 0.0020845369981490731 0.0055276771744336359 0.0027933816738480743
v 0.0021436164033932048 0.0058356469341765745 0.0026465283340300684
v 0.0020984990059207836 0.0059349845983105044 0.0028738367779963699
v 0.0022223067131104191 0.006152252126451257 0.002573184394009055
v 0.0021261066097358152 0.0054881498333421135 0.0026394209188308104
v 0.0022480315767025114 0.0064405603159328638 0.0027637825801668336
v 0.0023973244739408776 0.0067133405922957219 0.0026317346528046109
v 0.0023575190429983776 0.0067674746627399167 0.0028590613358548886
v 0.0021793461203572914 0.0061419689505158338 0.0027051493487263586
v 0.0071264702702358669 0.0036350270270583034 0.0025000000000000001
v 0.0070429968685803597 0.0035439417710273181 0.0025000000000000001
v 0.0069555712218810385 0.003456536979897742 0.0025000000000000001
v 0.0068643625259478883 0.0033729945205316367 0.0025000000000000001
v 0.0067695493682830661 0.0032934880235249743 0.0025000000000000001
v 0.0066713181997177344 0.0032181815320063232 0.0025000000000000001
v 0.0065698632394944377 0.0031472294370834594 0.0025000000000000001
v 0.0064653864230419045 0.0030807764515413481 0.0025000000000000001
v 0.0063580969294353903 0.0030189573481454448 0.0025000000000000001
v 0.0062482088480108671 0.0029618955087707911 0.0025000000000000001
v 0.0061359441277179108 0.0029097044758274872 0.0025000000000000001
v 0.0060215295687739293 0.0028624864840310327 0.0025000000000000001
v 0.0059051961664476011 0.0028203321287427132 0.0025000000000000001
v 0.0061982486011365693 0.0027018543883381577 0.0025000000000000001
v 0.0064564802006199561 0.0025828162300937526 0.0025000000000000001
v 0.0066835847759327983 0.0024651561205461582 0.0025000000000000001
v 0.0069047918245602538 0.0023370620734828023 0.0025000000000000001
v 0.0070980022926992008 0.0022124678720419396 0.0025000000000000001
v 0.0072663939994084634 0.0020924867510114581 0.0025000000000000001
v 0.0074288079297726252 0.0019648120969930822 0.0025000000000000001
v 0.0075691812544840002 0.00184311622284882 0.0025000000000000001
v 0.0076902137174381493 0.0017279572245858929 0.0025000000000000001
v 0.0077695013813847474 0.0016463809408007078 0.0025000000000000001
v 0.007845975032426955 0.0015622662354838378 0.0025000000000000001
v 0.0077661157138222674 0.0019202725638624483 0.0025000000000000001
v 0.0076699298306794079 0.0022742419379771684 0.0025000000000000001
v 0.0075576195928400364 0.0026234302144178333 0.0025000000000000001
v 0.0074294211080849206 0.0029671033009894053 0.0025000000000000001
v 0.0072856038857688245 0.0033045386999807098 0.0025000000000000001
v 0.0058094750193111262 -0.0054999999999999997 0.00061127187275935354
v 0.0057106210399216666 -0.0056025714907988987 0.00058718404169829633
v 0.0056170950135675437 -0.0056963359843737373 0.00057072603668630332
v 0.0055279807308708552 -0.005782856473828887 0.0005604033383891134
v 0.005441298489597444 -0.0058644923722609684 0.00055510594740283432
v 0.005354257123418798 -0.0059440668432957601 0.00055427317775743462
v 0.0052635543553953825 -0.0060245328092689652 0.0005579931245998387
v 0.0051817286431210582 -0.006095054409983737 0.00056522829763231374
v 0.0051030721322538443 -0.0061610595548338663 0.0005755553669705355
v 0.0050179871958216261 -0.0062305541055657542 0.00059036649371217937
v 0.0049262048882348667 -0.0063033725465826522 0.00061051096869014544
v 0.0048282348534622833 -0.0063787262221120505 0.00063672617920106935
v 0.0047252461867096328 -0.0064553891031167189 0.00066949792410807849
v 0.004618737113741396 -0.0065320186359304035 0.00070901878579110521
v 0.004510257518443141 -0.0066073880710772826 0.00075521513309812318
v 0.0044011748776457823 -0.0066805433685218907 0.0008078399323495091
v 0.0042926159102795389 -0.0067508109619017053 0.00086654605428150133
v 0.0041977736293302816 -0.0068101906193626183 0.00092321261949314219
v 0.004115138376036641 -0.0068604399396033494 0.0009768624510767931
v 0.0040339709886457985 -0.0069084787209050015 0.0010336310587789322
v 0.0039545531887658445 -0.0069542439377894673 0.0010932978330307787
v 0.0038771014674683392 -0.0069977199293172953 0.0011556591763665096
v 0.0038017882609900308 -0.0070389207992216105 0.0012205238756592296
v 0.0037287505670986708 -0.0070778823959520678 0.0012877133942061376
v 0.0036580976803122075 -0.0071146553927281852 0.0013570613346199378
v 0.0035899177495442151 -0.0071493000046848332 0.0014284118299354468
v 0.0035242804342149434 -0.0071818832776276162 0.0015016205563212488
v 0.003461242515868245 -0.0072124753195484548 0.0015765516172417629
v 0.0034008494012852776 -0.0072411479315891477 0.0016530778984902637
v 0.003343137219989409 -0.0072679731364063372 0.001731080354804785
v 0.0032881344790679015 -0.0072930221202200402 0.0018104473627292416
v 0.003235863332498385 -0.0073163644312025863 0.0018910742489781599
v 0.0031863410453181838 -0.0073380672350002226 0.0019728621427435897
v 0.003139580532806989 -0.0073581950284399185 0.0020557179490304834
v 0.0030955912826208976 -0.0073768092431667279 0.002139553565118575
v 0.0030543798442883145 -0.0073939680715159424 0.0022242856412735229
v 0.0030159504796477879 -0.0074097262255318156 0.0023098347889939645
v 0.0029803054991062506 -0.0074241349021324727 0.0023961254422037812
v 0.002960358035254981 -0.0074321114258933622 0.0024479514652033063
v 0.0029414030329315576 -0.0074396336064258594 0.0025000000000000001
v 0.0071264702702358677 -0.0036350270270583021 0.0025000000000000001
v 0.007106418024632132 -0.003674074402013271 0.0023913977869495012
v 0.00708392863876392 -0.0037172510161007544 0.0022838390472641546
v 0.0070589085165639054 -0.0037645465386682824 0.0021774656978494687
v 0.0070312553956191123 -0.0038159464823665818 0.0020724267900964189
v 0.0070008588602429988 -0.0038714306428212228 0.0019688809096067334
v 0.0069676006978470935 -0.0039309719552763061 0.0018669970944412376
v 0.0069313557789323242 -0.0039945346493712635 0.0017669567421553039
v 0.0068919930203793257 -0.0040620723973013879 0.0016689547779912247
v 0.0068493768484886404 -0.0041335259556699597 0.0015732011077821335
v 0.0068033693604555865 -0.0042088199430943716 0.0014799225261707524
v 0.0067538335328109723 -0.004287858743927302 0.0013893646659246272
v 0.0067006379369120442 -0.0043705207072699329 0.0013017945619909757
v 0.0066436609082285705 -0.0044566545437562588 0.0012174993833721031
v 0.0065827998434853886 -0.0045460693171944519 0.0011367901230360041
v 0.0065179857982123343 -0.00463851928026631 0.0010600061338654839
v 0.0064491971027593161 -0.0047336937436348748 0.00098751073331997423
v 0.0063764938568744572 -0.0048311826911024373 0.00091969999215212029
v 0.0063000489771936558 -0.0049304546312558522 0.00085699210703957197
v 0.0062202294337987789 -0.0050307798177354444 0.00079983844668601834
v 0.006137617522467647 -0.0051312426514797194 0.00074866498026767141
v 0.0060532537226226889 -0.0052304989615358692 0.00070392671741080915
v 0.0059689316435655405 -0.0053265237268412431 0.00066608443441691916
v 0.0058868761377371733 -0.0054170738742098058 0.00063528814853735203
v 0.0072856038857688262 -0.0033045386999807059 0.0025000000000000001
v 0.0074294211080849241 -0.0029671033009893992 0.0025000000000000001
v 0.007557619592840039 -0.002623430214417825 0.0025000000000000001
v 0.0076699298306794114 -0.0022742419379771575 0.0025000000000000001
v 0.0077661157138222683 -0.0019202725638624422 0.0025000000000000001
v 0.007845975032426955 -0.0015622662354838365 0.0025000000000000001
v 0.0078679607468454902 -0.0014474783471961857 0.002442572855070949
v 0.0078888019227071841 -0.001329211920970549 0.002388832214929366
v 0.0079083362138378938 -0.0012075670881731445 0.0023390485803850289
v 0.0079263986343854134 -0.0010826839885793936 0.0022935000533941922
v 0.0079428254601681784 -0.00095473750184443026 0.0022524643097835578
v 0.0079574561502861844 -0.00082394879056836036 0.0022162162246434614
v 0.0079701332642968491 -0.00069063432017746362 0.0021850304598748653
v 0.0079807147569994803 -0.00055515040197313612 0.0021591538716118222
v 0.0079890779901925918 -0.00041789094878560751 0.0021387989620285735
v 0.0079951233601601081 -0.00027928920153450263 0.0021241378869284407
v 0.0079987780633149555 -0.00013981962888505906 0.0021152957013238689
v 0.0079999999999998996 -5.6126416974719195e-19 0.0021123428430074769
v 0.0080000000000000002 0 0
v 0.0080000000000000002 0 0
v 0.0079999999999998996 -5.6126416974719195e-19 0.0021123428430074769
v 0.0079908973688260689 0.00038152226788038836 0
v 0.0079636101897778509 0.00076217632163848759 0
v 0.0079182005591370078 0.0011410959229102421 0
v 0.0078547718136834071 0.0015174187803519148 0
v 0.0077734682955359694 0.001890288511920103 0
v 0.0076744750236794066 0.0022588565937042096 0
v 0.0075580172729243188 0.0026222842908764938 0
v 0.0074243600612588266 0.0029797445663655177 0
v 0.0072738075467583107 0.0033304239629095051 0
v 0.0071067023354257214 0.0036735244542066962 0
v 0.006923424701537559 0.0040082652609501222 0
v 0.0067243917222697541 0.0043338846276141235 0
v 0.006510056328572736 0.0046496415559492401 0
v 0.0062809062744555904 0.0049548174912406604 0
v 0.0060374630270248466 0.0052487179574928549 0
v 0.0057802805798037923 0.00553067413781929 0
v 0.0055099441920327908 0.0058000443964407828 0
v 0.0052270690568195352 0.0060562157388289704 0
v 0.0049322989011700569 0.0062986052066720801 0
v 0.0046263045210863454 0.0065266612044885585 0
v 0.0043097822550642014 0.0067398647548696199 0
v 0.003983452399465107 0.0069377306794942452 0
v 0.0036480575693682042 0.007119808703228995 0
v 0.0033043610086324953 0.0072856844788001382 0
v 0.0029531448530150119 0.0074349805297062449 0
v 0.0025952083502974819 0.0075673571092255334 0
v 0.0022313660414718869 0.0076825129735631483 0
v 0.0018624459071239039 0.0077801860673789433 0
v 0.0014892874832324345 0.0078601541201357619 0
v 0.0011127399506730114 0.0079222351519111205 0
v 0.00073366020277271986 0.0079662878875212326 0
v 0.00035291089531422056 0.0079922120780149802 0
v -2.8641516573605485e-05 0.007999948728806227 0
v -0.00041012875017102361 0.0079894802339253047 0
v -0.0007906826710817838 0.0079608304160841779 0
v -0.001169437268809925 0.0079140644724640941 0
v -0.0015455306275033102 0.0078492888263491239 0
v -0.0019181068873791514 0.0077666508849431786 0
v -0.002286318192367996 0.0076663387039216536 0
v -0.0026493266195439969 0.0075485805594810726 0
v -0.003006306085950752 0.0074136444288605769 0
v -0.0033564442284834189 0.0072618373805174372 0
v -0.0036989442525491487 0.0070935048753443192 0
v -0.0040330267452989062 0.0069090299805185176 0
v -0.0043579314493044025 0.0067088324977721443 0
v -0.0046729189926438255 0.0064933680080670473 0
v -0.0049772725714593265 0.006263126834848442 0
v -0.0052702995811572985 0.0060186329282365444 0
v -0.0055513331925394231 0.0057604426726953952 0
v -0.0058197338692777259 0.0054891436208922163 0
v -0.0060748908232804138 0.0052053531566286096 0
v -0.0063162234046365466 0.0049097170898862912 0
v -0.0065431824229765416 0.0046029081871845788 0
v -0.0067552513972415126 0.0042856246405940162 0
v -0.0069519477310174167 0.0039585884788901444 0
v -0.0071328238107593485 0.0036225439244630961 0
v -0.007297468024406787 0.00327825569972211 0
v -0.0074455056980717946 0.0029265072868490238 0
v -0.0075765999486685663 0.0025680991448609348 0
v -0.0076904524505440521 0.0022038468880394083 0
v -0.00778680411436505 0.0018345794298714722 0
v -0.0078654356767168705 0.0014611370967261862 0
v -0.0079261681990718345 0.001084369715559389 0
v -0.0079688634749921269 0.00070513467999836247 0
v -0.0079934243446403569 0.00032429499920734293 0
v -0.00799979491588209 -5.7282666026010213e-05 0
v -0.0079879606914772371 -0.0004387299755139898 0
v -0.0079579486020707902 -0.00081917888571395655 0
v -0.0079098269449079071 -0.001197763625098392 0
v -0.0078437052284127465 -0.0015736226643546225 0
v -0.0077597339229847689 -0.0019459006769307135 0
v -0.0076581041185795999 -0.002313750485466004 0
v -0.0075390470898536845 -0.0026763349896768698 0
v -0.0074028337698623112 -0.0030328290713105082 0
v -0.007249774133508695 -0.0033824214718317174 0
v -0.0070802164921471731 -0.0037243166385697102 0
v -0.0068945467009457516 -0.0040577365351237458 0
v -0.0066931872808117937 -0.0043819224119077274 0
v -0.0064765964568790167 -0.0046961365328046156 0
v -0.0062452671157439037 -0.0049996638540013693 0
v -0.0059997256838244667 -0.0052918136511839707 0
v -0.0057405309293938767 -0.0055719210913895995 0
v -0.005468272691015086 -0.0058393487459389368 0
v -0.0051835705352700975 -0.0060934880410057155 0
v -0.0048870723468384582 -0.0063337606425224856 0
v -0.0045794528541334223 -0.0065596197722710458 0
v -0.0042614120938509938 -0.0067705514521625553 0
v -0.0039336738179259513 -0.0069660756738757776 0
v -0.0035969838465201276 -0.0071457474911917557 0
v -0.0032521083707909401 -0.0073091580325391446 0
v -0.0028998322093025121 -0.0074559354314459904 0
v -0.0025409570220471934 -0.0075857456727805644 0
v -0.0021762994861417493 -0.0076982933528554993 0
v -0.0018066894373497146 -0.0077933223516654928 0
v -0.0014329679816591724 -0.0078706164157287973 0
v -0.0010559855812133567 -0.007929999650206139 0
v -0.00067660011894984755 -0.0079713369191771744 0
v -0.00029567494635257909 -0.0079945341531636096 0
v 8.5923081240694223e-05 -0.0079995385631991371 0
v 0.0004673255773045021 -0.0079863387609590553 0
v 0.00084766460027622329 -0.0079549647846762061 0
v 0.0012260746286940666 -0.007905488030784228 0
v 0.001601694530827731 -0.007838021091443716 0
v 0.0019736695243195391 -0.0077527174983209775 0
v 0.002341153121376571 -0.007649771373202518 0
v 0.0027033090550872053 -0.0075294169862402706 0
v 0.0030593131824784396 -0.0073919282228329056 0
v 0.0034083553599832624 -0.0072376179603563882 0
v 0.003749641287050182 -0.0070668373561621365 0
v 0.0040823943136994618 -0.0068799750484630608 0
v 0.0044058572079127027 -0.0066774562719259861 0
v 0.0047192938788337855 -0.0064597418899830636 0
v 0.0050219910518597673 -0.0062273273460643156 0
v 0.0053132598918097839 -0.0059807415361379295 0
v 0.0055924375704782059 -0.0057205456051240269 0
v 0.0058588887750048047 -0.005447331669920852 0
v 0.0061120071536294165 -0.0051617214719493374 0
v 0.0063512166955410516 -0.0048643649622823956 0
v 0.0065759730416813812 -0.0045559388225786916 0
v 0.0067857647235196796 -0.0042371449251867579 0
v 0.0069801143269801599 -0.0039087087359237077 0
v 0.0071585795788730493 -0.0035713776631633 0
v 0.0073207543533570117 -0.0032259193569902449 0
v 0.007466269596142586 -0.0028731199622913091 0
v 0.0075947941643334585 -0.002513782329758575 0
v 0.0077060355799943693 -0.0021487241888760071 0
v 0.0077997406957308118 -0.0017787762870469792 0
v 0.0078756962707658713 -0.001404780499097471 0
v 0.0079337294562032631 -0.0010275879114570595 0
v 0.0079737081883722635 -0.00064805688537745206 0
v 0.0079934243446403534 -0.00032429499920743265 0
v 0.0079987780638409375 0.00013981959848527117 0.0021152956999518618
v 0.0079951233624107852 0.00027928913698204897 0.0021241378814247534
v 0.0079890779942136635 0.00041789087197348574 0.0021387989523336719
v 0.0079807147615026924 0.00055515033730596693 0.0021591538606869562
v 0.007970133268244169 0.000690634274593206 0.0021850304501301698
v 0.0079574561558823954 0.00082394873646389813 0.0022162162107687345
v 0.0079428254769051305 0.00095473736265293328 0.0022524642682769393
v 0.0079263986676774405 0.0010826837439848391 0.0022934999697482041
v 0.0079083362418212854 0.0012075669051799375 0.0023390485094969306
v 0.0078888019432052613 0.001329211799507371 0.0023888321624338598
v 0.0078679607584683404 0.001447478283665641 0.0024425728248447806
v 0.007845975032426955 0.0015622662354838378 0.0025000000000000001
v 0.0077661157138222674 0.0019202725638624483 0.0025000000000000001
v 0.0076699298306794079 0.0022742419379771684 0.0025000000000000001
v 0.0075576195928400364 0.0026234302144178333 0.0025000000000000001
v 0.0074294211080849206 0.0029671033009894053 0.0025000000000000001
v 0.0072856038857688245 0.0033045386999807098 0.0025000000000000001
v 0.0071264702702358669 0.0036350270270583034 0.0025000000000000001
v 0.0071064179395303522 0.0036740745667274404 0.0023913973541113084
v 0.0070839286663129386 0.0037172509636233231 0.0022838391713968557
v 0.0070589086830059079 0.0037645462264114652 0.0021774663665756456
v 0.0070312557288783294 0.0038159458683104898 0.0020724279886626166
v 0.0070008593893209053 0.0038714296860713083 0.0019688826186536655
v 0.0069676014547643966 0.0039309706136373881 0.001866999295516577
v 0.0069313567964052938 0.0039945328838577165 0.0017669594097465156
v 0.006891994336349655 0.004062070164682725 0.0016689578909313762
v 0.0068493784968854995 0.0041335232242031327 0.0015732046271151533
v 0.0068033713845796788 0.0042088166710693977 0.0014799264246237792
v 0.0067538359686103826 0.0042878549074037466 0.0013893688932010209
v 0.0067006408668668369 0.0043705162151644007 0.0013017991369916595
v 0.0066436643421087273 0.0044566494247867579 0.0012175041960541747
v 0.0065828038377885069 0.0045460635333697662 0.0011367951329754166
v 0.0065179904074490116 0.0046385128033857919 0.0010600112882463112
v 0.0064492023613131255 0.0047336865781834386 0.00098751595329034728
v 0.0063764998266589738 0.0048311748125995048 0.00091970521802789873
v 0.006300055686307697 0.0049304460584039264 0.0008569972546056679
v 0.0062202368632544086 0.0050307706317032474 0.00079984340047146204
v 0.0061376243759712354 0.0051312344538049243 0.00074866891279325577
v 0.0060532584119056031 0.0052304935346044051 0.00070392900694593054
v 0.0059689346685018003 0.0053265203371276959 0.00066608567607704219
v 0.0058868779115862782 0.0054170719464730578 0.00063528875358582571
v 0.0058094750193111262 0.0054999999999999997 0.00061127187275935354
v 0.005710621064081628 0.0056025714661729993 0.00058718404672527071
v 0.0056170950593393163 0.0056963359392386888 0.00057072604330361094
v 0.005527980796831769 0.0057828564107751546 0.00056040334416913916
v 0.0054412985763899286 0.0058644922917316204 0.00055510595044165449
v 0.0053542572343603543 0.0059440667433625846 0.0005542731760345103
v 0.0052635544966708123 0.0060245326858385188 0.00055799311524919399
v 0.0051817287952903813 0.0060950542806165534 0.00056522828082451759
v 0.0051030723171922032 0.0061610594016533972 0.00057555533886287586
v 0.0050179874180964886 0.0062305539265492017 0.00059036645013858021
v 0.0049262051509277342 0.0063033723412831985 0.0006105109049012417
v 0.0048282351571771517 0.006378725992221842 0.00063672609042920785
v 0.004725246529769662 0.0064553888520019883 0.00066949780604804593
v 0.0046187374928196153 0.0065320183678872872 0.00070901863489296444
v 0.0045102579292740181 0.0066073877906407301 0.00075521494665243454
v 0.004401175315878603 0.0066805430798119259 0.00080783970826949327
v 0.0042926163715793627 0.0067508106685764792 0.00086654579104912457
v 0.004197774084861796 0.0068101903385750229 0.00092321233490415754
v 0.0041151388038438751 0.0068604396829889175 0.00097686216268293266
v 0.0040339713878059175 0.0069084784878292041 0.0010336307693318732
v 0.0039545535589260092 0.0069542437272966722 0.0010932975450473087
v 0.0038771018087214227 0.0069977197402452977 0.0011556588921205573
v 0.0038017885737130462 0.0070389206303169121 0.0012205235972447309
v 0.0037287508519251999 0.0070778822459005332 0.0012877131235137348
v 0.0036580979380505143 0.0071146552602084946 0.0013570610733743909
v 0.0035899179811452507 0.0071492998883897138 0.0014284115797013619
v 0.0035242806407415794 0.0071818831762812535 0.0015016203185144981
v 0.0034612426984616533 0.0072124752319224807 0.0015765513931524529
v 0.003400849561155436 0.0072411478565051514 0.0016530776892834055
v 0.0033431373583963629 0.0072679730727416292 0.0017310801615349483
v 0.0032881345973118426 0.0072930220669085314 0.0018104471863473971
v 0.0032358634319086012 0.0073163643872356833 0.0018910740903424308
v 0.0031863411272471417 0.0073380671994249689 0.0019728620026246875
v 0.0031395805986236848 0.0073581950003573805 0.0020557178281195507
v 0.0030955913337066348 0.0073768092217291982 0.0021395534640324359
v 0.0030543798820327137 0.0073939680559240734 0.0022242855605604859
v 0.0030159505054460824 0.0074097262150312482 0.0023098347291381736
v 0.0029803055143567693 0.0074241348960103854 0.0023961254036295575
v 0.0029603582289816749 0.0074321113487281123 0.0024479509479030724
v 0.0029414030329315529 0.0074396336064258611 0.0025000000000000001
v 0.002583257983848378 0.0075714449208115894 0.0025000000000000001
v 0.0022192343236016828 0.0076860262175553491 0.0025000000000000001
v 0.0018501604454709193 0.0077831167488362175 0.0025000000000000001
v 0.001476876235303227 0.0078624955698300119 0.0025000000000000001
v 0.0011002311602206574 0.0079239820415041018 0.0025000000000000001
v 0.0007210823355236996 0.007967436241690027 0.0025000000000000001
v 0.0003402925741901645 0.0079927592834984733 0.0025000000000000001
v -4.1271576591890578e-05 0.0079998935403519985 0.0025000000000000001
v -0.00042274180738902507 0.0079888227771233895 0.0025000000000000001
v -0.00080325002249754369 0.0079595721870812687 0.0025000000000000001
v -0.0011819303154322509 0.0079122083345588307 0.0025000000000000001
v -0.0015579209394332913 0.0078468390034761963 0.0025000000000000001
v -0.0019303662685068808 0.0077636129520610971 0.0025000000000000001
v -0.0022984187445372669 0.0076627195743260591 0.0025000000000000001
v -0.0026612408060389604 0.0075443884690724336 0.0025000000000000001
v -0.0030180067941600569 0.0074088889174021046 0.0025000000000000001
v -0.0033679048315992405 0.0072565292699258432 0.0025000000000000001
v -0.0037101386701606873 0.0070876562450628402 0.0025000000000000001
v -0.004043929502742483 0.0069026541400282349 0.0025000000000000001
v -0.0043685177356350673 0.0067019439563041601 0.0025000000000000001
v -0.0046831647170965879 0.0064859824415844387 0.0025000000000000001
v -0.0049871544182714857 0.0062552610503731343 0.0025000000000000001
v -0.0052797950626271416 0.0060103048256022803 0.0025000000000000001
v -0.0055604207002005399 0.0057516712038138389 0.0025000000000000001
v -0.0058283927230724855 0.0054799487466248896 0.0025000000000000001
v -0.0060831013186206945 0.0051957558013627989 0.0025000000000000001
v -0.0063239668572446393 0.0048997390939183039 0.0025000000000000001
v -0.0065504412114041708 0.004592572257018702 0.0025000000000000001
v -0.0067620090029702215 0.0042749542972702849 0.0025000000000000001
v -0.0069581887760490633 0.003947608004458503 0.0025000000000000001
v -0.0071385340926111655 0.003611278306725761 0.0025000000000000001
v -0.0073026345484313781 0.0032667305753698831 0.0025000000000000001
v -0.0074501167070284962 0.0029147488831209579 0.0025000000000000001
v -0.0075806449494789114 0.0025561342198601139 0.0025000000000000001
v -0.0076939222381704206 0.0021917026698406576 0.0025000000000000001
v -0.0077896907927581882 0.0018222835545595819 0.0025000000000000001
v -0.0078677326767845977 0.0014487175455056378 0.0025000000000000001
v -0.0079278702936280438 0.0010718547510787087 0.0025000000000000001
v -0.007969966790652077 0.00069255278203400605 0.0025000000000000001
v -0.0079939263706351651 0.00031167479985346982 0.0025000000000000001
v -0.0079996945097723926 -6.9912447514385172e-05 0.0025000000000000001
v -0.0079872580817529765 -0.00045134059807619257 0.0025000000000000001
v -0.0079566453876312622 -0.00083174165188847277 0.0025000000000000001
v -0.0079079260914232084 -0.001210249946328469 0.0025000000000000001
v -0.007841211061574923 -0.001586004126046041 0.0025000000000000001
v -0.0077566521186640232 -0.001958149103113681 0.0025000000000000001
v -0.0076544416899079534 -0.0023258380029140195 0.0025000000000000001
v -0.0075348123712654863 -0.0026882340913366486 0.0025000000000000001
v -0.0073980363981279206 -0.0030445126788986219 0.0025000000000000001
v -0.0072444250258044875 -0.0033938629974555028 0.0025000000000000001
v -0.0070743278212117826 -0.0037354900452322131 0.0025000000000000001
v -0.0068881318673790857 -0.0040686163959750129 0.0025000000000000001
v -0.0066862608825798524 -0.0043924839681076227 0.0025000000000000001
v -0.0064691742560939198 -0.0047063557498654603 0.0025000000000000001
v -0.00623736600279471 -0.0050095174764822163 0.0025000000000000001
v -0.0059913636389404366 -0.005301279255612028 0.0025000000000000001
v -0.0057317269817276214 -0.0055809771372883777 0.0025000000000000001
v -0.005459046875338722 -0.0058479746248470106 0.0025000000000000001
v -0.0051739438463829753 -0.0061016641233745186 0.0025000000000000001
v -0.004877066691790167 -0.0063414683223864581 0.0025000000000000001
v -0.0045690910023708526 -0.006566841509588436 0.0025000000000000001
v -0.0042507176254028608 -0.0067772708127305549 0.0025000000000000001
v -0.0039226710697427281 -0.0069722773667291408 0.0025000000000000001
v -0.0035856978570914669 -0.0071514174033998094 0.0025000000000000001
v -0.0032405648231666421 -0.0073142832613219836 0.0025000000000000001
v -0.0028880573726466929 -0.0074605043135367926 0.0025000000000000001
v -0.0025289776918586554 -0.007589747810967191 0.0025000000000000001
v -0.0021641429232765971 -0.0077017196396409957 0.0025000000000000001
v -0.0017943833059849736 -0.0077961649899936335 0.0025000000000000001
v -0.0014205402863385909 -0.0078728689367275166 0.0025000000000000001
v -0.0010434646031186458 -0.007931656927908471 0.0025000000000000001
v -0.00066401435154239078 -0.0079723951821862003 0.0025000000000000001
v -0.00028305303053206393 -0.0079949909932348663 0.0025000000000000001
v 9.8552422313162008e-05 -0.0079993929407209518 0.0025000000000000001
v 0.00047993360357048443 -0.0079855910073183597 0.0025000000000000001
v 0.00086022262018248751 -0.0079536166015043985 0.0025000000000000001
v 0.0012385540644847424 -0.0079035424860848524 0.0025000000000000001
v 0.0016140669835775032 -0.0078354826126107273 0.0025000000000000001
v 0.0019859068385598829 -0.007749591862063517 0.0025000000000000001
v 0.0023532274491679635 -0.0076460656923990934 0.0025000000000000001
v 0.0026493266195439487 -0.0075485805594810891 0.0025000000000000001
v 0.0080000000000000002 0 0
v 0.0079908973688260689 0.00038152226788038836 0
v 0.0079636101897778509 0.00076217632163848759 0
v 0.0079182005591370078 0.0011410959229102421 0
v 0.0078547718136834071 0.0015174187803519148 0
v 0.0077734682955359694 0.001890288511920103 0
v 0.0076744750236794066 0.0022588565937042096 0
v 0.0075580172729243188 0.0026222842908764938 0
v 0.0074243600612588266 0.0029797445663655177 0
v 0.0072738075467583107 0.0033304239629095051 0
v 0.0071067023354257214 0.0036735244542066962 0
v 0.006923424701537559 0.0040082652609501222 0
v 0.0067243917222697541 0.0043338846276141235 0
v 0.006510056328572736 0.0046496415559492401 0
v 0.0062809062744555904 0.0049548174912406604 0
v 0.0060374630270248466 0.0052487179574928549 0
v 0.0057802805798037923 0.00553067413781929 0
v 0.0055099441920327908 0.0058000443964407828 0
v 0.0052270690568195352 0.0060562157388289704 0
v 0.0049322989011700569 0.0062986052066720801 0
v 0.0046263045210863454 0.0065266612044885585 0
v 0.0043097822550642014 0.0067398647548696199 0
v 0.003983452399465107 0.0069377306794942452 0
v 0.0036480575693682042 0.007119808703228995 0
v 0.0033043610086324953 0.0072856844788001382 0
v 0.0029531448530150119 0.0074349805297062449 0
v 0.0025952083502974819 0.0075673571092255334 0
v 0.0022313660414718869 0.0076825129735631483 0
v 0.0018624459071239039 0.0077801860673789433 0
v 0.0014892874832324345 0.0078601541201357619 0
v 0.0011127399506730114 0.0079222351519111205 0
v 0.00073366020277271986 0.0079662878875212326 0
v 0.00035291089531422056 0.0079922120780149802 0
v -2.8641516573605485e-05 0.007999948728806227 0
v -0.00041012875017102361 0.0079894802339253047 0
v -0.0007906826710817838 0.0079608304160841779 0
v -0.001169437268809925 0.0079140644724640941 0
v -0.0015455306275033102 0.0078492888263491239 0
v -0.0019181068873791514 0.0077666508849431786 0
v -0.002286318192367996 0.0076663387039216536 0
v -0.0026493266195439969 0.0075485805594810726 0
v -0.003006306085950752 0.0074136444288605769 0
v -0.0033564442284834189 0.0072618373805174372 0
v -0.0036989442525491487 0.0070935048753443192 0
v -0.0040330267452989062 0.0069090299805185176 0
v -0.0043579314493044025 0.0067088324977721443 0
v -0.0046729189926438255 0.0064933680080670473 0
v -0.0049772725714593265 0.006263126834848442 0
v -0.0052702995811572985 0.0060186329282365444 0
v -0.0055513331925394231 0.0057604426726953952 0
v -0.0058197338692777259 0.0054891436208922163 0
v -0.0060748908232804138 0.0052053531566286096 0
v -0.0063162234046365466 0.0049097170898862912 0
v -0.0065431824229765416 0.0046029081871845788 0
v -0.0067552513972415126 0.0042856246405940162 0
v -0.0069519477310174167 0.0039585884788901444 0
v -0.0071328238107593485 0.0036225439244630961 0
v -0.007297468024406787 0.00327825569972211 0
v -0.0074455056980717946 0.0029265072868490238 0
v -0.0075765999486685663 0.0025680991448609348 0
v -0.0076904524505440521 0.0022038468880394083 0
v -0.00778680411436505 0.0018345794298714722 0
v -0.0078654356767168705 0.0014611370967261862 0
v -0.0079261681990718345 0.001084369715559389 0
v -0.0079688634749921269 0.00070513467999836247 0
v -0.0079934243446403569 0.00032429499920734293 0
v -0.00799979491588209 -5.7282666026010213e-05 0
v -0.0079879606914772371 -0.0004387299755139898 0
v -0.0079579486020707902 -0.00081917888571395655 0
v -0.0079098269449079071 -0.001197763625098392 0
v -0.0078437052284127465 -0.0015736226643546225 0
v -0.0077597339229847689 -0.0019459006769307135 0
v -0.0076581041185795999 -0.002313750485466004 0
v -0.0075390470898536845 -0.0026763349896768698 0
v -0.0074028337698623112 -0.0030328290713105082 0
v -0.007249774133508695 -0.0033824214718317174 0
v -0.0070802164921471731 -0.0037243166385697102 0
v -0.0068945467009457516 -0.0040577365351237458 0
v -0.0066931872808117937 -0.0043819224119077274 0
v -0.0064765964568790167 -0.0046961365328046156 0
v -0.0062452671157439037 -0.0049996638540013693 0
v -0.0059997256838244667 -0.0052918136511839707 0
v -0.0057405309293938767 -0.0055719210913895995 0
v -0.005468272691015086 -0.0058393487459389368 0
v -0.0051835705352700975 -0.0060934880410057155 0
v -0.0048870723468384582 -0.0063337606425224856 0
v -0.0045794528541334223 -0.0065596197722710458 0
v -0.0042614120938509938 -0.0067705514521625553 0
v -0.0039336738179259513 -0.0069660756738757776 0
v -0.0035969838465201276 -0.0071457474911917557 0
v -0.0032521083707909401 -0.0073091580325391446 0
v -0.0028998322093025121 -0.0074559354314459904 0
v -0.0025409570220471934 -0.0075857456727805644 0
v -0.0021762994861417493 -0.0076982933528554993 0
v -0.0018066894373497146 -0.0077933223516654928 0
v -0.0014329679816591724 -0.0078706164157287973 0
v -0.0010559855812133567 -0.007929999650206139 0
v -0.00067660011894984755 -0.0079713369191771744 0
v -0.00029567494635257909 -0.0079945341531636096 0
v 8.5923081240694223e-05 -0.0079995385631991371 0
v 0.0004673255773045021 -0.0079863387609590553 0
v 0.00084766460027622329 -0.0079549647846762061 0
v 0.0012260746286940666 -0.007905488030784228 0
v 0.001601694530827731 -0.007838021091443716 0
v 0.0019736695243195391 -0.0077527174983209775 0
v 0.002341153121376571 -0.007649771373202518 0
v 0.0027033090550872053 -0.0075294169862402706 0
v 0.0030593131824784396 -0.0073919282228329056 0
v 0.0034083553599832624 -0.0072376179603563882 0
v 0.003749641287050182 -0.0070668373561621365 0
v 0.0040823943136994618 -0.0068799750484630608 0
v 0.0044058572079127027 -0.0066774562719259861 0
v 0.0047192938788337855 -0.0064597418899830636 0
v 0.0050219910518597673 -0.0062273273460643156 0
v 0.0053132598918097839 -0.0059807415361379295 0
v 0.0055924375704782059 -0.0057205456051240269 0
v 0.0058588887750048047 -0.005447331669920852 0
v 0.0061120071536294165 -0.0051617214719493374 0
v 0.0063512166955410516 -0.0048643649622823956 0
v 0.0065759730416813812 -0.0045559388225786916 0
v 0.0067857647235196796 -0.0042371449251867579 0
v 0.0069801143269801599 -0.0039087087359237077 0
v 0.0071585795788730493 -0.0035713776631633 0
v 0.0073207543533570117 -0.0032259193569902449 0
v 0.007466269596142586 -0.0028731199622913091 0
v 0.0075947941643334585 -0.002513782329758575 0
v 0.0077060355799943693 -0.0021487241888760071 0
v 0.0077997406957308118 -0.0017787762870469792 0
v 0.0078756962707658713 -0.001404780499097471 0
v 0.0079337294562032631 -0.0010275879114570595 0
v 0.0079737081883722635 -0.00064805688537745206 0
v 0.0079934243446403534 -0.00032429499920743265 0
f 86 85 143
f 86 143 144
f 168 368 367
f 169 168 367
f 170 169 367
f 291 156 155
f 290 156 291
f 289 157 156
f 289 156 290
f 288 158 157
f 288 157 289
f 287 158 288
f 371 293 370
f 372 293 371
f 14 503 504
f 14 504 15
f 13 503 14
f 13 502 503
f 501 502 13
f 12 501 13
f 12 500 501
f 11 500 12
f 11 499 500
f 10 499 11
f 10 498 499
f 28 25 26
f 28 26 27
f 505 144 145
f 505 145 146
f 505 146 147
f 505 147 148
f 505 148 149
f 505 86 144
f 506 505 149
f 506 149 150
f 506 150 151
f 507 368 168
f 507 166 368
f 507 167 166
f 507 168 167
f 508 362 361
f 508 363 362
f 508 364 363
f 508 365 364
f 509 161 160
f 509 162 161
f 510 365 508
f 510 366 365
f 510 367 366
f 510 171 170
f 510 172 171
f 510 173 172
f 510 174 173
f 510 175 174
f 510 170 367
f 511 510 508
f 512 92 91
f 513 509 160
f 513 158 287
f 513 159 158
f 513 160 159
f 513 285 284
f 513 286 285
f 513 287 286
f 514 175 510
f 514 176 175
f 514 177 176
f 514 178 177
f 514 179 178
f 514 180 179
f 514 181 180
f 514 182 181
f 515 510 511
f 516 279 278
f 516 280 279
f 517 182 514
f 517 183 182
f 517 184 183
f 517 185 184
f 517 186 185
f 517 187 186
f 517 188 187
f 518 510 515
f 518 514 510
f 519 511 520
f 519 515 511
f 521 519 520
f 522 273 272
f 522 274 273
f 523 190 189
f 523 191 190
f 523 192 191
f 524 514 518
f 524 188 517
f 524 517 514
f 525 515 519
f 525 518 515
f 526 519 521
f 527 265 264
f 527 266 265
f 527 267 266
f 527 268 267
f 528 196 195
f 528 197 196
f 528 198 197
f 529 523 189
f 529 188 524
f 529 192 523
f 529 189 188
f 529 193 192
f 529 194 193
f 530 524 518
f 530 518 525
f 531 525 519
f 531 519 526
f 532 533 534
f 532 526 521
f 532 521 533
f 535 105 104
f 536 263 262
f 536 264 263
f 536 527 264
f 537 534 538
f 537 532 534
f 539 536 262
f 539 259 258
f 539 260 259
f 539 261 260
f 539 262 261
f 540 204 203
f 540 202 201
f 540 203 202
f 541 194 529
f 541 528 195
f 541 198 528
f 541 195 194
f 541 199 198
f 542 524 530
f 542 529 524
f 543 530 525
f 543 525 531
f 543 542 530
f 544 531 526
f 544 526 532
f 544 532 537
f 545 538 546
f 545 537 538
f 547 108 107
f 547 109 108
f 548 544 537
f 549 546 550
f 549 545 546
f 551 249 248
f 551 250 249
f 551 251 250
f 551 252 251
f 551 253 252
f 551 254 253
f 552 207 206
f 552 208 207
f 552 209 208
f 552 210 209
f 552 211 210
f 553 205 204
f 553 204 540
f 553 199 541
f 553 540 201
f 553 200 199
f 553 201 200
f 554 541 529
f 554 529 542
f 555 554 542
f 555 542 543
f 556 543 531
f 556 531 544
f 557 548 537
f 557 545 549
f 557 537 545
f 558 549 550
f 559 112 111
f 559 113 112
f 560 558 550
f 560 550 561
f 562 556 544
f 562 548 557
f 562 544 548
f 563 557 549
f 564 560 561
f 564 561 565
f 566 564 565
f 566 567 568
f 566 565 567
f 569 247 246
f 569 248 247
f 569 570 571
f 569 571 551
f 569 551 248
f 572 212 211
f 572 213 212
f 572 214 213
f 572 215 214
f 572 216 215
f 572 217 216
f 572 218 217
f 572 219 218
f 572 220 219
f 573 205 553
f 573 206 205
f 573 211 552
f 573 552 206
f 574 573 553
f 574 541 554
f 574 553 541
f 575 554 555
f 576 543 556
f 576 555 543
f 577 562 557
f 578 549 558
f 578 563 549
f 579 566 568
f 580 114 113
f 580 115 114
f 580 113 559
f 581 558 560
f 581 578 558
f 581 560 564
f 582 583 570
f 582 584 583
f 585 579 568
f 585 586 587
f 585 568 586
f 588 242 241
f 588 243 242
f 588 244 243
f 588 245 244
f 588 246 245
f 588 569 246
f 589 556 562
f 589 576 556
f 590 577 557
f 590 557 563
f 591 581 564
f 592 585 587
f 593 580 559
f 593 559 594
f 595 564 566
f 595 591 564
f 596 582 570
f 596 570 569
f 597 592 587
f 597 587 598
f 599 588 241
f 599 235 234
f 599 236 235
f 599 237 236
f 599 238 237
f 599 239 238
f 599 240 239
f 599 241 240
f 600 221 220
f 600 222 221
f 600 223 222
f 600 224 223
f 600 225 224
f 600 226 225
f 600 227 226
f 600 228 227
f 600 229 228
f 600 230 229
f 600 220 572
f 601 572 211
f 601 211 573
f 602 573 574
f 603 554 575
f 603 574 554
f 604 555 576
f 604 575 555
f 604 576 589
f 605 578 581
f 605 590 563
f 605 563 578
f 606 566 579
f 606 595 566
f 607 598 608
f 607 597 598
f 607 608 609
f 610 119 118
f 610 120 119
f 611 593 594
f 611 594 612
f 613 605 581
f 614 582 596
f 615 579 585
f 615 606 579
f 615 585 592
f 616 596 569
f 616 569 588
f 617 604 589
f 618 613 581
f 618 581 591
f 619 615 592
f 620 607 609
f 621 612 622
f 621 611 612
f 623 618 591
f 623 595 606
f 623 591 595
f 624 614 596
f 625 619 592
f 625 592 597
f 626 588 599
f 626 616 588
f 627 230 600
f 627 231 230
f 627 232 231
f 627 233 232
f 627 234 233
f 627 599 234
f 628 627 600
f 628 572 601
f 628 600 572
f 629 601 573
f 629 573 602
f 630 574 603
f 630 602 574
f 631 603 575
f 631 575 604
f 632 606 615
f 632 623 606
f 633 625 597
f 633 597 607
f 633 607 620
f 634 635 636
f 634 609 635
f 634 620 609
f 637 121 120
f 637 122 121
f 637 123 122
f 637 120 610
f 638 613 618
f 638 639 605
f 638 605 613
f 640 622 614
f 640 621 622
f 640 614 624
f 641 632 615
f 642 596 616
f 642 624 596
f 643 604 617
f 643 631 604
f 643 617 644
f 645 638 618
f 646 615 619
f 646 641 615
f 647 633 620
f 648 634 636
f 649 637 610
f 649 610 650
f 651 618 623
f 651 645 618
f 652 640 624
f 653 619 625
f 653 646 619
f 654 616 626
f 654 642 616
f 655 599 627
f 655 626 599
f 656 627 628
f 657 601 629
f 657 628 601
f 658 629 602
f 658 657 629
f 658 602 630
f 659 630 603
f 659 603 631
f 660 643 644
f 661 623 632
f 661 651 623
f 662 634 648
f 662 620 634
f 662 647 620
f 663 636 664
f 663 648 636
f 665 637 649
f 665 124 123
f 665 125 124
f 665 126 125
f 665 123 637
f 666 650 667
f 666 649 650
f 668 621 640
f 668 669 621
f 670 661 632
f 670 632 641
f 670 641 646
f 671 652 624
f 671 624 642
f 672 659 631
f 672 631 643
f 673 670 646
f 674 662 648
f 675 649 666
f 675 665 649
f 676 666 667
f 676 667 669
f 677 640 652
f 677 668 640
f 678 646 653
f 678 673 646
f 679 642 654
f 679 671 642
f 680 654 626
f 680 626 655
f 681 655 627
f 681 680 655
f 681 627 656
f 682 628 657
f 682 656 628
f 683 682 657
f 683 657 658
f 684 658 630
f 684 659 672
f 684 630 659
f 685 643 660
f 685 672 643
f 686 653 687
f 686 678 653
f 688 674 648
f 688 648 663
f 689 664 690
f 689 663 664
f 691 665 675
f 691 127 126
f 691 128 127
f 691 126 665
f 692 675 666
f 693 668 677
f 693 669 668
f 693 676 669
f 694 677 652
f 694 652 671
f 695 684 672
f 695 672 685
f 696 697 662
f 696 662 674
f 698 691 675
f 698 675 692
f 699 692 666
f 699 666 676
f 700 693 677
f 701 671 679
f 701 694 671
f 702 679 654
f 702 654 680
f 703 680 681
f 704 656 682
f 704 681 656
f 705 682 683
f 706 683 658
f 706 658 684
f 707 695 685
f 708 696 674
f 708 674 688
f 709 708 688
f 710 690 711
f 710 689 690
f 712 691 698
f 712 129 128
f 712 130 129
f 712 131 130
f 712 128 691
f 713 698 692
f 714 693 700
f 714 676 693
f 714 699 676
f 715 677 694
f 715 700 677
f 716 706 684
f 716 684 695
f 717 712 698
f 718 692 699
f 718 713 692
f 719 714 700
f 720 715 694
f 720 694 701
f 721 680 703
f 721 722 702
f 721 702 680
f 723 681 704
f 723 703 681
f 724 682 705
f 724 704 682
f 725 706 716
f 726 716 695
f 726 695 707
f 727 728 729
f 730 696 708
f 730 729 696
f 731 730 708
f 731 708 709
f 732 689 710
f 732 709 689
f 733 710 711
f 733 711 734
f 735 132 131
f 735 133 132
f 735 131 712
f 736 295 294
f 736 296 295
f 736 297 296
f 737 717 698
f 737 698 713
f 738 718 699
f 738 714 719
f 738 699 714
f 739 719 700
f 739 700 715
f 740 716 726
f 740 725 716
f 741 727 729
f 742 735 712
f 742 717 737
f 742 712 717
f 743 737 713
f 743 713 718
f 744 738 719
f 745 715 720
f 745 739 715
f 746 701 722
f 746 745 720
f 746 720 701
f 747 722 721
f 748 721 703
f 748 703 723
f 749 723 704
f 749 704 724
f 750 740 726
f 751 741 729
f 751 729 730
f 752 730 731
f 752 751 730
f 753 731 709
f 753 709 732
f 754 732 710
f 754 710 733
f 755 134 133
f 755 135 134
f 755 133 735
f 756 754 733
f 756 734 736
f 756 736 294
f 756 733 734
f 756 372 373
f 756 373 374
f 756 374 375
f 756 375 376
f 756 376 377
f 756 293 372
f 756 294 293
f 757 742 737
f 758 718 738
f 758 743 718
f 759 719 739
f 759 744 719
f 760 761 725
f 760 725 740
f 762 755 735
f 762 735 742
f 763 757 737
f 763 737 743
f 763 743 758
f 764 758 738
f 764 738 744
f 765 759 739
f 765 739 745
f 766 765 745
f 766 745 746
f 767 746 722
f 767 722 747
f 767 766 746
f 768 721 748
f 768 747 721
f 769 748 723
f 769 723 749
f 770 761 760
f 771 741 751
f 771 772 741
f 773 751 752
f 774 731 753
f 774 752 731
f 775 753 732
f 775 732 754
f 776 755 762
f 776 135 755
f 776 136 135
f 776 137 136
f 777 756 377
f 777 754 756
f 777 377 378
f 777 378 379
f 777 379 380
f 777 380 381
f 777 381 382
f 777 382 383
f 777 383 384
f 778 742 757
f 778 762 742
f 779 292 369
f 779 369 370
f 779 370 293
f 779 293 292
f 780 763 758
f 780 758 764
f 781 744 759
f 781 764 744
f 782 770 760
f 783 784 785
f 783 785 772
f 786 776 762
f 787 757 763
f 787 778 757
f 788 780 764
f 788 764 781
f 789 781 759
f 789 759 765
f 790 765 766
f 791 766 767
f 792 747 768
f 792 767 747
f 793 768 748
f 793 748 769
f 794 783 772
f 794 772 771
f 795 794 771
f 796 752 774
f 796 795 773
f 796 773 752
f 797 774 753
f 797 775 390
f 797 753 775
f 797 390 391
f 797 394 395
f 797 395 396
f 798 138 137
f 798 139 138
f 798 137 776
f 799 390 775
f 799 775 754
f 799 754 777
f 799 384 385
f 799 385 386
f 799 386 387
f 799 387 388
f 799 388 389
f 799 389 390
f 799 777 384
f 800 762 778
f 800 786 762
f 801 763 780
f 801 787 763
f 802 781 789
f 802 788 781
f 803 804 770
f 803 770 782
f 805 798 776
f 805 776 786
f 806 778 787
f 806 800 778
f 807 780 788
f 807 801 780
f 808 802 789
f 809 789 765
f 809 765 790
f 810 766 791
f 810 790 766
f 811 791 767
f 811 767 792
f 812 792 768
f 812 768 793
f 812 811 792
f 813 804 803
f 814 815 783
f 814 783 794
f 816 814 794
f 816 794 795
f 817 795 796
f 818 774 797
f 818 797 396
f 818 796 774
f 818 396 397
f 818 397 398
f 818 398 399
f 818 399 400
f 818 400 401
f 819 140 139
f 819 141 140
f 819 139 798
f 819 798 805
f 820 394 797
f 820 797 391
f 820 391 392
f 820 392 393
f 820 393 394
f 821 805 786
f 821 786 800
f 822 787 801
f 822 806 787
f 823 788 802
f 823 807 788
f 823 802 808
f 824 813 803
f 824 803 825
f 826 142 141
f 826 819 805
f 826 141 819
f 827 821 800
f 827 800 806
f 828 822 801
f 828 807 823
f 828 801 807
f 829 823 808
f 830 789 809
f 830 808 789
f 831 790 810
f 831 809 790
f 832 791 811
f 832 810 791
f 833 811 812
f 834 824 825
f 835 815 814
f 835 836 815
f 837 835 814
f 837 814 816
f 838 816 795
f 838 795 817
f 839 406 407
f 839 817 796
f 839 818 401
f 839 796 818
f 839 401 402
f 839 402 403
f 840 805 821
f 840 142 826
f 840 826 805
f 841 827 806
f 841 806 822
f 842 828 823
f 842 823 829
f 843 844 813
f 843 813 824
f 845 846 847
f 845 847 848
f 849 840 821
f 849 821 827
f 849 142 840
f 850 845 848
f 850 848 851
f 852 841 822
f 852 822 828
f 853 842 829
f 854 829 808
f 854 808 830
f 855 809 831
f 855 830 809
f 856 855 831
f 856 810 832
f 856 831 810
f 857 832 811
f 857 811 833
f 858 833 812
f 858 844 843
f 858 812 844
f 859 843 824
f 859 824 834
f 860 861 862
f 860 851 861
f 860 850 851
f 863 864 865
f 866 865 836
f 866 836 835
f 867 835 837
f 868 837 816
f 868 816 838
f 869 407 408
f 869 817 839
f 869 839 407
f 869 838 817
f 870 404 405
f 870 405 406
f 870 839 403
f 870 406 839
f 870 403 404
f 871 846 845
f 872 849 827
f 872 142 849
f 872 827 841
f 873 860 862
f 874 852 828
f 874 828 842
f 875 858 843
f 876 871 845
f 876 845 850
f 877 862 878
f 877 873 862
f 879 863 865
f 880 876 850
f 881 142 872
f 881 872 841
f 881 852 874
f 881 841 852
f 882 8 7
f 882 9 8
f 882 10 9
f 882 498 10
f 882 495 496
f 882 496 497
f 882 497 498
f 883 877 878
f 883 878 884
f 885 874 842
f 885 842 853
f 886 853 829
f 886 829 854
f 887 854 830
f 887 830 855
f 888 855 856
f 889 856 832
f 889 832 857
f 890 857 833
f 890 833 858
f 891 875 843
f 891 843 859
f 891 859 892
f 893 880 850
f 893 850 860
f 894 863 879
f 895 879 865
f 895 865 866
f 896 867 837
f 896 897 867
f 896 837 868
f 898 868 838
f 898 838 869
f 898 869 413
f 899 408 409
f 899 869 408
f 899 409 410
f 899 410 411
f 899 411 412
f 899 412 413
f 899 413 869
f 900 893 860
f 900 860 873
f 901 881 874
f 901 142 881
f 902 6 5
f 902 7 6
f 902 882 7
f 903 875 891
f 903 858 875
f 903 890 858
f 904 891 892
f 905 906 871
f 905 871 876
f 907 900 873
f 907 873 877
f 908 894 879
f 909 876 880
f 909 905 876
f 910 488 489
f 910 489 490
f 910 490 491
f 911 877 883
f 911 883 912
f 911 907 877
f 913 142 901
f 913 874 885
f 913 901 874
f 914 885 853
f 914 853 886
f 915 886 854
f 915 854 887
f 916 915 887
f 916 887 855
f 916 855 888
f 917 856 889
f 917 888 856
f 918 889 857
f 918 857 890
f 919 903 891
f 920 892 921
f 920 904 892
f 922 909 880
f 922 880 893
f 923 911 912
f 924 894 908
f 925 908 879
f 925 879 895
f 926 897 896
f 927 868 898
f 927 896 868
f 928 413 414
f 928 414 415
f 928 415 416
f 928 416 417
f 928 417 418
f 928 418 419
f 928 419 420
f 928 420 421
f 928 421 422
f 928 898 413
f 929 920 921
f 929 906 905
f 929 921 906
f 930 922 893
f 930 893 900
f 931 18 19
f 931 19 20
f 932 903 919
f 932 918 890
f 932 890 903
f 933 891 904
f 933 919 891
f 934 929 905
f 935 907 911
f 935 900 907
f 935 930 900
f 936 912 937
f 936 937 924
f 936 923 912
f 938 924 908
f 939 934 905
f 939 905 909
f 939 909 922
f 940 481 482
f 940 482 483
f 940 483 484
f 941 935 911
f 942 913 885
f 942 885 914
f 942 142 913
f 943 20 21
f 943 21 22
f 943 22 23
f 943 23 24
f 943 24 25
f 943 25 28
f 943 931 20
f 944 914 886
f 944 886 915
f 945 915 916
f 945 944 915
f 946 916 888
f 946 888 917
f 947 889 918
f 947 917 889
f 947 918 932
f 948 919 933
f 948 932 919
f 949 933 904
f 949 904 920
f 950 939 922
f 951 941 911
f 951 911 923
f 952 936 924
f 953 938 908
f 953 908 925
f 954 925 895
f 954 895 955
f 956 954 955
f 956 897 926
f 956 955 897
f 957 896 927
f 957 926 896
f 957 956 926
f 958 928 422
f 958 898 928
f 958 422 423
f 958 423 424
f 958 424 425
f 958 425 426
f 958 426 427
f 958 427 428
f 958 428 429
f 958 429 430
f 958 430 431
f 958 431 432
f 958 927 898
f 959 949 920
f 959 929 934
f 959 920 929
f 960 930 935
f 960 922 930
f 960 950 922
f 961 932 948
f 961 947 932
f 962 948 933
f 963 959 934
f 964 960 935
f 965 951 923
f 965 923 936
f 966 924 938
f 966 952 924
f 967 934 939
f 967 963 934
f 968 472 473
f 968 473 474
f 968 474 475
f 968 475 476
f 968 476 477
f 969 964 935
f 969 935 941
f 970 914 944
f 970 142 942
f 970 942 914
f 971 944 945
f 972 945 916
f 972 916 946
f 973 946 917
f 973 917 947
f 974 961 948
f 975 962 933
f 975 933 949
f 976 967 939
f 976 939 950
f 977 941 951
f 977 969 941
f 978 965 936
f 978 936 952
f 979 966 938
f 979 938 953
f 980 953 925
f 980 925 954
f 981 954 956
f 982 956 957
f 983 432 433
f 983 433 434
f 983 434 435
f 983 435 436
f 983 436 437
f 983 437 438
f 983 957 927
f 983 958 432
f 983 927 958
f 984 975 949
f 984 959 963
f 984 949 959
f 985 465 466
f 985 466 467
f 985 467 468
f 985 468 469
f 985 469 470
f 986 976 950
f 986 950 960
f 987 973 947
f 987 947 961
f 988 948 962
f 988 974 948
f 989 984 963
f 990 986 960
f 990 960 964
f 991 977 951
f 991 951 965
f 992 952 966
f 992 978 952
f 993 989 963
f 993 967 976
f 993 963 967
f 994 472 968
f 994 470 471
f 994 471 472
f 994 985 470
f 995 964 969
f 995 990 964
f 996 33 34
f 997 142 970
f 997 944 971
f 997 970 944
f 998 971 945
f 998 945 972
f 999 973 987
f 999 972 946
f 999 946 973
f 1000 961 974
f 1000 987 961
f 1001 962 975
f 1001 988 962
f 1002 993 976
f 1003 977 991
f 1003 995 969
f 1003 969 977
f 1004 991 965
f 1004 978 992
f 1004 965 978
f 1005 966 979
f 1005 992 966
f 1006 953 980
f 1006 979 953
f 1007 980 954
f 1007 954 981
f 1008 981 956
f 1008 956 982
f 1009 957 983
f 1009 1008 982
f 1009 982 957
f 1010 983 438
f 1010 438 439
f 1010 439 440
f 1010 440 441
f 1010 441 442
f 1010 442 443
f 1010 443 444
f 1010 444 445
f 1010 1009 983
f 1011 975 984
f 1011 1001 975
f 1012 453 454
f 1012 454 455
f 1012 455 456
f 1012 456 457
f 1012 457 458
f 1012 458 459
f 1012 459 460
f 1012 460 461
f 1013 976 986
f 1013 1002 976
f 1014 999 987
f 1014 987 1000
f 1015 974 988
f 1015 988 1001
f 1015 1000 974
f 1016 1011 984
f 1016 984 989
f 1017 1013 986
f 1017 986 990
f 1018 1003 991
f 1019 1004 992
f 1020 445 446
f 1020 446 447
f 1020 447 448
f 1020 448 449
f 1020 449 450
f 1020 450 451
f 1020 1010 445
f 1021 1016 989
f 1021 989 993
f 1022 1017 990
f 1022 990 995
f 1023 997 971
f 1023 142 997
f 1023 971 998
f 1024 998 972
f 1024 972 999
f 1025 1014 1000
f 1026 1015 1001
f 1027 993 1002
f 1027 1021 993
f 1028 1022 995
f 1028 995 1003
f 1028 1003 1018
f 1029 991 1004
f 1029 1018 991
f 1029 1004 1019
f 1030 1019 992
f 1030 992 1005
f 1031 979 1006
f 1031 1030 1005
f 1031 1005 979
f 1032 1006 980
f 1032 980 1007
f 1033 1007 981
f 1033 981 1008
f 1034 1008 1009
f 1035 1010 1020
f 1035 1009 1010
f 1036 1001 1011
f 1036 1011 1016
f 1036 1026 1001
f 1037 453 1012
f 1037 451 452
f 1037 452 453
f 1037 1020 451
f 1038 1027 1002
f 1038 1002 1013
f 1039 1024 999
f 1039 1014 1025
f 1039 999 1014
f 1040 1025 1000
f 1040 1015 1026
f 1040 1000 1015
f 1041 1036 1016
f 1042 1013 1017
f 1042 1038 1013
f 1043 1028 1018
f 1044 1029 1019
f 1045 1035 1020
f 1046 1016 1021
f 1046 1041 1016
f 1046 1021 1027
f 1047 1037 1012
f 1047 1012 1048
f 1049 1042 1017
f 1049 1017 1022
f 1050 998 1024
f 1050 142 1023
f 1050 1023 998
f 1051 1039 1025
f 1052 1040 1026
f 1053 1046 1027
f 1054 1022 1028
f 1054 1049 1022
f 1055 1018 1029
f 1055 1043 1018
f 1055 1029 1044
f 1056 1044 1019
f 1056 1019 1030
f 1057 1030 1031
f 1058 1006 1032
f 1058 1031 1006
f 1059 1007 1033
f 1059 1032 1007
f 1060 1008 1034
f 1060 1033 1008
f 1061 1035 1045
f 1062 1026 1036
f 1062 1052 1026
f 1062 1036 1041
f 1063 1037 1047
f 1063 1020 1037
f 1063 1045 1020
f 1064 1053 1027
f 1064 1027 1038
f 1064 1038 1042
f 1065 1050 1024
f 1065 142 1050
f 1065 1024 1039
f 1066 1051 1025
f 1066 1025 1040
f 1067 1062 1041
f 1067 1041 1046
f 1068 1064 1042
f 1069 1054 1028
f 1069 1028 1043
f 1070 1055 1044
f 1071 1045 1063
f 1071 1061 1045
f 1072 1067 1046
f 1073 1063 1047
f 1074 1042 1049
f 1074 1068 1042
f 1075 1039 1051
f 1075 142 1065
f 1075 1065 1039
f 1076 1040 1052
f 1076 1052 1062
f 1076 1066 1040
f 1077 1072 1046
f 1077 1046 1053
f 1078 1049 1054
f 1078 1054 1069
f 1078 1074 1049
f 1079 1055 1070
f 1079 1043 1055
f 1079 1069 1043
f 1080 1044 1056
f 1080 1070 1044
f 1081 1030 1057
f 1081 1056 1030
f 1082 1057 1031
f 1082 1031 1058
f 1083 1058 1032
f 1083 1032 1059
f 1084 1033 1060
f 1084 1059 1033
f 1085 1062 1067
f 1085 1076 1062
f 1086 1071 1063
f 1086 1063 1073
f 1087 1077 1053
f 1087 1064 1068
f 1087 1053 1064
f 1088 142 1075
f 1088 1051 1066
f 1088 1075 1051
f 1089 1085 1067
f 1089 1067 1072
f 1090 1087 1068
f 1091 1078 1069
f 1092 1079 1070
f 1093 1061 1071
f 1093 1094 1061
f 1095 1089 1072
f 1096 1086 1073
f 1097 1090 1068
f 1097 1068 1074
f 1098 46 47
f 1099 142 1088
f 1099 1066 1076
f 1099 1088 1066
f 1100 1095 1072
f 1100 1072 1077
f 1101 1078 1091
f 1101 1097 1074
f 1101 1074 1078
f 1102 1069 1079
f 1102 1091 1069
f 1103 1070 1080
f 1103 1092 1070
f 1104 1056 1081
f 1104 1080 1056
f 1105 1081 1057
f 1105 1057 1082
f 1106 1082 1058
f 1106 1058 1083
f 1107 1106 1083
f 1107 1083 1059
f 1107 1059 1084
f 1108 1094 1093
f 1109 1076 1085
f 1109 142 1099
f 1109 1099 1076
f 1109 1085 1089
f 1110 1093 1071
f 1110 1071 1086
f 1111 1077 1087
f 1111 1100 1077
f 1111 1087 1090
f 1112 142 1109
f 1112 1109 1089
f 1113 1111 1090
f 1114 1101 1091
f 1114 1091 1102
f 1115 1102 1079
f 1115 1079 1092
f 1116 1093 1110
f 1116 1108 1093
f 1117 1112 1089
f 1117 142 1112
f 1117 1095 1100
f 1117 1089 1095
f 1118 1097 1101
f 1118 1090 1097
f 1118 1113 1090
f 1119 49 50
f 1119 50 51
f 1120 142 1117
f 1120 1117 1100
f 1120 84 142
f 1121 1118 1101
f 1122 1114 1102
f 1123 1115 1092
f 1123 1092 1103
f 1124 1103 1080
f 1124 1080 1104
f 1124 1123 1103
f 1125 1081 1105
f 1125 1104 1081
f 1126 1082 1106
f 1126 1105 1082
f 1127 1106 1107
f 1127 1126 1106
f 1128 1127 1107
f 1128 1108 1116
f 1128 1107 1084
f 1128 1084 1108
f 1129 1116 1110
f 1130 84 1120
f 1130 1111 1113
f 1130 1120 1100
f 1130 1100 1111
f 1131 84 1130
f 1131 1130 1113
f 1132 1121 1101
f 1132 1101 1114
f 1133 1122 1102
f 1133 1102 1115
f 1134 1128 1116
f 1134 1116 1129
f 1135 1110 1136
f 1135 1129 1110
f 1137 1113 1118
f 1137 1118 1121
f 1137 84 1131
f 1137 1131 1113
f 1138 53 54
f 1139 84 1137
f 1139 1137 1121
f 1140 1114 1122
f 1140 1132 1114
f 1141 1133 1115
f 1141 1115 1123
f 1142 1123 1124
f 1143 1124 1104
f 1143 1104 1125
f 1144 1125 1105
f 1144 1105 1126
f 1145 1126 1127
f 1146 1145 1127
f 1146 1127 1128
f 1147 1134 1129
f 1148 84 1139
f 1148 1139 1121
f 1148 1132 1140
f 1148 1121 1132
f 1149 1140 1122
f 1149 1122 1133
f 1150 1128 1134
f 1150 1146 1128
f 1151 1129 1135
f 1151 1147 1129
f 1152 56 57
f 1153 84 1148
f 1153 1148 1140
f 1154 1149 1133
f 1154 1133 1141
f 1155 1141 1123
f 1155 1123 1142
f 1156 1142 1124
f 1156 1124 1143
f 1157 1125 1144
f 1157 1143 1125
f 1158 1144 1126
f 1158 1126 1145
f 1158 1157 1144
f 1159 1158 1145
f 1159 1146 1150
f 1159 1145 1146
f 1160 1147 1151
f 1160 1150 1134
f 1160 1134 1147
f 1161 1162 1163
f 1161 1151 1135
f 1161 1135 1162
f 1164 1140 1149
f 1164 1153 1140
f 1164 84 1153
f 1165 1159 1150
f 1166 1160 1151
f 1167 1161 1163
f 1168 60 61
f 1168 61 62
f 1169 1149 1154
f 1169 1164 1149
f 1169 84 1164
f 1170 1141 1155
f 1170 1154 1141
f 1171 1155 1142
f 1171 1142 1156
f 1171 1170 1155
f 1172 1143 1157
f 1172 1156 1143
f 1173 1157 1158
f 1174 1158 1159
f 1174 1159 1165
f 1175 1150 1160
f 1175 1165 1150
f 1175 1160 1166
f 1176 1151 1161
f 1176 1166 1151
f 1177 1167 1163
f 1177 1163 1178
f 1179 1174 1165
f 1180 1175 1166
f 1180 1166 1176
f 1181 1176 1161
f 1181 1161 1167
f 1182 1177 1178
f 1182 1168 62
f 1182 1178 1168
f 1182 62 63
f 1182 63 64
f 1182 64 65
f 1183 84 1169
f 1183 1169 1154
f 1183 1154 1170
f 1184 1170 1171
f 1185 1171 1156
f 1185 1184 1171
f 1185 1156 1172
f 1186 1172 1157
f 1186 1157 1173
f 1187 1186 1173
f 1187 1173 1158
f 1187 1158 1174
f 1188 1175 1180
f 1188 1179 1165
f 1188 1165 1175
f 1189 1180 1176
f 1190 1167 1177
f 1190 1181 1167
f 1191 1187 1174
f 1191 1174 1179
f 1192 1188 1180
f 1193 1189 1176
f 1193 1176 1181
f 1194 1177 1182
f 1194 1190 1177
f 1194 1182 65
f 1194 65 66
f 1194 66 67
f 1194 67 68
f 1195 84 1183
f 1195 1170 1184
f 1195 1183 1170
f 1196 1184 1185
f 1197 1172 1186
f 1197 1185 1172
f 1198 1186 1187
f 1199 1179 1188
f 1199 1188 1192
f 1199 1191 1179
f 1200 1180 1189
f 1200 1192 1180
f 1201 1193 1181
f 1201 1181 1190
f 1201 1190 1194
f 1202 1198 1187
f 1202 1191 1199
f 1202 1187 1191
f 1203 1199 1192
f 1204 1189 1193
f 1204 1200 1189
f 1204 1193 1201
f 1205 1201 1194
f 1205 68 69
f 1205 69 70
f 1205 1194 68
f 1206 84 1195
f 1206 1195 1184
f 1206 1184 1196
f 1207 1185 1197
f 1207 1196 1185
f 1208 1186 1198
f 1208 1198 1202
f 1208 1197 1186
f 1209 1202 1199
f 1210 1192 1200
f 1210 1203 1192
f 1211 1204 1201
f 1212 1208 1202
f 1213 1203 1210
f 1213 1209 1199
f 1213 1199 1203
f 1214 1200 1204
f 1214 1210 1200
f 1214 1204 1211
f 1215 1205 70
f 1215 1201 1205
f 1215 1211 1201
f 1215 70 71
f 1215 71 72
f 1215 72 73
f 1216 1206 1196
f 1216 1196 1207
f 1216 84 1206
f 1217 1197 1208
f 1217 1207 1197
f 1218 1209 1213
f 1218 1212 1202
f 1218 1202 1209
f 1219 1213 1210
f 1220 1214 1211
f 1221 1217 1208
f 1221 1208 1212
f 1222 1213 1219
f 1222 1218 1213
f 1223 1219 1210
f 1223 1210 1214
f 1224 1211 1215
f 1224 1215 73
f 1224 1220 1211
f 1224 73 74
f 1224 74 75
f 1225 1216 1207
f 1225 1207 1217
f 1225 84 1216
f 1225 1217 1221
f 1226 1212 1218
f 1226 1221 1212
f 1227 1222 1219
f 1228 1223 1214
f 1228 1214 1220
f 1228 1220 1224
f 1229 84 1225
f 1229 1225 1221
f 1230 1218 1222
f 1230 1226 1218
f 1231 1219 1223
f 1231 1227 1219
f 1231 1223 1228
f 1232 1228 1224
f 1232 1224 75
f 1232 75 76
f 1232 76 77
f 1233 1221 1226
f 1233 84 1229
f 1233 1229 1221
f 1233 1226 1230
f 1234 1222 1227
f 1234 1230 1222
f 1235 1231 1228
f 1236 84 1233
f 1236 1233 1230
f 1237 1231 1235
f 1237 1227 1231
f 1237 1234 1227
f 1238 1235 1228
f 1238 77 78
f 1238 78 79
f 1238 1228 1232
f 1238 1232 77
f 1239 1236 1230
f 1239 1230 1234
f 1239 84 1236
f 1240 1235 1238
f 1240 1237 1235
f 1241 1239 1234
f 1241 84 1239
f 1241 1237 1240
f 1241 1234 1237
f 1242 1240 1238
f 1242 1238 79
f 1242 79 80
f 1242 80 81
f 1243 84 1241
f 1243 1241 1240
f 1243 83 84
f 1244 1240 1242
f 1244 1242 81
f 1244 83 1243
f 1244 81 82
f 1244 82 83
f 1244 1243 1240
f 1245 511 508
f 1245 508 361
f 1245 358 357
f 1245 359 358
f 1245 360 359
f 1245 361 360
f 1246 354 353
f 1246 355 354
f 1246 356 355
f 1247 1248 1249
f 1247 505 506
f 1250 356 1246
f 1251 1245 357
f 1251 356 1250
f 1251 357 356
f 1252 1245 1251
f 1253 511 1245
f 1253 1245 1252
f 1253 1252 520
f 1253 520 511
f 1254 512 91
f 1254 89 1249
f 1254 90 89
f 1254 91 90
f 1255 348 347
f 1255 349 348
f 1255 350 349
f 1255 351 350
f 1256 351 1255
f 1257 352 351
f 1257 351 1256
f 1258 1246 353
f 1258 353 352
f 1258 352 1257
f 1259 1246 1258
f 1260 1246 1259
f 1261 1246 1260
f 1262 1250 1246
f 1262 1251 1250
f 1262 1252 1251
f 1262 520 1252
f 1262 1246 1261
f 1263 1256 1255
f 1263 1257 1256
f 1264 1263 1255
f 1265 1264 1255
f 1266 1254 1249
f 1266 512 1254
f 1266 1249 1248
f 1266 1267 512
f 1268 92 512
f 1268 93 92
f 1268 94 93
f 1269 1270 1271
f 1272 1269 1271
f 1273 509 513
f 1273 513 284
f 1273 283 282
f 1273 284 283
f 1274 1275 1267
f 1274 1248 1276
f 1274 1266 1248
f 1274 1267 1266
f 1277 1278 1279
f 1280 94 1268
f 1280 95 94
f 1281 1277 1279
f 1282 1273 282
f 1282 281 280
f 1282 282 281
f 1283 1282 280
f 1283 1284 1282
f 1283 280 516
f 1285 1268 512
f 1285 1280 1268
f 1285 1286 1280
f 1285 512 1267
f 1285 1287 1286
f 1288 1276 1284
f 1288 1275 1274
f 1288 1289 1275
f 1288 1274 1276
f 1290 1281 1291
f 1292 1280 1286
f 1292 95 1280
f 1292 96 95
f 1292 97 96
f 1293 1290 1291
f 1294 516 278
f 1294 1284 1283
f 1294 1283 516
f 1294 277 276
f 1294 278 277
f 1295 1296 1287
f 1295 1287 1285
f 1295 1285 1267
f 1295 1267 1275
f 1297 97 1292
f 1297 98 97
f 1298 1297 1299
f 1298 98 1297
f 1298 99 98
f 1300 522 1289
f 1300 1294 276
f 1300 275 274
f 1300 276 275
f 1300 274 522
f 1301 1302 1299
f 1303 1304 1305
f 1306 1307 1296
f 1306 1296 1295
f 1306 1275 1289
f 1306 1295 1275
f 1308 1298 1299
f 1308 99 1298
f 1308 100 99
f 1309 1310 1302
f 1309 1302 1301
f 1311 100 1308
f 1311 101 100
f 1312 102 101
f 1312 101 1311
f 1313 1314 1315
f 1316 1310 1309
f 1316 1317 1310
f 1316 1296 1307
f 1316 1309 1296
f 1318 103 102
f 1318 1312 1315
f 1318 102 1312
f 1319 104 103
f 1319 1318 1315
f 1319 103 1318
f 1319 535 104
f 1320 1302 1310
f 1320 1314 1313
f 1320 1321 1314
f 1322 1315 1314
f 1322 535 1319
f 1322 1323 535
f 1322 1319 1315
f 1324 1310 1317
f 1324 1321 1320
f 1324 1320 1310
f 1324 1325 1321
f 1326 106 105
f 1326 107 106
f 1326 547 107
f 1326 105 535
f 1327 1322 1314
f 1327 1328 1323
f 1327 1323 1322
f 1327 1314 1321
f 1329 535 1323
f 1329 547 1326
f 1329 1326 535
f 1329 1330 547
f 1331 583 1328
f 1331 1328 1327
f 1331 1327 1321
f 1331 1321 1325
f 1332 255 254
f 1332 256 255
f 1332 257 256
f 1332 258 257
f 1332 539 258
f 1332 551 571
f 1332 254 551
f 1333 1323 1328
f 1333 1329 1323
f 1333 1334 1330
f 1333 1330 1329
f 1335 1336 1337
f 1338 1336 1335
f 1339 594 559
f 1339 547 1330
f 1340 1339 1330
f 1340 612 594
f 1340 594 1339
f 1340 1330 1334
f 1341 1342 1343
f 1344 1342 1341
f 1345 1334 584
f 1345 1340 1334
f 1345 622 612
f 1345 612 1340
f 1346 1347 1344
f 1348 1347 1346
f 1349 1350 1351
f 1349 577 590
f 1352 580 593
f 1352 650 610
f 1353 667 650
f 1353 1352 593
f 1353 650 1352
f 1353 593 611
f 1354 1351 1350
f 1354 1355 644
f 1356 306 305
f 1356 307 306
f 1356 308 307
f 1356 1357 1358
f 1356 1358 1359
f 1360 305 304
f 1360 1357 1356
f 1360 1356 305
f 1361 1360 304
f 1362 1363 1355
f 1362 1355 1354
f 1362 1354 1350
f 1364 1361 304
f 1365 653 625
f 1365 1366 687
f 1365 687 653
f 1365 633 647
f 1365 625 633
f 1367 1368 1364
f 1367 1364 304
f 1367 1369 1368
f 1367 302 301
f 1367 303 302
f 1367 304 303
f 1370 1369 1367
f 1370 1367 301
f 1371 1369 1370
f 1372 1369 1371
f 1372 711 1369
f 1372 734 711
f 1373 709 688
f 1373 688 663
f 1373 663 689
f 1373 689 709
f 1374 728 1375
f 1374 1366 697
f 1376 297 736
f 1376 736 734
f 1376 1371 1370
f 1376 1370 301
f 1376 1372 1371
f 1376 734 1372
f 1376 298 297
f 1376 299 298
f 1376 300 299
f 1376 301 300
f 1377 1378 1379
f 1380 722 701
f 1380 702 722
f 1380 679 702
f 1380 701 679
f 1381 706 725
f 1381 705 683
f 1381 683 706
f 1382 705 1381
f 1382 1381 725
f 1382 725 761
f 1382 724 705
f 1383 1384 1385
f 1383 785 1384
f 1383 1378 727
f 1383 1385 1378
f 1386 761 770
f 1386 724 1382
f 1386 1382 761
f 1386 749 724
f 1387 1388 1389
f 1387 750 1390
f 1391 770 804
f 1391 769 749
f 1391 749 1386
f 1391 1386 770
f 1392 771 751
f 1392 773 795
f 1392 795 771
f 1392 751 773
f 1393 1387 1390
f 1393 1388 1387
f 1394 1395 784
f 1394 1396 1397
f 1394 1397 1398
f 1394 1398 1395
f 1399 1389 1388
f 1399 1400 1401
f 1402 804 813
f 1402 769 1391
f 1402 1391 804
f 1402 793 769
f 1403 1399 1388
f 1403 1388 1404
f 1403 1400 1399
f 1405 1406 1407
f 1405 1408 1406
f 1405 1397 1396
f 1405 1407 1397
f 1409 1401 1400
f 1409 1410 825
f 1411 813 844
f 1411 1402 813
f 1411 844 812
f 1411 812 793
f 1411 793 1402
f 1412 1409 1400
f 1412 1410 1409
f 1412 847 846
f 1412 846 1413
f 1412 1400 1414
f 1412 1414 847
f 1412 1413 1410
f 1415 864 1416
f 1415 1406 1408
f 1415 1416 1417
f 1415 1417 1406
f 1418 871 1419
f 1418 846 871
f 1418 1419 1420
f 1418 1413 846
f 1418 1410 1413
f 1421 1422 1423
f 1424 835 867
f 1424 867 897
f 1424 866 835
f 1425 1419 871
f 1425 871 906
f 1425 1420 1419
f 1425 921 892
f 1425 906 921
f 1426 1427 1428
f 1426 883 884
f 1426 937 912
f 1426 884 1427
f 1426 912 883
f 1429 1424 897
f 1429 955 895
f 1429 895 866
f 1429 897 955
f 1429 866 1424
f 1430 882 902
f 1430 495 882
f 1430 493 494
f 1430 494 495
f 1431 493 1430
f 1431 491 492
f 1431 492 493
f 1432 491 1431
f 1432 910 491
f 1432 1431 1433
f 1434 910 1432
f 1434 1432 1433
f 1434 488 910
f 1434 486 487
f 1434 487 488
f 1435 1436 940
f 1435 486 1434
f 1435 940 484
f 1435 484 485
f 1435 485 486
f 1437 1433 1438
f 1437 1439 1436
f 1440 931 943
f 1440 1441 1442
f 1443 1444 1439
f 1443 1438 1442
f 1443 1437 1438
f 1443 1439 1437
f 1445 1446 1447
f 1445 1436 1439
f 1448 1444 1443
f 1448 996 1444
f 1448 1443 1442
f 1448 1442 1441
f 1449 31 32
f 1449 32 33
f 1449 1441 31
f 1449 1448 1441
f 1449 996 1448
f 1449 33 996
f 1450 1439 1444
f 1450 1446 1445
f 1450 1445 1439
f 1450 1451 1446
f 1452 1447 1446
f 1452 1453 1454
f 1455 1456 1451
f 1455 1444 996
f 1455 1450 1444
f 1455 1451 1450
f 1457 465 985
f 1457 461 462
f 1457 462 463
f 1457 463 464
f 1457 464 465
f 1457 1012 461
f 1457 1048 1012
f 1458 996 34
f 1458 1455 996
f 1458 34 35
f 1458 35 36
f 1459 1460 1453
f 1459 1452 1446
f 1459 1453 1452
f 1461 1455 1458
f 1461 36 37
f 1461 1456 1455
f 1461 1458 36
f 1462 1454 1453
f 1462 1463 1464
f 1465 1466 1460
f 1465 1460 1459
f 1467 1035 1061
f 1467 1009 1035
f 1467 1034 1009
f 1468 37 38
f 1468 38 39
f 1468 1461 37
f 1468 1456 1461
f 1469 1462 1453
f 1469 1453 1460
f 1469 1463 1462
f 1469 1470 1463
f 1471 1468 39
f 1471 39 40
f 1472 40 41
f 1472 1466 1471
f 1472 1471 40
f 1473 1474 1475
f 1473 1464 1463
f 1476 1470 1469
f 1476 1477 1470
f 1478 1060 1034
f 1478 1467 1061
f 1478 1034 1467
f 1478 1061 1094
f 1479 41 42
f 1479 1472 41
f 1479 1466 1472
f 1480 1474 1473
f 1480 1481 1474
f 1480 1463 1470
f 1480 1473 1463
f 1482 1479 42
f 1482 42 43
f 1483 43 44
f 1483 1482 43
f 1484 1475 1474
f 1484 1485 1486
f 1487 1481 1480
f 1487 1098 1481
f 1487 1470 1477
f 1487 1480 1470
f 1488 1094 1108
f 1488 1060 1478
f 1488 1478 1094
f 1488 1084 1060
f 1488 1108 1084
f 1489 1477 1483
f 1489 1483 44
f 1489 44 45
f 1490 46 1098
f 1490 1477 1489
f 1490 1487 1477
f 1490 1489 45
f 1490 45 46
f 1490 1098 1487
f 1491 1485 1484
f 1491 1474 1481
f 1491 1484 1474
f 1491 1492 1485
f 1493 1494 1495
f 1493 1486 1485
f 1496 1119 1492
f 1496 1491 1481
f 1496 1492 1491
f 1496 1481 1098
f 1497 1119 1496
f 1497 1496 1098
f 1497 49 1119
f 1497 47 48
f 1497 48 49
f 1497 1098 47
f 1498 1499 1136
f 1498 1096 1495
f 1500 1501 1499
f 1500 1498 1495
f 1500 1499 1498
f 1500 1495 1494
f 1502 1492 1119
f 1502 1138 1503
f 1504 1494 1503
f 1504 1500 1494
f 1504 1501 1500
f 1504 1505 1501
f 1506 1499 1501
f 1506 1163 1162
f 1507 1152 1505
f 1507 1505 1504
f 1507 1504 1503
f 1507 1503 1138
f 1508 1505 1152
f 1508 1168 1178
f 1509 341 340
f 1509 342 341
f 1509 343 342
f 1509 344 343
f 1509 345 344
f 1509 346 345
f 1509 347 346
f 1509 1278 1272
f 1509 1255 347
f 1509 1265 1255
f 1509 1272 1271
f 1509 1270 1510
f 1509 1510 1265
f 1509 1271 1270
f 1511 86 505
f 1511 505 1247
f 1511 87 86
f 1512 1247 1249
f 1512 1249 89
f 1512 1511 1247
f 1512 87 1511
f 1512 88 87
f 1512 89 88
f 1513 1509 340
f 1513 1281 1279
f 1513 339 338
f 1513 340 339
f 1513 1279 1278
f 1513 1278 1509
f 1514 506 151
f 1514 151 152
f 1514 1247 506
f 1515 154 1276
f 1515 1514 152
f 1515 152 153
f 1515 153 154
f 1515 1247 1514
f 1515 1276 1248
f 1515 1248 1247
f 1516 1291 1281
f 1516 1281 1513
f 1516 1513 338
f 1516 337 336
f 1516 338 337
f 1517 336 335
f 1517 1516 336
f 1517 1291 1516
f 1518 1517 335
f 1518 1293 1291
f 1518 1519 1293
f 1518 1291 1517
f 1520 335 334
f 1520 1518 335
f 1520 1519 1518
f 1520 1521 1519
f 1522 334 333
f 1522 1520 334
f 1522 1521 1520
f 1523 333 332
f 1523 1305 1304
f 1523 1304 1521
f 1523 1521 1522
f 1523 1522 333
f 1524 1276 154
f 1524 1284 1276
f 1524 162 509
f 1524 1282 1284
f 1524 509 1273
f 1524 163 162
f 1524 1273 1282
f 1524 164 163
f 1524 165 164
f 1524 154 165
f 1525 332 331
f 1525 1526 1303
f 1525 1523 332
f 1525 1303 1305
f 1525 1305 1523
f 1527 1528 1529
f 1527 330 329
f 1527 331 330
f 1527 1525 331
f 1527 1526 1525
f 1527 1529 1530
f 1527 1530 1526
f 1531 1259 1258
f 1531 1258 1257
f 1531 1260 1259
f 1531 1261 1260
f 1531 520 1262
f 1531 1262 1261
f 1531 1257 1263
f 1531 533 521
f 1531 521 520
f 1532 1294 1300
f 1532 1289 1288
f 1532 1300 1289
f 1532 1288 1284
f 1532 1284 1294
f 1533 1292 1286
f 1533 1297 1292
f 1534 1270 1269
f 1534 1531 1263
f 1534 533 1531
f 1534 1263 1264
f 1534 1264 1265
f 1534 1510 1270
f 1534 1265 1510
f 1535 1297 1533
f 1535 1533 1301
f 1535 1299 1297
f 1535 1301 1299
f 1536 534 533
f 1536 533 1534
f 1537 1536 1534
f 1537 1269 1272
f 1537 1534 1269
f 1537 534 1536
f 1538 534 1537
f 1538 1537 1272
f 1538 1278 1277
f 1538 1272 1278
f 1539 1306 1289
f 1539 1289 522
f 1540 534 1538
f 1540 538 534
f 1540 1538 1277
f 1541 324 323
f 1541 325 324
f 1541 1542 1543
f 1541 1543 1544
f 1541 1545 1542
f 1546 538 1540
f 1546 1277 1281
f 1546 1281 1290
f 1546 1540 1277
f 1547 1308 1299
f 1547 1311 1308
f 1548 527 1307
f 1548 1307 1306
f 1548 1306 1539
f 1549 538 1546
f 1549 546 538
f 1550 1312 1311
f 1550 1315 1312
f 1550 1311 1547
f 1550 1547 1313
f 1550 1313 1315
f 1551 1549 1546
f 1551 1546 1290
f 1551 546 1549
f 1552 546 1551
f 1552 1290 1293
f 1552 1293 1519
f 1552 1551 1290
f 1553 322 321
f 1553 323 322
f 1553 1554 1545
f 1553 1555 1554
f 1553 1556 1555
f 1553 1541 323
f 1553 1545 1541
f 1557 1552 1519
f 1557 546 1552
f 1557 1521 1304
f 1557 1519 1521
f 1558 1316 1307
f 1558 1307 527
f 1559 550 546
f 1559 546 1557
f 1559 1557 1304
f 1560 550 1559
f 1560 1559 1304
f 1560 1304 1303
f 1561 550 1560
f 1561 561 550
f 1562 1317 1316
f 1562 1558 527
f 1562 527 536
f 1562 1316 1558
f 1562 536 1317
f 1563 321 320
f 1563 1553 321
f 1563 1556 1553
f 1563 1564 1556
f 1563 1565 1564
f 1566 1560 1303
f 1566 1303 1526
f 1566 1561 1560
f 1566 561 1561
f 1567 1566 1526
f 1567 561 1566
f 1567 1530 1529
f 1567 1526 1530
f 1568 320 319
f 1568 1565 1563
f 1568 1563 320
f 1569 1567 1529
f 1569 561 1567
f 1569 565 561
f 1570 1529 1528
f 1570 565 1569
f 1570 1569 1529
f 1571 1570 1528
f 1571 565 1570
f 1571 567 565
f 1571 1528 1572
f 1573 1324 1317
f 1573 1317 536
f 1574 1335 1337
f 1574 1568 319
f 1574 1337 1565
f 1574 1565 1568
f 1575 1571 1572
f 1575 567 1571
f 1576 1572 1577
f 1576 567 1575
f 1576 1575 1572
f 1578 319 318
f 1578 1335 1574
f 1578 1574 319
f 1579 568 567
f 1579 567 1576
f 1579 1577 1580
f 1579 1576 1577
f 1581 1579 1580
f 1581 568 1579
f 1582 1580 1583
f 1582 1581 1580
f 1582 568 1581
f 1582 586 568
f 1584 1338 1335
f 1584 317 316
f 1584 318 317
f 1584 1335 1578
f 1584 1578 318
f 1585 571 1325
f 1585 1324 1573
f 1585 1325 1324
f 1586 1582 1583
f 1586 586 1582
f 1586 1583 1587
f 1588 1587 1544
f 1588 586 1586
f 1588 1586 1587
f 1589 1588 1544
f 1589 586 1588
f 1589 587 586
f 1590 1589 1544
f 1590 1544 1543
f 1590 587 1589
f 1591 1590 1543
f 1591 587 1590
f 1591 1543 1542
f 1592 1325 571
f 1592 571 570
f 1592 1331 1325
f 1593 598 587
f 1593 587 1591
f 1593 1591 1542
f 1594 598 1593
f 1594 1593 1542
f 1594 1542 1545
f 1594 1545 1554
f 1595 598 1594
f 1595 1594 1554
f 1595 608 598
f 1596 316 315
f 1596 1341 1343
f 1596 1338 1584
f 1596 1343 1338
f 1596 1584 316
f 1597 1339 559
f 1597 110 109
f 1597 111 110
f 1597 109 547
f 1597 559 111
f 1597 547 1339
f 1598 608 1595
f 1598 1595 1554
f 1598 1554 1555
f 1598 1555 1556
f 1599 1333 1328
f 1599 1328 583
f 1600 1331 1592
f 1600 1592 570
f 1600 583 1331
f 1600 570 583
f 1601 1341 1596
f 1601 314 313
f 1601 315 314
f 1601 1596 315
f 1601 1344 1341
f 1602 608 1598
f 1602 1598 1556
f 1602 1556 1564
f 1603 608 1602
f 1603 1602 1564
f 1603 609 608
f 1604 584 1334
f 1604 1333 1599
f 1604 1599 583
f 1604 1334 1333
f 1604 583 584
f 1605 609 1603
f 1605 1565 1337
f 1605 1603 1564
f 1605 1564 1565
f 1606 609 1605
f 1606 1605 1337
f 1606 1337 1336
f 1607 1348 1346
f 1607 1346 1344
f 1607 309 308
f 1607 310 309
f 1607 311 310
f 1607 312 311
f 1607 313 312
f 1607 1608 1348
f 1607 1344 1601
f 1607 1359 1608
f 1607 1356 1359
f 1607 308 1356
f 1607 1601 313
f 1609 635 609
f 1609 609 1606
f 1610 1336 1338
f 1610 1338 1343
f 1610 635 1609
f 1610 1606 1336
f 1610 1609 1606
f 1611 1343 1342
f 1611 1610 1343
f 1611 635 1610
f 1612 582 614
f 1612 584 582
f 1612 1345 584
f 1613 636 635
f 1613 635 1611
f 1614 1344 1347
f 1614 1342 1344
f 1614 1611 1342
f 1614 636 1613
f 1614 1613 1611
f 1615 116 115
f 1615 117 116
f 1615 580 1352
f 1615 115 580
f 1616 1349 1351
f 1616 589 562
f 1616 562 577
f 1616 577 1349
f 1616 1351 589
f 1617 622 1345
f 1617 614 622
f 1617 1345 1612
f 1617 1612 614
f 1618 1615 1352
f 1618 118 117
f 1618 1352 610
f 1618 117 1615
f 1618 610 118
f 1619 664 636
f 1619 636 1614
f 1619 1614 1347
f 1620 1349 590
f 1620 590 605
f 1621 1619 1347
f 1621 1348 1608
f 1621 1608 1359
f 1621 1358 1357
f 1621 1347 1348
f 1621 1359 1358
f 1621 664 1619
f 1622 1620 605
f 1622 639 1350
f 1622 1349 1620
f 1622 1350 1349
f 1622 605 639
f 1623 617 589
f 1623 1354 644
f 1623 1351 1354
f 1623 589 1351
f 1623 644 617
f 1624 621 669
f 1624 611 621
f 1624 667 1353
f 1624 1353 611
f 1624 669 667
f 1625 1621 1357
f 1625 664 1621
f 1625 1364 1368
f 1625 1360 1361
f 1625 1357 1360
f 1625 1361 1364
f 1625 690 664
f 1625 1368 1369
f 1625 711 690
f 1625 1369 711
f 1626 1350 639
f 1626 1362 1350
f 1627 660 644
f 1627 1355 1628
f 1627 644 1355
f 1629 1627 1628
f 1629 1630 660
f 1629 660 1627
f 1629 1628 1630
f 1631 1355 1363
f 1631 1628 1355
f 1632 647 662
f 1632 662 697
f 1632 1366 1365
f 1632 697 1366
f 1632 1365 647
f 1633 685 660
f 1633 1630 1634
f 1633 660 1630
f 1635 687 1366
f 1635 1366 1374
f 1636 1637 1630
f 1636 1628 1631
f 1636 1630 1628
f 1638 685 1633
f 1638 1639 685
f 1638 1633 1634
f 1640 1374 1375
f 1640 1635 1374
f 1640 687 1635
f 1640 686 687
f 1640 1375 686
f 1641 1634 1630
f 1641 1630 1637
f 1642 1375 1377
f 1642 686 1375
f 1643 1639 1644
f 1643 707 685
f 1643 685 1639
f 1645 1634 1641
f 1646 1377 1375
f 1646 1375 728
f 1647 728 1374
f 1647 729 728
f 1647 697 696
f 1647 1374 697
f 1647 696 729
f 1648 707 1643
f 1648 1643 1644
f 1648 1649 707
f 1650 1644 1639
f 1651 1379 1378
f 1651 1378 1385
f 1652 728 727
f 1652 1377 1646
f 1652 1646 728
f 1652 727 1378
f 1652 1378 1377
f 1653 707 1649
f 1654 1644 1650
f 1655 1385 1384
f 1655 1384 1656
f 1655 1651 1385
f 1657 1658 726
f 1657 726 707
f 1657 1659 1658
f 1657 707 1653
f 1657 1653 1659
f 1660 1384 1661
f 1660 1656 1384
f 1662 1383 727
f 1662 727 741
f 1662 741 772
f 1663 726 1658
f 1664 1659 1665
f 1664 1658 1659
f 1666 1660 1661
f 1667 1384 785
f 1667 1661 1384
f 1668 1662 772
f 1668 785 1383
f 1668 1383 1662
f 1668 772 785
f 1669 760 740
f 1669 750 1387
f 1669 740 750
f 1670 1663 1671
f 1670 1671 1390
f 1670 726 1663
f 1670 1390 750
f 1670 750 726
f 1672 1395 1398
f 1673 1667 785
f 1673 1661 1667
f 1673 784 1395
f 1673 785 784
f 1674 760 1669
f 1674 1387 1389
f 1674 1669 1387
f 1674 1389 760
f 1675 1671 1676
f 1675 1390 1671
f 1675 1677 1390
f 1678 1672 1398
f 1679 1399 1401
f 1679 1401 782
f 1679 1389 1399
f 1679 760 1389
f 1679 782 760
f 1680 1393 1390
f 1680 1390 1677
f 1681 1394 784
f 1681 784 783
f 1682 1404 1388
f 1682 1393 1680
f 1682 1388 1393
f 1683 1407 1406
f 1683 1684 1407
f 1685 1396 1394
f 1685 1394 1681
f 1685 815 1396
f 1685 1681 783
f 1685 783 815
f 1686 1401 1409
f 1686 803 782
f 1686 782 1401
f 1686 825 803
f 1686 1409 825
f 1687 1396 815
f 1687 1405 1396
f 1688 1414 1400
f 1688 1400 1403
f 1689 1416 1690
f 1689 1691 1417
f 1689 1417 1416
f 1692 836 1408
f 1692 1408 1405
f 1692 815 836
f 1692 1405 1687
f 1692 1687 815
f 1693 1416 1694
f 1693 1690 1416
f 1695 1408 836
f 1695 1415 1408
f 1696 1420 834
f 1696 834 825
f 1696 1418 1420
f 1696 825 1410
f 1696 1410 1418
f 1697 1423 1422
f 1697 1694 1423
f 1697 1693 1694
f 1698 1416 864
f 1698 1694 1416
f 1699 865 864
f 1699 836 865
f 1699 864 1415
f 1699 1695 836
f 1699 1415 1695
f 1700 1694 1698
f 1700 1698 864
f 1700 863 1423
f 1700 864 863
f 1700 1423 1694
f 1701 1425 892
f 1701 834 1420
f 1701 859 834
f 1701 892 859
f 1701 1420 1425
f 1702 1428 1427
f 1702 1421 1428
f 1703 1423 863
f 1703 1421 1423
f 1704 1703 863
f 1704 1421 1703
f 1704 894 1428
f 1704 863 894
f 1704 1428 1421
f 1705 1428 894
f 1705 1426 1428
f 1706 1705 894
f 1706 1426 1705
f 1706 894 924
f 1706 924 937
f 1706 937 1426
f 1707 4 3
f 1707 1430 902
f 1707 5 4
f 1707 902 5
f 1708 2 1
f 1708 3 2
f 1708 1438 1433
f 1708 1707 3
f 1708 1430 1707
f 1708 1431 1430
f 1708 1 1438
f 1708 1433 1431
f 1709 1442 1438
f 1709 1 16
f 1709 16 17
f 1709 1440 1442
f 1709 1438 1
f 1710 17 18
f 1710 931 1440
f 1710 1440 1709
f 1710 1709 17
f 1710 18 931
f 1711 1434 1433
f 1711 1433 1437
f 1711 1436 1435
f 1711 1437 1436
f 1711 1435 1434
f 1712 1440 943
f 1712 28 29
f 1712 943 28
f 1713 940 1436
f 1713 1436 1445
f 1714 1441 1440
f 1714 29 30
f 1714 30 31
f 1714 31 1441
f 1714 1712 29
f 1714 1440 1712
f 1715 1713 1445
f 1715 1445 1447
f 1715 1447 968
f 1716 1447 1452
f 1716 968 1447
f 1717 994 968
f 1717 1452 1454
f 1717 1716 1452
f 1717 1454 994
f 1717 968 1716
f 1718 1454 1462
f 1718 994 1454
f 1719 1718 1462
f 1719 1464 1048
f 1719 1462 1464
f 1720 1456 1468
f 1720 1468 1471
f 1721 1048 1464
f 1721 1464 1473
f 1722 1466 1465
f 1722 1465 1720
f 1722 1720 1471
f 1722 1471 1466
f 1723 1475 1047
f 1723 1473 1475
f 1723 1048 1721
f 1723 1721 1473
f 1723 1047 1048
f 1724 1479 1482
f 1724 1466 1479
f 1725 1047 1475
f 1725 1475 1484
f 1726 1483 1477
f 1726 1482 1483
f 1726 1476 1724
f 1726 1477 1476
f 1726 1724 1482
f 1727 1484 1486
f 1727 1486 1073
f 1727 1047 1725
f 1727 1073 1047
f 1727 1725 1484
f 1728 1486 1493
f 1728 1073 1486
f 1729 1136 1110
f 1729 1498 1136
f 1729 1110 1086
f 1729 1096 1498
f 1729 1086 1096
f 1730 1493 1495
f 1730 1728 1493
f 1730 1495 1096
f 1730 1096 1073
f 1730 1073 1728
f 1731 1493 1485
f 1731 1485 1492
f 1732 1492 1502
f 1732 1493 1731
f 1732 1731 1492
f 1732 1502 1503
f 1733 1732 1503
f 1733 1503 1494
f 1733 1494 1493
f 1733 1493 1732
f 1734 1499 1506
f 1734 1136 1499
f 1734 1162 1135
f 1734 1506 1162
f 1734 1135 1136
f 1735 1119 51
f 1735 1502 1119
f 1735 1138 1502
f 1735 53 1138
f 1735 51 52
f 1735 52 53
f 1736 1506 1501
f 1736 1501 1505
f 1737 1138 54
f 1737 1507 1138
f 1737 54 55
f 1738 1736 1505
f 1738 1505 1508
f 1738 1163 1506
f 1738 1506 1736
f 1739 56 1152
f 1739 1507 1737
f 1739 1737 55
f 1739 1152 1507
f 1739 55 56
f 1740 1738 1508
f 1740 1163 1738
f 1740 1508 1178
f 1740 1178 1163
f 1741 1508 1152
f 1741 57 58
f 1741 58 59
f 1741 1152 57
f 1742 60 1168
f 1742 1508 1741
f 1742 1741 59
f 1742 1168 1508
f 1742 59 60
f 1743 1577 1572
f 1743 326 325
f 1743 327 326
f 1743 328 327
f 1743 329 328
f 1743 1541 1544
f 1743 1583 1580
f 1743 1544 1587
f 1743 325 1541
f 1743 1587 1583
f 1743 1527 329
f 1743 1528 1527
f 1743 1580 1577
f 1743 1572 1528
f 1744 1301 1533
f 1744 1286 1287
f 1744 1533 1286
f 1745 522 272
f 1745 1539 522
f 1745 272 271
f 1746 1539 1745
f 1746 1745 271
f 1746 271 270
f 1747 1547 1299
f 1747 1302 1320
f 1747 1320 1313
f 1747 1313 1547
f 1747 1299 1302
f 1748 268 527
f 1748 1548 1539
f 1748 1746 270
f 1748 1539 1746
f 1748 269 268
f 1748 270 269
f 1748 527 1548
f 1749 1585 1573
f 1749 536 539
f 1749 539 1332
f 1749 1573 536
f 1750 1585 1749
f 1750 1749 1332
f 1750 571 1585
f 1750 1332 571
f 1751 639 638
f 1751 1626 639
f 1751 638 645
f 1752 1362 1626
f 1752 1363 1362
f 1752 1626 1751
f 1752 1753 1363
f 1754 1631 1363
f 1754 1363 1753
f 1754 1753 1755
f 1756 1636 1631
f 1756 1631 1754
f 1757 686 1642
f 1757 678 686
f 1757 673 678
f 1758 1636 1756
f 1758 1759 1637
f 1758 1760 1759
f 1758 1637 1636
f 1761 1637 1759
f 1761 1641 1637
f 1761 1759 1760
f 1762 1642 1377
f 1762 1377 1379
f 1762 1757 1642
f 1762 1379 1763
f 1764 1650 1639
f 1764 1638 1634
f 1764 1639 1638
f 1764 1645 1765
f 1764 1765 1650
f 1764 1634 1645
f 1766 1641 1761
f 1766 1645 1641
f 1767 1768 1763
f 1767 1379 1651
f 1767 1763 1379
f 1769 1770 1771
f 1769 1765 1645
f 1769 1645 1766
f 1769 1771 1765
f 1772 1767 1651
f 1772 1651 1655
f 1773 1771 1770
f 1773 1765 1771
f 1773 1650 1765
f 1774 1644 1654
f 1774 1648 1644
f 1774 1649 1648
f 1774 1654 1775
f 1776 1650 1773
f 1776 1654 1650
f 1777 1778 1779
f 1777 1656 1778
f 1777 1772 1655
f 1777 1655 1656
f 1780 1649 1774
f 1780 1774 1775
f 1780 1775 1665
f 1780 1665 1659
f 1780 1653 1649
f 1780 1659 1653
f 1781 1779 1778
f 1781 1656 1660
f 1781 1778 1656
f 1782 1654 1776
f 1782 1783 1775
f 1782 1784 1783
f 1782 1775 1654
f 1785 1781 1660
f 1785 1660 1666
f 1786 1665 1775
f 1786 1775 1783
f 1786 1783 1784
f 1787 1665 1786
f 1787 1664 1665
f 1788 1785 1666
f 1788 1789 1790
f 1788 1666 1789
f 1788 1790 1791
f 1792 1671 1663
f 1792 1658 1664
f 1792 1663 1658
f 1792 1676 1671
f 1792 1664 1793
f 1792 1793 1676
f 1794 1790 1789
f 1794 1789 1672
f 1794 1791 1790
f 1795 1796 1793
f 1795 1793 1664
f 1795 1797 1796
f 1795 1664 1787
f 1798 1661 1673
f 1798 1673 1395
f 1798 1395 1672
f 1798 1672 1789
f 1798 1666 1661
f 1798 1789 1666
f 1799 1793 1796
f 1799 1676 1793
f 1799 1796 1797
f 1800 1672 1678
f 1800 1794 1672
f 1801 1675 1676
f 1801 1676 1799
f 1802 1803 1804
f 1802 1678 1803
f 1802 1800 1678
f 1802 1804 1805
f 1806 1804 1803
f 1806 1803 1684
f 1806 1805 1804
f 1807 1808 1809
f 1807 1675 1801
f 1807 1677 1675
f 1807 1809 1677
f 1810 1684 1683
f 1810 1806 1684
f 1811 1803 1678
f 1811 1398 1397
f 1811 1678 1398
f 1812 1809 1808
f 1812 1680 1677
f 1812 1677 1809
f 1813 1407 1684
f 1813 1803 1811
f 1813 1397 1407
f 1813 1811 1397
f 1813 1684 1803
f 1814 1682 1680
f 1814 1680 1812
f 1815 1683 1816
f 1815 1816 1817
f 1815 1810 1683
f 1815 1817 1818
f 1819 1817 1816
f 1819 1816 1691
f 1819 1818 1817
f 1820 1404 1682
f 1820 1821 1822
f 1820 1822 1404
f 1820 1682 1814
f 1823 1819 1691
f 1823 1691 1689
f 1824 1816 1683
f 1824 1683 1406
f 1824 1417 1691
f 1824 1691 1816
f 1824 1406 1417
f 1825 1404 1822
f 1825 1688 1403
f 1825 1403 1404
f 1826 1689 1690
f 1826 1823 1689
f 1826 1690 1827
f 1826 1827 1828
f 1829 1690 1693
f 1829 1827 1690
f 1829 1828 1827
f 1830 848 847
f 1830 847 1414
f 1830 1414 1688
f 1830 1688 1825
f 1831 1829 1693
f 1831 1693 1697
f 1832 1833 1834
f 1832 1697 1422
f 1832 1831 1697
f 1832 1422 1833
f 1835 1421 1702
f 1835 1833 1422
f 1835 1422 1421
f 1836 1835 1702
f 1836 884 878
f 1836 1427 884
f 1836 1702 1427
f 1837 481 940
f 1837 940 1713
f 1837 480 481
f 1838 1837 1713
f 1838 480 1837
f 1838 479 480
f 1839 1715 968
f 1839 479 1838
f 1839 968 477
f 1839 1713 1715
f 1839 477 478
f 1839 478 479
f 1839 1838 1713
f 1840 1718 1719
f 1840 994 1718
f 1840 1457 985
f 1840 985 994
f 1841 1048 1457
f 1841 1840 1719
f 1841 1457 1840
f 1841 1719 1048
f 1842 1451 1456
f 1842 1456 1720
f 1842 1720 1465
f 1843 1460 1466
f 1843 1469 1460
f 1843 1724 1476
f 1843 1466 1724
f 1843 1476 1469
f 1844 1309 1301
f 1844 1287 1296
f 1844 1744 1287
f 1844 1296 1309
f 1844 1301 1744
f 1845 1751 645
f 1845 1752 1751
f 1846 1752 1845
f 1846 1753 1752
f 1846 1847 1755
f 1846 1755 1753
f 1848 1756 1754
f 1848 1754 1755
f 1849 673 1757
f 1849 1757 1762
f 1850 1758 1756
f 1850 1756 1848
f 1850 1760 1758
f 1850 1851 1760
f 1852 1763 1768
f 1852 1849 1762
f 1852 1762 1763
f 1852 1768 1853
f 1854 1761 1760
f 1854 1766 1761
f 1854 1760 1851
f 1855 1767 1772
f 1855 1768 1767
f 1855 1853 1768
f 1856 1766 1854
f 1856 1770 1769
f 1856 1769 1766
f 1857 1772 1777
f 1857 1855 1772
f 1857 1777 1779
f 1858 1773 1770
f 1858 1776 1773
f 1858 1770 1859
f 1860 1781 1785
f 1860 1779 1781
f 1860 1861 1779
f 1862 1782 1776
f 1862 1776 1858
f 1862 1784 1782
f 1863 1860 1785
f 1863 1788 1791
f 1863 1785 1788
f 1864 1787 1786
f 1864 1786 1784
f 1864 1784 1865
f 1866 1794 1800
f 1866 1791 1794
f 1867 1787 1864
f 1867 1795 1787
f 1867 1797 1795
f 1868 1802 1805
f 1868 1800 1802
f 1868 1866 1800
f 1868 1805 1869
f 1870 1799 1797
f 1870 1801 1799
f 1870 1797 1871
f 1872 1805 1806
f 1872 1869 1805
f 1872 1806 1810
f 1873 1808 1807
f 1873 1801 1870
f 1873 1807 1801
f 1874 1810 1815
f 1874 1815 1818
f 1874 1872 1810
f 1875 1812 1808
f 1875 1808 1876
f 1875 1814 1812
f 1877 1819 1823
f 1877 1878 1818
f 1877 1818 1819
f 1879 1814 1875
f 1879 1821 1820
f 1879 1820 1814
f 1880 1877 1823
f 1880 1826 1828
f 1880 1823 1826
f 1881 1822 1821
f 1881 1825 1822
f 1881 1821 1882
f 1883 1884 1828
f 1883 1829 1831
f 1883 1828 1829
f 1885 1830 1825
f 1885 848 1830
f 1885 1825 1881
f 1886 1831 1832
f 1886 1883 1831
f 1886 1832 1834
f 1887 1888 1834
f 1887 1833 1835
f 1887 1834 1833
f 1889 1887 1835
f 1889 1835 1836
f 1889 1836 878
f 1890 1446 1451
f 1890 1842 1465
f 1890 1451 1842
f 1890 1459 1446
f 1890 1465 1459
f 1891 1845 645
f 1891 645 651
f 1892 1845 1891
f 1892 1846 1845
f 1892 1847 1846
f 1893 673 1849
f 1893 661 670
f 1893 670 673
f 1894 1847 1895
f 1894 1848 1755
f 1894 1755 1847
f 1896 1853 1895
f 1896 1893 1849
f 1896 1849 1852
f 1896 1852 1853
f 1897 1848 1894
f 1897 1850 1848
f 1897 1851 1850
f 1898 1855 1857
f 1898 1853 1855
f 1899 1854 1851
f 1899 1856 1854
f 1900 1898 1857
f 1900 1861 1901
f 1900 1857 1779
f 1900 1779 1861
f 1902 1903 1859
f 1902 1856 1899
f 1902 1770 1856
f 1902 1859 1770
f 1904 1860 1863
f 1904 1861 1860
f 1905 1858 1859
f 1905 1862 1858
f 1906 1907 1903
f 1906 1904 1863
f 1906 1791 1907
f 1906 1863 1791
f 1908 1903 1907
f 1908 1791 1866
f 1908 1907 1791
f 1909 1910 1865
f 1909 1862 1905
f 1909 1784 1862
f 1909 1865 1784
f 1911 1908 1866
f 1911 1866 1868
f 1911 1868 1869
f 1912 1864 1865
f 1912 1867 1864
f 1913 1914 1871
f 1913 1797 1867
f 1913 1867 1912
f 1913 1871 1797
f 1915 1910 1869
f 1915 1872 1874
f 1915 1869 1872
f 1916 1870 1871
f 1916 1873 1870
f 1917 1874 1818
f 1917 1818 1878
f 1917 1915 1874
f 1918 1808 1873
f 1918 1876 1808
f 1918 1919 1876
f 1918 1873 1916
f 1920 1878 1877
f 1920 1877 1880
f 1921 1879 1875
f 1921 1875 1876
f 1922 1920 1880
f 1922 1880 1828
f 1922 1828 1884
f 1923 1821 1879
f 1923 1879 1921
f 1923 1882 1821
f 1924 1883 1886
f 1924 1884 1883
f 1925 1881 1882
f 1925 1885 1881
f 1926 1834 1888
f 1926 1886 1834
f 1926 1924 1886
f 1927 861 851
f 1927 851 848
f 1927 848 1885
f 1927 1885 1925
f 1928 1888 1887
f 1928 1887 1889
f 1929 1928 1889
f 1929 862 861
f 1929 1889 878
f 1929 878 862
f 1930 1891 651
f 1930 651 661
f 1930 661 1893
f 1931 1930 1893
f 1931 1891 1930
f 1931 1893 1896
f 1931 1892 1891
f 1932 1895 1847
f 1932 1896 1895
f 1932 1931 1896
f 1932 1892 1931
f 1932 1847 1892
f 1933 1895 1853
f 1933 1853 1898
f 1933 1894 1895
f 1934 1933 1898
f 1934 1894 1933
f 1934 1897 1894
f 1934 1898 1900
f 1935 1901 1851
f 1935 1897 1934
f 1935 1934 1900
f 1935 1851 1897
f 1935 1900 1901
f 1936 1861 1904
f 1936 1851 1901
f 1936 1899 1851
f 1936 1901 1861
f 1937 1899 1936
f 1937 1902 1899
f 1937 1936 1904
f 1937 1904 1906
f 1938 1902 1937
f 1938 1906 1903
f 1938 1937 1906
f 1938 1903 1902
f 1939 1859 1903
f 1939 1905 1859
f 1939 1903 1908
f 1940 1905 1939
f 1940 1939 1908
f 1940 1908 1911
f 1940 1909 1905
f 1941 1869 1910
f 1941 1911 1869
f 1941 1940 1911
f 1941 1909 1940
f 1941 1910 1909
f 1942 1865 1910
f 1942 1910 1915
f 1942 1912 1865
f 1943 1912 1942
f 1943 1913 1912
f 1943 1942 1915
f 1943 1915 1917
f 1944 1878 1914
f 1944 1913 1943
f 1944 1943 1917
f 1944 1914 1913
f 1944 1917 1878
f 1945 1916 1871
f 1945 1871 1914
f 1945 1914 1878
f 1945 1878 1920
f 1946 1916 1945
f 1946 1920 1922
f 1946 1945 1920
f 1946 1918 1916
f 1947 1922 1884
f 1947 1946 1922
f 1947 1884 1919
f 1947 1918 1946
f 1947 1919 1918
f 1948 1921 1876
f 1948 1884 1924
f 1948 1919 1884
f 1948 1876 1919
f 1949 1923 1921
f 1949 1921 1948
f 1949 1924 1926
f 1949 1948 1924
f 1950 1882 1923
f 1950 1888 1951
f 1950 1923 1949
f 1950 1949 1926
f 1950 1951 1882
f 1950 1926 1888
f 1952 1951 1888
f 1952 1888 1928
f 1952 1925 1882
f 1952 1882 1951
f 1953 1927 1925
f 1953 1928 1929
f 1953 1925 1952
f 1953 1952 1928
f 1954 861 1927
f 1954 1929 861
f 1954 1927 1953
f 1954 1953 1929
f 1986 1966 1965
f 1986 1967 1966
f 1985 1964 1963
f 1985 1965 1964
f 1985 1986 1965
f 1984 1963 1962
f 1984 1985 1963
f 1968 1956 1955
f 1968 1957 1956
f 1968 1958 1957
f 1968 1959 1958
f 1983 1961 1960
f 1983 1962 1961
f 1983 1984 1962
f 1982 1983 1960
f 1969 1960 1959
f 1969 1959 1968
f 1969 1982 1960
f 1981 1982 1969
f 1970 1980 1981
f 1970 1981 1969
f 1979 1980 1970
f 1978 1979 1970
f 1971 1978 1970
f 1977 1978 1971
f 1976 1977 1971
f 1972 1975 1976
f 1972 1976 1971
f 1974 1975 1972
f 1973 1974 1972
f 2235 2196 2197
f 2235 2197 2198
f 2236 2198 2199
f 2236 2235 2198
f 2237 2236 2199
f 2012 2011 2010
f 2013 2009 2008
f 2013 2010 2009
f 2013 2012 2010
f 2014 2008 2007
f 2014 2013 2008
f 2370 2382 2371
f 2369 2382 2370
f 2369 2381 2382
f 2368 2381 2369
f 2368 2380 2381
f 2367 2379 2380
f 2367 2380 2368
f 2383 2095 2096
f 2383 2096 2097
f 2384 2097 2098
f 2384 2098 2099
f 2384 2383 2097
f 2385 2383 2384
f 2385 2386 2383
f 2387 2099 2100
f 2387 2100 2101
f 2387 2101 2102
f 2387 2384 2099
f 2388 2386 2385
f 2388 2389 2386
f 2390 2388 2385
f 2390 2384 2387
f 2390 2385 2384
f 2391 2392 2389
f 2391 2389 2388
f 2393 2102 2103
f 2393 2103 2104
f 2393 2387 2102
f 2393 2390 2387
f 2394 2388 2390
f 2394 2391 2388
f 2395 2396 2392
f 2395 2392 2391
f 2397 2390 2393
f 2398 2391 2394
f 2399 2400 2396
f 2399 2396 2395
f 2401 2104 2105
f 2401 2105 2106
f 2401 2393 2104
f 2402 2394 2390
f 2402 2390 2397
f 2403 2391 2398
f 2403 2395 2391
f 2404 2405 2400
f 2404 2400 2399
f 2406 2393 2401
f 2406 2397 2393
f 2407 2394 2402
f 2407 2398 2394
f 2408 2395 2403
f 2408 2399 2395
f 2409 2410 2405
f 2409 2405 2404
f 2411 2402 2397
f 2411 2397 2406
f 2412 2403 2398
f 2412 2398 2407
f 2413 2399 2408
f 2413 2404 2399
f 2414 2410 2409
f 2414 2415 2410
f 2416 2407 2402
f 2416 2402 2411
f 2417 2408 2403
f 2417 2403 2412
f 2418 2404 2413
f 2418 2414 2409
f 2418 2409 2404
f 2419 2420 2415
f 2419 2415 2414
f 2421 2110 2111
f 2422 2407 2416
f 2422 2412 2407
f 2423 2418 2413
f 2423 2408 2417
f 2423 2413 2408
f 2424 2414 2418
f 2425 2426 2420
f 2425 2427 2426
f 2425 2420 2419
f 2428 2412 2422
f 2428 2417 2412
f 2429 2418 2423
f 2430 2414 2424
f 2430 2425 2419
f 2430 2419 2414
f 2431 2427 2425
f 2432 2417 2428
f 2432 2423 2417
f 2433 2430 2424
f 2433 2424 2418
f 2433 2418 2429
f 2434 2431 2425
f 2434 2425 2430
f 2435 2437 2436
f 2435 2427 2431
f 2435 2436 2427
f 2438 2423 2432
f 2438 2429 2423
f 2439 2430 2433
f 2440 2431 2434
f 2441 2437 2435
f 2442 2115 2116
f 2443 2429 2438
f 2443 2433 2429
f 2444 2434 2430
f 2444 2430 2439
f 2445 2435 2431
f 2445 2431 2440
f 2446 2437 2441
f 2446 2447 2437
f 2448 2180 2179
f 2448 2181 2180
f 2448 2182 2181
f 2449 2433 2443
f 2449 2439 2433
f 2450 2434 2444
f 2450 2445 2440
f 2450 2440 2434
f 2451 2435 2445
f 2451 2441 2435
f 2452 2453 2447
f 2452 2447 2446
f 2454 2439 2449
f 2454 2444 2439
f 2455 2445 2450
f 2456 2446 2441
f 2456 2441 2451
f 2456 2452 2446
f 2457 2182 2448
f 2457 2448 2453
f 2457 2453 2452
f 2457 2183 2182
f 2457 2184 2183
f 2457 2185 2184
f 2458 2455 2450
f 2458 2444 2454
f 2458 2450 2444
f 2459 2445 2455
f 2459 2451 2445
f 2460 2457 2452
f 2460 2452 2456
f 2461 2120 2121
f 2462 2455 2458
f 2463 2460 2456
f 2463 2451 2459
f 2463 2456 2451
f 2464 2185 2457
f 2464 2457 2460
f 2464 2186 2185
f 2464 2187 2186
f 2464 2188 2187
f 2465 2459 2455
f 2465 2455 2462
f 2466 2460 2463
f 2467 2463 2459
f 2467 2459 2465
f 2468 2189 2188
f 2468 2188 2464
f 2468 2464 2460
f 2468 2460 2466
f 2469 2466 2463
f 2469 2463 2467
f 2470 2190 2189
f 2470 2191 2190
f 2470 2468 2191
f 2470 2189 2468
f 2471 2125 2126
f 2471 2126 2127
f 2472 2192 2191
f 2472 2466 2469
f 2472 2191 2468
f 2472 2468 2466
f 2473 2193 2192
f 2473 2194 2193
f 2473 2195 2194
f 2473 2192 2472
f 2474 2471 2127
f 2474 2127 2128
f 2474 2128 2129
f 2475 2476 2471
f 2475 2471 2474
f 2477 2129 2130
f 2477 2130 2131
f 2477 2131 2132
f 2477 2474 2129
f 2478 2480 2479
f 2478 2479 2476
f 2478 2476 2475
f 2481 2478 2475
f 2481 2475 2474
f 2481 2474 2477
f 2482 2480 2478
f 2483 2477 2132
f 2483 2132 2133
f 2483 2133 2134
f 2484 2478 2481
f 2485 2487 2486
f 2485 2486 2480
f 2485 2480 2482
f 2488 2231 2232
f 2489 2477 2483
f 2489 2481 2477
f 2490 2482 2478
f 2490 2478 2484
f 2491 2487 2485
f 2492 2134 2135
f 2492 2135 2136
f 2492 2136 2137
f 2492 2483 2134
f 2493 2484 2481
f 2493 2490 2484
f 2493 2481 2489
f 2494 2482 2490
f 2494 2491 2485
f 2494 2485 2482
f 2495 2487 2491
f 2495 2496 2487
f 2497 2483 2492
f 2497 2489 2483
f 2498 2490 2493
f 2499 2491 2494
f 2500 2496 2495
f 2500 2501 2496
f 2502 2492 2137
f 2502 2137 2138
f 2502 2138 2139
f 2502 2139 2140
f 2503 2493 2489
f 2503 2489 2497
f 2504 2490 2498
f 2504 2494 2490
f 2505 2495 2491
f 2505 2500 2495
f 2505 2491 2499
f 2506 2507 2501
f 2506 2501 2500
f 2508 2497 2492
f 2508 2492 2502
f 2509 2498 2493
f 2509 2493 2503
f 2510 2499 2494
f 2510 2494 2504
f 2511 2500 2505
f 2512 2513 2507
f 2512 2507 2506
f 2514 2502 2140
f 2514 2140 2141
f 2514 2141 2142
f 2515 2503 2497
f 2515 2497 2508
f 2516 2504 2498
f 2516 2498 2509
f 2517 2511 2505
f 2517 2499 2510
f 2517 2505 2499
f 2518 2512 2506
f 2518 2500 2511
f 2518 2506 2500
f 2519 2521 2520
f 2519 2520 2513
f 2519 2513 2512
f 2522 2515 2508
f 2522 2508 2502
f 2522 2502 2514
f 2523 2503 2515
f 2523 2509 2503
f 2524 2504 2516
f 2524 2510 2504
f 2525 2511 2517
f 2526 2519 2512
f 2526 2512 2518
f 2527 2521 2519
f 2528 2142 2143
f 2528 2143 2144
f 2528 2144 2145
f 2528 2514 2142
f 2529 2523 2515
f 2529 2515 2522
f 2530 2516 2509
f 2530 2509 2523
f 2531 2517 2510
f 2531 2510 2524
f 2532 2511 2525
f 2532 2518 2511
f 2533 2519 2526
f 2534 2521 2527
f 2534 2535 2521
f 2536 2514 2528
f 2536 2529 2522
f 2536 2522 2514
f 2537 2523 2529
f 2538 2524 2516
f 2538 2516 2530
f 2539 2525 2517
f 2539 2517 2531
f 2540 2526 2518
f 2540 2518 2532
f 2540 2533 2526
f 2541 2527 2519
f 2541 2519 2533
f 2541 2534 2527
f 2542 2535 2534
f 2542 2543 2535
f 2542 2544 2543
f 2545 2528 2145
f 2545 2145 2146
f 2545 2146 2147
f 2545 2147 2148
f 2546 2537 2529
f 2546 2529 2536
f 2547 2523 2537
f 2547 2530 2523
f 2548 2241 2240
f 2548 2242 2241
f 2548 2243 2242
f 2549 2524 2538
f 2549 2531 2524
f 2550 2525 2539
f 2550 2532 2525
f 2551 2533 2540
f 2552 2534 2541
f 2553 2544 2542
f 2554 2528 2545
f 2554 2536 2528
f 2554 2545 2148
f 2555 2537 2546
f 2556 2538 2530
f 2556 2530 2547
f 2557 2539 2531
f 2557 2531 2549
f 2558 2532 2550
f 2558 2540 2532
f 2559 2541 2533
f 2559 2533 2551
f 2560 2534 2552
f 2560 2553 2542
f 2560 2542 2534
f 2561 2562 2544
f 2561 2544 2553
f 2563 2536 2554
f 2563 2546 2536
f 2564 2547 2537
f 2564 2537 2555
f 2565 2538 2556
f 2565 2549 2538
f 2565 2557 2549
f 2566 2539 2557
f 2566 2550 2539
f 2567 2551 2540
f 2567 2540 2558
f 2568 2552 2541
f 2568 2541 2559
f 2569 2553 2560
f 2570 2562 2561
f 2570 2571 2562
f 2572 2546 2563
f 2572 2555 2546
f 2573 2249 2248
f 2573 2250 2249
f 2574 2547 2564
f 2574 2556 2547
f 2575 2557 2565
f 2575 2566 2557
f 2576 2550 2566
f 2576 2558 2550
f 2577 2551 2567
f 2577 2559 2551
f 2578 2552 2568
f 2578 2560 2552
f 2579 2553 2569
f 2579 2561 2553
f 2580 2571 2570
f 2580 2581 2571
f 2582 2149 2150
f 2582 2150 2151
f 2582 2151 2152
f 2582 2152 2153
f 2583 2555 2572
f 2583 2564 2555
f 2584 2556 2574
f 2584 2565 2556
f 2584 2575 2565
f 2585 2566 2575
f 2586 2558 2576
f 2586 2577 2567
f 2586 2567 2558
f 2587 2568 2559
f 2587 2559 2577
f 2588 2569 2560
f 2588 2579 2569
f 2588 2560 2578
f 2589 2570 2561
f 2589 2561 2579
f 2590 2592 2591
f 2590 2581 2580
f 2590 2591 2581
f 2593 1998 1997
f 2593 1999 1998
f 2594 2554 2148
f 2594 2149 2582
f 2594 2582 2153
f 2594 2148 2149
f 2594 2153 2154
f 2595 2574 2564
f 2595 2564 2583
f 2596 2575 2584
f 2597 2576 2566
f 2597 2566 2585
f 2597 2586 2576
f 2598 2577 2586
f 2599 2568 2587
f 2599 2578 2568
f 2600 2579 2588
f 2601 2590 2580
f 2601 2580 2570
f 2601 2570 2589
f 2602 2592 2590
f 2603 2594 2154
f 2603 2154 2155
f 2603 2155 2156
f 2603 2572 2563
f 2603 2554 2594
f 2603 2563 2554
f 2604 2256 2255
f 2605 2574 2595
f 2605 2584 2574
f 2606 2575 2596
f 2606 2585 2575
f 2607 2586 2597
f 2608 2587 2577
f 2608 2577 2598
f 2609 2578 2599
f 2609 2588 2578
f 2610 2589 2579
f 2610 2579 2600
f 2611 2590 2601
f 2611 2602 2590
f 2612 2613 2592
f 2612 2592 2602
f 2614 1996 1995
f 2614 1997 1996
f 2614 2615 2593
f 2614 2593 1997
f 2616 2603 2156
f 2616 2572 2603
f 2617 2596 2584
f 2617 2584 2605
f 2618 2607 2597
f 2618 2585 2606
f 2618 2597 2585
f 2619 2598 2586
f 2619 2608 2598
f 2619 2586 2607
f 2620 2599 2587
f 2620 2587 2608
f 2621 2588 2609
f 2621 2600 2588
f 2622 2611 2601
f 2622 2589 2610
f 2622 2601 2589
f 2623 2602 2611
f 2624 1993 1992
f 2624 1994 1993
f 2625 2613 2612
f 2625 2626 2613
f 2625 2627 2626
f 2628 2615 2614
f 2629 2022 2021
f 2629 2023 2022
f 2629 2024 2023
f 2630 2572 2616
f 2630 2583 2572
f 2630 2616 2156
f 2631 2596 2617
f 2631 2606 2596
f 2632 2607 2618
f 2632 2619 2607
f 2633 2620 2608
f 2633 2608 2619
f 2634 2599 2620
f 2634 2609 2599
f 2635 2600 2621
f 2635 2610 2600
f 2636 2611 2622
f 2636 2623 2611
f 2637 2602 2623
f 2637 2612 2602
f 2638 1995 1994
f 2638 2614 1995
f 2638 2624 1992
f 2638 1994 2624
f 2639 2627 2625
f 2639 2640 2627
f 2641 2642 2615
f 2641 2615 2628
f 2641 2629 2642
f 2643 2595 2583
f 2643 2583 2630
f 2643 2630 2156
f 2644 2606 2631
f 2644 2618 2606
f 2645 2619 2632
f 2646 2620 2633
f 2647 2609 2634
f 2647 2621 2609
f 2648 2622 2610
f 2648 2610 2635
f 2648 2636 2622
f 2649 2637 2623
f 2649 2623 2636
f 2650 1990 1989
f 2650 1991 1990
f 2650 1992 1991
f 2651 2625 2612
f 2651 2612 2637
f 2652 2628 2614
f 2652 2614 2638
f 2652 2641 2628
f 2653 2640 2639
f 2654 2629 2641
f 2654 2025 2024
f 2654 2026 2025
f 2654 2024 2629
f 2655 2262 2261
f 2655 2263 2262
f 2655 2656 2263
f 2657 2643 2156
f 2657 2617 2605
f 2657 2605 2595
f 2657 2595 2643
f 2658 2632 2618
f 2658 2618 2644
f 2659 2633 2619
f 2659 2619 2645
f 2660 2634 2620
f 2660 2620 2646
f 2661 2635 2621
f 2661 2621 2647
f 2662 2636 2648
f 2663 2637 2649
f 2664 2638 1992
f 2664 1992 2650
f 2665 2625 2651
f 2665 2639 2625
f 2666 2641 2652
f 2667 2656 2640
f 2667 2640 2653
f 2667 2264 2263
f 2667 2263 2656
f 2667 2267 2266
f 2668 2657 2156
f 2668 2617 2657
f 2669 2645 2632
f 2669 2632 2658
f 2670 2646 2633
f 2670 2633 2659
f 2670 2660 2646
f 2671 2647 2634
f 2671 2634 2660
f 2672 2648 2635
f 2672 2635 2661
f 2673 2649 2636
f 2673 2636 2662
f 2674 1989 1988
f 2674 2664 2650
f 2674 2650 1989
f 2675 2651 2637
f 2675 2637 2663
f 2676 2652 2638
f 2676 2638 2664
f 2676 2666 2652
f 2677 2639 2665
f 2677 2653 2639
f 2678 2654 2641
f 2678 2026 2654
f 2678 2027 2026
f 2678 2028 2027
f 2678 2029 2028
f 2678 2641 2666
f 2679 2667 2266
f 2679 2265 2264
f 2679 2264 2667
f 2679 2266 2265
f 2680 2617 2668
f 2680 2631 2617
f 2680 2668 2156
f 2681 2645 2669
f 2681 2659 2645
f 2682 2671 2660
f 2682 2660 2670
f 2683 2647 2671
f 2683 2661 2647
f 2684 2662 2648
f 2684 2648 2672
f 2685 2649 2673
f 2685 2663 2649
f 2686 2664 2674
f 2687 2651 2675
f 2687 2665 2651
f 2688 2666 2676
f 2688 2678 2666
f 2689 2653 2677
f 2689 2667 2653
f 2689 2267 2667
f 2689 2270 2269
f 2690 2631 2680
f 2690 2658 2644
f 2690 2680 2156
f 2690 2644 2631
f 2691 2670 2659
f 2691 2659 2681
f 2692 2671 2682
f 2693 2672 2661
f 2693 2661 2683
f 2693 2684 2672
f 2694 2360 2359
f 2694 2361 2360
f 2695 2673 2662
f 2695 2662 2684
f 2696 2675 2663
f 2696 2663 2685
f 2697 2664 2686
f 2697 2688 2676
f 2697 2676 2664
f 2698 2677 2665
f 2698 2665 2687
f 2699 2678 2688
f 2699 2030 2029
f 2699 2031 2030
f 2699 2029 2678
f 2700 2689 2269
f 2700 2267 2689
f 2700 2268 2267
f 2700 2269 2268
f 2701 2690 2156
f 2701 2658 2690
f 2702 2682 2670
f 2702 2692 2682
f 2702 2670 2691
f 2703 2683 2671
f 2703 2671 2692
f 2704 2684 2693
f 2705 2673 2695
f 2705 2685 2673
f 2706 2675 2696
f 2706 2687 2675
f 2707 2688 2697
f 2708 2270 2689
f 2708 2677 2698
f 2708 2689 2677
f 2708 2273 2272
f 2709 2658 2701
f 2709 2669 2658
f 2709 2701 2156
f 2710 2703 2692
f 2710 2692 2702
f 2711 2704 2693
f 2711 2683 2703
f 2711 2693 2683
f 2712 2684 2704
f 2712 2695 2684
f 2713 2696 2685
f 2713 2706 2696
f 2713 2685 2705
f 2714 2698 2687
f 2714 2687 2706
f 2715 2688 2707
f 2715 2031 2699
f 2715 2032 2031
f 2715 2699 2688
f 2715 2033 2032
f 2716 2270 2708
f 2716 2708 2272
f 2716 2271 2270
f 2716 2272 2271
f 2717 2669 2709
f 2717 2681 2669
f 2717 2709 2156
f 2718 2703 2710
f 2719 2704 2711
f 2720 2695 2712
f 2720 2705 2695
f 2721 2706 2713
f 2721 2714 2706
f 2722 2708 2698
f 2722 2698 2714
f 2722 2273 2708
f 2723 2681 2717
f 2723 2717 2156
f 2723 2691 2681
f 2724 2711 2703
f 2724 2703 2718
f 2725 2353 2352
f 2726 2712 2704
f 2726 2704 2719
f 2727 2721 2713
f 2727 2713 2705
f 2727 2705 2720
f 2728 2714 2721
f 2729 2722 2276
f 2729 2273 2722
f 2729 2274 2273
f 2729 2275 2274
f 2729 2276 2275
f 2730 2723 2156
f 2730 2691 2723
f 2730 2702 2691
f 2731 2711 2724
f 2731 2719 2711
f 2732 2725 2352
f 2732 2352 2351
f 2733 2720 2712
f 2733 2712 2726
f 2734 2721 2727
f 2735 2276 2722
f 2735 2714 2728
f 2735 2722 2714
f 2736 2702 2730
f 2736 2710 2702
f 2736 2730 2156
f 2737 2719 2731
f 2737 2726 2719
f 2738 2727 2720
f 2738 2720 2733
f 2739 2728 2721
f 2739 2721 2734
f 2739 2735 2728
f 2740 2038 2037
f 2741 2276 2735
f 2741 2277 2276
f 2741 2278 2277
f 2741 2279 2278
f 2741 2280 2279
f 2742 2710 2736
f 2742 2718 2710
f 2742 2736 2156
f 2743 2733 2726
f 2743 2726 2737
f 2744 2727 2738
f 2744 2734 2727
f 2745 2735 2739
f 2746 2718 2742
f 2746 2724 2718
f 2746 2731 2724
f 2746 2742 2156
f 2747 2738 2733
f 2747 2733 2743
f 2748 2734 2744
f 2748 2745 2739
f 2748 2739 2734
f 2749 2280 2741
f 2749 2741 2735
f 2749 2735 2745
f 2749 2281 2280
f 2750 2746 2156
f 2750 2731 2746
f 2751 2345 2344
f 2752 2738 2747
f 2752 2744 2738
f 2753 2745 2748
f 2753 2749 2745
f 2754 2281 2749
f 2754 2282 2281
f 2754 2283 2282
f 2754 2284 2283
f 2755 2731 2750
f 2755 2737 2731
f 2755 2750 2156
f 2756 2744 2752
f 2756 2748 2744
f 2757 2043 2042
f 2758 2749 2753
f 2759 2737 2755
f 2759 2755 2156
f 2759 2743 2737
f 2759 2747 2743
f 2760 2753 2748
f 2760 2748 2756
f 2761 2284 2754
f 2761 2749 2758
f 2761 2754 2749
f 2761 2285 2284
f 2761 2286 2285
f 2761 2287 2286
f 2762 2747 2759
f 2762 2759 2156
f 2763 2758 2753
f 2763 2753 2760
f 2764 2287 2761
f 2764 2288 2287
f 2764 2289 2288
f 2765 2337 2336
f 2765 2338 2337
f 2766 2747 2762
f 2766 2762 2156
f 2766 2752 2747
f 2767 2761 2758
f 2767 2758 2763
f 2768 2765 2336
f 2768 2336 2335
f 2769 2752 2766
f 2769 2756 2752
f 2769 2760 2756
f 2769 2766 2156
f 2769 2156 2083
f 2770 2048 2047
f 2771 2290 2289
f 2771 2764 2761
f 2771 2761 2767
f 2771 2289 2764
f 2772 2333 2332
f 2772 2334 2333
f 2773 2763 2760
f 2773 2760 2769
f 2773 2769 2083
f 2774 2291 2290
f 2774 2290 2771
f 2775 2334 2772
f 2775 2332 2331
f 2775 2335 2334
f 2775 2772 2332
f 2775 2768 2335
f 2776 2773 2083
f 2776 2763 2773
f 2777 2292 2291
f 2777 2293 2292
f 2777 2294 2293
f 2777 2291 2774
f 2778 2329 2328
f 2778 2330 2329
f 2779 2768 2775
f 2779 2781 2780
f 2779 2780 2768
f 2782 2776 2083
f 2782 2763 2776
f 2782 2767 2763
f 2783 2775 2331
f 2783 2330 2778
f 2783 2778 2328
f 2783 2328 2327
f 2783 2331 2330
f 2784 2781 2779
f 2785 2053 2052
f 2785 2054 2053
f 2786 2782 2083
f 2786 2767 2782
f 2786 2771 2767
f 2787 2325 2324
f 2787 2326 2325
f 2787 2327 2326
f 2788 2775 2783
f 2788 2779 2775
f 2789 2790 2781
f 2789 2781 2784
f 2791 2786 2083
f 2791 2771 2786
f 2791 2774 2771
f 2791 2777 2774
f 2792 2783 2327
f 2792 2324 2323
f 2792 2788 2783
f 2792 2787 2324
f 2792 2327 2787
f 2793 2789 2784
f 2793 2779 2788
f 2793 2784 2779
f 2794 2054 2785
f 2794 2785 2790
f 2794 2055 2054
f 2794 2056 2055
f 2794 2790 2789
f 2795 2294 2777
f 2795 2791 2083
f 2795 2777 2791
f 2796 2320 2319
f 2796 2321 2320
f 2796 2322 2321
f 2796 2323 2322
f 2797 2788 2792
f 2798 2789 2793
f 2798 2794 2789
f 2799 2295 2294
f 2799 2294 2795
f 2799 2795 2083
f 2800 2317 2316
f 2800 2318 2317
f 2801 2792 2323
f 2801 2323 2796
f 2802 2793 2788
f 2802 2788 2797
f 2802 2798 2793
f 2803 2794 2798
f 2803 2056 2794
f 2803 2057 2056
f 2803 2058 2057
f 2803 2059 2058
f 2804 2296 2295
f 2804 2297 2296
f 2804 2295 2799
f 2804 2799 2083
f 2805 2316 2315
f 2805 2319 2318
f 2805 2796 2319
f 2805 2800 2316
f 2805 2318 2800
f 2806 2797 2792
f 2806 2792 2801
f 2807 2798 2802
f 2808 2298 2297
f 2808 2297 2804
f 2808 2804 2083
f 2809 2313 2312
f 2809 2314 2313
f 2809 2315 2314
f 2810 2801 2796
f 2810 2796 2805
f 2810 2806 2801
f 2811 2802 2797
f 2811 2797 2806
f 2812 2798 2807
f 2812 2060 2059
f 2812 2061 2060
f 2812 2803 2798
f 2812 2059 2803
f 2813 2808 2083
f 2813 2299 2298
f 2813 2298 2808
f 2814 2304 2303
f 2814 2305 2304
f 2814 2306 2305
f 2815 2309 2308
f 2815 2310 2309
f 2815 2311 2310
f 2816 2315 2809
f 2816 2805 2315
f 2816 2810 2805
f 2817 2806 2810
f 2817 2811 2806
f 2818 2807 2802
f 2818 2802 2811
f 2819 2813 2083
f 2819 2299 2813
f 2819 2300 2299
f 2819 2301 2300
f 2820 2307 2306
f 2820 2308 2307
f 2820 2306 2814
f 2821 2816 2809
f 2821 2311 2815
f 2821 2312 2311
f 2821 2809 2312
f 2822 2817 2810
f 2822 2810 2816
f 2823 2811 2817
f 2824 2807 2818
f 2824 2061 2812
f 2824 2812 2807
f 2824 2062 2061
f 2824 2063 2062
f 2824 2064 2063
f 2825 2302 2301
f 2825 2301 2819
f 2825 2819 2083
f 2826 2308 2820
f 2826 2815 2308
f 2827 2816 2821
f 2827 2822 2816
f 2828 2817 2822
f 2829 2811 2823
f 2829 2818 2811
f 2830 2303 2302
f 2830 2814 2303
f 2830 2825 2083
f 2830 2302 2825
f 2831 2815 2826
f 2831 2821 2815
f 2832 2822 2827
f 2833 2817 2828
f 2833 2829 2823
f 2833 2823 2817
f 2834 2824 2818
f 2834 2818 2829
f 2834 2064 2824
f 2834 2065 2064
f 2834 2066 2065
f 2834 2067 2066
f 2835 2814 2830
f 2835 2830 2083
f 2836 2827 2821
f 2836 2821 2831
f 2836 2832 2827
f 2837 2828 2822
f 2837 2822 2832
f 2838 2834 2829
f 2838 2829 2833
f 2839 2814 2835
f 2839 2826 2820
f 2839 2835 2083
f 2839 2820 2814
f 2840 2832 2836
f 2841 2828 2837
f 2841 2833 2828
f 2841 2838 2833
f 2842 2834 2838
f 2842 2067 2834
f 2842 2068 2067
f 2842 2069 2068
f 2843 2839 2083
f 2843 2826 2839
f 2844 2837 2832
f 2844 2841 2837
f 2844 2832 2840
f 2845 2838 2841
f 2846 2831 2826
f 2846 2826 2843
f 2846 2843 2083
f 2847 2841 2844
f 2848 2069 2842
f 2848 2838 2845
f 2848 2070 2069
f 2848 2071 2070
f 2848 2072 2071
f 2848 2842 2838
f 2849 2836 2831
f 2849 2846 2083
f 2849 2831 2846
f 2850 2845 2841
f 2850 2841 2847
f 2851 2849 2083
f 2851 2836 2849
f 2851 2840 2836
f 2851 2844 2840
f 2852 2848 2845
f 2852 2845 2850
f 2852 2850 2075
f 2852 2073 2072
f 2852 2074 2073
f 2852 2075 2074
f 2852 2072 2848
f 2853 2851 2083
f 2853 2844 2851
f 2854 2844 2853
f 2854 2850 2847
f 2854 2847 2844
f 2854 2082 2081
f 2854 2083 2082
f 2854 2853 2083
f 2855 2075 2850
f 2855 2850 2854
f 2855 2854 2081
f 2855 2076 2075
f 2855 2081 2080
f 2856 2076 2855
f 2856 2855 2080
f 2856 2077 2076
f 2856 2078 2077
f 2856 2079 2078
f 2856 2080 2079
f 2857 2157 2084
f 2857 2084 2085
f 2857 2085 2086
f 2858 2157 2857
f 2858 2158 2157
f 2859 2858 2857
f 2859 2857 2086
f 2859 2086 2087
f 2860 2158 2858
f 2860 2858 2859
f 2860 2159 2158
f 2861 2093 2094
f 2861 2094 2095
f 2861 2095 2383
f 2862 2092 2093
f 2862 2093 2861
f 2863 2091 2092
f 2863 2092 2862
f 2863 2864 2091
f 2865 2864 2863
f 2866 2864 2865
f 2867 2861 2383
f 2867 2862 2861
f 2867 2383 2386
f 2868 2386 2389
f 2868 2863 2862
f 2868 2867 2386
f 2868 2862 2867
f 2869 2866 2865
f 2869 2865 2863
f 2869 2868 2389
f 2869 2863 2868
f 2870 2872 2871
f 2873 2870 2874
f 2875 2873 2874
f 2876 2878 2877
f 2879 2106 2107
f 2879 2406 2401
f 2879 2401 2106
f 2880 2876 2877
f 2881 2107 2108
f 2881 2406 2879
f 2881 2879 2107
f 2882 2876 2880
f 2883 2882 2880
f 2884 2881 2108
f 2884 2108 2109
f 2884 2109 2110
f 2885 2883 2886
f 2885 2174 2173
f 2885 2175 2174
f 2887 2421 2888
f 2887 2110 2421
f 2887 2884 2110
f 2887 2888 2884
f 2889 2881 2884
f 2889 2406 2881
f 2889 2884 2888
f 2889 2888 2890
f 2889 2411 2406
f 2891 2885 2886
f 2892 2437 2447
f 2892 2891 2886
f 2893 2111 2112
f 2893 2888 2421
f 2893 2421 2111
f 2894 2890 2895
f 2894 2889 2890
f 2894 2411 2889
f 2894 2416 2411
f 2896 2175 2885
f 2896 2891 2892
f 2896 2176 2175
f 2896 2885 2891
f 2897 2112 2113
f 2897 2893 2112
f 2897 2888 2893
f 2898 2892 2447
f 2898 2896 2892
f 2899 2895 2900
f 2899 2894 2895
f 2899 2422 2416
f 2899 2416 2894
f 2901 2176 2896
f 2901 2896 2898
f 2901 2177 2176
f 2902 2448 2179
f 2902 2447 2453
f 2902 2898 2447
f 2902 2453 2448
f 2902 2901 2898
f 2902 2177 2901
f 2902 2178 2177
f 2902 2179 2178
f 2903 2900 2904
f 2903 2899 2900
f 2903 2428 2422
f 2903 2422 2899
f 2905 2113 2114
f 2905 2114 2115
f 2905 2897 2113
f 2906 2907 2905
f 2906 2442 2907
f 2906 2115 2442
f 2906 2905 2115
f 2908 2905 2907
f 2908 2907 2909
f 2908 2890 2888
f 2908 2888 2897
f 2908 2897 2905
f 2910 2904 2911
f 2910 2432 2428
f 2910 2428 2903
f 2910 2903 2904
f 2912 2890 2908
f 2912 2909 2913
f 2912 2895 2890
f 2912 2908 2909
f 2914 2432 2910
f 2914 2911 2915
f 2914 2910 2911
f 2914 2438 2432
f 2916 2442 2116
f 2916 2116 2117
f 2916 2117 2118
f 2916 2907 2442
f 2917 2900 2895
f 2917 2912 2913
f 2917 2895 2912
f 2917 2913 2918
f 2919 2438 2914
f 2919 2915 2920
f 2919 2914 2915
f 2919 2443 2438
f 2921 2917 2918
f 2921 2900 2917
f 2921 2904 2900
f 2921 2918 2922
f 2923 2919 2920
f 2923 2449 2443
f 2923 2443 2919
f 2923 2920 2924
f 2925 2916 2118
f 2925 2118 2119
f 2925 2119 2120
f 2926 2927 2925
f 2926 2925 2120
f 2926 2120 2461
f 2926 2461 2927
f 2928 2909 2907
f 2928 2925 2927
f 2928 2927 2929
f 2928 2907 2916
f 2928 2916 2925
f 2930 2911 2904
f 2930 2904 2921
f 2930 2922 2931
f 2930 2921 2922
f 2932 2923 2924
f 2932 2454 2449
f 2932 2924 2933
f 2932 2449 2923
f 2934 2909 2928
f 2934 2913 2909
f 2934 2929 2935
f 2934 2928 2929
f 2936 2911 2930
f 2936 2915 2911
f 2936 2930 2931
f 2936 2931 2937
f 2938 2121 2122
f 2938 2122 2123
f 2938 2927 2461
f 2938 2461 2121
f 2939 2458 2454
f 2939 2932 2933
f 2939 2933 2940
f 2939 2454 2932
f 2941 2913 2934
f 2941 2934 2935
f 2941 2918 2913
f 2941 2935 2942
f 2943 2915 2936
f 2943 2920 2915
f 2943 2936 2937
f 2943 2937 2944
f 2945 2458 2939
f 2945 2462 2458
f 2945 2939 2940
f 2945 2940 2946
f 2947 2942 2948
f 2947 2918 2941
f 2947 2922 2918
f 2947 2941 2942
f 2949 2944 2950
f 2949 2924 2920
f 2949 2920 2943
f 2949 2943 2944
f 2951 2123 2124
f 2951 2124 2125
f 2951 2938 2123
f 2952 2465 2462
f 2952 2946 2953
f 2952 2945 2946
f 2952 2462 2945
f 2954 2125 2471
f 2954 2471 2476
f 2954 2951 2125
f 2954 2476 2951
f 2955 2929 2927
f 2955 2927 2938
f 2955 2951 2476
f 2955 2938 2951
f 2955 2476 2479
f 2956 2931 2922
f 2956 2922 2947
f 2956 2948 2957
f 2956 2947 2948
f 2958 2950 2959
f 2958 2949 2950
f 2958 2933 2924
f 2958 2924 2949
f 2960 2952 2953
f 2960 2953 2961
f 2960 2467 2465
f 2960 2465 2952
f 2962 2479 2480
f 2962 2955 2479
f 2962 2935 2929
f 2962 2929 2955
f 2963 2937 2931
f 2963 2957 2964
f 2963 2931 2956
f 2963 2956 2957
f 2965 2933 2958
f 2965 2940 2933
f 2965 2958 2959
f 2965 2959 2966
f 2967 2960 2961
f 2967 2469 2467
f 2967 2961 2968
f 2967 2467 2960
f 2969 2935 2962
f 2969 2962 2480
f 2969 2942 2935
f 2969 2480 2486
f 2970 2964 2971
f 2970 2963 2964
f 2970 2937 2963
f 2970 2944 2937
f 2972 2946 2940
f 2972 2966 2973
f 2972 2940 2965
f 2972 2965 2966
f 2974 2968 2975
f 2974 2472 2469
f 2974 2469 2967
f 2974 2967 2968
f 2976 2942 2969
f 2976 2486 2487
f 2976 2948 2942
f 2976 2969 2486
f 2977 2950 2944
f 2977 2971 2978
f 2977 2970 2971
f 2977 2944 2970
f 2979 2972 2973
f 2979 2953 2946
f 2979 2946 2972
f 2979 2973 2980
f 2981 2976 2487
f 2981 2948 2976
f 2981 2487 2496
f 2981 2957 2948
f 2982 2974 2975
f 2982 2488 2232
f 2982 2975 2983
f 2982 2983 2488
f 2982 2232 2233
f 2982 2233 2234
f 2982 2234 2195
f 2984 2959 2950
f 2984 2977 2978
f 2984 2978 2985
f 2984 2950 2977
f 2986 2961 2953
f 2986 2979 2980
f 2986 2980 2987
f 2986 2953 2979
f 2988 2981 2496
f 2988 2957 2981
f 2988 2964 2957
f 2988 2496 2501
f 2989 2984 2985
f 2989 2985 2990
f 2989 2959 2984
f 2989 2966 2959
f 2991 2986 2987
f 2991 2987 2992
f 2991 2961 2986
f 2991 2968 2961
f 2993 2971 2964
f 2993 2501 2507
f 2993 2964 2988
f 2993 2988 2501
f 2994 2990 2995
f 2994 2989 2990
f 2994 2966 2989
f 2994 2973 2966
f 2996 2991 2992
f 2996 2975 2968
f 2996 2968 2991
f 2996 2992 2997
f 2998 2507 2513
f 2998 2978 2971
f 2998 2971 2993
f 2998 2993 2507
f 2999 2995 3000
f 2999 2994 2995
f 2999 2973 2994
f 2999 2980 2973
f 3001 2983 2975
f 3001 2997 3002
f 3001 2996 2997
f 3001 2975 2996
f 3003 2978 2998
f 3003 2985 2978
f 3003 2998 2513
f 3003 2513 2520
f 3004 2999 3000
f 3004 2980 2999
f 3004 2987 2980
f 3004 3000 3005
f 3006 3001 3002
f 3006 2488 2983
f 3006 3002 3007
f 3006 2983 3001
f 3008 2520 2521
f 3008 2990 2985
f 3008 3003 2520
f 3008 2985 3003
f 3009 3005 3010
f 3009 2992 2987
f 3009 2987 3004
f 3009 3004 3005
f 3011 3007 3012
f 3011 3006 3007
f 3011 3013 2488
f 3011 2488 3006
f 3014 2990 3008
f 3014 2995 2990
f 3014 3008 2521
f 3014 2521 2535
f 3015 3009 3010
f 3015 3010 3016
f 3015 2992 3009
f 3015 2997 2992
f 3017 3018 3013
f 3017 3013 3011
f 3017 3011 3012
f 3017 3012 3019
f 3020 3000 2995
f 3020 2535 2543
f 3020 2995 3014
f 3020 3014 2535
f 3021 2997 3015
f 3021 3002 2997
f 3021 3015 3016
f 3021 3016 3022
f 3023 3019 3024
f 3023 3025 3018
f 3023 3018 3017
f 3023 3017 3019
f 3026 2543 2544
f 3026 3005 3000
f 3026 3020 2543
f 3026 3000 3020
f 3027 3007 3002
f 3027 3002 3021
f 3027 3022 3028
f 3027 3021 3022
f 3029 3030 3025
f 3029 3023 3024
f 3029 3024 3031
f 3029 3025 3023
f 3032 2544 2562
f 3032 3010 3005
f 3032 3005 3026
f 3032 3026 2544
f 3033 3027 3028
f 3033 3012 3007
f 3033 3007 3027
f 3033 3028 3034
f 3035 3029 3031
f 3035 3030 3029
f 3035 3031 3036
f 3035 3037 3030
f 3038 3010 3032
f 3038 2562 2571
f 3038 3016 3010
f 3038 3032 2562
f 3039 3033 3034
f 3039 3034 3040
f 3039 3012 3033
f 3039 3019 3012
f 3041 3036 3042
f 3041 3037 3035
f 3041 3035 3036
f 3041 3043 3037
f 3044 2199 2200
f 3044 2200 2201
f 3044 2201 2202
f 3044 2202 2203
f 3044 2238 2237
f 3044 2239 2238
f 3044 2237 2199
f 3045 3016 3038
f 3045 3038 2571
f 3045 3022 3016
f 3045 2571 2581
f 3046 3019 3039
f 3046 3039 3040
f 3046 3024 3019
f 3046 3040 3047
f 3048 3043 3041
f 3048 3041 3042
f 3049 3022 3045
f 3049 3045 2581
f 3049 2581 2591
f 3049 3028 3022
f 3050 2548 3051
f 3050 2244 2243
f 3050 2243 2548
f 3050 3051 3052
f 3053 3024 3046
f 3053 3046 3047
f 3053 3031 3024
f 3053 3047 3054
f 3055 2591 2592
f 3055 3049 2591
f 3055 3028 3049
f 3055 3034 3028
f 3056 3036 3031
f 3056 3053 3054
f 3056 3054 3057
f 3056 3031 3053
f 3058 2006 2005
f 3058 2007 2006
f 3058 2014 2007
f 3058 2015 2014
f 3058 2016 2015
f 3059 2247 2246
f 3060 3058 2005
f 3060 2017 2016
f 3060 2016 3058
f 3061 3040 3034
f 3061 3055 2592
f 3061 2592 2613
f 3061 3034 3055
f 3062 3063 2573
f 3062 2247 3059
f 3062 2248 2247
f 3062 2573 2248
f 3064 3036 3056
f 3064 3056 3057
f 3065 2005 2004
f 3065 2017 3060
f 3065 3060 2005
f 3066 2017 3065
f 3066 2018 2017
f 3066 3065 2004
f 3067 2004 2003
f 3067 3066 2004
f 3067 2018 3066
f 3068 2573 3063
f 3068 2250 2573
f 3068 3063 3042
f 3068 2251 2250
f 3069 3047 3040
f 3069 3061 2613
f 3069 3040 3061
f 3069 2613 2626
f 3070 3067 2003
f 3070 2019 2018
f 3070 2018 3067
f 3071 2003 2002
f 3071 3070 2003
f 3071 2019 3070
f 3072 2001 2000
f 3072 2002 2001
f 3073 2642 2629
f 3073 2629 2021
f 3073 2020 2019
f 3073 2021 2020
f 3073 3071 2002
f 3073 3072 2642
f 3073 2019 3071
f 3073 2002 3072
f 3074 3069 2626
f 3074 3047 3069
f 3074 2626 2627
f 3074 3054 3047
f 3075 2615 2642
f 3075 2000 1999
f 3075 3072 2000
f 3075 2593 2615
f 3075 2642 3072
f 3075 1999 2593
f 3076 2254 2253
f 3077 3054 3074
f 3077 3057 3054
f 3077 3074 2627
f 3077 2627 2640
f 3078 2254 3076
f 3078 3079 2604
f 3078 2255 2254
f 3078 2604 2255
f 3080 2604 3079
f 3080 2256 2604
f 3081 3057 3077
f 3081 2640 2656
f 3081 3077 2640
f 3081 3079 3057
f 3082 2256 3080
f 3082 3080 3079
f 3082 2257 2256
f 3083 3082 3079
f 3083 2257 3082
f 3083 2258 2257
f 3083 2259 2258
f 3083 3079 3081
f 3084 2656 2655
f 3084 3083 3081
f 3084 2655 2261
f 3084 2260 2259
f 3084 2261 2260
f 3084 2259 3083
f 3084 3081 2656
f 3085 2379 2367
f 3085 2365 2364
f 3085 2366 2365
f 3085 2367 2366
f 3085 2375 2376
f 3085 2376 2377
f 3085 2377 2378
f 3085 2378 2379
f 3086 1988 1987
f 3086 2674 1988
f 3086 2686 2674
f 3087 3085 2364
f 3087 2361 2694
f 3087 2362 2361
f 3087 2363 2362
f 3087 2364 2363
f 3088 3090 3089
f 3088 3091 3090
f 3092 3091 2694
f 3092 2694 2359
f 3093 3092 2359
f 3093 2359 2358
f 3094 3093 2358
f 3094 2357 2356
f 3094 2358 2357
f 3095 2697 2686
f 3095 3086 3088
f 3095 2686 3086
f 3095 3089 3096
f 3095 3088 3089
f 3097 3092 3093
f 3097 3090 3091
f 3097 3093 3094
f 3097 3091 3092
f 3098 3094 2356
f 3098 2356 2355
f 3098 3097 3094
f 3099 2697 3095
f 3099 3095 3096
f 3099 3096 3100
f 3099 2707 2697
f 3101 2034 2033
f 3101 2715 2707
f 3101 2033 2715
f 3102 2035 2034
f 3102 2707 3099
f 3102 3101 2707
f 3102 2034 3101
f 3103 3098 2355
f 3103 2353 2725
f 3103 2354 2353
f 3103 2355 2354
f 3103 2725 2732
f 3103 2732 3104
f 3105 3089 3090
f 3106 3099 3100
f 3106 2036 2035
f 3106 2037 2036
f 3106 3102 3099
f 3106 2035 3102
f 3107 3100 2740
f 3107 3106 3100
f 3107 2037 3106
f 3107 2740 2037
f 3108 3089 3105
f 3108 3096 3089
f 3108 3105 3109
f 3108 3109 3110
f 3111 2351 2350
f 3111 3104 2732
f 3111 2732 2351
f 3112 3111 2350
f 3112 2349 2348
f 3112 2350 2349
f 3112 3104 3111
f 3113 3108 3110
f 3113 3110 3114
f 3113 3100 3096
f 3113 3096 3108
f 3115 2740 3100
f 3115 2039 2038
f 3115 2038 2740
f 3116 3100 3113
f 3116 2040 2039
f 3116 3115 3100
f 3116 2039 3115
f 3117 2347 2346
f 3117 2348 2347
f 3117 3112 2348
f 3118 3119 3117
f 3118 2346 2345
f 3118 3117 2346
f 3120 3112 3117
f 3120 3117 3119
f 3120 3109 3104
f 3120 3104 3112
f 3120 3119 3121
f 3122 2345 2751
f 3122 3119 3118
f 3122 3118 2345
f 3123 2041 2040
f 3123 2042 2041
f 3123 3113 3114
f 3123 3116 3113
f 3123 2040 3116
f 3124 3114 2757
f 3124 2757 2042
f 3124 2042 3123
f 3124 3123 3114
f 3125 3120 3121
f 3125 3121 3126
f 3125 3110 3109
f 3125 3109 3120
f 3127 3119 3122
f 3127 2751 2344
f 3127 2344 2343
f 3127 3122 2751
f 3128 3127 2343
f 3129 3128 2343
f 3129 2342 2341
f 3129 2343 2342
f 3130 3125 3126
f 3130 3114 3110
f 3130 3126 3131
f 3130 3110 3125
f 3132 3127 3128
f 3132 3128 3129
f 3132 3119 3127
f 3132 3121 3119
f 3133 3129 2341
f 3133 3132 3129
f 3133 2341 2340
f 3134 2757 3114
f 3134 3114 3130
f 3134 2043 2757
f 3134 2044 2043
f 3134 2045 2044
f 3135 3133 2340
f 3135 2339 2338
f 3135 2340 2339
f 3135 2338 2765
f 3135 2765 2768
f 3135 2768 2780
f 3136 3130 3131
f 3136 2045 3134
f 3136 3134 3130
f 3136 2046 2045
f 3136 2047 2046
f 3137 3136 3131
f 3137 2047 3136
f 3137 3131 2770
f 3137 2770 2047
f 3138 3126 3121
f 3139 2781 2790
f 3139 3138 2781
f 3139 3126 3138
f 3139 3131 3126
f 3140 2770 3131
f 3140 2049 2048
f 3140 2050 2049
f 3140 3131 3139
f 3140 2048 2770
f 3141 3139 2790
f 3141 3140 3139
f 3141 2051 2050
f 3141 2052 2051
f 3141 2050 3140
f 3142 3141 2790
f 3142 2785 2052
f 3142 2052 3141
f 3142 2790 2785
f 3143 2088 2089
f 3143 2089 2090
f 3143 2090 2091
f 3143 2091 2864
f 3144 2088 3143
f 3144 3143 2864
f 3144 2864 2866
f 3145 2087 2088
f 3145 2088 3144
f 3145 2859 2087
f 3145 2860 2859
f 3145 3144 2866
f 3146 2860 3145
f 3147 3146 3148
f 3147 2159 2860
f 3147 2860 3146
f 3147 2160 2159
f 3149 2160 3147
f 3149 3147 3148
f 3149 2161 2160
f 3149 3148 3150
f 3151 3150 3152
f 3151 3149 3150
f 3151 2161 3149
f 3153 3151 3152
f 3153 2161 3151
f 3154 3152 3155
f 3154 2161 3153
f 3154 2162 2161
f 3154 3153 3152
f 3156 3154 3155
f 3156 2162 3154
f 3156 3155 3157
f 3158 2163 2162
f 3158 3156 3157
f 3158 2162 3156
f 3159 3146 3145
f 3159 3148 3146
f 3159 3145 2866
f 3160 2163 3158
f 3160 3158 3157
f 3161 3157 3162
f 3161 2164 2163
f 3161 3160 3157
f 3161 2163 3160
f 3163 3162 2871
f 3163 2164 3161
f 3163 2871 2872
f 3163 3161 3162
f 3164 3163 2872
f 3164 2165 2164
f 3164 2164 3163
f 3165 2389 2392
f 3165 2866 2869
f 3165 2869 2389
f 3166 2165 3164
f 3166 3164 2872
f 3166 2166 2165
f 3167 2396 2400
f 3167 2866 3165
f 3167 2392 2396
f 3167 3159 2866
f 3167 3165 2392
f 3168 3159 3167
f 3168 3148 3159
f 3168 3167 2400
f 3169 3168 2400
f 3169 3148 3168
f 3169 3150 3148
f 3170 3166 2872
f 3170 2166 3166
f 3170 2872 2870
f 3171 2400 2405
f 3171 3169 2400
f 3171 3150 3169
f 3171 3152 3150
f 3172 3170 2870
f 3172 2167 2166
f 3172 2166 3170
f 3173 3155 3152
f 3173 3152 3171
f 3173 3171 2405
f 3174 3173 2405
f 3174 2405 2410
f 3174 3155 3173
f 3175 2870 2873
f 3175 2167 3172
f 3175 3172 2870
f 3176 3162 3157
f 3176 3155 3174
f 3176 3174 2410
f 3176 3157 3155
f 3177 2167 3175
f 3177 2168 2167
f 3178 2871 3162
f 3178 3162 3176
f 3178 3176 2410
f 3179 3175 2873
f 3179 3177 3175
f 3179 2168 3177
f 3179 2169 2168
f 3180 3178 2410
f 3180 2410 2415
f 3181 2874 2870
f 3181 2870 2871
f 3181 2871 3178
f 3181 3178 3180
f 3181 3180 2415
f 3182 2873 2875
f 3182 3179 2873
f 3182 2169 3179
f 3183 3182 2875
f 3183 2169 3182
f 3183 2170 2169
f 3184 2874 3181
f 3184 3181 2415
f 3184 2415 2420
f 3185 2875 2878
f 3185 2878 2876
f 3185 3183 2875
f 3185 2170 3183
f 3186 2875 2874
f 3186 2878 2875
f 3186 2877 2878
f 3186 2874 3184
f 3186 3184 2420
f 3187 3185 2876
f 3187 2170 3185
f 3187 2171 2170
f 3188 3187 2876
f 3188 2876 2882
f 3188 2882 2883
f 3188 2885 2173
f 3188 2171 3187
f 3188 2172 2171
f 3188 2173 2172
f 3188 2883 2885
f 3189 3186 2420
f 3189 2420 2426
f 3189 2877 3186
f 3190 2426 2427
f 3190 3189 2426
f 3190 2877 3189
f 3191 2880 2877
f 3191 3190 2427
f 3191 2877 3190
f 3192 2886 2883
f 3192 2883 2880
f 3192 2880 3191
f 3192 3191 2427
f 3193 2436 2437
f 3193 2886 3192
f 3193 2892 2886
f 3193 2437 2892
f 3193 3192 2427
f 3193 2427 2436
f 3194 2472 2974
f 3194 2982 2195
f 3194 2473 2472
f 3194 2974 2982
f 3194 2195 2473
f 3195 2239 3044
f 3195 2240 2239
f 3195 2548 2240
f 3196 3043 3048
f 3196 3050 3052
f 3196 3052 3043
f 3197 3196 3048
f 3197 3063 3062
f 3197 3042 3063
f 3197 3062 3059
f 3197 3048 3042
f 3198 3042 3036
f 3198 3068 3042
f 3198 3036 3064
f 3199 3198 3064
f 3199 3079 3078
f 3199 3078 3076
f 3199 3064 3057
f 3199 3057 3079
f 3200 2375 3085
f 3200 3091 3088
f 3200 2373 2374
f 3200 2374 2375
f 3201 2373 3200
f 3201 3086 1987
f 3201 3088 3086
f 3201 3200 3088
f 3201 1987 2372
f 3201 2372 2373
f 3202 3200 3085
f 3202 3091 3200
f 3202 3085 3087
f 3203 3091 3202
f 3203 3202 3087
f 3203 2694 3091
f 3203 3087 2694
f 3204 3097 3098
f 3204 3105 3090
f 3204 3090 3097
f 3205 3204 3098
f 3205 3105 3204
f 3205 3103 3104
f 3205 3109 3105
f 3205 3104 3109
f 3205 3098 3103
f 3206 3132 3133
f 3206 3138 3121
f 3206 3121 3132
f 3207 3133 3135
f 3207 2781 3138
f 3207 3138 3206
f 3207 3135 2780
f 3207 3206 3133
f 3207 2780 2781
f 3208 2203 2204
f 3208 2204 2205
f 3208 2205 2206
f 3208 3195 3044
f 3208 3044 2203
f 3209 2548 3195
f 3209 3195 3208
f 3209 3051 2548
f 3209 3052 3051
f 3210 3197 3059
f 3210 2244 3050
f 3210 2245 2244
f 3210 2246 2245
f 3210 3059 2246
f 3210 3050 3196
f 3210 3196 3197
f 3211 3076 2253
f 3211 3068 3198
f 3211 3199 3076
f 3211 2252 2251
f 3211 2253 2252
f 3211 2251 3068
f 3211 3198 3199
f 3212 2206 2207
f 3212 2207 2208
f 3212 2208 2209
f 3212 2209 2210
f 3212 3208 2206
f 3213 3209 3208
f 3213 3052 3209
f 3213 3208 3212
f 3214 2210 2211
f 3214 2211 2212
f 3214 2212 2213
f 3214 2213 2214
f 3214 3213 3212
f 3214 3212 2210
f 3215 3052 3213
f 3215 3043 3052
f 3215 3213 3214
f 3215 3037 3043
f 3216 3037 3215
f 3216 3215 3214
f 3217 2217 2218
f 3217 2218 2219
f 3218 3025 3030
f 3218 3037 3216
f 3218 3216 3217
f 3218 3030 3037
f 3219 3217 2219
f 3219 2219 2220
f 3219 2220 2221
f 3219 2221 2222
f 3219 2222 2223
f 3219 2223 2224
f 3220 3214 2214
f 3220 2214 2215
f 3220 2215 2216
f 3220 2216 2217
f 3220 2217 3217
f 3220 3216 3214
f 3220 3217 3216
f 3221 3025 3218
f 3222 2231 2488
f 3222 2224 2225
f 3222 2225 2226
f 3222 2226 2227
f 3222 2227 2228
f 3222 2228 2229
f 3222 2229 2230
f 3222 2230 2231
f 3222 2488 3013
f 3222 3219 2224
f 3223 3013 3018
f 3223 3018 3025
f 3223 3222 3013
f 3223 3025 3221
f 3223 3221 3222
f 3224 3221 3218
f 3224 3218 3217
f 3224 3217 3219
f 3224 3222 3221
f 3224 3219 3222
f 3385 3345 3346
f 3384 3345 3385
f 3383 3345 3384
f 3382 3344 3345
f 3382 3345 3383
f 3381 3344 3382
f 3380 3344 3381
f 3379 3343 3344
f 3379 3344 3380
f 3378 3343 3379
f 3377 3342 3343
f 3377 3343 3378
f 3376 3342 3377
f 3375 3342 3376
f 3374 3341 3342
f 3374 3342 3375
f 3373 3341 3374
f 3372 3340 3341
f 3372 3341 3373
f 3371 3339 3340
f 3371 3340 3372
f 3370 3339 3371
f 3369 3338 3339
f 3369 3339 3370
f 3368 3337 3338
f 3368 3338 3369
f 3367 3337 3368
f 3403 3321 3322
f 3402 3403 3322
f 3402 3322 3323
f 3404 3321 3403
f 3404 3320 3321
f 3401 3402 3323
f 3401 3323 3324
f 3405 3320 3404
f 3405 3318 3319
f 3405 3319 3320
f 3400 3325 3326
f 3400 3401 3324
f 3400 3324 3325
f 3406 3318 3405
f 3406 3317 3318
f 3366 3336 3337
f 3366 3337 3367
f 3407 3316 3317
f 3407 3317 3406
f 3399 3326 3327
f 3399 3400 3326
f 3408 3315 3316
f 3408 3316 3407
f 3398 3327 3328
f 3398 3399 3327
f 3409 3315 3408
f 3409 3314 3315
f 3410 3314 3409
f 3410 3313 3314
f 3397 3398 3328
f 3397 3328 3329
f 3397 3329 3330
f 3411 3313 3410
f 3411 3312 3313
f 3412 3312 3411
f 3396 3330 3331
f 3396 3397 3330
f 3413 3312 3412
f 3413 3311 3312
f 3395 3331 3332
f 3395 3332 3333
f 3395 3396 3331
f 3414 3311 3413
f 3414 3310 3311
f 3415 3310 3414
f 3415 3309 3310
f 3394 3333 3334
f 3394 3395 3333
f 3416 3309 3415
f 3416 3308 3309
f 3417 3308 3416
f 3417 3307 3308
f 3393 3334 3335
f 3393 3335 3336
f 3393 3394 3334
f 3418 3307 3417
f 3418 3306 3307
f 3419 3305 3306
f 3419 3306 3418
f 3392 3393 3336
f 3392 3365 3364
f 3392 3366 3365
f 3392 3336 3366
f 3420 3305 3419
f 3420 3304 3305
f 3421 3304 3420
f 3421 3303 3304
f 3391 3363 3362
f 3391 3364 3363
f 3391 3392 3364
f 3422 3303 3421
f 3422 3302 3303
f 3423 3302 3422
f 3423 3301 3302
f 3424 3301 3423
f 3424 3300 3301
f 3390 3360 3359
f 3390 3361 3360
f 3390 3362 3361
f 3390 3391 3362
f 3425 3300 3424
f 3425 3299 3300
f 3426 3298 3299
f 3426 3299 3425
f 3389 3357 3356
f 3389 3358 3357
f 3389 3359 3358
f 3389 3390 3359
f 3427 3298 3426
f 3428 3297 3298
f 3428 3298 3427
f 3429 3297 3428
f 3429 3296 3297
f 3388 3355 3354
f 3388 3356 3355
f 3388 3389 3356
f 3430 3295 3296
f 3430 3296 3429
f 3431 3295 3430
f 3431 3294 3295
f 3387 3353 3352
f 3387 3354 3353
f 3387 3388 3354
f 3351 3387 3352
f 3432 3294 3431
f 3432 3293 3294
f 3433 3293 3432
f 3433 3292 3293
f 3386 3351 3350
f 3386 3387 3351
f 3434 3292 3433
f 3434 3291 3292
f 3349 3386 3350
f 3435 3290 3291
f 3435 3291 3434
f 3348 3386 3349
f 3436 3290 3435
f 3436 3289 3290
f 3347 3386 3348
f 3437 3289 3436
f 3288 3289 3437
f 3438 3288 3437
f 3287 3438 3439
f 3287 3288 3438
f 3286 3439 3440
f 3286 3287 3439
f 3285 3440 3441
f 3285 3286 3440
f 3284 3441 3442
f 3284 3285 3441
f 3283 3442 3443
f 3283 3284 3442
f 3282 3443 3444
f 3282 3283 3443
f 3281 3444 3445
f 3281 3282 3444
f 3280 3445 3446
f 3280 3281 3445
f 3279 3446 3447
f 3279 3280 3446
f 3278 3447 3448
f 3278 3279 3447
f 3277 3448 3449
f 3277 3278 3448
f 3276 3449 3450
f 3276 3277 3449
f 3227 3460 3461
f 3226 3227 3461
f 3228 3460 3227
f 3228 3459 3460
f 3225 3226 3461
f 3229 3459 3228
f 3230 3459 3229
f 3231 3459 3230
f 3231 3458 3459
f 3232 3458 3231
f 3233 3457 3458
f 3233 3458 3232
f 3275 3276 3450
f 3234 3457 3233
f 3234 3456 3457
f 3235 3456 3234
f 3236 3455 3456
f 3236 3456 3235
f 3237 3455 3236
f 3238 3455 3237
f 3239 3454 3455
f 3239 3455 3238
f 3274 3450 3451
f 3274 3275 3450
f 3240 3454 3239
f 3241 3453 3454
f 3241 3454 3240
f 3242 3452 3453
f 3242 3453 3241
f 3243 3451 3452
f 3243 3452 3242
f 3244 3451 3243
f 3244 3274 3451
f 3244 3273 3274
f 3245 3273 3244
f 3272 3245 3246
f 3272 3273 3245
f 3247 3272 3246
f 3271 3247 3248
f 3271 3272 3247
f 3270 3248 3249
f 3270 3249 3250
f 3270 3271 3248
f 3269 3250 3251
f 3269 3251 3252
f 3269 3270 3250
f 3268 3252 3253
f 3268 3253 3254
f 3268 3269 3252
f 3267 3254 3255
f 3267 3255 3256
f 3267 3268 3254
f 3266 3256 3257
f 3266 3257 3258
f 3266 3258 3259
f 3266 3267 3256
f 3265 3259 3260
f 3265 3260 3261
f 3265 3261 3262
f 3265 3266 3259
f 3263 3265 3262
f 3264 3265 3263
f 3686 3648 3647
f 3686 3649 3648
f 3687 3649 3686
f 3687 3650 3649
f 3688 3650 3687
f 3463 3846 3462
f 3464 3844 3845
f 3464 3845 3846
f 3464 3846 3463
f 3465 3844 3464
f 3465 3843 3844
f 3810 3811 3823
f 3822 3810 3823
f 3809 3822 3821
f 3809 3810 3822
f 3808 3809 3821
f 3808 3821 3820
f 3847 3547 3546
f 3847 3548 3547
f 3848 3548 3847
f 3848 3549 3548
f 3848 3550 3549
f 3849 3847 3850
f 3849 3848 3847
f 3851 3550 3848
f 3851 3551 3550
f 3851 3552 3551
f 3851 3553 3552
f 3852 3853 3854
f 3852 3850 3853
f 3852 3849 3850
f 3855 3851 3848
f 3855 3848 3849
f 3856 3852 3854
f 3857 3553 3851
f 3857 3554 3553
f 3857 3555 3554
f 3858 3849 3852
f 3858 3855 3849
f 3859 3854 3860
f 3859 3856 3854
f 3861 3851 3855
f 3861 3857 3851
f 3862 3858 3852
f 3862 3852 3856
f 3863 3859 3860
f 3863 3860 3864
f 3865 3555 3857
f 3865 3556 3555
f 3865 3557 3556
f 3866 3855 3858
f 3866 3861 3855
f 3867 3856 3859
f 3867 3862 3856
f 3868 3864 3869
f 3868 3863 3864
f 3870 3865 3857
f 3870 3857 3861
f 3871 3866 3858
f 3871 3858 3862
f 3872 3867 3859
f 3872 3859 3863
f 3872 3863 3868
f 3873 3868 3869
f 3873 3869 3874
f 3875 3870 3861
f 3875 3861 3866
f 3876 3862 3867
f 3876 3871 3862
f 3877 3872 3868
f 3878 3873 3874
f 3878 3874 3879
f 3880 3875 3866
f 3880 3866 3871
f 3881 3876 3867
f 3881 3867 3872
f 3882 3877 3868
f 3882 3868 3873
f 3883 3878 3879
f 3883 3879 3884
f 3885 3562 3561
f 3886 3880 3871
f 3886 3871 3876
f 3887 3872 3877
f 3887 3881 3872
f 3888 3878 3883
f 3888 3882 3873
f 3888 3873 3878
f 3889 3883 3884
f 3889 3884 3890
f 3891 3886 3876
f 3891 3876 3881
f 3892 3887 3877
f 3892 3877 3882
f 3893 3888 3883
f 3894 3895 3896
f 3894 3889 3890
f 3894 3890 3895
f 3897 3891 3881
f 3897 3881 3887
f 3898 3888 3893
f 3898 3882 3888
f 3898 3892 3882
f 3899 3889 3894
f 3899 3883 3889
f 3899 3893 3883
f 3900 3894 3896
f 3901 3897 3887
f 3901 3887 3892
f 3902 3898 3893
f 3903 3899 3894
f 3904 3896 3905
f 3904 3900 3896
f 3906 3567 3566
f 3907 3901 3892
f 3907 3892 3898
f 3908 3893 3899
f 3908 3902 3893
f 3909 3894 3900
f 3909 3903 3894
f 3910 3905 3911
f 3910 3904 3905
f 3912 3630 3631
f 3912 3631 3632
f 3912 3632 3633
f 3913 3907 3898
f 3913 3898 3902
f 3914 3899 3903
f 3914 3908 3899
f 3914 3903 3909
f 3915 3904 3910
f 3915 3909 3900
f 3915 3900 3904
f 3916 3911 3917
f 3916 3910 3911
f 3918 3902 3908
f 3918 3913 3902
f 3918 3908 3914
f 3919 3914 3909
f 3920 3915 3910
f 3921 3633 3634
f 3921 3634 3635
f 3921 3635 3636
f 3921 3917 3912
f 3921 3916 3917
f 3921 3912 3633
f 3922 3914 3919
f 3922 3918 3914
f 3923 3919 3909
f 3923 3909 3915
f 3924 3910 3916
f 3924 3920 3910
f 3925 3572 3571
f 3926 3922 3919
f 3927 3915 3920
f 3927 3923 3915
f 3928 3916 3921
f 3928 3921 3636
f 3928 3924 3916
f 3928 3636 3637
f 3928 3637 3638
f 3928 3638 3639
f 3929 3919 3923
f 3929 3926 3919
f 3929 3923 3927
f 3930 3927 3920
f 3930 3924 3928
f 3930 3920 3924
f 3931 3929 3927
f 3932 3928 3639
f 3932 3639 3640
f 3932 3930 3928
f 3933 3930 3932
f 3933 3931 3927
f 3933 3927 3930
f 3934 3642 3932
f 3934 3932 3640
f 3934 3640 3641
f 3934 3641 3642
f 3935 3577 3576
f 3935 3578 3577
f 3936 3933 3932
f 3936 3932 3642
f 3936 3642 3643
f 3937 3936 3643
f 3937 3643 3644
f 3937 3644 3645
f 3937 3645 3646
f 3938 3578 3935
f 3938 3579 3578
f 3938 3580 3579
f 3938 3935 3939
f 3940 3938 3939
f 3941 3581 3580
f 3941 3582 3581
f 3941 3583 3582
f 3941 3580 3938
f 3941 3938 3940
f 3942 3939 3943
f 3942 3940 3939
f 3944 3941 3940
f 3945 3942 3943
f 3945 3946 3947
f 3945 3943 3946
f 3948 3583 3941
f 3948 3584 3583
f 3948 3585 3584
f 3949 3940 3942
f 3949 3944 3940
f 3950 3945 3947
f 3951 3683 3682
f 3952 3941 3944
f 3952 3948 3941
f 3953 3949 3942
f 3953 3942 3945
f 3954 3947 3955
f 3954 3950 3947
f 3956 3586 3585
f 3956 3587 3586
f 3956 3588 3587
f 3956 3585 3948
f 3957 3952 3944
f 3957 3944 3949
f 3958 3950 3954
f 3958 3945 3950
f 3958 3953 3945
f 3959 3954 3955
f 3959 3955 3960
f 3961 3956 3948
f 3961 3948 3952
f 3962 3957 3949
f 3962 3949 3953
f 3963 3958 3954
f 3964 3965 3966
f 3964 3959 3960
f 3964 3960 3965
f 3967 3589 3588
f 3967 3590 3589
f 3967 3591 3590
f 3967 3956 3961
f 3967 3588 3956
f 3968 3961 3952
f 3968 3952 3957
f 3969 3962 3953
f 3969 3953 3958
f 3970 3954 3959
f 3970 3959 3964
f 3970 3963 3954
f 3971 3964 3966
f 3971 3966 3972
f 3973 3967 3961
f 3974 3957 3962
f 3974 3968 3957
f 3975 3958 3963
f 3975 3969 3958
f 3976 3970 3964
f 3977 3971 3972
f 3978 3591 3967
f 3978 3592 3591
f 3978 3593 3592
f 3978 3967 3973
f 3979 3973 3961
f 3979 3961 3968
f 3980 3962 3969
f 3980 3974 3962
f 3981 3975 3963
f 3981 3963 3970
f 3982 3964 3971
f 3982 3976 3964
f 3982 3971 3977
f 3983 3972 3984
f 3983 3977 3972
f 3985 3978 3973
f 3986 3979 3968
f 3986 3968 3974
f 3986 3974 3980
f 3987 3969 3975
f 3987 3980 3969
f 3988 3970 3976
f 3988 3981 3970
f 3989 3982 3977
f 3990 3983 3984
f 3990 3991 3992
f 3990 3984 3991
f 3993 3594 3593
f 3993 3595 3594
f 3993 3596 3595
f 3993 3593 3978
f 3994 3973 3979
f 3994 3985 3973
f 3995 3986 3980
f 3996 3975 3981
f 3996 3987 3975
f 3997 3988 3976
f 3997 3976 3982
f 3998 3977 3983
f 3998 3989 3977
f 3999 3990 3992
f 4000 3978 3985
f 4000 3993 3978
f 4001 3986 3995
f 4001 3979 3986
f 4001 3994 3979
f 4002 3980 3987
f 4002 3987 3996
f 4002 3995 3980
f 4003 3981 3988
f 4003 3996 3981
f 4004 3997 3982
f 4004 3982 3989
f 4005 3983 3990
f 4005 3998 3983
f 4006 3992 4007
f 4006 3999 3992
f 4008 3596 3993
f 4008 3597 3596
f 4008 3598 3597
f 4008 3599 3598
f 4009 4000 3985
f 4009 3985 3994
f 4010 4001 3995
f 4011 3691 3692
f 4011 3692 3693
f 4011 3693 3694
f 4012 4002 3996
f 4013 4003 3988
f 4013 3988 3997
f 4014 3989 3998
f 4014 4004 3989
f 4015 3990 3999
f 4015 4005 3990
f 4016 4006 4007
f 4016 4017 4018
f 4016 4007 4017
f 4019 4008 3993
f 4019 3599 4008
f 4019 3993 4000
f 4020 3994 4001
f 4020 4009 3994
f 4021 3995 4002
f 4021 4002 4012
f 4021 4010 3995
f 4022 3996 4003
f 4022 4012 3996
f 4023 4013 3997
f 4023 4004 4014
f 4023 3997 4004
f 4024 4014 3998
f 4024 3998 4005
f 4025 4015 3999
f 4025 3999 4006
f 4025 4006 4016
f 4026 4016 4018
f 4027 4000 4009
f 4027 4019 4000
f 4028 4001 4010
f 4028 4020 4001
f 4029 4021 4012
f 4030 4022 4003
f 4030 4003 4013
f 4031 4023 4014
f 4032 4024 4005
f 4032 4005 4015
f 4033 4025 4016
f 4034 4018 4035
f 4034 4026 4018
f 4036 4020 4028
f 4036 4009 4020
f 4036 4027 4009
f 4037 3699 3700
f 4037 3700 3701
f 4038 4028 4010
f 4038 4010 4021
f 4039 4029 4012
f 4039 4022 4030
f 4039 4012 4022
f 4040 4013 4023
f 4040 4030 4013
f 4041 4024 4032
f 4041 4014 4024
f 4041 4031 4014
f 4042 4015 4025
f 4042 4032 4015
f 4043 4016 4026
f 4043 4033 4016
f 4044 4034 4035
f 4044 4035 4045
f 4046 3601 3600
f 4046 3602 3601
f 4046 3603 3602
f 4046 3604 3603
f 4047 4036 4028
f 4048 4021 4029
f 4048 4038 4021
f 4049 4039 4030
f 4049 4030 4040
f 4050 4040 4023
f 4050 4023 4031
f 4051 4041 4032
f 4052 4042 4025
f 4052 4025 4033
f 4053 4026 4034
f 4053 4043 4026
f 4054 4055 4056
f 4054 4045 4055
f 4054 4044 4045
f 4057 3833 3834
f 4057 3834 3835
f 4058 3600 3599
f 4058 4046 3600
f 4058 3605 3604
f 4058 3599 4019
f 4058 3604 4046
f 4059 4047 4028
f 4059 4028 4038
f 4060 4029 4039
f 4060 4048 4029
f 4061 4040 4050
f 4061 4049 4040
f 4062 4031 4041
f 4062 4050 4031
f 4063 4032 4042
f 4063 4051 4032
f 4064 4033 4043
f 4064 4052 4033
f 4065 4044 4054
f 4065 4034 4044
f 4065 4053 4034
f 4066 4054 4056
f 4067 4058 4019
f 4067 3606 3605
f 4067 3607 3606
f 4067 4019 4027
f 4067 3605 4058
f 4068 3706 3707
f 4069 4048 4060
f 4069 4059 4038
f 4069 4038 4048
f 4070 4039 4049
f 4070 4060 4039
f 4071 4061 4050
f 4072 4041 4051
f 4072 4062 4041
f 4073 4042 4052
f 4073 4063 4042
f 4074 4064 4043
f 4074 4043 4053
f 4075 4065 4054
f 4076 4066 4056
f 4076 4056 4077
f 4078 3831 3832
f 4078 3832 3833
f 4078 3833 4057
f 4079 4067 4027
f 4079 3607 4067
f 4079 4036 4047
f 4079 4027 4036
f 4080 4069 4060
f 4081 4070 4049
f 4081 4061 4071
f 4081 4049 4061
f 4082 4050 4062
f 4082 4062 4072
f 4082 4071 4050
f 4083 4072 4051
f 4083 4051 4063
f 4083 4063 4073
f 4084 4073 4052
f 4084 4052 4064
f 4085 4053 4065
f 4085 4074 4053
f 4086 4054 4066
f 4086 4075 4054
f 4087 3828 3829
f 4087 3829 3830
f 4088 4077 4089
f 4088 4076 4077
f 4090 4078 4057
f 4090 4057 4091
f 4092 3472 3473
f 4092 3473 3474
f 4092 3474 3475
f 4093 3607 4079
f 4093 4079 4047
f 4094 4060 4070
f 4094 4080 4060
f 4095 4081 4071
f 4096 4082 4072
f 4097 4083 4073
f 4098 4064 4074
f 4098 4084 4064
f 4099 4085 4065
f 4099 4065 4075
f 4100 4086 4066
f 4100 4066 4076
f 4100 4076 4088
f 4101 3828 4087
f 4101 4087 3830
f 4101 4078 4090
f 4101 3830 3831
f 4101 3831 4078
f 4102 4089 4103
f 4102 4088 4089
f 4104 4090 4091
f 4104 4105 4092
f 4104 4091 4105
f 4106 4059 4069
f 4106 3607 4093
f 4106 4047 4059
f 4106 4093 4047
f 4107 4070 4081
f 4107 4094 4070
f 4108 4071 4082
f 4108 4095 4071
f 4109 4072 4083
f 4109 4096 4072
f 4110 4097 4073
f 4110 4073 4084
f 4111 4098 4074
f 4111 4074 4085
f 4112 4099 4075
f 4112 4075 4086
f 4113 3825 3826
f 4113 3826 3827
f 4113 3827 3828
f 4114 4100 4088
f 4115 4101 4090
f 4116 4117 4118
f 4116 4102 4103
f 4116 4103 4117
f 4119 3475 3476
f 4119 3476 3477
f 4119 4092 3475
f 4119 4104 4092
f 4120 3712 3713
f 4120 3713 3714
f 4120 3714 4118
f 4121 3607 4106
f 4121 4106 4069
f 4122 4081 4095
f 4122 4107 4081
f 4123 4082 4096
f 4123 4108 4082
f 4124 4109 4083
f 4124 4083 4097
f 4125 4098 4111
f 4125 4110 4084
f 4125 4084 4098
f 4126 4085 4099
f 4126 4111 4085
f 4127 4112 4086
f 4127 4086 4100
f 4128 3828 4101
f 4128 4113 3828
f 4128 4101 4115
f 4129 4102 4116
f 4129 4114 4088
f 4129 4088 4102
f 4130 4090 4104
f 4130 4115 4090
f 4131 4116 4118
f 4131 3714 3715
f 4131 3717 3718
f 4131 4118 3714
f 4132 3607 4121
f 4132 4069 4080
f 4132 4121 4069
f 4133 4095 4108
f 4133 4122 4095
f 4133 4108 4123
f 4134 4096 4109
f 4134 4123 4096
f 4135 4124 4097
f 4135 4110 4125
f 4135 4097 4110
f 4136 4125 4111
f 4137 4099 4112
f 4137 4126 4099
f 4138 3824 3825
f 4138 3825 4113
f 4139 4127 4100
f 4139 4114 4129
f 4139 4100 4114
f 4140 4128 4115
f 4141 4129 4116
f 4142 3477 3478
f 4142 3478 3479
f 4142 3479 3480
f 4142 4130 4104
f 4142 4119 3477
f 4142 4104 4119
f 4143 3717 4131
f 4143 3715 3716
f 4143 3716 3717
f 4143 4131 3715
f 4144 4132 4080
f 4144 3607 4132
f 4144 4094 4107
f 4144 4080 4094
f 4145 4133 4123
f 4146 4134 4109
f 4146 4109 4124
f 4146 4124 4135
f 4147 4135 4125
f 4148 4136 4111
f 4148 4111 4126
f 4149 4137 4112
f 4149 4112 4127
f 4150 4113 4128
f 4150 4128 4140
f 4150 4138 4113
f 4151 4139 4129
f 4152 4140 4115
f 4152 4115 4130
f 4153 4141 4116
f 4153 4131 3718
f 4153 3720 3721
f 4153 4116 4131
f 4154 3607 4144
f 4154 4144 4107
f 4155 4145 4123
f 4155 4123 4134
f 4156 4146 4135
f 4157 4125 4136
f 4157 4147 4125
f 4158 3801 3802
f 4158 3802 3803
f 4159 4126 4137
f 4159 4148 4126
f 4160 4139 4151
f 4160 4127 4139
f 4160 4149 4127
f 4161 4140 4152
f 4161 4150 4140
f 4162 4151 4129
f 4162 4129 4141
f 4163 3480 3481
f 4163 3481 3482
f 4163 4142 3480
f 4163 4130 4142
f 4163 4152 4130
f 4164 3718 3719
f 4164 3719 3720
f 4164 3720 4153
f 4164 4153 3718
f 4165 4154 4107
f 4165 4107 4122
f 4165 3607 4154
f 4166 4134 4146
f 4166 4155 4134
f 4166 4146 4156
f 4167 4135 4147
f 4167 4147 4157
f 4167 4156 4135
f 4168 4136 4148
f 4168 4157 4136
f 4169 4137 4149
f 4169 4159 4137
f 4170 4160 4151
f 4171 4161 4152
f 4172 4162 4141
f 4172 4141 4153
f 4172 3723 3724
f 4172 4153 3721
f 4173 4122 4133
f 4173 4133 4145
f 4173 3607 4165
f 4173 4165 4122
f 4174 4166 4156
f 4175 4167 4157
f 4176 4168 4148
f 4176 4148 4159
f 4177 4169 4149
f 4177 4149 4160
f 4177 4160 4170
f 4178 4162 4172
f 4178 4151 4162
f 4178 4170 4151
f 4179 3482 3483
f 4179 4152 4163
f 4179 3483 3484
f 4179 4163 3482
f 4179 4171 4152
f 4180 4172 3721
f 4180 3723 4172
f 4180 3721 3722
f 4180 3722 3723
f 4181 3607 4173
f 4181 4173 4145
f 4182 4156 4167
f 4182 4174 4156
f 4183 4157 4168
f 4183 4175 4157
f 4183 4168 4176
f 4184 4169 4177
f 4184 4176 4159
f 4184 4159 4169
f 4185 4177 4170
f 4186 4172 3724
f 4186 3724 3725
f 4186 4178 4172
f 4187 4155 4166
f 4187 4181 4145
f 4187 4145 4155
f 4187 3607 4181
f 4188 4167 4175
f 4188 4182 4167
f 4189 4183 4176
f 4190 4177 4185
f 4190 4184 4177
f 4191 4170 4178
f 4191 4185 4170
f 4192 4186 3725
f 4192 3725 3726
f 4192 3726 3727
f 4192 3727 4186
f 4193 3607 4187
f 4193 4187 4166
f 4194 4188 4175
f 4194 4175 4183
f 4195 3794 3795
f 4196 4176 4184
f 4196 4189 4176
f 4196 4184 4190
f 4197 4190 4185
f 4198 4191 4178
f 4198 4178 4186
f 4198 4186 3727
f 4199 3607 4193
f 4199 4193 4166
f 4199 4174 4182
f 4199 4166 4174
f 4200 4194 4183
f 4200 4183 4189
f 4201 4196 4190
f 4202 4191 4198
f 4202 4197 4185
f 4202 4185 4191
f 4203 3488 3489
f 4204 3727 3728
f 4204 3728 3729
f 4204 3729 3730
f 4204 3730 3731
f 4204 4198 3727
f 4205 3607 4199
f 4205 4199 4182
f 4206 4196 4201
f 4206 4189 4196
f 4206 4200 4189
f 4207 4197 4202
f 4207 4201 4190
f 4207 4190 4197
f 4208 4202 4198
f 4209 4205 4182
f 4209 4188 4194
f 4209 4182 4188
f 4209 3607 4205
f 4210 4206 4201
f 4211 4207 4202
f 4212 4198 4204
f 4212 4208 4198
f 4212 3731 3732
f 4212 4204 3731
f 4213 4209 4194
f 4213 3607 4209
f 4214 3788 3789
f 4215 4201 4207
f 4215 4210 4201
f 4216 4208 4212
f 4216 4202 4208
f 4216 4211 4202
f 4217 4212 3732
f 4217 3732 3733
f 4217 3733 3734
f 4217 3734 3735
f 4218 4194 4200
f 4218 3607 4213
f 4218 4213 4194
f 4219 4211 4216
f 4219 4207 4211
f 4219 4215 4207
f 4220 3493 3494
f 4221 4216 4212
f 4222 4200 4206
f 4222 3607 4218
f 4222 4218 4200
f 4223 4219 4216
f 4224 4217 3735
f 4224 4221 4212
f 4224 3735 3736
f 4224 3736 3737
f 4224 3737 3738
f 4224 4212 4217
f 4225 3607 4222
f 4225 4206 4210
f 4225 4222 4206
f 4225 4210 4215
f 4226 4216 4221
f 4226 4223 4216
f 4227 4224 3738
f 4227 3738 3739
f 4227 3739 3740
f 4228 3781 3782
f 4228 3782 3783
f 4229 4225 4215
f 4229 3607 4225
f 4230 4221 4224
f 4230 4226 4221
f 4230 4224 4227
f 4231 3780 3781
f 4231 3781 4228
f 4232 4215 4219
f 4232 4229 4215
f 4232 3607 4229
f 4232 3534 3607
f 4233 3498 3499
f 4234 4230 4227
f 4234 4227 3740
f 4234 3740 3741
f 4235 3778 3779
f 4235 3779 3780
f 4236 4219 4223
f 4236 4223 4226
f 4236 3534 4232
f 4236 4232 4219
f 4237 4234 3741
f 4237 3741 3742
f 4237 3742 3743
f 4238 3777 3778
f 4238 4235 3780
f 4238 3780 4231
f 4238 3778 4235
f 4238 4231 4239
f 4240 3534 4236
f 4240 4236 4226
f 4241 3743 3744
f 4241 3744 3745
f 4241 4237 3743
f 4242 3774 3775
f 4242 3775 3776
f 4242 3776 3777
f 4243 4238 4239
f 4244 4240 4226
f 4244 4226 4230
f 4244 3534 4240
f 4245 4242 3777
f 4245 3777 4238
f 4245 3774 4242
f 4246 4243 4239
f 4246 4239 4247
f 4248 3503 3504
f 4248 3504 3505
f 4249 4234 4237
f 4249 4230 4234
f 4249 3534 4244
f 4249 4244 4230
f 4250 3771 3772
f 4250 3772 3773
f 4251 4245 4238
f 4251 4243 4246
f 4251 4238 4243
f 4252 4253 4248
f 4252 4246 4247
f 4252 4247 4253
f 4254 3534 4249
f 4254 4249 4237
f 4255 4250 3773
f 4255 3773 3774
f 4255 3771 4250
f 4255 3774 4245
f 4256 4251 4246
f 4257 4252 4248
f 4257 4248 3505
f 4257 3505 3506
f 4257 3506 3507
f 4258 4254 4237
f 4258 3534 4254
f 4258 4237 4241
f 4258 4241 3745
f 4259 3767 3768
f 4259 3768 3769
f 4259 3769 3770
f 4260 4251 4256
f 4260 4245 4251
f 4260 4255 4245
f 4261 4256 4246
f 4261 4246 4252
f 4262 4258 3745
f 4262 3534 4258
f 4262 3745 3746
f 4263 3764 3765
f 4263 3765 3766
f 4264 3770 3771
f 4264 4255 4260
f 4264 3771 4255
f 4264 4259 3770
f 4265 4260 4256
f 4265 4256 4261
f 4266 4252 4257
f 4266 4261 4252
f 4266 4257 3507
f 4266 3507 3508
f 4266 3508 3509
f 4266 3509 3510
f 4267 4262 3746
f 4267 3534 4262
f 4267 3746 3747
f 4268 3766 3767
f 4268 4259 4264
f 4268 3764 4263
f 4268 4263 3766
f 4268 3767 4259
f 4269 4264 4260
f 4269 4260 4265
f 4270 4265 4261
f 4271 3534 4267
f 4271 4267 3747
f 4271 3747 3748
f 4272 3760 3761
f 4272 3761 3762
f 4272 3762 3763
f 4273 4268 4264
f 4274 4269 4265
f 4275 4261 4266
f 4275 4270 4261
f 4275 3510 3511
f 4275 3511 3512
f 4275 4266 3510
f 4276 3534 4271
f 4276 4271 3748
f 4276 3748 3749
f 4276 3749 3750
f 4277 3753 3754
f 4277 3754 3755
f 4277 3755 3756
f 4278 3757 3758
f 4278 3758 3759
f 4278 3759 3760
f 4279 4272 3763
f 4279 4268 4273
f 4279 3764 4268
f 4279 3763 3764
f 4280 4273 4264
f 4280 4264 4269
f 4280 4269 4274
f 4281 4265 4270
f 4281 4274 4265
f 4281 4270 4275
f 4282 4276 3750
f 4282 3534 4276
f 4282 3750 3751
f 4283 3756 3757
f 4283 4277 3756
f 4284 3760 4272
f 4284 4278 3760
f 4285 4273 4280
f 4285 4279 4273
f 4286 4280 4274
f 4287 4281 4275
f 4287 3512 3513
f 4287 3513 3514
f 4287 3514 3515
f 4287 4275 3512
f 4288 3534 4282
f 4288 4282 3751
f 4288 3751 3752
f 4289 4283 3757
f 4289 4278 4284
f 4289 3757 4278
f 4290 4272 4279
f 4290 4284 4272
f 4291 4285 4280
f 4292 4274 4281
f 4292 4286 4274
f 4293 4288 3752
f 4293 3534 4288
f 4293 3752 3753
f 4294 4289 4284
f 4295 4290 4279
f 4295 4279 4285
f 4295 4285 4291
f 4296 4291 4280
f 4296 4280 4286
f 4296 4286 4292
f 4297 4281 4287
f 4297 4287 3515
f 4297 4292 4281
f 4297 3515 3516
f 4297 3516 3517
f 4297 3517 3518
f 4298 3753 4277
f 4298 4293 3753
f 4298 3534 4293
f 4299 4294 4284
f 4299 4290 4295
f 4299 4284 4290
f 4300 4295 4291
f 4301 4296 4292
f 4302 4298 4277
f 4302 4277 4283
f 4302 3534 4298
f 4303 4299 4295
f 4304 4291 4296
f 4304 4300 4291
f 4305 4301 4292
f 4305 4297 3518
f 4305 3518 3519
f 4305 3519 3520
f 4305 4292 4297
f 4306 3534 4302
f 4306 4302 4283
f 4306 4283 4289
f 4307 4295 4300
f 4307 4303 4295
f 4308 4296 4301
f 4308 4304 4296
f 4308 4301 4305
f 4309 3534 4306
f 4309 4289 4294
f 4309 4306 4289
f 4310 4307 4300
f 4310 4300 4304
f 4311 3520 3521
f 4311 3521 3522
f 4311 3522 3523
f 4311 4305 3520
f 4311 4308 4305
f 4312 4294 4299
f 4312 4309 4294
f 4312 4299 4303
f 4312 3534 4309
f 4313 4304 4308
f 4313 4310 4304
f 4313 4308 4311
f 4314 3534 4312
f 4314 4312 4303
f 4315 4313 4311
f 4315 3526 4313
f 4315 3523 3524
f 4315 3524 3525
f 4315 3525 3526
f 4315 4311 3523
f 4316 4314 4303
f 4316 3534 4314
f 4316 4303 4307
f 4316 4307 4310
f 4317 3534 4316
f 4317 3532 3533
f 4317 3533 3534
f 4317 4316 4310
f 4318 4317 4310
f 4318 3532 4317
f 4318 4313 3526
f 4318 4310 4313
f 4318 3526 3527
f 4318 3531 3532
f 4319 4318 3527
f 4319 3531 4318
f 4319 3527 3528
f 4319 3528 3529
f 4319 3529 3530
f 4319 3530 3531
f 4320 3535 3608
f 4320 3536 3535
f 4320 3537 3536
f 4321 4320 3608
f 4321 3608 3609
f 4322 3537 4320
f 4322 3538 3537
f 4322 4320 4321
f 4323 4321 3609
f 4323 4322 4321
f 4323 3609 3610
f 4324 3847 3546
f 4324 3545 3544
f 4324 3546 3545
f 4325 4324 3544
f 4325 3544 3543
f 4326 3542 4327
f 4326 4325 3543
f 4326 3543 3542
f 4328 4326 4327
f 4329 4328 4327
f 4330 3850 3847
f 4330 4324 4325
f 4330 3847 4324
f 4331 3850 4330
f 4331 4325 4326
f 4331 4330 4325
f 4331 3853 3850
f 4332 4328 4329
f 4332 4331 4326
f 4332 3853 4331
f 4332 4326 4328
f 4333 4334 4335
f 4336 4337 4333
f 4338 4337 4336
f 4339 4340 4341
f 4342 3865 3870
f 4342 3557 3865
f 4342 3558 3557
f 4343 4340 4339
f 4344 3558 4342
f 4344 4342 3870
f 4344 3559 3558
f 4345 4343 4339
f 4346 4343 4345
f 4347 3559 4344
f 4347 3560 3559
f 4347 3561 3560
f 4348 4349 4346
f 4348 3624 3625
f 4348 3625 3626
f 4350 3561 4347
f 4350 4351 3885
f 4350 3885 3561
f 4350 4347 4351
f 4352 4344 3870
f 4352 4353 4351
f 4352 3870 3875
f 4352 4347 4344
f 4352 4351 4347
f 4354 4349 4348
f 4355 4349 4354
f 4355 3911 3905
f 4356 3563 3562
f 4356 3562 3885
f 4356 3885 4351
f 4357 4358 4353
f 4357 3875 3880
f 4357 4352 3875
f 4357 4353 4352
f 4359 4355 4354
f 4359 4354 4348
f 4359 4348 3626
f 4359 3626 3627
f 4360 3564 3563
f 4360 3563 4356
f 4360 4356 4351
f 4361 3911 4355
f 4361 4355 4359
f 4362 4357 3880
f 4362 4358 4357
f 4362 3880 3886
f 4362 4363 4358
f 4364 4359 3627
f 4364 4361 4359
f 4364 3627 3628
f 4365 3917 3911
f 4365 3630 3912
f 4365 3911 4361
f 4365 4361 4364
f 4365 4364 3628
f 4365 3628 3629
f 4365 3629 3630
f 4365 3912 3917
f 4366 3886 3891
f 4366 4362 3886
f 4366 4363 4362
f 4366 4367 4363
f 4368 3565 3564
f 4368 3566 3565
f 4368 3564 4360
f 4369 3566 4368
f 4369 3906 3566
f 4369 4368 4370
f 4369 4370 3906
f 4371 4372 4370
f 4371 4360 4351
f 4371 4351 4353
f 4371 4370 4368
f 4371 4368 4360
f 4373 4366 3891
f 4373 4367 4366
f 4373 3891 3897
f 4373 4374 4367
f 4375 4353 4358
f 4375 4372 4371
f 4375 4376 4372
f 4375 4371 4353
f 4377 4373 3897
f 4377 3897 3901
f 4377 4378 4374
f 4377 4374 4373
f 4379 3568 3567
f 4379 3569 3568
f 4379 3567 3906
f 4379 3906 4370
f 4380 4381 4376
f 4380 4375 4358
f 4380 4376 4375
f 4380 4358 4363
f 4382 4378 4377
f 4382 4383 4378
f 4382 3901 3907
f 4382 4377 3901
f 4384 4385 4381
f 4384 4381 4380
f 4384 4380 4363
f 4384 4363 4367
f 4386 4383 4382
f 4386 4387 4383
f 4386 3907 3913
f 4386 4382 3907
f 4388 3570 3569
f 4388 3571 3570
f 4388 3569 4379
f 4389 3925 3571
f 4389 3571 4388
f 4389 4388 4390
f 4389 4390 3925
f 4391 4388 4379
f 4391 4390 4388
f 4391 4370 4372
f 4391 4392 4390
f 4391 4379 4370
f 4393 4394 4385
f 4393 4385 4384
f 4393 4367 4374
f 4393 4384 4367
f 4395 4396 4387
f 4395 3913 3918
f 4395 4387 4386
f 4395 4386 3913
f 4397 4392 4391
f 4397 4372 4376
f 4397 4391 4372
f 4397 4398 4392
f 4399 4393 4374
f 4399 4400 4394
f 4399 4374 4378
f 4399 4394 4393
f 4401 3573 3572
f 4401 3574 3573
f 4401 3572 3925
f 4401 3925 4390
f 4402 4396 4395
f 4402 4395 3918
f 4402 4403 4396
f 4402 3918 3922
f 4404 4397 4376
f 4404 4398 4397
f 4404 4376 4381
f 4404 4405 4398
f 4406 4378 4383
f 4406 4400 4399
f 4406 4399 4378
f 4406 4407 4400
f 4408 4403 4402
f 4408 4402 3922
f 4408 4409 4403
f 4408 3922 3926
f 4410 4405 4404
f 4410 4404 4381
f 4410 4411 4405
f 4410 4381 4385
f 4412 4383 4387
f 4412 4406 4383
f 4412 4407 4406
f 4412 4413 4407
f 4414 3575 3574
f 4414 3576 3575
f 4414 3574 4401
f 4415 4408 3926
f 4415 3926 3929
f 4415 4409 4408
f 4415 4416 4409
f 4417 4414 3939
f 4417 3576 4414
f 4417 3935 3576
f 4417 3939 3935
f 4418 4414 4401
f 4418 4401 4390
f 4418 3943 3939
f 4418 3939 4414
f 4418 4390 4392
f 4419 4385 4394
f 4419 4410 4385
f 4419 4411 4410
f 4419 4420 4411
f 4421 4387 4396
f 4421 4412 4387
f 4421 4413 4412
f 4421 4422 4413
f 4423 3929 3931
f 4423 4415 3929
f 4423 4416 4415
f 4423 4424 4416
f 4425 4418 4392
f 4425 3943 4418
f 4425 3946 3943
f 4425 4392 4398
f 4426 4394 4400
f 4426 4420 4419
f 4426 4427 4420
f 4426 4419 4394
f 4428 4422 4421
f 4428 4429 4422
f 4428 4421 4396
f 4428 4396 4403
f 4430 4431 4424
f 4430 4424 4423
f 4430 3931 3933
f 4430 4423 3931
f 4432 3947 3946
f 4432 4425 4398
f 4432 3946 4425
f 4432 4398 4405
f 4433 4426 4400
f 4433 4434 4427
f 4433 4427 4426
f 4433 4400 4407
f 4435 4429 4428
f 4435 4403 4409
f 4435 4436 4429
f 4435 4428 4403
f 4437 4431 4430
f 4437 3933 3936
f 4437 4430 3933
f 4437 4438 4431
f 4439 3955 3947
f 4439 4405 4411
f 4439 3947 4432
f 4439 4432 4405
f 4440 4441 4434
f 4440 4407 4413
f 4440 4434 4433
f 4440 4433 4407
f 4442 4443 4436
f 4442 4409 4416
f 4442 4436 4435
f 4442 4435 4409
f 4444 3955 4439
f 4444 4411 4420
f 4444 3960 3955
f 4444 4439 4411
f 4445 3684 3683
f 4445 3685 3684
f 4445 3646 3685
f 4445 3683 3951
f 4445 4446 4438
f 4445 4438 4437
f 4445 3951 4446
f 4447 4448 4441
f 4447 4441 4440
f 4447 4440 4413
f 4447 4413 4422
f 4449 4443 4442
f 4449 4416 4424
f 4449 4450 4443
f 4449 4442 4416
f 4451 4420 4427
f 4451 4444 4420
f 4451 3965 3960
f 4451 3960 4444
f 4452 4453 4448
f 4452 4422 4429
f 4452 4448 4447
f 4452 4447 4422
f 4454 4450 4449
f 4454 4424 4431
f 4454 4449 4424
f 4454 4455 4450
f 4456 3966 3965
f 4456 4427 4434
f 4456 3965 4451
f 4456 4451 4427
f 4457 4452 4429
f 4457 4458 4453
f 4457 4453 4452
f 4457 4429 4436
f 4459 4455 4454
f 4459 4454 4431
f 4459 4460 4455
f 4459 4431 4438
f 4461 4456 4434
f 4461 4434 4441
f 4461 3972 3966
f 4461 3966 4456
f 4462 4463 4458
f 4462 4457 4436
f 4462 4458 4457
f 4462 4436 4443
f 4464 4459 4438
f 4464 4460 4459
f 4464 4465 4460
f 4464 4438 4446
f 4466 4441 4448
f 4466 3972 4461
f 4466 3984 3972
f 4466 4461 4441
f 4467 4463 4462
f 4467 4462 4443
f 4467 4468 4463
f 4467 4443 4450
f 4469 4464 4446
f 4469 4465 4464
f 4469 4470 4465
f 4469 4446 3951
f 4471 4448 4453
f 4471 4466 4448
f 4471 3984 4466
f 4471 3991 3984
f 4472 4473 4468
f 4472 4468 4467
f 4472 4467 4450
f 4472 4450 4455
f 4474 4470 4469
f 4474 4469 3951
f 4474 4475 4470
f 4474 3951 4476
f 4477 4453 4458
f 4477 3992 3991
f 4477 3991 4471
f 4477 4471 4453
f 4478 4455 4460
f 4478 4472 4455
f 4478 4473 4472
f 4478 4479 4473
f 4480 4476 4481
f 4480 4475 4474
f 4480 4474 4476
f 4480 4482 4475
f 4483 4007 3992
f 4483 4458 4463
f 4483 4477 4458
f 4483 3992 4477
f 4484 4479 4478
f 4484 4485 4479
f 4484 4460 4465
f 4484 4478 4460
f 4486 4487 4482
f 4486 4480 4481
f 4486 4482 4480
f 4486 4481 4488
f 4489 4483 4463
f 4489 4007 4483
f 4489 4017 4007
f 4489 4463 4468
f 4490 4485 4484
f 4490 4484 4465
f 4490 4491 4485
f 4490 4465 4470
f 4492 4493 4487
f 4492 4488 4494
f 4492 4486 4488
f 4492 4487 4486
f 4495 4468 4473
f 4495 4018 4017
f 4495 4017 4489
f 4495 4489 4468
f 4496 4470 4475
f 4496 4490 4470
f 4496 4497 4491
f 4496 4491 4490
f 4498 4492 4494
f 4498 4493 4492
f 4498 4499 4493
f 4498 4494 4500
f 4501 4035 4018
f 4501 4495 4473
f 4501 4473 4479
f 4501 4018 4495
f 4502 4497 4496
f 4502 4503 4497
f 4502 4496 4475
f 4502 4475 4482
f 4504 4505 4499
f 4504 4500 4506
f 4504 4499 4498
f 4504 4498 4500
f 4507 3688 3689
f 4507 3689 3690
f 4507 3650 3688
f 4507 3651 3650
f 4507 3652 3651
f 4507 3653 3652
f 4507 3654 3653
f 4508 4479 4485
f 4508 4045 4035
f 4508 4035 4501
f 4508 4501 4479
f 4509 4510 4503
f 4509 4482 4487
f 4509 4502 4482
f 4509 4503 4502
f 4511 4505 4504
f 4511 4504 4506
f 4512 4045 4508
f 4512 4508 4485
f 4512 4055 4045
f 4512 4485 4491
f 4513 4514 4011
f 4513 4011 3694
f 4513 3694 3695
f 4513 4515 4514
f 4516 4509 4487
f 4516 4487 4493
f 4516 4517 4510
f 4516 4510 4509
f 4518 4056 4055
f 4518 4512 4491
f 4518 4491 4497
f 4518 4055 4512
f 4519 4516 4493
f 4519 4520 4517
f 4519 4517 4516
f 4519 4493 4499
f 4521 3465 3466
f 4521 3466 3467
f 4521 3843 3465
f 4521 3841 3842
f 4521 3842 3843
f 4522 3697 3698
f 4523 4521 3467
f 4523 3467 3468
f 4523 3841 4521
f 4524 4056 4518
f 4524 4518 4497
f 4524 4077 4056
f 4524 4497 4503
f 4525 3698 3699
f 4525 4522 3698
f 4525 4037 4526
f 4525 3699 4037
f 4527 4519 4499
f 4527 4520 4519
f 4528 4523 3468
f 4528 3841 4523
f 4528 3840 3841
f 4529 3468 3469
f 4529 4528 3468
f 4529 3840 4528
f 4530 4529 3469
f 4530 3839 3840
f 4530 3840 4529
f 4531 4505 4526
f 4531 3701 3702
f 4531 4037 3701
f 4531 4526 4037
f 4532 4503 4510
f 4532 4089 4077
f 4532 4077 4524
f 4532 4524 4503
f 4533 3469 3470
f 4533 4530 3469
f 4533 3839 4530
f 4534 4533 3470
f 4534 3839 4533
f 4534 3838 3839
f 4535 3836 3837
f 4535 3837 3838
f 4536 3470 3471
f 4536 3471 3472
f 4536 4535 3838
f 4536 3472 4092
f 4536 4534 3470
f 4536 3838 4534
f 4536 4105 4535
f 4536 4092 4105
f 4537 4510 4517
f 4537 4532 4510
f 4537 4103 4089
f 4537 4089 4532
f 4538 4057 3835
f 4538 3836 4535
f 4538 4535 4105
f 4538 3835 3836
f 4538 4105 4091
f 4538 4091 4057
f 4539 3704 3705
f 4540 4517 4520
f 4540 4537 4517
f 4540 4103 4537
f 4540 4117 4103
f 4541 4068 4542
f 4541 3705 3706
f 4541 3706 4068
f 4541 4539 3705
f 4543 4542 4068
f 4543 4068 3707
f 4544 4118 4117
f 4544 4520 4542
f 4544 4540 4520
f 4544 4117 4540
f 4545 4543 3707
f 4545 3707 3708
f 4545 4542 4543
f 4546 4544 4542
f 4546 3708 3709
f 4546 3709 3710
f 4546 4542 4545
f 4546 4545 3708
f 4547 3710 3711
f 4547 3711 3712
f 4547 3712 4120
f 4547 4544 4546
f 4547 4118 4544
f 4547 4546 3710
f 4547 4120 4118
f 4548 3808 3820
f 4548 3806 3807
f 4548 3807 3808
f 4548 3817 3816
f 4548 3818 3817
f 4548 3819 3818
f 4548 3820 3819
f 4549 3824 4138
f 4549 3812 3824
f 4549 4138 4150
f 4550 4551 4552
f 4550 4553 4551
f 4554 4158 4552
f 4554 3801 4158
f 4555 3801 4554
f 4555 3800 3801
f 4556 3800 4555
f 4556 3798 3799
f 4556 3799 3800
f 4557 4553 4550
f 4557 4150 4161
f 4557 4550 4549
f 4557 4549 4150
f 4557 4558 4553
f 4559 4555 4554
f 4559 4554 4552
f 4559 4556 4555
f 4559 3798 4556
f 4559 4552 4551
f 4560 4561 4558
f 4560 4557 4161
f 4560 4161 4171
f 4560 4558 4557
f 4562 3484 3485
f 4562 4179 3484
f 4562 4171 4179
f 4563 3485 3486
f 4563 4560 4171
f 4563 4562 3485
f 4563 4171 4562
f 4564 3795 3796
f 4564 4195 3795
f 4564 3796 3797
f 4564 3797 3798
f 4565 4195 4564
f 4565 4564 3798
f 4565 3798 4559
f 4565 4566 4195
f 4567 4551 4553
f 4568 4561 4560
f 4568 3486 3487
f 4568 3487 3488
f 4568 4560 4563
f 4568 4563 3486
f 4569 4203 4561
f 4569 4568 3488
f 4569 4561 4568
f 4569 3488 4203
f 4570 4567 4553
f 4570 4571 4572
f 4570 4572 4567
f 4570 4553 4558
f 4573 3794 4195
f 4573 4195 4566
f 4574 3794 4573
f 4574 3793 3794
f 4574 4573 4566
f 4575 3791 3792
f 4575 3792 3793
f 4575 3793 4574
f 4575 4574 4566
f 4576 4577 4571
f 4576 4558 4561
f 4576 4571 4570
f 4576 4570 4558
f 4578 4561 4203
f 4578 3489 3490
f 4578 4203 3489
f 4579 3490 3491
f 4579 4561 4578
f 4579 4578 3490
f 4579 4576 4561
f 4580 3791 4575
f 4580 3789 3790
f 4580 3790 3791
f 4581 4580 4575
f 4581 4582 4583
f 4581 4583 4580
f 4581 4575 4566
f 4581 4566 4572
f 4584 4583 4214
f 4584 4580 4583
f 4584 4214 3789
f 4584 3789 4580
f 4585 3491 3492
f 4585 3492 3493
f 4585 4577 4576
f 4585 4579 3491
f 4585 4576 4579
f 4586 4585 3493
f 4586 3493 4220
f 4586 4220 4577
f 4586 4577 4585
f 4587 4588 4582
f 4587 4582 4581
f 4587 4581 4572
f 4587 4572 4571
f 4589 4214 4583
f 4589 3787 3788
f 4589 3788 4214
f 4590 3787 4589
f 4591 3785 3786
f 4591 3786 3787
f 4591 3787 4590
f 4592 4571 4577
f 4592 4593 4588
f 4592 4588 4587
f 4592 4587 4571
f 4594 4583 4582
f 4594 3785 4591
f 4594 4590 4589
f 4594 4591 4590
f 4594 4589 4583
f 4595 4220 3494
f 4595 3494 3495
f 4595 3495 3496
f 4595 4577 4220
f 4595 4592 4577
f 4596 4228 3783
f 4596 3783 3784
f 4596 3784 3785
f 4596 4231 4228
f 4596 3785 4594
f 4596 4239 4231
f 4597 4595 3496
f 4597 4592 4595
f 4597 3496 3497
f 4597 3497 3498
f 4597 4593 4592
f 4598 4597 3498
f 4598 4593 4597
f 4598 3498 4233
f 4598 4233 4593
f 4599 4582 4588
f 4600 4599 4588
f 4600 4247 4599
f 4600 4588 4593
f 4600 4253 4247
f 4601 3499 3500
f 4601 3500 3501
f 4601 4600 4593
f 4601 4593 4233
f 4601 4233 3499
f 4602 4253 4600
f 4602 4601 3501
f 4602 3501 3502
f 4602 3502 3503
f 4602 4600 4601
f 4603 4248 4253
f 4603 3503 4248
f 4603 4253 4602
f 4603 4602 3503
f 4604 4327 3542
f 4604 3540 3539
f 4604 3541 3540
f 4604 3542 3541
f 4605 4604 3539
f 4605 4329 4327
f 4605 4327 4604
f 4606 4322 4323
f 4606 4605 3539
f 4606 3538 4322
f 4606 4329 4605
f 4606 3539 3538
f 4607 4606 4323
f 4608 4607 4323
f 4608 4323 3610
f 4608 3610 3611
f 4608 4609 4607
f 4610 3611 3612
f 4610 4611 4609
f 4610 4609 4608
f 4610 4608 3611
f 4612 4610 3612
f 4612 4613 4611
f 4612 4611 4610
f 4614 4613 4612
f 4614 4612 3612
f 4615 4613 4614
f 4615 4614 3612
f 4615 3612 3613
f 4615 4616 4613
f 4617 4616 4615
f 4617 4615 3613
f 4617 4618 4616
f 4619 4618 4617
f 4619 4617 3613
f 4619 3613 3614
f 4620 4606 4607
f 4620 4329 4606
f 4620 4607 4609
f 4621 4618 4619
f 4621 4619 3614
f 4622 4623 4618
f 4622 4621 3614
f 4622 3614 3615
f 4622 4618 4621
f 4624 4623 4622
f 4624 4622 3615
f 4624 4334 4623
f 4624 4335 4334
f 4625 3615 3616
f 4625 4624 3615
f 4625 4335 4624
f 4626 3854 3853
f 4626 3853 4332
f 4626 4332 4329
f 4627 3616 3617
f 4627 4335 4625
f 4627 4625 3616
f 4628 3854 4626
f 4628 3860 3854
f 4628 4329 4620
f 4628 4626 4329
f 4628 3864 3860
f 4629 4620 4609
f 4629 3864 4628
f 4629 4628 4620
f 4630 4609 4611
f 4630 3864 4629
f 4630 4629 4609
f 4631 4627 3617
f 4631 4333 4335
f 4631 4335 4627
f 4632 3869 3864
f 4632 4611 4613
f 4632 4630 4611
f 4632 3864 4630
f 4633 3617 3618
f 4633 4631 3617
f 4633 4333 4631
f 4634 4632 4613
f 4634 4613 4616
f 4634 3869 4632
f 4635 3874 3869
f 4635 3869 4634
f 4635 4634 4616
f 4636 4633 3618
f 4636 4336 4333
f 4636 4333 4633
f 4637 4635 4616
f 4637 4618 4623
f 4637 4616 4618
f 4637 3874 4635
f 4638 3618 3619
f 4638 4636 3618
f 4639 3874 4637
f 4639 4623 4334
f 4639 4637 4623
f 4640 4336 4636
f 4640 3619 3620
f 4640 4638 3619
f 4640 4636 4638
f 4641 3879 3874
f 4641 3874 4639
f 4642 4641 4639
f 4642 4334 4333
f 4642 3879 4641
f 4642 4639 4334
f 4642 4333 4337
f 4643 4336 4640
f 4643 4338 4336
f 4643 4640 3620
f 4644 4338 4643
f 4644 4643 3620
f 4644 3620 3621
f 4645 3879 4642
f 4645 4642 4337
f 4645 3884 3879
f 4646 4341 4338
f 4646 4338 4644
f 4646 4644 3621
f 4646 4339 4341
f 4647 4338 4341
f 4647 4341 4340
f 4647 3884 4645
f 4647 4645 4337
f 4647 4337 4338
f 4648 4646 3621
f 4648 4339 4646
f 4648 3621 3622
f 4649 4348 4346
f 4649 4346 4345
f 4649 3624 4348
f 4649 4339 4648
f 4649 4648 3622
f 4649 3622 3623
f 4649 3623 3624
f 4649 4345 4339
f 4650 4647 4340
f 4650 3890 3884
f 4650 3884 4647
f 4651 4650 4340
f 4651 3890 4650
f 4651 3895 3890
f 4652 4340 4343
f 4652 4651 4340
f 4652 3895 4651
f 4653 4346 4349
f 4653 4343 4346
f 4653 3895 4652
f 4653 4652 4343
f 4654 3896 3895
f 4654 3895 4653
f 4654 4355 3905
f 4654 4653 4349
f 4654 3905 3896
f 4654 4349 4355
f 4655 4445 4437
f 4655 3937 3646
f 4655 3646 4445
f 4655 3936 3937
f 4655 4437 3936
f 4656 3690 3691
f 4656 3691 4011
f 4656 4507 3690
f 4657 4511 4506
f 4657 4515 4513
f 4657 4506 4515
f 4658 4526 4505
f 4658 4522 4525
f 4658 4525 4526
f 4658 4511 4657
f 4658 4505 4511
f 4659 4527 4499
f 4659 4505 4531
f 4659 4499 4505
f 4660 4542 4520
f 4660 4541 4542
f 4660 4527 4659
f 4660 4520 4527
f 4660 4539 4541
f 4661 4548 3816
f 4661 3815 3814
f 4661 3816 3815
f 4661 4550 4552
f 4662 3812 4549
f 4662 4550 4661
f 4662 3813 3812
f 4662 3814 3813
f 4662 4661 3814
f 4662 4549 4550
f 4663 4552 4158
f 4663 4661 4552
f 4663 4548 4661
f 4664 4551 4567
f 4664 4559 4551
f 4665 4565 4559
f 4665 4566 4565
f 4665 4572 4566
f 4665 4567 4572
f 4665 4559 4664
f 4665 4664 4567
f 4666 4582 4599
f 4666 4594 4582
f 4667 4596 4594
f 4667 4239 4596
f 4667 4599 4247
f 4667 4247 4239
f 4667 4594 4666
f 4667 4666 4599
f 4668 4507 4656
f 4668 3655 3654
f 4668 3656 3655
f 4668 3657 3656
f 4668 3654 4507
f 4669 4011 4514
f 4669 4514 4515
f 4669 4668 4656
f 4669 4656 4011
f 4670 3697 4522
f 4670 3695 3696
f 4670 3696 3697
f 4670 4513 3695
f 4670 4657 4513
f 4670 4658 4657
f 4670 4522 4658
f 4671 4531 3702
f 4671 3704 4539
f 4671 3702 3703
f 4671 3703 3704
f 4671 4539 4660
f 4671 4659 4531
f 4671 4660 4659
f 4672 4158 3803
f 4672 4663 4158
f 4672 3803 3804
f 4672 3804 3805
f 4672 3805 3806
f 4672 3806 4548
f 4672 4548 4663
f 4673 3657 4668
f 4673 3658 3657
f 4673 3659 3658
f 4673 3660 3659
f 4673 3661 3660
f 4674 4673 4668
f 4674 4669 4515
f 4674 4668 4669
f 4675 3665 3664
f 4675 3661 4673
f 4675 4673 4674
f 4675 3662 3661
f 4675 3663 3662
f 4675 3664 3663
f 4676 4506 4500
f 4676 4675 4674
f 4676 4674 4515
f 4676 4515 4506
f 4677 4675 4676
f 4677 4676 4500
f 4678 3669 3668
f 4678 3670 3669
f 4679 4677 4500
f 4679 4678 4677
f 4679 4494 4488
f 4679 4500 4494
f 4680 3671 3670
f 4680 3672 3671
f 4680 3673 3672
f 4680 3674 3673
f 4680 3675 3674
f 4680 3670 4678
f 4681 3666 3665
f 4681 3667 3666
f 4681 3668 3667
f 4681 4675 4677
f 4681 4677 4678
f 4681 4678 3668
f 4681 3665 4675
f 4682 4679 4488
f 4683 3676 3675
f 4683 3677 3676
f 4683 3678 3677
f 4683 3679 3678
f 4683 3680 3679
f 4683 3681 3680
f 4683 3682 3681
f 4683 4476 3951
f 4683 3951 3682
f 4683 3675 4680
f 4684 4481 4476
f 4684 4682 4488
f 4684 4683 4682
f 4684 4488 4481
f 4684 4476 4683
f 4685 4678 4679
f 4685 4680 4678
f 4685 4679 4682
f 4685 4683 4680
f 4685 4682 4683
f 4699 4697 4698
f 4696 4697 4699
f 4695 4699 4700
f 4695 4696 4699
f 4694 4695 4700
f 4693 4694 4700
f 4710 4705 4706
f 4710 4706 4707
f 4710 4707 4708
f 4710 4708 4709
f 4692 4700 4701
f 4692 4693 4700
f 4691 4692 4701
f 4711 4704 4705
f 4711 4705 4710
f 4712 4702 4703
f 4712 4703 4704
f 4712 4704 4711
f 4713 4690 4691
f 4713 4701 4702
f 4713 4691 4701
f 4713 4702 4712
f 4714 4687 4688
f 4714 4688 4689
f 4714 4689 4690
f 4714 4690 4713
f 4686 4687 4714
f 4943 4941 4940
f 4943 4942 4941
f 4798 4931 4799
f 4800 4932 4931
f 4800 4933 4932
f 4800 4931 4798
f 4801 4934 4933
f 4801 4935 4934
f 4801 4933 4800
f 4802 4936 4935
f 4802 4937 4936
f 4802 4935 4801
f 4949 4948 4947
f 4803 4937 4802
f 4803 4938 4937
f 4803 4939 4938
f 4950 4949 4947
f 4951 4950 4947
f 4952 4947 4946
f 4952 4951 4947
f 4804 4940 4939
f 4804 4939 4803
f 4804 4943 4940
f 4953 4952 4946
f 4805 4943 4804
f 4805 4944 4943
f 4806 4945 4944
f 4806 4946 4945
f 4806 4944 4805
f 4807 4953 4946
f 4807 4954 4953
f 4807 4955 4954
f 4807 4946 4806
f 4808 4955 4807
f 4808 4956 4955
f 4808 4957 4956
f 4809 4958 4957
f 4809 4959 4958
f 4809 4957 4808
f 4810 4960 4959
f 4810 4961 4960
f 4810 4962 4961
f 4810 4959 4809
f 4811 4963 4962
f 4811 4964 4963
f 4811 4962 4810
f 4812 4965 4964
f 4812 4966 4965
f 4812 4964 4811
f 4813 4967 4966
f 4813 4968 4967
f 4813 4969 4968
f 4813 4966 4812
f 4814 4970 4969
f 4814 4971 4970
f 4814 4969 4813
f 4815 4972 4971
f 4815 4973 4972
f 4815 4974 4973
f 4815 4971 4814
f 4816 4974 4815
f 4816 4975 4974
f 4816 4976 4975
f 4816 4977 4976
f 4817 4977 4816
f 4817 4978 4977
f 4817 4979 4978
f 4817 4980 4979
f 4818 4980 4817
f 4818 4981 4980
f 4818 4982 4981
f 4818 4983 4982
f 5012 5006 5005
f 5012 5007 5006
f 5012 5008 5007
f 5012 5009 5008
f 5012 5010 5009
f 5012 5011 5010
f 4819 4983 4818
f 4819 4984 4983
f 4819 4985 4984
f 5013 5012 5005
f 5013 5005 5004
f 4820 4985 4819
f 4820 4986 4985
f 4820 4987 4986
f 4820 4988 4987
f 4821 4988 4820
f 4821 4989 4988
f 4821 4990 4989
f 4821 4991 4990
f 4822 4992 4991
f 4822 4993 4992
f 4822 4991 4821
f 4823 4993 4822
f 4823 4994 4993
f 4823 4995 4994
f 4823 4996 4995
f 4824 4996 4823
f 4824 4997 4996
f 4824 4998 4997
f 4824 4999 4998
f 4825 4999 4824
f 4825 5000 4999
f 4825 5001 5000
f 4825 5002 5001
f 4826 5002 4825
f 4826 5003 5002
f 4826 5013 5004
f 4826 5004 5003
f 4827 5013 4826
f 4827 5014 5013
f 4828 5014 4827
f 4828 5015 5014
f 4829 5015 4828
f 4829 5016 5015
f 4830 5016 4829
f 4830 5017 5016
f 4831 5018 5017
f 4831 5017 4830
f 4832 5019 5018
f 4832 5018 4831
f 4833 5020 5019
f 4833 5019 4832
f 4834 5021 5020
f 4834 5020 4833
f 4835 5022 5021
f 4835 5021 4834
f 4836 5023 5022
f 4836 5022 4835
f 4837 5024 5023
f 4837 5023 4836
f 4838 5025 5024
f 4838 5024 4837
f 4839 5026 5025
f 4839 5025 4838
f 4840 5027 5026
f 4840 5026 4839
f 4841 5028 5027
f 4841 5027 4840
f 4842 5029 5028
f 4842 5028 4841
f 4843 5030 5029
f 4843 5029 4842
f 4844 5031 5030
f 4844 5030 4843
f 4845 5032 5031
f 4845 5031 4844
f 4846 5033 5032
f 4846 5032 4845
f 4847 5034 5033
f 4847 5033 4846
f 4848 5035 5034
f 4848 5034 4847
f 4849 5036 5035
f 4849 5035 4848
f 4850 5036 4849
f 4850 5037 5036
f 4851 5037 4850
f 4851 5038 5037
f 4852 5038 4851
f 4852 5039 5038
f 4853 5039 4852
f 4853 5040 5039
f 4854 5040 4853
f 4854 5041 5040
f 4855 5041 4854
f 4855 5042 5041
f 4856 5042 4855
f 4856 5043 5042
f 4857 5044 5043
f 4857 5043 4856
f 4858 5045 5044
f 4858 5044 4857
f 4859 5046 5045
f 4859 5045 4858
f 4860 5047 5046
f 4860 5046 4859
f 4861 5048 5047
f 4861 5047 4860
f 4862 5049 5048
f 4862 5048 4861
f 4863 5049 4862
f 4863 5050 5049
f 4864 5051 5050
f 4864 5050 4863
f 4865 5052 5051
f 4865 5051 4864
f 4866 5053 5052
f 4866 5052 4865
f 4867 5054 5053
f 4867 5053 4866
f 4868 5055 5054
f 4868 5054 4867
f 4869 5056 5055
f 4869 5055 4868
f 4870 5057 5056
f 4870 5056 4869
f 4871 5058 5057
f 4871 5057 4870
f 4872 5059 5058
f 4872 5058 4871
f 4873 5060 5059
f 4873 5059 4872
f 4874 5061 5060
f 4874 5060 4873
f 4875 5062 5061
f 4875 5061 4874
f 4876 5062 4875
f 4876 5063 5062
f 4877 5063 4876
f 4877 5064 5063
f 4878 5064 4877
f 4878 5065 5064
f 4879 5065 4878
f 4879 5066 5065
f 4880 5066 4879
f 4880 5067 5066
f 4881 5067 4880
f 4881 5068 5067
f 4882 5068 4881
f 4882 5069 5068
f 4883 5069 4882
f 4883 5070 5069
f 4884 5070 4883
f 4884 5071 5070
f 4885 5071 4884
f 4885 5072 5071
f 4886 5072 4885
f 4886 5073 5072
f 4887 5073 4886
f 4887 5074 5073
f 4888 5074 4887
f 4888 5075 5074
f 4889 5075 4888
f 4889 5076 5075
f 4890 5076 4889
f 4890 5077 5076
f 4891 5078 5077
f 4891 5077 4890
f 4892 5079 5078
f 4892 5078 4891
f 4893 5080 5079
f 4893 5079 4892
f 4894 5081 5080
f 4894 5080 4893
f 4895 5082 5081
f 4895 5081 4894
f 4896 5083 5082
f 4896 5082 4895
f 4897 5084 5083
f 4897 5083 4896
f 4898 5085 5084
f 4898 5084 4897
f 4899 5086 5085
f 4899 5085 4898
f 4753 4754 5092
f 4752 4753 5092
f 4751 4752 5092
f 4900 5087 5086
f 4900 5086 4899
f 4750 4751 5092
f 4749 4750 5092
f 4749 5092 5091
f 4748 4749 5091
f 4901 5087 4900
f 4901 5088 5087
f 4747 4748 5091
f 4902 5088 4901
f 4902 5089 5088
f 4903 5089 4902
f 4903 5090 5089
f 4904 4747 5091
f 4904 4744 4745
f 4904 4745 4746
f 4904 4746 4747
f 4904 5090 4903
f 4904 5091 5090
f 4905 4744 4904
f 4905 4741 4742
f 4905 4742 4743
f 4905 4743 4744
f 4906 4739 4740
f 4906 4740 4741
f 4906 4741 4905
f 4907 4736 4737
f 4907 4737 4738
f 4907 4738 4739
f 4907 4739 4906
f 4908 4733 4734
f 4908 4734 4735
f 4908 4735 4736
f 4908 4736 4907
f 4909 4730 4731
f 4909 4731 4732
f 4909 4732 4733
f 4909 4733 4908
f 4910 4728 4729
f 4910 4729 4730
f 4910 4730 4909
f 4911 4725 4726
f 4911 4726 4727
f 4911 4727 4728
f 4911 4728 4910
f 4912 4722 4723
f 4912 4723 4724
f 4912 4724 4725
f 4912 4725 4911
f 4913 4719 4720
f 4913 4720 4721
f 4913 4721 4722
f 4913 4722 4912
f 4914 4716 4717
f 4914 4717 4718
f 4914 4718 4719
f 4914 4719 4913
f 4915 4715 4716
f 4915 4716 4914
f 4915 4777 4778
f 4915 4778 4715
f 4779 4755 4756
f 4779 4756 4757
f 4779 4757 4758
f 4779 4758 4759
f 4916 4777 4915
f 4916 4775 4776
f 4916 4776 4777
f 4780 4779 4759
f 4780 4759 4760
f 4917 4773 4774
f 4917 4774 4775
f 4917 4775 4916
f 4918 4773 4917
f 4918 4770 4771
f 4918 4771 4772
f 4918 4772 4773
f 4919 4770 4918
f 4919 4768 4769
f 4919 4769 4770
f 4920 4768 4919
f 4920 4766 4767
f 4920 4767 4768
f 4785 4784 4783
f 4786 4785 4783
f 4921 4763 4764
f 4921 4764 4765
f 4921 4765 4766
f 4921 4766 4920
f 4922 4761 4762
f 4922 4762 4763
f 4922 4763 4921
f 4923 4760 4761
f 4923 4780 4760
f 4923 4761 4922
f 4923 4781 4780
f 4924 4781 4923
f 4924 4782 4781
f 4925 4782 4924
f 4925 4783 4782
f 4926 4783 4925
f 4926 4787 4786
f 4926 4786 4783
f 4927 4787 4926
f 4927 4788 4787
f 4927 4789 4788
f 4928 4790 4789
f 4928 4791 4790
f 4928 4789 4927
f 4929 4791 4928
f 4929 4792 4791
f 4929 4793 4792
f 4930 4793 4929
f 4930 4794 4793
f 4930 4795 4794
f 4797 4795 4930
f 4797 4796 4795
f 5172 5174 5173
f 5179 5178 5177
f 5180 5179 5177
f 5180 5176 5175
f 5180 5177 5176
f 5170 5172 5171
f 5183 5182 5181
f 5167 5172 5170
f 5167 5169 5168
f 5167 5170 5169
f 5185 5184 5183
f 5187 5186 5185
f 5163 5174 5172
f 5163 5172 5167
f 5163 5165 5164
f 5163 5166 5165
f 5163 5167 5166
f 5163 5175 5174
f 5189 5188 5187
f 5190 5183 5181
f 5190 5185 5183
f 5190 5187 5185
f 5190 5189 5187
f 5160 5162 5161
f 5159 5163 5162
f 5159 5162 5160
f 5194 5192 5191
f 5194 5193 5192
f 5156 5158 5157
f 5156 5159 5158
f 5153 5155 5154
f 5153 5156 5155
f 5199 5196 5195
f 5199 5197 5196
f 5199 5198 5197
f 5150 5152 5151
f 5148 5156 5153
f 5148 5152 5150
f 5148 5159 5156
f 5148 5180 5175
f 5148 5150 5149
f 5148 5153 5152
f 5148 5190 5181
f 5148 5175 5163
f 5148 5181 5180
f 5148 5163 5159
f 5203 5195 5194
f 5203 5199 5195
f 5203 5200 5199
f 5203 5201 5200
f 5203 5202 5201
f 5146 5190 5148
f 5146 5148 5147
f 5146 5191 5190
f 5208 5206 5205
f 5208 5207 5206
f 5209 5205 5204
f 5209 5208 5205
f 5140 5142 5141
f 5140 5143 5142
f 5140 5144 5143
f 5140 5145 5144
f 5139 5191 5146
f 5139 5146 5145
f 5139 5145 5140
f 5212 5204 5203
f 5212 5210 5209
f 5212 5211 5210
f 5212 5209 5204
f 5215 5213 5212
f 5215 5214 5213
f 5135 5137 5136
f 5216 5212 5203
f 5216 5215 5212
f 5134 5137 5135
f 5217 5203 5194
f 5217 5216 5203
f 5131 5133 5132
f 5131 5134 5133
f 5131 5138 5137
f 5131 5137 5134
f 5220 5219 5218
f 5221 5220 5218
f 5221 5218 5217
f 5129 5131 5130
f 5222 5221 5217
f 5128 5138 5131
f 5128 5131 5129
f 5127 5138 5128
f 5094 5093 5224
f 5124 5138 5127
f 5124 5126 5125
f 5124 5127 5126
f 5124 5139 5138
f 5095 5224 5223
f 5095 5094 5224
f 5123 5139 5124
f 5096 5222 5217
f 5096 5223 5222
f 5096 5095 5223
f 5121 5123 5122
f 5120 5194 5191
f 5120 5139 5123
f 5120 5123 5121
f 5120 5191 5139
f 5119 5194 5120
f 5100 5097 5096
f 5100 5098 5097
f 5100 5099 5098
f 5101 5100 5096
f 5117 5119 5118
f 5102 5101 5096
f 5115 5117 5116
f 5104 5103 5102
f 5114 5117 5115
f 5105 5104 5102
f 5106 5102 5096
f 5106 5105 5102
f 5107 5106 5096
f 5111 5096 5217
f 5111 5113 5112
f 5111 5114 5113
f 5111 5119 5117
f 5111 5194 5119
f 5111 5117 5114
f 5111 5217 5194
f 5109 5108 5107
f 5109 5111 5110
f 5109 5096 5111
f 5109 5107 5096
