ISO-10303-21;
HEADER;
FILE_DESCRIPTION(('Open CASCADE Model'),'2;1');
FILE_NAME('duckling_tuft_crest','2026-09-28T21:02:00',('Author'),(
    'Open CASCADE'),'Open CASCADE STEP processor 8.0','build123d',
  'Unknown');
FILE_SCHEMA(('AUTOMOTIVE_DESIGN { 1 0 10303 214 1 1 1 1 }'));
ENDSEC;
DATA;
#1 = APPLICATION_PROTOCOL_DEFINITION('international standard',
  'automotive_design',2000,#2);
#2 = APPLICATION_CONTEXT(
  'core data for automotive mechanical design processes');
#3 = SHAPE_DEFINITION_REPRESENTATION(#4,#10);
#4 = PRODUCT_DEFINITION_SHAPE('','',#5);
#5 = PRODUCT_DEFINITION('design','',#6,#9);
#6 = PRODUCT_DEFINITION_FORMATION('','',#7);
#7 = PRODUCT('duckling_tuft_crest','duckling_tuft_crest','',(#8));
#8 = PRODUCT_CONTEXT('',#2,'mechanical');
#9 = PRODUCT_DEFINITION_CONTEXT('part definition',#2,'design');
#10 = ADVANCED_BREP_SHAPE_REPRESENTATION('',(#11,#15),#5722);
#11 = AXIS2_PLACEMENT_3D('',#12,#13,#14);
#12 = CARTESIAN_POINT('',(0.,0.,0.));
#13 = DIRECTION('',(0.,0.,1.));
#14 = DIRECTION('',(1.,0.,-0.));
#15 = MANIFOLD_SOLID_BREP('',#16);
#16 = CLOSED_SHELL('',(#17,#3321,#3712,#4474,#4866,#5628,#5655,#5718));
#17 = ADVANCED_FACE('',(#18),#206,.T.);
#18 = FACE_BOUND('',#19,.T.);
#19 = EDGE_LOOP('',(#20,#608,#666,#695,#696,#746,#1296,#2045,#2595));
#20 = ORIENTED_EDGE('',*,*,#21,.F.);
#21 = EDGE_CURVE('',#22,#24,#26,.T.);
#22 = VERTEX_POINT('',#23);
#23 = CARTESIAN_POINT('',(7.845975032427,-1.562266235484,2.5));
#24 = VERTEX_POINT('',#25);
#25 = CARTESIAN_POINT('',(5.905196165181,-2.820332128315,2.5));
#26 = SURFACE_CURVE('',#27,(#205,#422),.PCURVE_S1.);
#27 = B_SPLINE_CURVE_WITH_KNOTS('',8,(#28,#29,#30,#31,#32,#33,#34,#35,
    #36,#37,#38,#39,#40,#41,#42,#43,#44,#45,#46,#47,#48,#49,#50,#51,#52,
    #53,#54,#55,#56,#57,#58,#59,#60,#61,#62,#63,#64,#65,#66,#67,#68,#69,
    #70,#71,#72,#73,#74,#75,#76,#77,#78,#79,#80,#81,#82,#83,#84,#85,#86,
    #87,#88,#89,#90,#91,#92,#93,#94,#95,#96,#97,#98,#99,#100,#101,#102,
    #103,#104,#105,#106,#107,#108,#109,#110,#111,#112,#113,#114,#115,
    #116,#117,#118,#119,#120,#121,#122,#123,#124,#125,#126,#127,#128,
    #129,#130,#131,#132,#133,#134,#135,#136,#137,#138,#139,#140,#141,
    #142,#143,#144,#145,#146,#147,#148,#149,#150,#151,#152,#153,#154,
    #155,#156,#157,#158,#159,#160,#161,#162,#163,#164,#165,#166,#167,
    #168,#169,#170,#171,#172,#173,#174,#175,#176,#177,#178,#179,#180,
    #181,#182,#183,#184,#185,#186,#187,#188,#189,#190,#191,#192,#193,
    #194,#195,#196,#197,#198,#199,#200,#201,#202,#203,#204),
  .UNSPECIFIED.,.F.,.F.,(9,7,7,7,7,7,7,7,7,7,7,7,7,7,7,7,7,7,7,7,7,7,7,7
    ,7,9),(0.,4.529089045379E-02,8.424802926016E-02,0.117083820262,
    0.217689056553,0.307668868991,0.338892146337,0.373675904381,
    0.408459931761,0.442851031312,0.448822868701,0.465592000394,
    0.510226561453,0.531260843327,0.554776442611,0.576451750276,
    0.579475296171,0.610005944292,0.643060328513,0.676302872974,
    0.706086750677,0.793281693549,0.888997937051,0.920186424331,
    0.957318868198,1.),.UNSPECIFIED.);
#28 = CARTESIAN_POINT('',(8.,-1.372579921924,2.5));
#29 = CARTESIAN_POINT('',(7.914610366479,-1.486775083784,2.5));
#30 = CARTESIAN_POINT('',(7.822863986983,-1.596371748727,2.5));
#31 = CARTESIAN_POINT('',(7.725492654532,-1.701338152949,2.5));
#32 = CARTESIAN_POINT('',(7.623167539281,-1.801699291576,2.5));
#33 = CARTESIAN_POINT('',(7.516488304007,-1.897525790166,2.5));
#34 = CARTESIAN_POINT('',(7.405973724806,-1.988924065983,2.5));
#35 = CARTESIAN_POINT('',(7.292053817003,-2.076027779062,2.5));
#36 = CARTESIAN_POINT('',(7.074433752729,-2.230351348909,2.5));
#37 = CARTESIAN_POINT('',(6.971554710298,-2.298632783792,2.5));
#38 = CARTESIAN_POINT('',(6.866653741206,-2.363924879364,2.5));
#39 = CARTESIAN_POINT('',(6.759934363015,-2.42631304741,2.5));
#40 = CARTESIAN_POINT('',(6.651576781492,-2.485878751582,2.5));
#41 = CARTESIAN_POINT('',(6.54173846348,-2.542700149139,2.5));
#42 = CARTESIAN_POINT('',(6.430554709776,-2.596852732678,2.5));
#43 = CARTESIAN_POINT('',(6.223387627187,-2.691866005418,2.5));
#44 = CARTESIAN_POINT('',(6.127766177139,-2.733475732004,2.5));
#45 = CARTESIAN_POINT('',(6.031345880655,-2.77328161757,2.5));
#46 = CARTESIAN_POINT('',(5.934191921502,-2.811322887398,2.5));
#47 = CARTESIAN_POINT('',(5.836363827412,-2.84763585706,2.5));
#48 = CARTESIAN_POINT('',(5.737915633092,-2.882254263365,2.5));
#49 = CARTESIAN_POINT('',(5.638896043217,-2.915209595302,2.5));
#50 = CARTESIAN_POINT('',(5.234346212346,-3.042498051052,2.5));
#51 = CARTESIAN_POINT('',(4.924499262138,-3.123095448751,2.5));
#52 = CARTESIAN_POINT('',(4.610941472336,-3.189225936972,2.5));
#53 = CARTESIAN_POINT('',(4.29464671811,-3.241476220331,2.5));
#54 = CARTESIAN_POINT('',(3.976463851261,-3.280267421294,2.5));
#55 = CARTESIAN_POINT('',(3.657126730588,-3.305896398042,2.5));
#56 = CARTESIAN_POINT('',(3.337254320628,-3.318519364346,2.5));
#57 = CARTESIAN_POINT('',(2.73124322681,-3.317779537719,2.5));
#58 = CARTESIAN_POINT('',(2.445250945482,-3.307020458988,2.5));
#59 = CARTESIAN_POINT('',(2.159764974086,-3.28586244865,2.5));
#60 = CARTESIAN_POINT('',(1.875238549979,-3.254214179327,2.5));
#61 = CARTESIAN_POINT('',(1.59219420918,-3.211898847266,2.5));
#62 = CARTESIAN_POINT('',(1.311224819432,-3.158660654937,2.5));
#63 = CARTESIAN_POINT('',(1.033000786734,-3.094147188258,2.5));
#64 = CARTESIAN_POINT('',(0.66296547723,-2.991379766311,2.5));
#65 = CARTESIAN_POINT('',(0.568070719059,-2.963489341393,2.5));
#66 = CARTESIAN_POINT('',(0.473641193791,-2.934162511275,2.5));
#67 = CARTESIAN_POINT('',(0.379715329957,-2.903377986831,2.5));
#68 = CARTESIAN_POINT('',(0.286335377678,-2.871113155636,2.5));
#69 = CARTESIAN_POINT('',(0.193547540631,-2.837344025274,2.5));
#70 = CARTESIAN_POINT('',(0.101402108022,-2.802045166646,2.5));
#71 = CARTESIAN_POINT('',(-9.192307453928E-02,-2.724131407508,2.5));
#72 = CARTESIAN_POINT('',(-0.192930794964,-2.681142849744,2.5));
#73 = CARTESIAN_POINT('',(-0.292996760843,-2.636185940482,2.5));
#74 = CARTESIAN_POINT('',(-0.392036076339,-2.589222177301,2.5));
#75 = CARTESIAN_POINT('',(-0.48995175781,-2.540213083172,2.5));
#76 = CARTESIAN_POINT('',(-0.586634532571,-2.489120860228,2.5));
#77 = CARTESIAN_POINT('',(-0.681962442277,-2.435909213019,2.5));
#78 = CARTESIAN_POINT('',(-0.869638786157,-2.325179040743,2.5));
#79 = CARTESIAN_POINT('',(-0.961975598277,-2.267667400634,2.5));
#80 = CARTESIAN_POINT('',(-1.052682933794,-2.207972234833,2.5));
#81 = CARTESIAN_POINT('',(-1.141604627033,-2.146067509942,2.5));
#82 = CARTESIAN_POINT('',(-1.228556851052,-2.081941307197,2.5));
#83 = CARTESIAN_POINT('',(-1.313329822253,-2.015601360865,2.5));
#84 = CARTESIAN_POINT('',(-1.395690458673,-1.947083173083,2.5));
#85 = CARTESIAN_POINT('',(-1.554181267412,-1.806636003728,2.5));
#86 = CARTESIAN_POINT('',(-1.630351589634,-1.734771963686,2.5));
#87 = CARTESIAN_POINT('',(-1.703664371633,-1.660933286843,2.5));
#88 = CARTESIAN_POINT('',(-1.773827322056,-1.585258435257,2.5));
#89 = CARTESIAN_POINT('',(-1.840505256828,-1.507973396883,2.5));
#90 = CARTESIAN_POINT('',(-1.903346080872,-1.429419670127,2.5));
#91 = CARTESIAN_POINT('',(-1.962019249921,-1.350075251109,2.5));
#92 = CARTESIAN_POINT('',(-2.025690389851,-1.256737806834,2.5));
#93 = CARTESIAN_POINT('',(-2.034969540732,-1.242934134091,2.5));
#94 = CARTESIAN_POINT('',(-2.04412713644,-1.229110243869,2.5));
#95 = CARTESIAN_POINT('',(-2.053221080395,-1.21517626928,2.5));
#96 = CARTESIAN_POINT('',(-2.062134701071,-1.201308132975,2.5));
#97 = CARTESIAN_POINT('',(-2.070975850205,-1.187344194991,2.5));
#98 = CARTESIAN_POINT('',(-2.07968325935,-1.17337577167,2.5));
#99 = CARTESIAN_POINT('',(-2.11240296322,-1.120061351565,2.5));
#100 = CARTESIAN_POINT('',(-2.135598601073,-1.080530357141,2.5));
#101 = CARTESIAN_POINT('',(-2.157842216784,-1.040814217259,2.5));
#102 = CARTESIAN_POINT('',(-2.179116778843,-1.000946204028,2.5));
#103 = CARTESIAN_POINT('',(-2.199408650543,-0.960960350964,2.5));
#104 = CARTESIAN_POINT('',(-2.218707781186,-0.920890875973,2.5));
#105 = CARTESIAN_POINT('',(-2.237007897274,-0.880771604331,2.5));
#106 = CARTESIAN_POINT('',(-2.300351068583,-0.733804443754,2.5));
#107 = CARTESIAN_POINT('',(-2.33930020311,-0.626856304136,2.5));
#108 = CARTESIAN_POINT('',(-2.37109646747,-0.520434492802,2.5));
#109 = CARTESIAN_POINT('',(-2.395945011553,-0.414996819839,2.5));
#110 = CARTESIAN_POINT('',(-2.414225147176,-0.31067960815,2.5));
#111 = CARTESIAN_POINT('',(-2.426304628279,-0.207291673734,2.5));
#112 = CARTESIAN_POINT('',(-2.432379209467,-0.104414037598,2.5));
#113 = CARTESIAN_POINT('',(-2.432497871723,4.687912814335E-02,2.5));
#114 = CARTESIAN_POINT('',(-2.431204483788,9.533681249133E-02,2.5));
#115 = CARTESIAN_POINT('',(-2.428580749927,0.143843832761,2.5));
#116 = CARTESIAN_POINT('',(-2.424616649808,0.192448957376,2.5));
#117 = CARTESIAN_POINT('',(-2.419293290195,0.241194760719,2.5));
#118 = CARTESIAN_POINT('',(-2.412585102917,0.290114783773,2.5));
#119 = CARTESIAN_POINT('',(-2.404462042818,0.33923069477,2.5));
#120 = CARTESIAN_POINT('',(-2.384192569457,0.443686111415,2.5));
#121 = CARTESIAN_POINT('',(-2.371684495086,0.499078074396,2.5));
#122 = CARTESIAN_POINT('',(-2.357324794408,0.554728200114,2.5));
#123 = CARTESIAN_POINT('',(-2.341069618317,0.610618679661,2.5));
#124 = CARTESIAN_POINT('',(-2.322880471903,0.666709829975,2.5));
#125 = CARTESIAN_POINT('',(-2.302729796302,0.722940888231,2.5));
#126 = CARTESIAN_POINT('',(-2.280605697317,0.779232804533,2.5));
#127 = CARTESIAN_POINT('',(-2.234311177854,0.887350429559,2.5));
#128 = CARTESIAN_POINT('',(-2.210434556662,0.939185521808,2.5));
#129 = CARTESIAN_POINT('',(-2.184890379043,0.990926562586,2.5));
#130 = CARTESIAN_POINT('',(-2.157694293828,1.042499813479,2.5));
#131 = CARTESIAN_POINT('',(-2.128872228629,1.0938313941,2.5));
#132 = CARTESIAN_POINT('',(-2.098459441634,1.14484913145,2.5));
#133 = CARTESIAN_POINT('',(-2.06649957339,1.195484409293,2.5));
#134 = CARTESIAN_POINT('',(-2.028376850287,1.252675098481,2.5));
#135 = CARTESIAN_POINT('',(-2.02366488194,1.259691960319,2.5));
#136 = CARTESIAN_POINT('',(-2.01889237804,1.266746241655,2.5));
#137 = CARTESIAN_POINT('',(-2.014048477332,1.273852709015,2.5));
#138 = CARTESIAN_POINT('',(-2.009126872815,1.281019256829,2.5));
#139 = CARTESIAN_POINT('',(-2.004125811751,1.288246907426,2.5));
#140 = CARTESIAN_POINT('',(-1.999048095654,1.295529811036,2.5));
#141 = CARTESIAN_POINT('',(-1.941928423,1.376824776498,2.5));
#142 = CARTESIAN_POINT('',(-1.886192496875,1.45047602296,2.5));
#143 = CARTESIAN_POINT('',(-1.826913411775,1.523345821219,2.5));
#144 = CARTESIAN_POINT('',(-1.764359821686,1.595069852934,2.5));
#145 = CARTESIAN_POINT('',(-1.698812445495,1.665383655503,2.5));
#146 = CARTESIAN_POINT('',(-1.630538219624,1.734107683358,2.5));
#147 = CARTESIAN_POINT('',(-1.559772580227,1.801128550422,2.5));
#148 = CARTESIAN_POINT('',(-1.407602421006,1.937043166775,2.5));
#149 = CARTESIAN_POINT('',(-1.325821269134,2.005616418432,2.5));
#150 = CARTESIAN_POINT('',(-1.241616840144,2.072030497763,2.5));
#151 = CARTESIAN_POINT('',(-1.15522273035,2.136246941571,2.5));
#152 = CARTESIAN_POINT('',(-1.066849385695,2.198255777553,2.5));
#153 = CARTESIAN_POINT('',(-0.976681292723,2.258067252209,2.5));
#154 = CARTESIAN_POINT('',(-0.884875184115,2.31570617348,2.5));
#155 = CARTESIAN_POINT('',(-0.697712137713,2.427027508736,2.5));
#156 = CARTESIAN_POINT('',(-0.602349813176,2.480678406556,2.5));
#157 = CARTESIAN_POINT('',(-0.505610315807,2.532195042749,2.5));
#158 = CARTESIAN_POINT('',(-0.407618083769,2.581613671847,2.5));
#159 = CARTESIAN_POINT('',(-0.308484558446,2.628972249664,2.5));
#160 = CARTESIAN_POINT('',(-0.208308581975,2.674309549505,2.5));
#161 = CARTESIAN_POINT('',(-0.107176596605,2.717664466638,2.5));
#162 = CARTESIAN_POINT('',(8.623742839677E-02,2.796178010318,2.5));
#163 = CARTESIAN_POINT('',(0.178342166009,2.831718754282,2.5));
#164 = CARTESIAN_POINT('',(0.271096414808,2.865724823425,2.5));
#165 = CARTESIAN_POINT('',(0.364449307658,2.898221816558,2.5));
#166 = CARTESIAN_POINT('',(0.458354128323,2.929233905097,2.5));
#167 = CARTESIAN_POINT('',(0.552768177345,2.958783887345,2.5));
#168 = CARTESIAN_POINT('',(0.647652637924,2.986893242782,2.5));
#169 = CARTESIAN_POINT('',(1.022029619502,3.091716435108,2.5));
#170 = CARTESIAN_POINT('',(1.304751851776,3.157658108908,2.5));
#171 = CARTESIAN_POINT('',(1.590327953896,3.211942535355,2.5));
#172 = CARTESIAN_POINT('',(1.878052232367,3.254940953096,2.5));
#173 = CARTESIAN_POINT('',(2.167301668184,3.286921701529,2.5));
#174 = CARTESIAN_POINT('',(2.457528111806,3.308069350256,2.5));
#175 = CARTESIAN_POINT('',(2.748257283244,3.318477262211,2.5));
#176 = CARTESIAN_POINT('',(3.358337313859,3.317746880304,2.5));
#177 = CARTESIAN_POINT('',(3.677528943045,3.304403919759,2.5));
#178 = CARTESIAN_POINT('',(3.99615603804,3.278101525481,2.5));
#179 = CARTESIAN_POINT('',(4.313602156562,3.238678769574,2.5));
#180 = CARTESIAN_POINT('',(4.629134635531,3.185834882938,2.5));
#181 = CARTESIAN_POINT('',(4.941904539376,3.119145476038,2.5));
#182 = CARTESIAN_POINT('',(5.250936538075,3.038021218029,2.5));
#183 = CARTESIAN_POINT('',(5.65420124041,2.910125613903,2.5));
#184 = CARTESIAN_POINT('',(5.752779472667,2.877068695095,2.5));
#185 = CARTESIAN_POINT('',(5.850784963367,2.842357374923,2.5));
#186 = CARTESIAN_POINT('',(5.948169127184,2.805960273265,2.5));
#187 = CARTESIAN_POINT('',(6.044878062545,2.767843792972,2.5));
#188 = CARTESIAN_POINT('',(6.140852389715,2.727971793124,2.5));
#189 = CARTESIAN_POINT('',(6.236027088882,2.686305262281,2.5));
#190 = CARTESIAN_POINT('',(6.442608256773,2.59100779163,2.5));
#191 = CARTESIAN_POINT('',(6.55364393666,2.536613605997,2.5));
#192 = CARTESIAN_POINT('',(6.663323795425,2.479545611933,2.5));
#193 = CARTESIAN_POINT('',(6.77151142926,2.419728021271,2.5));
#194 = CARTESIAN_POINT('',(6.878048044622,2.357082453345,2.5));
#195 = CARTESIAN_POINT('',(6.982751889823,2.291527307744,2.5));
#196 = CARTESIAN_POINT('',(7.085417686623,2.222977137073,2.5));
#197 = CARTESIAN_POINT('',(7.301216930682,2.069002492124,2.5));
#198 = CARTESIAN_POINT('',(7.413593162787,1.982607483905,2.5));
#199 = CARTESIAN_POINT('',(7.522617292341,1.892009043401,2.5));
#200 = CARTESIAN_POINT('',(7.627870740527,1.797078789764,2.5));
#201 = CARTESIAN_POINT('',(7.72884991511,1.697714834242,2.5));
#202 = CARTESIAN_POINT('',(7.824973782704,1.593849963052,2.5));
#203 = CARTESIAN_POINT('',(7.915592913722,1.485461081875,2.5));
#204 = CARTESIAN_POINT('',(8.,1.372579921924,2.5));
#205 = PCURVE('',#206,#242);
#206 = ( BOUNDED_SURFACE() B_SPLINE_SURFACE(2,2,(
    (#207,#208,#209,#210,#211)
    ,(#212,#213,#214,#215,#216)
    ,(#217,#218,#219,#220,#221)
    ,(#222,#223,#224,#225,#226)
    ,(#227,#228,#229,#230,#231)
    ,(#232,#233,#234,#235,#236)
    ,(#237,#238,#239,#240,#241
)),.UNSPECIFIED.,.T.,.F.,.F.) B_SPLINE_SURFACE_WITH_KNOTS((1,2,2,2,2,1),
  (3,2,3),(-2.094395102393,0.,2.094395102393,4.188790204786,
    6.28318530718,8.377580409573),(-1.570796326795,0.,1.570796326795),
.UNSPECIFIED.) GEOMETRIC_REPRESENTATION_ITEM() RATIONAL_B_SPLINE_SURFACE
((
    (1.,0.707106781187,1.,0.707106781187,1.)
    ,(0.5,0.353553390593,0.5,0.353553390593,0.5)
    ,(1.,0.707106781187,1.,0.707106781187,1.)
    ,(0.5,0.353553390593,0.5,0.353553390593,0.5)
    ,(1.,0.707106781187,1.,0.707106781187,1.)
    ,(0.5,0.353553390593,0.5,0.353553390593,0.5)
,(1.,0.707106781187,1.,0.707106781187,1.
))) REPRESENTATION_ITEM('') SURFACE() );
#207 = CARTESIAN_POINT('',(-0.881110788291,0.,1.831690585678));
#208 = CARTESIAN_POINT('',(7.576122798782,0.,-1.246490704254));
#209 = CARTESIAN_POINT('',(9.457233587073,0.,3.921818710069));
#210 = CARTESIAN_POINT('',(11.338344375364,0.,9.090128124391));
#211 = CARTESIAN_POINT('',(2.881110788291,0.,12.168309414322));
#212 = CARTESIAN_POINT('',(-0.881110788291,5.302876193625E-16,
    1.831690585678));
#213 = CARTESIAN_POINT('',(7.576122798782,8.660254037844,-1.246490704254
    ));
#214 = CARTESIAN_POINT('',(9.457233587073,8.660254037844,3.921818710069)
  );
#215 = CARTESIAN_POINT('',(11.338344375364,8.660254037844,9.090128124391
    ));
#216 = CARTESIAN_POINT('',(2.881110788291,5.302876193625E-16,
    12.168309414322));
#217 = CARTESIAN_POINT('',(-0.881110788291,2.651438096812E-16,
    1.831690585678));
#218 = CARTESIAN_POINT('',(-5.109727581828,4.330127018922,3.370781230643
    ));
#219 = CARTESIAN_POINT('',(-3.228616793537,4.330127018922,8.539090644966
    ));
#220 = CARTESIAN_POINT('',(-1.347506005245,4.330127018922,
    13.707400059288));
#221 = CARTESIAN_POINT('',(2.881110788291,2.651438096812E-16,
    12.168309414322));
#222 = CARTESIAN_POINT('',(-0.881110788291,7.498798913309E-32,
    1.831690585678));
#223 = CARTESIAN_POINT('',(-17.79557796243,1.224646799147E-15,
    7.98805316554));
#224 = CARTESIAN_POINT('',(-15.91446717414,1.224646799147E-15,
    13.156362579862));
#225 = CARTESIAN_POINT('',(-14.03335638585,1.224646799147E-15,
    18.324671994185));
#226 = CARTESIAN_POINT('',(2.881110788291,7.498798913309E-32,
    12.168309414322));
#227 = CARTESIAN_POINT('',(-0.881110788291,-2.651438096812E-16,
    1.831690585678));
#228 = CARTESIAN_POINT('',(-5.109727581828,-4.330127018922,
    3.370781230643));
#229 = CARTESIAN_POINT('',(-3.228616793537,-4.330127018922,
    8.539090644966));
#230 = CARTESIAN_POINT('',(-1.347506005245,-4.330127018922,
    13.707400059288));
#231 = CARTESIAN_POINT('',(2.881110788291,-2.651438096812E-16,
    12.168309414322));
#232 = CARTESIAN_POINT('',(-0.881110788291,-5.302876193625E-16,
    1.831690585678));
#233 = CARTESIAN_POINT('',(7.576122798782,-8.660254037844,
    -1.246490704254));
#234 = CARTESIAN_POINT('',(9.457233587073,-8.660254037844,3.921818710069
    ));
#235 = CARTESIAN_POINT('',(11.338344375364,-8.660254037844,
    9.090128124391));
#236 = CARTESIAN_POINT('',(2.881110788291,-5.302876193625E-16,
    12.168309414322));
#237 = CARTESIAN_POINT('',(-0.881110788291,0.,1.831690585678));
#238 = CARTESIAN_POINT('',(7.576122798782,0.,-1.246490704254));
#239 = CARTESIAN_POINT('',(9.457233587073,0.,3.921818710069));
#240 = CARTESIAN_POINT('',(11.338344375364,0.,9.090128124391));
#241 = CARTESIAN_POINT('',(2.881110788291,0.,12.168309414322));
#242 = DEFINITIONAL_REPRESENTATION('',(#243),#421);
#243 = B_SPLINE_CURVE_WITH_KNOTS('',8,(#244,#245,#246,#247,#248,#249,
    #250,#251,#252,#253,#254,#255,#256,#257,#258,#259,#260,#261,#262,
    #263,#264,#265,#266,#267,#268,#269,#270,#271,#272,#273,#274,#275,
    #276,#277,#278,#279,#280,#281,#282,#283,#284,#285,#286,#287,#288,
    #289,#290,#291,#292,#293,#294,#295,#296,#297,#298,#299,#300,#301,
    #302,#303,#304,#305,#306,#307,#308,#309,#310,#311,#312,#313,#314,
    #315,#316,#317,#318,#319,#320,#321,#322,#323,#324,#325,#326,#327,
    #328,#329,#330,#331,#332,#333,#334,#335,#336,#337,#338,#339,#340,
    #341,#342,#343,#344,#345,#346,#347,#348,#349,#350,#351,#352,#353,
    #354,#355,#356,#357,#358,#359,#360,#361,#362,#363,#364,#365,#366,
    #367,#368,#369,#370,#371,#372,#373,#374,#375,#376,#377,#378,#379,
    #380,#381,#382,#383,#384,#385,#386,#387,#388,#389,#390,#391,#392,
    #393,#394,#395,#396,#397,#398,#399,#400,#401,#402,#403,#404,#405,
    #406,#407,#408,#409,#410,#411,#412,#413,#414,#415,#416,#417,#418,
    #419,#420),.UNSPECIFIED.,.F.,.F.,(9,7,7,7,7,7,7,7,7,7,7,7,7,7,7,7,7,
    7,7,7,7,7,7,7,7,9),(0.,4.529089045379E-02,8.424802926016E-02,
    0.117083820262,0.217689056553,0.307668868991,0.338892146337,
    0.373675904381,0.408459931761,0.442851031312,0.448822868701,
    0.465592000394,0.510226561453,0.531260843327,0.554776442611,
    0.576451750276,0.579475296171,0.610005944292,0.643060328513,
    0.676302872974,0.706086750677,0.793281693549,0.888997937051,
    0.920186424331,0.957318868198,1.),.UNSPECIFIED.);
#244 = CARTESIAN_POINT('',(5.951755995452,-0.356069243448));
#245 = CARTESIAN_POINT('',(5.924577673419,-0.361682997738));
#246 = CARTESIAN_POINT('',(5.898356730344,-0.367719266398));
#247 = CARTESIAN_POINT('',(5.873034726922,-0.374131598339));
#248 = CARTESIAN_POINT('',(5.84855407811,-0.38087774377));
#249 = CARTESIAN_POINT('',(5.824858034371,-0.387920323143));
#250 = CARTESIAN_POINT('',(5.80189030092,-0.395227424012));
#251 = CARTESIAN_POINT('',(5.779594294974,-0.402773125814));
#252 = CARTESIAN_POINT('',(5.739261964357,-0.41721689903));
#253 = CARTESIAN_POINT('',(5.721070054647,-0.424056481669));
#254 = CARTESIAN_POINT('',(5.703301736012,-0.431043358453));
#255 = CARTESIAN_POINT('',(5.685925930873,-0.43816583075));
#256 = CARTESIAN_POINT('',(5.668914342535,-0.445413811497));
#257 = CARTESIAN_POINT('',(5.652240737781,-0.452778793396));
#258 = CARTESIAN_POINT('',(5.635880229476,-0.460253817102));
#259 = CARTESIAN_POINT('',(5.606262235607,-0.474222073216));
#260 = CARTESIAN_POINT('',(5.59292188942,-0.480684666893));
#261 = CARTESIAN_POINT('',(5.579773522787,-0.487217767213));
#262 = CARTESIAN_POINT('',(5.566804215089,-0.493818344266));
#263 = CARTESIAN_POINT('',(5.554001935075,-0.500483785063));
#264 = CARTESIAN_POINT('',(5.541355353034,-0.507211887137));
#265 = CARTESIAN_POINT('',(5.528853652961,-0.514000852141));
#266 = CARTESIAN_POINT('',(5.478594278511,-0.541832104204));
#267 = CARTESIAN_POINT('',(5.441977591661,-0.56336551427));
#268 = CARTESIAN_POINT('',(5.406319074004,-0.585417175338));
#269 = CARTESIAN_POINT('',(5.371376084139,-0.607970000848));
#270 = CARTESIAN_POINT('',(5.336932479357,-0.631020728374));
#271 = CARTESIAN_POINT('',(5.302779381847,-0.654580177895));
#272 = CARTESIAN_POINT('',(5.268701666314,-0.678675907823));
#273 = CARTESIAN_POINT('',(5.203810243368,-0.725433263436));
#274 = CARTESIAN_POINT('',(5.173047204802,-0.747966683251));
#275 = CARTESIAN_POINT('',(5.141979423969,-0.770991621548));
#276 = CARTESIAN_POINT('',(5.110423434411,-0.794544772503));
#277 = CARTESIAN_POINT('',(5.078167855926,-0.818667846942));
#278 = CARTESIAN_POINT('',(5.044962918945,-0.843409420407));
#279 = CARTESIAN_POINT('',(5.010487512246,-0.868828132255));
#280 = CARTESIAN_POINT('',(4.961687311363,-0.904079617142));
#281 = CARTESIAN_POINT('',(4.948905720014,-0.913250595407));
#282 = CARTESIAN_POINT('',(4.935894040872,-0.922514197692));
#283 = CARTESIAN_POINT('',(4.922630532936,-0.93187324399));
#284 = CARTESIAN_POINT('',(4.909090936782,-0.941330541126));
#285 = CARTESIAN_POINT('',(4.895247720782,-0.950888873824));
#286 = CARTESIAN_POINT('',(4.881069327334,-0.960550995767));
#287 = CARTESIAN_POINT('',(4.850310342687,-0.98120219013));
#288 = CARTESIAN_POINT('',(4.833640721151,-0.992216502918));
#289 = CARTESIAN_POINT('',(4.816459832332,-1.00336655926));
#290 = CARTESIAN_POINT('',(4.798709450669,-1.014655683861));
#291 = CARTESIAN_POINT('',(4.780322506973,-1.026086476732));
#292 = CARTESIAN_POINT('',(4.761220167788,-1.037660612024));
#293 = CARTESIAN_POINT('',(4.741307334338,-1.049378484832));
#294 = CARTESIAN_POINT('',(4.699625626412,-1.073099019013));
#295 = CARTESIAN_POINT('',(4.677859246535,-1.085100199799));
#296 = CARTESIAN_POINT('',(4.655048841249,-1.097241707694));
#297 = CARTESIAN_POINT('',(4.631055583473,-1.109519222065));
#298 = CARTESIAN_POINT('',(4.605715458208,-1.12192407964));
#299 = CARTESIAN_POINT('',(4.578830532283,-1.134442001894));
#300 = CARTESIAN_POINT('',(4.55015643486,-1.147051112479));
#301 = CARTESIAN_POINT('',(4.488963251451,-1.17224427502));
#302 = CARTESIAN_POINT('',(4.456498754588,-1.18482382721));
#303 = CARTESIAN_POINT('',(4.421694478078,-1.19742834078));
#304 = CARTESIAN_POINT('',(4.384204485682,-1.210011505836));
#305 = CARTESIAN_POINT('',(4.343634506087,-1.222508894141));
#306 = CARTESIAN_POINT('',(4.299527970661,-1.234833347545));
#307 = CARTESIAN_POINT('',(4.251386565925,-1.246874298993));
#308 = CARTESIAN_POINT('',(4.189637275811,-1.260528368625));
#309 = CARTESIAN_POINT('',(4.180348942597,-1.262534581237));
#310 = CARTESIAN_POINT('',(4.170950122906,-1.264530578381));
#311 = CARTESIAN_POINT('',(4.161679432784,-1.266528910843));
#312 = CARTESIAN_POINT('',(4.152108391624,-1.268503873216));
#313 = CARTESIAN_POINT('',(4.14263190203,-1.270478584839));
#314 = CARTESIAN_POINT('',(4.133025825955,-1.272439469162));
#315 = CARTESIAN_POINT('',(4.096228202695,-1.27986798318));
#316 = CARTESIAN_POINT('',(4.068560699896,-1.285260599277));
#317 = CARTESIAN_POINT('',(4.040347791102,-1.290556347218));
#318 = CARTESIAN_POINT('',(4.011579006787,-1.295742767608));
#319 = CARTESIAN_POINT('',(3.982246749954,-1.300806817525));
#320 = CARTESIAN_POINT('',(3.952347262912,-1.30573502912));
#321 = CARTESIAN_POINT('',(3.92188159406,-1.310513668223));
#322 = CARTESIAN_POINT('',(3.808276941924,-1.327413281528));
#323 = CARTESIAN_POINT('',(3.72173538671,-1.338539687334));
#324 = CARTESIAN_POINT('',(3.631389722827,-1.348245242937));
#325 = CARTESIAN_POINT('',(3.537562439691,-1.35628309204));
#326 = CARTESIAN_POINT('',(3.440877686723,-1.362449296826));
#327 = CARTESIAN_POINT('',(3.342234981726,-1.366607744618));
#328 = CARTESIAN_POINT('',(3.242666324688,-1.368700104305));
#329 = CARTESIAN_POINT('',(3.096213262863,-1.368740973899));
#330 = CARTESIAN_POINT('',(3.04930196196,-1.368295618279));
#331 = CARTESIAN_POINT('',(3.002487446549,-1.367391692191));
#332 = CARTESIAN_POINT('',(2.955869933119,-1.366032189317));
#333 = CARTESIAN_POINT('',(2.909548667634,-1.364223246525));
#334 = CARTESIAN_POINT('',(2.863618679319,-1.361974169394));
#335 = CARTESIAN_POINT('',(2.818167534436,-1.359297457744));
#336 = CARTESIAN_POINT('',(2.723080536788,-1.352755853507));
#337 = CARTESIAN_POINT('',(2.67358224877,-1.348787908483));
#338 = CARTESIAN_POINT('',(2.624892685934,-1.344327184769));
#339 = CARTESIAN_POINT('',(2.577110390835,-1.339401023149));
#340 = CARTESIAN_POINT('',(2.530313402718,-1.334041087896));
#341 = CARTESIAN_POINT('',(2.484558380894,-1.328282405428));
#342 = CARTESIAN_POINT('',(2.439882437423,-1.322162270242));
#343 = CARTESIAN_POINT('',(2.356143008778,-1.309780004166));
#344 = CARTESIAN_POINT('',(2.316910470485,-1.303565885443));
#345 = CARTESIAN_POINT('',(2.278626292489,-1.297106727512));
#346 = CARTESIAN_POINT('',(2.241290201833,-1.290432136453));
#347 = CARTESIAN_POINT('',(2.20488884534,-1.283570771423));
#348 = CARTESIAN_POINT('',(2.169399210615,-1.276549857225));
#349 = CARTESIAN_POINT('',(2.134792047046,-1.269394696874));
#350 = CARTESIAN_POINT('',(2.096326467188,-1.261114559116));
#351 = CARTESIAN_POINT('',(2.09161559213,-1.260095256774));
#352 = CARTESIAN_POINT('',(2.086903259129,-1.259067082064));
#353 = CARTESIAN_POINT('',(2.082190148153,-1.258027833916));
#354 = CARTESIAN_POINT('',(2.077477021644,-1.256976305252));
#355 = CARTESIAN_POINT('',(2.072764724508,-1.255912282993));
#356 = CARTESIAN_POINT('',(2.068054184124,-1.254836548055));
#357 = CARTESIAN_POINT('',(2.015809051942,-1.242788153963));
#358 = CARTESIAN_POINT('',(1.972034502837,-1.231505076284));
#359 = CARTESIAN_POINT('',(1.931658094343,-1.219998522722));
#360 = CARTESIAN_POINT('',(1.894284415889,-1.208353965194));
#361 = CARTESIAN_POINT('',(1.859550513324,-1.196639512132));
#362 = CARTESIAN_POINT('',(1.827138974255,-1.184906546521));
#363 = CARTESIAN_POINT('',(1.796769588554,-1.173192728572));
#364 = CARTESIAN_POINT('',(1.737265182622,-1.148888904244));
#365 = CARTESIAN_POINT('',(1.708447162515,-1.136309617642));
#366 = CARTESIAN_POINT('',(1.681434998107,-1.12381823499));
#367 = CARTESIAN_POINT('',(1.655982274751,-1.111437276474));
#368 = CARTESIAN_POINT('',(1.631889220571,-1.09918153204));
#369 = CARTESIAN_POINT('',(1.608990252098,-1.087060062624));
#370 = CARTESIAN_POINT('',(1.587145221828,-1.075077492844));
#371 = CARTESIAN_POINT('',(1.545204479709,-1.051324282469));
#372 = CARTESIAN_POINT('',(1.525122024756,-1.039556757615));
#373 = CARTESIAN_POINT('',(1.505866362221,-1.027933671546));
#374 = CARTESIAN_POINT('',(1.487339944396,-1.016454797856));
#375 = CARTESIAN_POINT('',(1.469462007868,-1.005118565158));
#376 = CARTESIAN_POINT('',(1.452163908321,-0.993922429357));
#377 = CARTESIAN_POINT('',(1.43538609873,-0.982863085871));
#378 = CARTESIAN_POINT('',(1.404464282896,-0.962146794352));
#379 = CARTESIAN_POINT('',(1.39022830722,-0.952464013663));
#380 = CARTESIAN_POINT('',(1.376331907318,-0.942885479094));
#381 = CARTESIAN_POINT('',(1.362743043841,-0.933408442599));
#382 = CARTESIAN_POINT('',(1.349433784111,-0.924030118761));
#383 = CARTESIAN_POINT('',(1.336379531526,-0.914747694858));
#384 = CARTESIAN_POINT('',(1.323558254961,-0.90555834093));
#385 = CARTESIAN_POINT('',(1.274037108749,-0.869820736056));
#386 = CARTESIAN_POINT('',(1.238956890521,-0.843961918634));
#387 = CARTESIAN_POINT('',(1.205196020647,-0.81880404059));
#388 = CARTESIAN_POINT('',(1.172416881925,-0.79428541763));
#389 = CARTESIAN_POINT('',(1.140357813028,-0.77035511923));
#390 = CARTESIAN_POINT('',(1.108797570809,-0.746969505702));
#391 = CARTESIAN_POINT('',(1.077544562463,-0.724090251239));
#392 = CARTESIAN_POINT('',(1.012236285279,-0.677084933399));
#393 = CARTESIAN_POINT('',(0.97822509889,-0.653069380926));
#394 = CARTESIAN_POINT('',(0.944128283586,-0.629586575719));
#395 = CARTESIAN_POINT('',(0.909732198109,-0.60660959323));
#396 = CARTESIAN_POINT('',(0.874828982569,-0.584128191185));
#397 = CARTESIAN_POINT('',(0.839203230956,-0.562146193588));
#398 = CARTESIAN_POINT('',(0.802612783652,-0.540681256251));
#399 = CARTESIAN_POINT('',(0.7524002959,-0.51295135461));
#400 = CARTESIAN_POINT('',(0.739925309268,-0.506195575045));
#401 = CARTESIAN_POINT('',(0.727305278974,-0.499500414803));
#402 = CARTESIAN_POINT('',(0.714529451089,-0.492867684749));
#403 = CARTESIAN_POINT('',(0.701586560342,-0.486299597959));
#404 = CARTESIAN_POINT('',(0.688464644074,-0.47979877615));
#405 = CARTESIAN_POINT('',(0.675150856195,-0.473368256118));
#406 = CARTESIAN_POINT('',(0.645535121767,-0.45944325377));
#407 = CARTESIAN_POINT('',(0.62914836981,-0.451980061823));
#408 = CARTESIAN_POINT('',(0.612446647354,-0.444627428278));
#409 = CARTESIAN_POINT('',(0.595404950013,-0.437392391922));
#410 = CARTESIAN_POINT('',(0.577996926559,-0.430283553981));
#411 = CARTESIAN_POINT('',(0.560194158559,-0.42331110972));
#412 = CARTESIAN_POINT('',(0.541965440007,-0.416486880037));
#413 = CARTESIAN_POINT('',(0.501793926009,-0.402166225561));
#414 = CARTESIAN_POINT('',(0.479708458731,-0.394723656875));
#415 = CARTESIAN_POINT('',(0.456963536684,-0.387515721336));
#416 = CARTESIAN_POINT('',(0.433504394976,-0.380567674384));
#417 = CARTESIAN_POINT('',(0.409276578779,-0.373910510123));
#418 = CARTESIAN_POINT('',(0.384225258379,-0.367580457105));
#419 = CARTESIAN_POINT('',(0.358294902761,-0.361618402324));
#420 = CARTESIAN_POINT('',(0.331429311728,-0.356069243448));
#421 = ( GEOMETRIC_REPRESENTATION_CONTEXT(2) 
PARAMETRIC_REPRESENTATION_CONTEXT() REPRESENTATION_CONTEXT('2D SPACE',''
  ) );
#422 = PCURVE('',#423,#428);
#423 = PLANE('',#424);
#424 = AXIS2_PLACEMENT_3D('',#425,#426,#427);
#425 = CARTESIAN_POINT('',(-5.127900497023E-16,6.990076196319E-16,2.5));
#426 = DIRECTION('',(0.,0.,1.));
#427 = DIRECTION('',(1.,0.,-0.));
#428 = DEFINITIONAL_REPRESENTATION('',(#429),#607);
#429 = B_SPLINE_CURVE_WITH_KNOTS('',8,(#430,#431,#432,#433,#434,#435,
    #436,#437,#438,#439,#440,#441,#442,#443,#444,#445,#446,#447,#448,
    #449,#450,#451,#452,#453,#454,#455,#456,#457,#458,#459,#460,#461,
    #462,#463,#464,#465,#466,#467,#468,#469,#470,#471,#472,#473,#474,
    #475,#476,#477,#478,#479,#480,#481,#482,#483,#484,#485,#486,#487,
    #488,#489,#490,#491,#492,#493,#494,#495,#496,#497,#498,#499,#500,
    #501,#502,#503,#504,#505,#506,#507,#508,#509,#510,#511,#512,#513,
    #514,#515,#516,#517,#518,#519,#520,#521,#522,#523,#524,#525,#526,
    #527,#528,#529,#530,#531,#532,#533,#534,#535,#536,#537,#538,#539,
    #540,#541,#542,#543,#544,#545,#546,#547,#548,#549,#550,#551,#552,
    #553,#554,#555,#556,#557,#558,#559,#560,#561,#562,#563,#564,#565,
    #566,#567,#568,#569,#570,#571,#572,#573,#574,#575,#576,#577,#578,
    #579,#580,#581,#582,#583,#584,#585,#586,#587,#588,#589,#590,#591,
    #592,#593,#594,#595,#596,#597,#598,#599,#600,#601,#602,#603,#604,
    #605,#606),.UNSPECIFIED.,.F.,.F.,(9,7,7,7,7,7,7,7,7,7,7,7,7,7,7,7,7,
    7,7,7,7,7,7,7,7,9),(0.,4.529089045379E-02,8.424802926016E-02,
    0.117083820262,0.217689056553,0.307668868991,0.338892146337,
    0.373675904381,0.408459931761,0.442851031312,0.448822868701,
    0.465592000394,0.510226561453,0.531260843327,0.554776442611,
    0.576451750276,0.579475296171,0.610005944292,0.643060328513,
    0.676302872974,0.706086750677,0.793281693549,0.888997937051,
    0.920186424331,0.957318868198,1.),.UNSPECIFIED.);
#430 = CARTESIAN_POINT('',(8.,-1.372579921924));
#431 = CARTESIAN_POINT('',(7.914610366479,-1.486775083784));
#432 = CARTESIAN_POINT('',(7.822863986983,-1.596371748727));
#433 = CARTESIAN_POINT('',(7.725492654532,-1.701338152949));
#434 = CARTESIAN_POINT('',(7.623167539281,-1.801699291576));
#435 = CARTESIAN_POINT('',(7.516488304007,-1.897525790166));
#436 = CARTESIAN_POINT('',(7.405973724806,-1.988924065983));
#437 = CARTESIAN_POINT('',(7.292053817003,-2.076027779062));
#438 = CARTESIAN_POINT('',(7.074433752729,-2.230351348909));
#439 = CARTESIAN_POINT('',(6.971554710298,-2.298632783792));
#440 = CARTESIAN_POINT('',(6.866653741206,-2.363924879364));
#441 = CARTESIAN_POINT('',(6.759934363015,-2.42631304741));
#442 = CARTESIAN_POINT('',(6.651576781492,-2.485878751582));
#443 = CARTESIAN_POINT('',(6.54173846348,-2.542700149139));
#444 = CARTESIAN_POINT('',(6.430554709776,-2.596852732678));
#445 = CARTESIAN_POINT('',(6.223387627187,-2.691866005418));
#446 = CARTESIAN_POINT('',(6.127766177139,-2.733475732004));
#447 = CARTESIAN_POINT('',(6.031345880655,-2.77328161757));
#448 = CARTESIAN_POINT('',(5.934191921502,-2.811322887398));
#449 = CARTESIAN_POINT('',(5.836363827412,-2.84763585706));
#450 = CARTESIAN_POINT('',(5.737915633092,-2.882254263365));
#451 = CARTESIAN_POINT('',(5.638896043217,-2.915209595302));
#452 = CARTESIAN_POINT('',(5.234346212346,-3.042498051052));
#453 = CARTESIAN_POINT('',(4.924499262138,-3.123095448751));
#454 = CARTESIAN_POINT('',(4.610941472336,-3.189225936972));
#455 = CARTESIAN_POINT('',(4.29464671811,-3.241476220331));
#456 = CARTESIAN_POINT('',(3.976463851261,-3.280267421294));
#457 = CARTESIAN_POINT('',(3.657126730588,-3.305896398042));
#458 = CARTESIAN_POINT('',(3.337254320628,-3.318519364346));
#459 = CARTESIAN_POINT('',(2.73124322681,-3.317779537719));
#460 = CARTESIAN_POINT('',(2.445250945482,-3.307020458988));
#461 = CARTESIAN_POINT('',(2.159764974086,-3.28586244865));
#462 = CARTESIAN_POINT('',(1.875238549979,-3.254214179327));
#463 = CARTESIAN_POINT('',(1.59219420918,-3.211898847266));
#464 = CARTESIAN_POINT('',(1.311224819432,-3.158660654937));
#465 = CARTESIAN_POINT('',(1.033000786734,-3.094147188258));
#466 = CARTESIAN_POINT('',(0.66296547723,-2.991379766311));
#467 = CARTESIAN_POINT('',(0.568070719059,-2.963489341393));
#468 = CARTESIAN_POINT('',(0.473641193791,-2.934162511275));
#469 = CARTESIAN_POINT('',(0.379715329957,-2.903377986831));
#470 = CARTESIAN_POINT('',(0.286335377678,-2.871113155636));
#471 = CARTESIAN_POINT('',(0.193547540631,-2.837344025274));
#472 = CARTESIAN_POINT('',(0.101402108022,-2.802045166646));
#473 = CARTESIAN_POINT('',(-9.192307453928E-02,-2.724131407508));
#474 = CARTESIAN_POINT('',(-0.192930794964,-2.681142849744));
#475 = CARTESIAN_POINT('',(-0.292996760843,-2.636185940482));
#476 = CARTESIAN_POINT('',(-0.392036076339,-2.589222177301));
#477 = CARTESIAN_POINT('',(-0.48995175781,-2.540213083172));
#478 = CARTESIAN_POINT('',(-0.586634532571,-2.489120860228));
#479 = CARTESIAN_POINT('',(-0.681962442277,-2.435909213019));
#480 = CARTESIAN_POINT('',(-0.869638786157,-2.325179040743));
#481 = CARTESIAN_POINT('',(-0.961975598277,-2.267667400634));
#482 = CARTESIAN_POINT('',(-1.052682933794,-2.207972234833));
#483 = CARTESIAN_POINT('',(-1.141604627033,-2.146067509942));
#484 = CARTESIAN_POINT('',(-1.228556851052,-2.081941307197));
#485 = CARTESIAN_POINT('',(-1.313329822253,-2.015601360865));
#486 = CARTESIAN_POINT('',(-1.395690458673,-1.947083173083));
#487 = CARTESIAN_POINT('',(-1.554181267412,-1.806636003728));
#488 = CARTESIAN_POINT('',(-1.630351589634,-1.734771963686));
#489 = CARTESIAN_POINT('',(-1.703664371633,-1.660933286843));
#490 = CARTESIAN_POINT('',(-1.773827322056,-1.585258435257));
#491 = CARTESIAN_POINT('',(-1.840505256828,-1.507973396883));
#492 = CARTESIAN_POINT('',(-1.903346080872,-1.429419670127));
#493 = CARTESIAN_POINT('',(-1.962019249921,-1.350075251109));
#494 = CARTESIAN_POINT('',(-2.025690389851,-1.256737806834));
#495 = CARTESIAN_POINT('',(-2.034969540732,-1.242934134091));
#496 = CARTESIAN_POINT('',(-2.04412713644,-1.229110243869));
#497 = CARTESIAN_POINT('',(-2.053221080395,-1.21517626928));
#498 = CARTESIAN_POINT('',(-2.062134701071,-1.201308132975));
#499 = CARTESIAN_POINT('',(-2.070975850205,-1.187344194991));
#500 = CARTESIAN_POINT('',(-2.07968325935,-1.17337577167));
#501 = CARTESIAN_POINT('',(-2.11240296322,-1.120061351565));
#502 = CARTESIAN_POINT('',(-2.135598601073,-1.080530357141));
#503 = CARTESIAN_POINT('',(-2.157842216784,-1.040814217259));
#504 = CARTESIAN_POINT('',(-2.179116778843,-1.000946204028));
#505 = CARTESIAN_POINT('',(-2.199408650543,-0.960960350964));
#506 = CARTESIAN_POINT('',(-2.218707781186,-0.920890875973));
#507 = CARTESIAN_POINT('',(-2.237007897274,-0.880771604331));
#508 = CARTESIAN_POINT('',(-2.300351068583,-0.733804443754));
#509 = CARTESIAN_POINT('',(-2.33930020311,-0.626856304136));
#510 = CARTESIAN_POINT('',(-2.37109646747,-0.520434492802));
#511 = CARTESIAN_POINT('',(-2.395945011553,-0.414996819839));
#512 = CARTESIAN_POINT('',(-2.414225147176,-0.31067960815));
#513 = CARTESIAN_POINT('',(-2.426304628279,-0.207291673734));
#514 = CARTESIAN_POINT('',(-2.432379209467,-0.104414037598));
#515 = CARTESIAN_POINT('',(-2.432497871723,4.687912814335E-02));
#516 = CARTESIAN_POINT('',(-2.431204483788,9.533681249132E-02));
#517 = CARTESIAN_POINT('',(-2.428580749927,0.143843832761));
#518 = CARTESIAN_POINT('',(-2.424616649808,0.192448957376));
#519 = CARTESIAN_POINT('',(-2.419293290195,0.241194760719));
#520 = CARTESIAN_POINT('',(-2.412585102917,0.290114783773));
#521 = CARTESIAN_POINT('',(-2.404462042818,0.33923069477));
#522 = CARTESIAN_POINT('',(-2.384192569457,0.443686111415));
#523 = CARTESIAN_POINT('',(-2.371684495086,0.499078074396));
#524 = CARTESIAN_POINT('',(-2.357324794408,0.554728200114));
#525 = CARTESIAN_POINT('',(-2.341069618317,0.610618679661));
#526 = CARTESIAN_POINT('',(-2.322880471903,0.666709829975));
#527 = CARTESIAN_POINT('',(-2.302729796302,0.722940888231));
#528 = CARTESIAN_POINT('',(-2.280605697317,0.779232804533));
#529 = CARTESIAN_POINT('',(-2.234311177854,0.887350429559));
#530 = CARTESIAN_POINT('',(-2.210434556662,0.939185521808));
#531 = CARTESIAN_POINT('',(-2.184890379043,0.990926562586));
#532 = CARTESIAN_POINT('',(-2.157694293828,1.042499813479));
#533 = CARTESIAN_POINT('',(-2.128872228629,1.0938313941));
#534 = CARTESIAN_POINT('',(-2.098459441634,1.14484913145));
#535 = CARTESIAN_POINT('',(-2.06649957339,1.195484409293));
#536 = CARTESIAN_POINT('',(-2.028376850287,1.252675098481));
#537 = CARTESIAN_POINT('',(-2.02366488194,1.259691960319));
#538 = CARTESIAN_POINT('',(-2.01889237804,1.266746241655));
#539 = CARTESIAN_POINT('',(-2.014048477332,1.273852709015));
#540 = CARTESIAN_POINT('',(-2.009126872815,1.281019256829));
#541 = CARTESIAN_POINT('',(-2.004125811751,1.288246907426));
#542 = CARTESIAN_POINT('',(-1.999048095654,1.295529811036));
#543 = CARTESIAN_POINT('',(-1.941928423,1.376824776498));
#544 = CARTESIAN_POINT('',(-1.886192496875,1.45047602296));
#545 = CARTESIAN_POINT('',(-1.826913411775,1.523345821219));
#546 = CARTESIAN_POINT('',(-1.764359821686,1.595069852934));
#547 = CARTESIAN_POINT('',(-1.698812445495,1.665383655503));
#548 = CARTESIAN_POINT('',(-1.630538219624,1.734107683358));
#549 = CARTESIAN_POINT('',(-1.559772580227,1.801128550422));
#550 = CARTESIAN_POINT('',(-1.407602421006,1.937043166775));
#551 = CARTESIAN_POINT('',(-1.325821269134,2.005616418432));
#552 = CARTESIAN_POINT('',(-1.241616840144,2.072030497763));
#553 = CARTESIAN_POINT('',(-1.15522273035,2.136246941571));
#554 = CARTESIAN_POINT('',(-1.066849385695,2.198255777553));
#555 = CARTESIAN_POINT('',(-0.976681292723,2.258067252209));
#556 = CARTESIAN_POINT('',(-0.884875184115,2.31570617348));
#557 = CARTESIAN_POINT('',(-0.697712137713,2.427027508736));
#558 = CARTESIAN_POINT('',(-0.602349813176,2.480678406556));
#559 = CARTESIAN_POINT('',(-0.505610315807,2.532195042749));
#560 = CARTESIAN_POINT('',(-0.407618083769,2.581613671847));
#561 = CARTESIAN_POINT('',(-0.308484558446,2.628972249664));
#562 = CARTESIAN_POINT('',(-0.208308581975,2.674309549505));
#563 = CARTESIAN_POINT('',(-0.107176596605,2.717664466638));
#564 = CARTESIAN_POINT('',(8.623742839677E-02,2.796178010318));
#565 = CARTESIAN_POINT('',(0.178342166009,2.831718754282));
#566 = CARTESIAN_POINT('',(0.271096414808,2.865724823425));
#567 = CARTESIAN_POINT('',(0.364449307658,2.898221816558));
#568 = CARTESIAN_POINT('',(0.458354128323,2.929233905097));
#569 = CARTESIAN_POINT('',(0.552768177345,2.958783887345));
#570 = CARTESIAN_POINT('',(0.647652637924,2.986893242782));
#571 = CARTESIAN_POINT('',(1.022029619502,3.091716435108));
#572 = CARTESIAN_POINT('',(1.304751851776,3.157658108908));
#573 = CARTESIAN_POINT('',(1.590327953896,3.211942535355));
#574 = CARTESIAN_POINT('',(1.878052232367,3.254940953096));
#575 = CARTESIAN_POINT('',(2.167301668184,3.286921701529));
#576 = CARTESIAN_POINT('',(2.457528111806,3.308069350256));
#577 = CARTESIAN_POINT('',(2.748257283244,3.318477262211));
#578 = CARTESIAN_POINT('',(3.358337313859,3.317746880304));
#579 = CARTESIAN_POINT('',(3.677528943045,3.304403919759));
#580 = CARTESIAN_POINT('',(3.99615603804,3.278101525481));
#581 = CARTESIAN_POINT('',(4.313602156562,3.238678769574));
#582 = CARTESIAN_POINT('',(4.629134635531,3.185834882938));
#583 = CARTESIAN_POINT('',(4.941904539376,3.119145476038));
#584 = CARTESIAN_POINT('',(5.250936538075,3.038021218029));
#585 = CARTESIAN_POINT('',(5.65420124041,2.910125613903));
#586 = CARTESIAN_POINT('',(5.752779472667,2.877068695095));
#587 = CARTESIAN_POINT('',(5.850784963367,2.842357374923));
#588 = CARTESIAN_POINT('',(5.948169127184,2.805960273265));
#589 = CARTESIAN_POINT('',(6.044878062545,2.767843792972));
#590 = CARTESIAN_POINT('',(6.140852389715,2.727971793124));
#591 = CARTESIAN_POINT('',(6.236027088882,2.686305262281));
#592 = CARTESIAN_POINT('',(6.442608256773,2.59100779163));
#593 = CARTESIAN_POINT('',(6.55364393666,2.536613605997));
#594 = CARTESIAN_POINT('',(6.663323795425,2.479545611933));
#595 = CARTESIAN_POINT('',(6.77151142926,2.419728021271));
#596 = CARTESIAN_POINT('',(6.878048044622,2.357082453345));
#597 = CARTESIAN_POINT('',(6.982751889823,2.291527307744));
#598 = CARTESIAN_POINT('',(7.085417686623,2.222977137073));
#599 = CARTESIAN_POINT('',(7.301216930682,2.069002492124));
#600 = CARTESIAN_POINT('',(7.413593162787,1.982607483905));
#601 = CARTESIAN_POINT('',(7.522617292341,1.892009043401));
#602 = CARTESIAN_POINT('',(7.627870740527,1.797078789764));
#603 = CARTESIAN_POINT('',(7.72884991511,1.697714834242));
#604 = CARTESIAN_POINT('',(7.824973782704,1.593849963052));
#605 = CARTESIAN_POINT('',(7.915592913722,1.485461081875));
#606 = CARTESIAN_POINT('',(8.,1.372579921924));
#607 = ( GEOMETRIC_REPRESENTATION_CONTEXT(2) 
PARAMETRIC_REPRESENTATION_CONTEXT() REPRESENTATION_CONTEXT('2D SPACE',''
  ) );
#608 = ORIENTED_EDGE('',*,*,#609,.T.);
#609 = EDGE_CURVE('',#22,#610,#612,.T.);
#610 = VERTEX_POINT('',#611);
#611 = CARTESIAN_POINT('',(8.,-5.612641697472E-16,2.112342843007));
#612 = SURFACE_CURVE('',#613,(#626,#642),.PCURVE_S1.);
#613 = B_SPLINE_CURVE_WITH_KNOTS('',6,(#614,#615,#616,#617,#618,#619,
    #620,#621,#622,#623,#624,#625),.UNSPECIFIED.,.F.,.F.,(7,5,7),(0.,
    0.362316742739,1.),.UNSPECIFIED.);
#614 = CARTESIAN_POINT('',(7.845974195852,-1.562270436904,2.5000022));
#615 = CARTESIAN_POINT('',(7.862282198555,-1.480369016144,2.457115885622
    ));
#616 = CARTESIAN_POINT('',(7.877968368484,-1.396233500185,2.416389100906
    ));
#617 = CARTESIAN_POINT('',(7.892927458344,-1.309896445187,2.37799322073)
  );
#618 = CARTESIAN_POINT('',(7.907046246259,-1.221421707198,2.342117241355
    ));
#619 = CARTESIAN_POINT('',(7.920209355638,-1.13091358665,2.308956828091)
  );
#620 = CARTESIAN_POINT('',(7.953593734516,-0.875922296191,2.225456780891
    ));
#621 = CARTESIAN_POINT('',(7.971590578181,-0.707386909436,2.18117841376)
  );
#622 = CARTESIAN_POINT('',(7.98565127088,-0.53396639889,2.147005256724)
  );
#623 = CARTESIAN_POINT('',(7.995230840274,-0.357029586101,2.123864531221
    ));
#624 = CARTESIAN_POINT('',(8.,-0.17831056346,2.112342843008));
#625 = CARTESIAN_POINT('',(8.,-1.33226762955E-15,2.112342843008));
#626 = PCURVE('',#206,#627);
#627 = DEFINITIONAL_REPRESENTATION('',(#628),#641);
#628 = B_SPLINE_CURVE_WITH_KNOTS('',6,(#629,#630,#631,#632,#633,#634,
    #635,#636,#637,#638,#639,#640),.UNSPECIFIED.,.F.,.F.,(7,5,7),(0.,
    0.362316742739,1.),.UNSPECIFIED.);
#629 = CARTESIAN_POINT('',(5.906399780715,-0.366201786415));
#630 = CARTESIAN_POINT('',(5.924568655586,-0.372885304433));
#631 = CARTESIAN_POINT('',(5.94339542432,-0.379226921876));
#632 = CARTESIAN_POINT('',(5.96289948663,-0.385202002213));
#633 = CARTESIAN_POINT('',(5.983095713596,-0.390782677213));
#634 = CARTESIAN_POINT('',(6.003990947508,-0.395939595863));
#635 = CARTESIAN_POINT('',(6.063578462123,-0.408922924754));
#636 = CARTESIAN_POINT('',(6.103752729082,-0.415805098945));
#637 = CARTESIAN_POINT('',(6.146030586929,-0.421117211901));
#638 = CARTESIAN_POINT('',(6.190254559879,-0.424714918343));
#639 = CARTESIAN_POINT('',(6.236139752219,-0.426506148652));
#640 = CARTESIAN_POINT('',(6.283185306749,-0.426506148652));
#641 = ( GEOMETRIC_REPRESENTATION_CONTEXT(2) 
PARAMETRIC_REPRESENTATION_CONTEXT() REPRESENTATION_CONTEXT('2D SPACE',''
  ) );
#642 = PCURVE('',#643,#651);
#643 = SURFACE_OF_LINEAR_EXTRUSION('',#644,#649);
#644 = ELLIPSE('',#645,8.,8.);
#645 = AXIS2_PLACEMENT_3D('',#646,#647,#648);
#646 = CARTESIAN_POINT('',(0.,0.,0.));
#647 = DIRECTION('',(0.,0.,1.));
#648 = DIRECTION('',(1.,0.,-0.));
#649 = VECTOR('',#650,1.);
#650 = DIRECTION('',(-0.,-0.,-1.));
#651 = DEFINITIONAL_REPRESENTATION('',(#652),#665);
#652 = B_SPLINE_CURVE_WITH_KNOTS('',6,(#653,#654,#655,#656,#657,#658,
    #659,#660,#661,#662,#663,#664),.UNSPECIFIED.,.F.,.F.,(7,5,7),(0.,
    0.362316742739,1.),.UNSPECIFIED.);
#653 = CARTESIAN_POINT('',(6.086638489313,-2.5000022));
#654 = CARTESIAN_POINT('',(6.097077144694,-2.457115885622));
#655 = CARTESIAN_POINT('',(6.107774509044,-2.416389100906));
#656 = CARTESIAN_POINT('',(6.118726055347,-2.37799322073));
#657 = CARTESIAN_POINT('',(6.129923772343,-2.342117241355));
#658 = CARTESIAN_POINT('',(6.141355148431,-2.308956828091));
#659 = CARTESIAN_POINT('',(6.173501074242,-2.225456780891));
#660 = CARTESIAN_POINT('',(6.194681764776,-2.18117841376));
#661 = CARTESIAN_POINT('',(6.216419571999,-2.147005256724));
#662 = CARTESIAN_POINT('',(6.238556610398,-2.123864531221));
#663 = CARTESIAN_POINT('',(6.260896486747,-2.112342843008));
#664 = CARTESIAN_POINT('',(6.28318530718,-2.112342843008));
#665 = ( GEOMETRIC_REPRESENTATION_CONTEXT(2) 
PARAMETRIC_REPRESENTATION_CONTEXT() REPRESENTATION_CONTEXT('2D SPACE',''
  ) );
#666 = ORIENTED_EDGE('',*,*,#667,.T.);
#667 = EDGE_CURVE('',#610,#668,#670,.T.);
#668 = VERTEX_POINT('',#669);
#669 = CARTESIAN_POINT('',(2.881110788291,-2.49959963777E-32,
    12.168309414322));
#670 = SEAM_CURVE('',#671,(#677,#686),.PCURVE_S1.);
#671 = ( BOUNDED_CURVE() B_SPLINE_CURVE(2,(#672,#673,#674,#675,#676),
.UNSPECIFIED.,.F.,.F.) B_SPLINE_CURVE_WITH_KNOTS((3,2,3),(4.712388980385
,6.28318530718,7.853981633974),.PIECEWISE_BEZIER_KNOTS.) CURVE() 
GEOMETRIC_REPRESENTATION_ITEM() RATIONAL_B_SPLINE_CURVE((1.,
0.707106781187,1.,0.707106781187,1.)) REPRESENTATION_ITEM('') );
#672 = CARTESIAN_POINT('',(-0.881110788291,2.249639673993E-31,
    1.831690585678));
#673 = CARTESIAN_POINT('',(7.576122798782,-1.224646799147E-15,
    -1.246490704254));
#674 = CARTESIAN_POINT('',(9.457233587073,-1.224646799147E-15,
    3.921818710069));
#675 = CARTESIAN_POINT('',(11.338344375364,-1.224646799147E-15,
    9.090128124391));
#676 = CARTESIAN_POINT('',(2.881110788291,-3.749399456655E-31,
    12.168309414322));
#677 = PCURVE('',#206,#678);
#678 = DEFINITIONAL_REPRESENTATION('',(#679),#685);
#679 = B_SPLINE_CURVE_WITH_KNOTS('',2,(#680,#681,#682,#683,#684),
  .UNSPECIFIED.,.F.,.F.,(3,2,3),(4.712388980385,6.28318530718,
    7.853981633974),.PIECEWISE_BEZIER_KNOTS.);
#680 = CARTESIAN_POINT('',(0.,-1.570796326795));
#681 = CARTESIAN_POINT('',(8.881784197001E-16,-0.785398163397));
#682 = CARTESIAN_POINT('',(0.,-2.720481184601E-16));
#683 = CARTESIAN_POINT('',(8.881784197001E-16,0.785398163397));
#684 = CARTESIAN_POINT('',(0.,1.570796326795));
#685 = ( GEOMETRIC_REPRESENTATION_CONTEXT(2) 
PARAMETRIC_REPRESENTATION_CONTEXT() REPRESENTATION_CONTEXT('2D SPACE',''
  ) );
#686 = PCURVE('',#206,#687);
#687 = DEFINITIONAL_REPRESENTATION('',(#688),#694);
#688 = B_SPLINE_CURVE_WITH_KNOTS('',2,(#689,#690,#691,#692,#693),
  .UNSPECIFIED.,.F.,.F.,(3,2,3),(4.712388980385,6.28318530718,
    7.853981633974),.PIECEWISE_BEZIER_KNOTS.);
#689 = CARTESIAN_POINT('',(6.28318530718,-1.570796326795));
#690 = CARTESIAN_POINT('',(6.28318530718,-0.785398163397));
#691 = CARTESIAN_POINT('',(6.28318530718,-2.720481184601E-16));
#692 = CARTESIAN_POINT('',(6.28318530718,0.785398163397));
#693 = CARTESIAN_POINT('',(6.28318530718,1.570796326795));
#694 = ( GEOMETRIC_REPRESENTATION_CONTEXT(2) 
PARAMETRIC_REPRESENTATION_CONTEXT() REPRESENTATION_CONTEXT('2D SPACE',''
  ) );
#695 = ORIENTED_EDGE('',*,*,#667,.F.);
#696 = ORIENTED_EDGE('',*,*,#697,.T.);
#697 = EDGE_CURVE('',#610,#698,#700,.T.);
#698 = VERTEX_POINT('',#699);
#699 = CARTESIAN_POINT('',(7.845975032427,1.562266235484,2.5));
#700 = SURFACE_CURVE('',#701,(#714,#730),.PCURVE_S1.);
#701 = B_SPLINE_CURVE_WITH_KNOTS('',6,(#702,#703,#704,#705,#706,#707,
    #708,#709,#710,#711,#712,#713),.UNSPECIFIED.,.F.,.F.,(7,5,7),(0.,
    0.637240801436,1.),.UNSPECIFIED.);
#702 = CARTESIAN_POINT('',(8.,2.511439902487E-16,2.112342843008));
#703 = CARTESIAN_POINT('',(8.,0.178186825643,2.112342843008));
#704 = CARTESIAN_POINT('',(7.995237456995,0.356781439708,2.123848544838)
  );
#705 = CARTESIAN_POINT('',(7.985671217564,0.53359797719,2.146957075902)
  );
#706 = CARTESIAN_POINT('',(7.971629592428,0.706905597397,2.181083589975)
  );
#707 = CARTESIAN_POINT('',(7.953656139075,0.875337631964,2.225303248718)
  );
#708 = CARTESIAN_POINT('',(7.920289746606,1.130360694137,2.308754311904)
  );
#709 = CARTESIAN_POINT('',(7.907115234048,1.220989335906,2.341941946547)
  );
#710 = CARTESIAN_POINT('',(7.892982280793,1.30958000733,2.377852508897)
  );
#711 = CARTESIAN_POINT('',(7.878006694783,1.39602791876,2.416289592961)
  );
#712 = CARTESIAN_POINT('',(7.862302124203,1.480268946327,2.457063485729)
  );
#713 = CARTESIAN_POINT('',(7.845974195852,1.562270436904,2.5000022));
#714 = PCURVE('',#206,#715);
#715 = DEFINITIONAL_REPRESENTATION('',(#716),#729);
#716 = B_SPLINE_CURVE_WITH_KNOTS('',6,(#717,#718,#719,#720,#721,#722,
    #723,#724,#725,#726,#727,#728),.UNSPECIFIED.,.F.,.F.,(7,5,7),(0.,
    0.637240801436,1.),.UNSPECIFIED.);
#717 = CARTESIAN_POINT('',(3.783396910852E-10,-0.426506148652));
#718 = CARTESIAN_POINT('',(4.701290785732E-02,-0.426506148652));
#719 = CARTESIAN_POINT('',(9.286703589007E-02,-0.424717403621));
#720 = CARTESIAN_POINT('',(0.137062635863,-0.421124702748));
#721 = CARTESIAN_POINT('',(0.179315237623,-0.41581983889));
#722 = CARTESIAN_POINT('',(0.21946747111,-0.408946788261));
#723 = CARTESIAN_POINT('',(0.27906671205,-0.395971089994));
#724 = CARTESIAN_POINT('',(0.299990894063,-0.390809945123));
#725 = CARTESIAN_POINT('',(0.320214334592,-0.385223899459));
#726 = CARTESIAN_POINT('',(0.339743880079,-0.379242416362));
#727 = CARTESIAN_POINT('',(0.358594452272,-0.372893470573));
#728 = CARTESIAN_POINT('',(0.376785526464,-0.366201786415));
#729 = ( GEOMETRIC_REPRESENTATION_CONTEXT(2) 
PARAMETRIC_REPRESENTATION_CONTEXT() REPRESENTATION_CONTEXT('2D SPACE',''
  ) );
#730 = PCURVE('',#643,#731);
#731 = DEFINITIONAL_REPRESENTATION('',(#732),#745);
#732 = B_SPLINE_CURVE_WITH_KNOTS('',6,(#733,#734,#735,#736,#737,#738,
    #739,#740,#741,#742,#743,#744),.UNSPECIFIED.,.F.,.F.,(7,5,7),(0.,
    0.637240801436,1.),.UNSPECIFIED.);
#733 = CARTESIAN_POINT('',(0.,-2.112342843008));
#734 = CARTESIAN_POINT('',(2.227335320541E-02,-2.112342843008));
#735 = CARTESIAN_POINT('',(4.459767849908E-02,-2.123848544838));
#736 = CARTESIAN_POINT('',(6.671964094964E-02,-2.146957075902));
#737 = CARTESIAN_POINT('',(8.844321124644E-02,-2.181083589975));
#738 = CARTESIAN_POINT('',(0.109610755616,-2.225303248718));
#739 = CARTESIAN_POINT('',(0.141760327538,-2.308754311904));
#740 = CARTESIAN_POINT('',(0.153206812421,-2.341941946547));
#741 = CARTESIAN_POINT('',(0.164419112943,-2.377852508897));
#742 = CARTESIAN_POINT('',(0.175384659633,-2.416289592961));
#743 = CARTESIAN_POINT('',(0.186095408197,-2.457063485729));
#744 = CARTESIAN_POINT('',(0.196546817866,-2.5000022));
#745 = ( GEOMETRIC_REPRESENTATION_CONTEXT(2) 
PARAMETRIC_REPRESENTATION_CONTEXT() REPRESENTATION_CONTEXT('2D SPACE',''
  ) );
#746 = ORIENTED_EDGE('',*,*,#747,.F.);
#747 = EDGE_CURVE('',#748,#698,#750,.T.);
#748 = VERTEX_POINT('',#749);
#749 = CARTESIAN_POINT('',(5.905196166448,2.820332128743,2.5));
#750 = SURFACE_CURVE('',#751,(#929,#1110),.PCURVE_S1.);
#751 = B_SPLINE_CURVE_WITH_KNOTS('',8,(#752,#753,#754,#755,#756,#757,
    #758,#759,#760,#761,#762,#763,#764,#765,#766,#767,#768,#769,#770,
    #771,#772,#773,#774,#775,#776,#777,#778,#779,#780,#781,#782,#783,
    #784,#785,#786,#787,#788,#789,#790,#791,#792,#793,#794,#795,#796,
    #797,#798,#799,#800,#801,#802,#803,#804,#805,#806,#807,#808,#809,
    #810,#811,#812,#813,#814,#815,#816,#817,#818,#819,#820,#821,#822,
    #823,#824,#825,#826,#827,#828,#829,#830,#831,#832,#833,#834,#835,
    #836,#837,#838,#839,#840,#841,#842,#843,#844,#845,#846,#847,#848,
    #849,#850,#851,#852,#853,#854,#855,#856,#857,#858,#859,#860,#861,
    #862,#863,#864,#865,#866,#867,#868,#869,#870,#871,#872,#873,#874,
    #875,#876,#877,#878,#879,#880,#881,#882,#883,#884,#885,#886,#887,
    #888,#889,#890,#891,#892,#893,#894,#895,#896,#897,#898,#899,#900,
    #901,#902,#903,#904,#905,#906,#907,#908,#909,#910,#911,#912,#913,
    #914,#915,#916,#917,#918,#919,#920,#921,#922,#923,#924,#925,#926,
    #927,#928),.UNSPECIFIED.,.F.,.F.,(9,7,7,7,7,7,7,7,7,7,7,7,7,7,7,7,7,
    7,7,7,7,7,7,7,7,9),(0.,4.529089045379E-02,8.424802926016E-02,
    0.117083820262,0.217689056553,0.307668868991,0.338892146337,
    0.373675904381,0.408459931761,0.442851031312,0.448822868701,
    0.465592000394,0.510226561453,0.531260843327,0.554776442611,
    0.576451750276,0.579475296171,0.610005944292,0.643060328513,
    0.676302872974,0.706086750677,0.793281693549,0.888997937051,
    0.920186424331,0.957318868198,1.),.UNSPECIFIED.);
#752 = CARTESIAN_POINT('',(8.,-1.372579921924,2.5));
#753 = CARTESIAN_POINT('',(7.914610366479,-1.486775083784,2.5));
#754 = CARTESIAN_POINT('',(7.822863986983,-1.596371748727,2.5));
#755 = CARTESIAN_POINT('',(7.725492654532,-1.701338152949,2.5));
#756 = CARTESIAN_POINT('',(7.623167539281,-1.801699291576,2.5));
#757 = CARTESIAN_POINT('',(7.516488304007,-1.897525790166,2.5));
#758 = CARTESIAN_POINT('',(7.405973724806,-1.988924065983,2.5));
#759 = CARTESIAN_POINT('',(7.292053817003,-2.076027779062,2.5));
#760 = CARTESIAN_POINT('',(7.074433752729,-2.230351348909,2.5));
#761 = CARTESIAN_POINT('',(6.971554710298,-2.298632783792,2.5));
#762 = CARTESIAN_POINT('',(6.866653741206,-2.363924879364,2.5));
#763 = CARTESIAN_POINT('',(6.759934363015,-2.42631304741,2.5));
#764 = CARTESIAN_POINT('',(6.651576781492,-2.485878751582,2.5));
#765 = CARTESIAN_POINT('',(6.54173846348,-2.542700149139,2.5));
#766 = CARTESIAN_POINT('',(6.430554709776,-2.596852732678,2.5));
#767 = CARTESIAN_POINT('',(6.223387627187,-2.691866005418,2.5));
#768 = CARTESIAN_POINT('',(6.127766177139,-2.733475732004,2.5));
#769 = CARTESIAN_POINT('',(6.031345880655,-2.77328161757,2.5));
#770 = CARTESIAN_POINT('',(5.934191921502,-2.811322887398,2.5));
#771 = CARTESIAN_POINT('',(5.836363827412,-2.84763585706,2.5));
#772 = CARTESIAN_POINT('',(5.737915633092,-2.882254263365,2.5));
#773 = CARTESIAN_POINT('',(5.638896043217,-2.915209595302,2.5));
#774 = CARTESIAN_POINT('',(5.234346212346,-3.042498051052,2.5));
#775 = CARTESIAN_POINT('',(4.924499262138,-3.123095448751,2.5));
#776 = CARTESIAN_POINT('',(4.610941472336,-3.189225936972,2.5));
#777 = CARTESIAN_POINT('',(4.29464671811,-3.241476220331,2.5));
#778 = CARTESIAN_POINT('',(3.976463851261,-3.280267421294,2.5));
#779 = CARTESIAN_POINT('',(3.657126730588,-3.305896398042,2.5));
#780 = CARTESIAN_POINT('',(3.337254320628,-3.318519364346,2.5));
#781 = CARTESIAN_POINT('',(2.73124322681,-3.317779537719,2.5));
#782 = CARTESIAN_POINT('',(2.445250945482,-3.307020458988,2.5));
#783 = CARTESIAN_POINT('',(2.159764974086,-3.28586244865,2.5));
#784 = CARTESIAN_POINT('',(1.875238549979,-3.254214179327,2.5));
#785 = CARTESIAN_POINT('',(1.59219420918,-3.211898847266,2.5));
#786 = CARTESIAN_POINT('',(1.311224819432,-3.158660654937,2.5));
#787 = CARTESIAN_POINT('',(1.033000786734,-3.094147188258,2.5));
#788 = CARTESIAN_POINT('',(0.66296547723,-2.991379766311,2.5));
#789 = CARTESIAN_POINT('',(0.568070719059,-2.963489341393,2.5));
#790 = CARTESIAN_POINT('',(0.473641193791,-2.934162511275,2.5));
#791 = CARTESIAN_POINT('',(0.379715329957,-2.903377986831,2.5));
#792 = CARTESIAN_POINT('',(0.286335377678,-2.871113155636,2.5));
#793 = CARTESIAN_POINT('',(0.193547540631,-2.837344025274,2.5));
#794 = CARTESIAN_POINT('',(0.101402108022,-2.802045166646,2.5));
#795 = CARTESIAN_POINT('',(-9.192307453928E-02,-2.724131407508,2.5));
#796 = CARTESIAN_POINT('',(-0.192930794964,-2.681142849744,2.5));
#797 = CARTESIAN_POINT('',(-0.292996760843,-2.636185940482,2.5));
#798 = CARTESIAN_POINT('',(-0.392036076339,-2.589222177301,2.5));
#799 = CARTESIAN_POINT('',(-0.48995175781,-2.540213083172,2.5));
#800 = CARTESIAN_POINT('',(-0.586634532571,-2.489120860228,2.5));
#801 = CARTESIAN_POINT('',(-0.681962442277,-2.435909213019,2.5));
#802 = CARTESIAN_POINT('',(-0.869638786157,-2.325179040743,2.5));
#803 = CARTESIAN_POINT('',(-0.961975598277,-2.267667400634,2.5));
#804 = CARTESIAN_POINT('',(-1.052682933794,-2.207972234833,2.5));
#805 = CARTESIAN_POINT('',(-1.141604627033,-2.146067509942,2.5));
#806 = CARTESIAN_POINT('',(-1.228556851052,-2.081941307197,2.5));
#807 = CARTESIAN_POINT('',(-1.313329822253,-2.015601360865,2.5));
#808 = CARTESIAN_POINT('',(-1.395690458673,-1.947083173083,2.5));
#809 = CARTESIAN_POINT('',(-1.554181267412,-1.806636003728,2.5));
#810 = CARTESIAN_POINT('',(-1.630351589634,-1.734771963686,2.5));
#811 = CARTESIAN_POINT('',(-1.703664371633,-1.660933286843,2.5));
#812 = CARTESIAN_POINT('',(-1.773827322056,-1.585258435257,2.5));
#813 = CARTESIAN_POINT('',(-1.840505256828,-1.507973396883,2.5));
#814 = CARTESIAN_POINT('',(-1.903346080872,-1.429419670127,2.5));
#815 = CARTESIAN_POINT('',(-1.962019249921,-1.350075251109,2.5));
#816 = CARTESIAN_POINT('',(-2.025690389851,-1.256737806834,2.5));
#817 = CARTESIAN_POINT('',(-2.034969540732,-1.242934134091,2.5));
#818 = CARTESIAN_POINT('',(-2.04412713644,-1.229110243869,2.5));
#819 = CARTESIAN_POINT('',(-2.053221080395,-1.21517626928,2.5));
#820 = CARTESIAN_POINT('',(-2.062134701071,-1.201308132975,2.5));
#821 = CARTESIAN_POINT('',(-2.070975850205,-1.187344194991,2.5));
#822 = CARTESIAN_POINT('',(-2.07968325935,-1.17337577167,2.5));
#823 = CARTESIAN_POINT('',(-2.11240296322,-1.120061351565,2.5));
#824 = CARTESIAN_POINT('',(-2.135598601073,-1.080530357141,2.5));
#825 = CARTESIAN_POINT('',(-2.157842216784,-1.040814217259,2.5));
#826 = CARTESIAN_POINT('',(-2.179116778843,-1.000946204028,2.5));
#827 = CARTESIAN_POINT('',(-2.199408650543,-0.960960350964,2.5));
#828 = CARTESIAN_POINT('',(-2.218707781186,-0.920890875973,2.5));
#829 = CARTESIAN_POINT('',(-2.237007897274,-0.880771604331,2.5));
#830 = CARTESIAN_POINT('',(-2.300351068583,-0.733804443754,2.5));
#831 = CARTESIAN_POINT('',(-2.33930020311,-0.626856304136,2.5));
#832 = CARTESIAN_POINT('',(-2.37109646747,-0.520434492802,2.5));
#833 = CARTESIAN_POINT('',(-2.395945011553,-0.414996819839,2.5));
#834 = CARTESIAN_POINT('',(-2.414225147176,-0.31067960815,2.5));
#835 = CARTESIAN_POINT('',(-2.426304628279,-0.207291673734,2.5));
#836 = CARTESIAN_POINT('',(-2.432379209467,-0.104414037598,2.5));
#837 = CARTESIAN_POINT('',(-2.432497871723,4.687912814335E-02,2.5));
#838 = CARTESIAN_POINT('',(-2.431204483788,9.533681249133E-02,2.5));
#839 = CARTESIAN_POINT('',(-2.428580749927,0.143843832761,2.5));
#840 = CARTESIAN_POINT('',(-2.424616649808,0.192448957376,2.5));
#841 = CARTESIAN_POINT('',(-2.419293290195,0.241194760719,2.5));
#842 = CARTESIAN_POINT('',(-2.412585102917,0.290114783773,2.5));
#843 = CARTESIAN_POINT('',(-2.404462042818,0.33923069477,2.5));
#844 = CARTESIAN_POINT('',(-2.384192569457,0.443686111415,2.5));
#845 = CARTESIAN_POINT('',(-2.371684495086,0.499078074396,2.5));
#846 = CARTESIAN_POINT('',(-2.357324794408,0.554728200114,2.5));
#847 = CARTESIAN_POINT('',(-2.341069618317,0.610618679661,2.5));
#848 = CARTESIAN_POINT('',(-2.322880471903,0.666709829975,2.5));
#849 = CARTESIAN_POINT('',(-2.302729796302,0.722940888231,2.5));
#850 = CARTESIAN_POINT('',(-2.280605697317,0.779232804533,2.5));
#851 = CARTESIAN_POINT('',(-2.234311177854,0.887350429559,2.5));
#852 = CARTESIAN_POINT('',(-2.210434556662,0.939185521808,2.5));
#853 = CARTESIAN_POINT('',(-2.184890379043,0.990926562586,2.5));
#854 = CARTESIAN_POINT('',(-2.157694293828,1.042499813479,2.5));
#855 = CARTESIAN_POINT('',(-2.128872228629,1.0938313941,2.5));
#856 = CARTESIAN_POINT('',(-2.098459441634,1.14484913145,2.5));
#857 = CARTESIAN_POINT('',(-2.06649957339,1.195484409293,2.5));
#858 = CARTESIAN_POINT('',(-2.028376850287,1.252675098481,2.5));
#859 = CARTESIAN_POINT('',(-2.02366488194,1.259691960319,2.5));
#860 = CARTESIAN_POINT('',(-2.01889237804,1.266746241655,2.5));
#861 = CARTESIAN_POINT('',(-2.014048477332,1.273852709015,2.5));
#862 = CARTESIAN_POINT('',(-2.009126872815,1.281019256829,2.5));
#863 = CARTESIAN_POINT('',(-2.004125811751,1.288246907426,2.5));
#864 = CARTESIAN_POINT('',(-1.999048095654,1.295529811036,2.5));
#865 = CARTESIAN_POINT('',(-1.941928423,1.376824776498,2.5));
#866 = CARTESIAN_POINT('',(-1.886192496875,1.45047602296,2.5));
#867 = CARTESIAN_POINT('',(-1.826913411775,1.523345821219,2.5));
#868 = CARTESIAN_POINT('',(-1.764359821686,1.595069852934,2.5));
#869 = CARTESIAN_POINT('',(-1.698812445495,1.665383655503,2.5));
#870 = CARTESIAN_POINT('',(-1.630538219624,1.734107683358,2.5));
#871 = CARTESIAN_POINT('',(-1.559772580227,1.801128550422,2.5));
#872 = CARTESIAN_POINT('',(-1.407602421006,1.937043166775,2.5));
#873 = CARTESIAN_POINT('',(-1.325821269134,2.005616418432,2.5));
#874 = CARTESIAN_POINT('',(-1.241616840144,2.072030497763,2.5));
#875 = CARTESIAN_POINT('',(-1.15522273035,2.136246941571,2.5));
#876 = CARTESIAN_POINT('',(-1.066849385695,2.198255777553,2.5));
#877 = CARTESIAN_POINT('',(-0.976681292723,2.258067252209,2.5));
#878 = CARTESIAN_POINT('',(-0.884875184115,2.31570617348,2.5));
#879 = CARTESIAN_POINT('',(-0.697712137713,2.427027508736,2.5));
#880 = CARTESIAN_POINT('',(-0.602349813176,2.480678406556,2.5));
#881 = CARTESIAN_POINT('',(-0.505610315807,2.532195042749,2.5));
#882 = CARTESIAN_POINT('',(-0.407618083769,2.581613671847,2.5));
#883 = CARTESIAN_POINT('',(-0.308484558446,2.628972249664,2.5));
#884 = CARTESIAN_POINT('',(-0.208308581975,2.674309549505,2.5));
#885 = CARTESIAN_POINT('',(-0.107176596605,2.717664466638,2.5));
#886 = CARTESIAN_POINT('',(8.623742839677E-02,2.796178010318,2.5));
#887 = CARTESIAN_POINT('',(0.178342166009,2.831718754282,2.5));
#888 = CARTESIAN_POINT('',(0.271096414808,2.865724823425,2.5));
#889 = CARTESIAN_POINT('',(0.364449307658,2.898221816558,2.5));
#890 = CARTESIAN_POINT('',(0.458354128323,2.929233905097,2.5));
#891 = CARTESIAN_POINT('',(0.552768177345,2.958783887345,2.5));
#892 = CARTESIAN_POINT('',(0.647652637924,2.986893242782,2.5));
#893 = CARTESIAN_POINT('',(1.022029619502,3.091716435108,2.5));
#894 = CARTESIAN_POINT('',(1.304751851776,3.157658108908,2.5));
#895 = CARTESIAN_POINT('',(1.590327953896,3.211942535355,2.5));
#896 = CARTESIAN_POINT('',(1.878052232367,3.254940953096,2.5));
#897 = CARTESIAN_POINT('',(2.167301668184,3.286921701529,2.5));
#898 = CARTESIAN_POINT('',(2.457528111806,3.308069350256,2.5));
#899 = CARTESIAN_POINT('',(2.748257283244,3.318477262211,2.5));
#900 = CARTESIAN_POINT('',(3.358337313859,3.317746880304,2.5));
#901 = CARTESIAN_POINT('',(3.677528943045,3.304403919759,2.5));
#902 = CARTESIAN_POINT('',(3.99615603804,3.278101525481,2.5));
#903 = CARTESIAN_POINT('',(4.313602156562,3.238678769574,2.5));
#904 = CARTESIAN_POINT('',(4.629134635531,3.185834882938,2.5));
#905 = CARTESIAN_POINT('',(4.941904539376,3.119145476038,2.5));
#906 = CARTESIAN_POINT('',(5.250936538075,3.038021218029,2.5));
#907 = CARTESIAN_POINT('',(5.65420124041,2.910125613903,2.5));
#908 = CARTESIAN_POINT('',(5.752779472667,2.877068695095,2.5));
#909 = CARTESIAN_POINT('',(5.850784963367,2.842357374923,2.5));
#910 = CARTESIAN_POINT('',(5.948169127184,2.805960273265,2.5));
#911 = CARTESIAN_POINT('',(6.044878062545,2.767843792972,2.5));
#912 = CARTESIAN_POINT('',(6.140852389715,2.727971793124,2.5));
#913 = CARTESIAN_POINT('',(6.236027088882,2.686305262281,2.5));
#914 = CARTESIAN_POINT('',(6.442608256773,2.59100779163,2.5));
#915 = CARTESIAN_POINT('',(6.55364393666,2.536613605997,2.5));
#916 = CARTESIAN_POINT('',(6.663323795425,2.479545611933,2.5));
#917 = CARTESIAN_POINT('',(6.77151142926,2.419728021271,2.5));
#918 = CARTESIAN_POINT('',(6.878048044622,2.357082453345,2.5));
#919 = CARTESIAN_POINT('',(6.982751889823,2.291527307744,2.5));
#920 = CARTESIAN_POINT('',(7.085417686623,2.222977137073,2.5));
#921 = CARTESIAN_POINT('',(7.301216930682,2.069002492124,2.5));
#922 = CARTESIAN_POINT('',(7.413593162787,1.982607483905,2.5));
#923 = CARTESIAN_POINT('',(7.522617292341,1.892009043401,2.5));
#924 = CARTESIAN_POINT('',(7.627870740527,1.797078789764,2.5));
#925 = CARTESIAN_POINT('',(7.72884991511,1.697714834242,2.5));
#926 = CARTESIAN_POINT('',(7.824973782704,1.593849963052,2.5));
#927 = CARTESIAN_POINT('',(7.915592913722,1.485461081875,2.5));
#928 = CARTESIAN_POINT('',(8.,1.372579921924,2.5));
#929 = PCURVE('',#206,#930);
#930 = DEFINITIONAL_REPRESENTATION('',(#931),#1109);
#931 = B_SPLINE_CURVE_WITH_KNOTS('',8,(#932,#933,#934,#935,#936,#937,
    #938,#939,#940,#941,#942,#943,#944,#945,#946,#947,#948,#949,#950,
    #951,#952,#953,#954,#955,#956,#957,#958,#959,#960,#961,#962,#963,
    #964,#965,#966,#967,#968,#969,#970,#971,#972,#973,#974,#975,#976,
    #977,#978,#979,#980,#981,#982,#983,#984,#985,#986,#987,#988,#989,
    #990,#991,#992,#993,#994,#995,#996,#997,#998,#999,#1000,#1001,#1002,
    #1003,#1004,#1005,#1006,#1007,#1008,#1009,#1010,#1011,#1012,#1013,
    #1014,#1015,#1016,#1017,#1018,#1019,#1020,#1021,#1022,#1023,#1024,
    #1025,#1026,#1027,#1028,#1029,#1030,#1031,#1032,#1033,#1034,#1035,
    #1036,#1037,#1038,#1039,#1040,#1041,#1042,#1043,#1044,#1045,#1046,
    #1047,#1048,#1049,#1050,#1051,#1052,#1053,#1054,#1055,#1056,#1057,
    #1058,#1059,#1060,#1061,#1062,#1063,#1064,#1065,#1066,#1067,#1068,
    #1069,#1070,#1071,#1072,#1073,#1074,#1075,#1076,#1077,#1078,#1079,
    #1080,#1081,#1082,#1083,#1084,#1085,#1086,#1087,#1088,#1089,#1090,
    #1091,#1092,#1093,#1094,#1095,#1096,#1097,#1098,#1099,#1100,#1101,
    #1102,#1103,#1104,#1105,#1106,#1107,#1108),.UNSPECIFIED.,.F.,.F.,(9,
    7,7,7,7,7,7,7,7,7,7,7,7,7,7,7,7,7,7,7,7,7,7,7,7,9),(0.,
    4.529089045379E-02,8.424802926016E-02,0.117083820262,0.217689056553,
    0.307668868991,0.338892146337,0.373675904381,0.408459931761,
    0.442851031312,0.448822868701,0.465592000394,0.510226561453,
    0.531260843327,0.554776442611,0.576451750276,0.579475296171,
    0.610005944292,0.643060328513,0.676302872974,0.706086750677,
    0.793281693549,0.888997937051,0.920186424331,0.957318868198,1.),
  .UNSPECIFIED.);
#932 = CARTESIAN_POINT('',(5.951755995452,-0.356069243448));
#933 = CARTESIAN_POINT('',(5.924577673419,-0.361682997738));
#934 = CARTESIAN_POINT('',(5.898356730344,-0.367719266398));
#935 = CARTESIAN_POINT('',(5.873034726922,-0.374131598339));
#936 = CARTESIAN_POINT('',(5.84855407811,-0.38087774377));
#937 = CARTESIAN_POINT('',(5.824858034371,-0.387920323143));
#938 = CARTESIAN_POINT('',(5.80189030092,-0.395227424012));
#939 = CARTESIAN_POINT('',(5.779594294974,-0.402773125814));
#940 = CARTESIAN_POINT('',(5.739261964357,-0.41721689903));
#941 = CARTESIAN_POINT('',(5.721070054647,-0.424056481669));
#942 = CARTESIAN_POINT('',(5.703301736012,-0.431043358453));
#943 = CARTESIAN_POINT('',(5.685925930873,-0.43816583075));
#944 = CARTESIAN_POINT('',(5.668914342535,-0.445413811497));
#945 = CARTESIAN_POINT('',(5.652240737781,-0.452778793396));
#946 = CARTESIAN_POINT('',(5.635880229476,-0.460253817102));
#947 = CARTESIAN_POINT('',(5.606262235607,-0.474222073216));
#948 = CARTESIAN_POINT('',(5.59292188942,-0.480684666893));
#949 = CARTESIAN_POINT('',(5.579773522787,-0.487217767213));
#950 = CARTESIAN_POINT('',(5.566804215089,-0.493818344266));
#951 = CARTESIAN_POINT('',(5.554001935075,-0.500483785063));
#952 = CARTESIAN_POINT('',(5.541355353034,-0.507211887137));
#953 = CARTESIAN_POINT('',(5.528853652961,-0.514000852141));
#954 = CARTESIAN_POINT('',(5.478594278511,-0.541832104204));
#955 = CARTESIAN_POINT('',(5.441977591661,-0.56336551427));
#956 = CARTESIAN_POINT('',(5.406319074004,-0.585417175338));
#957 = CARTESIAN_POINT('',(5.371376084139,-0.607970000848));
#958 = CARTESIAN_POINT('',(5.336932479357,-0.631020728374));
#959 = CARTESIAN_POINT('',(5.302779381847,-0.654580177895));
#960 = CARTESIAN_POINT('',(5.268701666314,-0.678675907823));
#961 = CARTESIAN_POINT('',(5.203810243368,-0.725433263436));
#962 = CARTESIAN_POINT('',(5.173047204802,-0.747966683251));
#963 = CARTESIAN_POINT('',(5.141979423969,-0.770991621548));
#964 = CARTESIAN_POINT('',(5.110423434411,-0.794544772503));
#965 = CARTESIAN_POINT('',(5.078167855926,-0.818667846942));
#966 = CARTESIAN_POINT('',(5.044962918945,-0.843409420407));
#967 = CARTESIAN_POINT('',(5.010487512246,-0.868828132255));
#968 = CARTESIAN_POINT('',(4.961687311363,-0.904079617142));
#969 = CARTESIAN_POINT('',(4.948905720014,-0.913250595407));
#970 = CARTESIAN_POINT('',(4.935894040872,-0.922514197692));
#971 = CARTESIAN_POINT('',(4.922630532936,-0.93187324399));
#972 = CARTESIAN_POINT('',(4.909090936782,-0.941330541126));
#973 = CARTESIAN_POINT('',(4.895247720782,-0.950888873824));
#974 = CARTESIAN_POINT('',(4.881069327334,-0.960550995767));
#975 = CARTESIAN_POINT('',(4.850310342687,-0.98120219013));
#976 = CARTESIAN_POINT('',(4.833640721151,-0.992216502918));
#977 = CARTESIAN_POINT('',(4.816459832332,-1.00336655926));
#978 = CARTESIAN_POINT('',(4.798709450669,-1.014655683861));
#979 = CARTESIAN_POINT('',(4.780322506973,-1.026086476732));
#980 = CARTESIAN_POINT('',(4.761220167788,-1.037660612024));
#981 = CARTESIAN_POINT('',(4.741307334338,-1.049378484832));
#982 = CARTESIAN_POINT('',(4.699625626412,-1.073099019013));
#983 = CARTESIAN_POINT('',(4.677859246535,-1.085100199799));
#984 = CARTESIAN_POINT('',(4.655048841249,-1.097241707694));
#985 = CARTESIAN_POINT('',(4.631055583473,-1.109519222065));
#986 = CARTESIAN_POINT('',(4.605715458208,-1.12192407964));
#987 = CARTESIAN_POINT('',(4.578830532283,-1.134442001894));
#988 = CARTESIAN_POINT('',(4.55015643486,-1.147051112479));
#989 = CARTESIAN_POINT('',(4.488963251451,-1.17224427502));
#990 = CARTESIAN_POINT('',(4.456498754588,-1.18482382721));
#991 = CARTESIAN_POINT('',(4.421694478078,-1.19742834078));
#992 = CARTESIAN_POINT('',(4.384204485682,-1.210011505836));
#993 = CARTESIAN_POINT('',(4.343634506087,-1.222508894141));
#994 = CARTESIAN_POINT('',(4.299527970661,-1.234833347545));
#995 = CARTESIAN_POINT('',(4.251386565925,-1.246874298993));
#996 = CARTESIAN_POINT('',(4.189637275811,-1.260528368625));
#997 = CARTESIAN_POINT('',(4.180348942597,-1.262534581237));
#998 = CARTESIAN_POINT('',(4.170950122906,-1.264530578381));
#999 = CARTESIAN_POINT('',(4.161679432784,-1.266528910843));
#1000 = CARTESIAN_POINT('',(4.152108391624,-1.268503873216));
#1001 = CARTESIAN_POINT('',(4.14263190203,-1.270478584839));
#1002 = CARTESIAN_POINT('',(4.133025825955,-1.272439469162));
#1003 = CARTESIAN_POINT('',(4.096228202695,-1.27986798318));
#1004 = CARTESIAN_POINT('',(4.068560699896,-1.285260599277));
#1005 = CARTESIAN_POINT('',(4.040347791102,-1.290556347218));
#1006 = CARTESIAN_POINT('',(4.011579006787,-1.295742767608));
#1007 = CARTESIAN_POINT('',(3.982246749954,-1.300806817525));
#1008 = CARTESIAN_POINT('',(3.952347262912,-1.30573502912));
#1009 = CARTESIAN_POINT('',(3.92188159406,-1.310513668223));
#1010 = CARTESIAN_POINT('',(3.808276941924,-1.327413281528));
#1011 = CARTESIAN_POINT('',(3.72173538671,-1.338539687334));
#1012 = CARTESIAN_POINT('',(3.631389722827,-1.348245242937));
#1013 = CARTESIAN_POINT('',(3.537562439691,-1.35628309204));
#1014 = CARTESIAN_POINT('',(3.440877686723,-1.362449296826));
#1015 = CARTESIAN_POINT('',(3.342234981726,-1.366607744618));
#1016 = CARTESIAN_POINT('',(3.242666324688,-1.368700104305));
#1017 = CARTESIAN_POINT('',(3.096213262863,-1.368740973899));
#1018 = CARTESIAN_POINT('',(3.04930196196,-1.368295618279));
#1019 = CARTESIAN_POINT('',(3.002487446549,-1.367391692191));
#1020 = CARTESIAN_POINT('',(2.955869933119,-1.366032189317));
#1021 = CARTESIAN_POINT('',(2.909548667634,-1.364223246525));
#1022 = CARTESIAN_POINT('',(2.863618679319,-1.361974169394));
#1023 = CARTESIAN_POINT('',(2.818167534436,-1.359297457744));
#1024 = CARTESIAN_POINT('',(2.723080536788,-1.352755853507));
#1025 = CARTESIAN_POINT('',(2.67358224877,-1.348787908483));
#1026 = CARTESIAN_POINT('',(2.624892685934,-1.344327184769));
#1027 = CARTESIAN_POINT('',(2.577110390835,-1.339401023149));
#1028 = CARTESIAN_POINT('',(2.530313402718,-1.334041087896));
#1029 = CARTESIAN_POINT('',(2.484558380894,-1.328282405428));
#1030 = CARTESIAN_POINT('',(2.439882437423,-1.322162270242));
#1031 = CARTESIAN_POINT('',(2.356143008778,-1.309780004166));
#1032 = CARTESIAN_POINT('',(2.316910470485,-1.303565885443));
#1033 = CARTESIAN_POINT('',(2.278626292489,-1.297106727512));
#1034 = CARTESIAN_POINT('',(2.241290201833,-1.290432136453));
#1035 = CARTESIAN_POINT('',(2.20488884534,-1.283570771423));
#1036 = CARTESIAN_POINT('',(2.169399210615,-1.276549857225));
#1037 = CARTESIAN_POINT('',(2.134792047046,-1.269394696874));
#1038 = CARTESIAN_POINT('',(2.096326467188,-1.261114559116));
#1039 = CARTESIAN_POINT('',(2.09161559213,-1.260095256774));
#1040 = CARTESIAN_POINT('',(2.086903259129,-1.259067082064));
#1041 = CARTESIAN_POINT('',(2.082190148153,-1.258027833916));
#1042 = CARTESIAN_POINT('',(2.077477021644,-1.256976305252));
#1043 = CARTESIAN_POINT('',(2.072764724508,-1.255912282993));
#1044 = CARTESIAN_POINT('',(2.068054184124,-1.254836548055));
#1045 = CARTESIAN_POINT('',(2.015809051942,-1.242788153963));
#1046 = CARTESIAN_POINT('',(1.972034502837,-1.231505076284));
#1047 = CARTESIAN_POINT('',(1.931658094343,-1.219998522722));
#1048 = CARTESIAN_POINT('',(1.894284415889,-1.208353965194));
#1049 = CARTESIAN_POINT('',(1.859550513324,-1.196639512132));
#1050 = CARTESIAN_POINT('',(1.827138974255,-1.184906546521));
#1051 = CARTESIAN_POINT('',(1.796769588554,-1.173192728572));
#1052 = CARTESIAN_POINT('',(1.737265182622,-1.148888904244));
#1053 = CARTESIAN_POINT('',(1.708447162515,-1.136309617642));
#1054 = CARTESIAN_POINT('',(1.681434998107,-1.12381823499));
#1055 = CARTESIAN_POINT('',(1.655982274751,-1.111437276474));
#1056 = CARTESIAN_POINT('',(1.631889220571,-1.09918153204));
#1057 = CARTESIAN_POINT('',(1.608990252098,-1.087060062624));
#1058 = CARTESIAN_POINT('',(1.587145221828,-1.075077492844));
#1059 = CARTESIAN_POINT('',(1.545204479709,-1.051324282469));
#1060 = CARTESIAN_POINT('',(1.525122024756,-1.039556757615));
#1061 = CARTESIAN_POINT('',(1.505866362221,-1.027933671546));
#1062 = CARTESIAN_POINT('',(1.487339944396,-1.016454797856));
#1063 = CARTESIAN_POINT('',(1.469462007868,-1.005118565158));
#1064 = CARTESIAN_POINT('',(1.452163908321,-0.993922429357));
#1065 = CARTESIAN_POINT('',(1.43538609873,-0.982863085871));
#1066 = CARTESIAN_POINT('',(1.404464282896,-0.962146794352));
#1067 = CARTESIAN_POINT('',(1.39022830722,-0.952464013663));
#1068 = CARTESIAN_POINT('',(1.376331907318,-0.942885479094));
#1069 = CARTESIAN_POINT('',(1.362743043841,-0.933408442599));
#1070 = CARTESIAN_POINT('',(1.349433784111,-0.924030118761));
#1071 = CARTESIAN_POINT('',(1.336379531526,-0.914747694858));
#1072 = CARTESIAN_POINT('',(1.323558254961,-0.90555834093));
#1073 = CARTESIAN_POINT('',(1.274037108749,-0.869820736056));
#1074 = CARTESIAN_POINT('',(1.238956890521,-0.843961918634));
#1075 = CARTESIAN_POINT('',(1.205196020647,-0.81880404059));
#1076 = CARTESIAN_POINT('',(1.172416881925,-0.79428541763));
#1077 = CARTESIAN_POINT('',(1.140357813028,-0.77035511923));
#1078 = CARTESIAN_POINT('',(1.108797570809,-0.746969505702));
#1079 = CARTESIAN_POINT('',(1.077544562463,-0.724090251239));
#1080 = CARTESIAN_POINT('',(1.012236285279,-0.677084933399));
#1081 = CARTESIAN_POINT('',(0.97822509889,-0.653069380926));
#1082 = CARTESIAN_POINT('',(0.944128283586,-0.629586575719));
#1083 = CARTESIAN_POINT('',(0.909732198109,-0.60660959323));
#1084 = CARTESIAN_POINT('',(0.874828982569,-0.584128191185));
#1085 = CARTESIAN_POINT('',(0.839203230956,-0.562146193588));
#1086 = CARTESIAN_POINT('',(0.802612783652,-0.540681256251));
#1087 = CARTESIAN_POINT('',(0.7524002959,-0.51295135461));
#1088 = CARTESIAN_POINT('',(0.739925309268,-0.506195575045));
#1089 = CARTESIAN_POINT('',(0.727305278974,-0.499500414803));
#1090 = CARTESIAN_POINT('',(0.714529451089,-0.492867684749));
#1091 = CARTESIAN_POINT('',(0.701586560342,-0.486299597959));
#1092 = CARTESIAN_POINT('',(0.688464644074,-0.47979877615));
#1093 = CARTESIAN_POINT('',(0.675150856195,-0.473368256118));
#1094 = CARTESIAN_POINT('',(0.645535121767,-0.45944325377));
#1095 = CARTESIAN_POINT('',(0.62914836981,-0.451980061823));
#1096 = CARTESIAN_POINT('',(0.612446647354,-0.444627428278));
#1097 = CARTESIAN_POINT('',(0.595404950013,-0.437392391922));
#1098 = CARTESIAN_POINT('',(0.577996926559,-0.430283553981));
#1099 = CARTESIAN_POINT('',(0.560194158559,-0.42331110972));
#1100 = CARTESIAN_POINT('',(0.541965440007,-0.416486880037));
#1101 = CARTESIAN_POINT('',(0.501793926009,-0.402166225561));
#1102 = CARTESIAN_POINT('',(0.479708458731,-0.394723656875));
#1103 = CARTESIAN_POINT('',(0.456963536684,-0.387515721336));
#1104 = CARTESIAN_POINT('',(0.433504394976,-0.380567674384));
#1105 = CARTESIAN_POINT('',(0.409276578779,-0.373910510123));
#1106 = CARTESIAN_POINT('',(0.384225258379,-0.367580457105));
#1107 = CARTESIAN_POINT('',(0.358294902761,-0.361618402324));
#1108 = CARTESIAN_POINT('',(0.331429311728,-0.356069243448));
#1109 = ( GEOMETRIC_REPRESENTATION_CONTEXT(2) 
PARAMETRIC_REPRESENTATION_CONTEXT() REPRESENTATION_CONTEXT('2D SPACE',''
  ) );
#1110 = PCURVE('',#1111,#1116);
#1111 = PLANE('',#1112);
#1112 = AXIS2_PLACEMENT_3D('',#1113,#1114,#1115);
#1113 = CARTESIAN_POINT('',(-5.127900497023E-16,6.990076196319E-16,2.5)
  );
#1114 = DIRECTION('',(0.,0.,1.));
#1115 = DIRECTION('',(1.,0.,-0.));
#1116 = DEFINITIONAL_REPRESENTATION('',(#1117),#1295);
#1117 = B_SPLINE_CURVE_WITH_KNOTS('',8,(#1118,#1119,#1120,#1121,#1122,
    #1123,#1124,#1125,#1126,#1127,#1128,#1129,#1130,#1131,#1132,#1133,
    #1134,#1135,#1136,#1137,#1138,#1139,#1140,#1141,#1142,#1143,#1144,
    #1145,#1146,#1147,#1148,#1149,#1150,#1151,#1152,#1153,#1154,#1155,
    #1156,#1157,#1158,#1159,#1160,#1161,#1162,#1163,#1164,#1165,#1166,
    #1167,#1168,#1169,#1170,#1171,#1172,#1173,#1174,#1175,#1176,#1177,
    #1178,#1179,#1180,#1181,#1182,#1183,#1184,#1185,#1186,#1187,#1188,
    #1189,#1190,#1191,#1192,#1193,#1194,#1195,#1196,#1197,#1198,#1199,
    #1200,#1201,#1202,#1203,#1204,#1205,#1206,#1207,#1208,#1209,#1210,
    #1211,#1212,#1213,#1214,#1215,#1216,#1217,#1218,#1219,#1220,#1221,
    #1222,#1223,#1224,#1225,#1226,#1227,#1228,#1229,#1230,#1231,#1232,
    #1233,#1234,#1235,#1236,#1237,#1238,#1239,#1240,#1241,#1242,#1243,
    #1244,#1245,#1246,#1247,#1248,#1249,#1250,#1251,#1252,#1253,#1254,
    #1255,#1256,#1257,#1258,#1259,#1260,#1261,#1262,#1263,#1264,#1265,
    #1266,#1267,#1268,#1269,#1270,#1271,#1272,#1273,#1274,#1275,#1276,
    #1277,#1278,#1279,#1280,#1281,#1282,#1283,#1284,#1285,#1286,#1287,
    #1288,#1289,#1290,#1291,#1292,#1293,#1294),.UNSPECIFIED.,.F.,.F.,(9,
    7,7,7,7,7,7,7,7,7,7,7,7,7,7,7,7,7,7,7,7,7,7,7,7,9),(0.,
    4.529089045379E-02,8.424802926016E-02,0.117083820262,0.217689056553,
    0.307668868991,0.338892146337,0.373675904381,0.408459931761,
    0.442851031312,0.448822868701,0.465592000394,0.510226561453,
    0.531260843327,0.554776442611,0.576451750276,0.579475296171,
    0.610005944292,0.643060328513,0.676302872974,0.706086750677,
    0.793281693549,0.888997937051,0.920186424331,0.957318868198,1.),
  .UNSPECIFIED.);
#1118 = CARTESIAN_POINT('',(8.,-1.372579921924));
#1119 = CARTESIAN_POINT('',(7.914610366479,-1.486775083784));
#1120 = CARTESIAN_POINT('',(7.822863986983,-1.596371748727));
#1121 = CARTESIAN_POINT('',(7.725492654532,-1.701338152949));
#1122 = CARTESIAN_POINT('',(7.623167539281,-1.801699291576));
#1123 = CARTESIAN_POINT('',(7.516488304007,-1.897525790166));
#1124 = CARTESIAN_POINT('',(7.405973724806,-1.988924065983));
#1125 = CARTESIAN_POINT('',(7.292053817003,-2.076027779062));
#1126 = CARTESIAN_POINT('',(7.074433752729,-2.230351348909));
#1127 = CARTESIAN_POINT('',(6.971554710298,-2.298632783792));
#1128 = CARTESIAN_POINT('',(6.866653741206,-2.363924879364));
#1129 = CARTESIAN_POINT('',(6.759934363015,-2.42631304741));
#1130 = CARTESIAN_POINT('',(6.651576781492,-2.485878751582));
#1131 = CARTESIAN_POINT('',(6.54173846348,-2.542700149139));
#1132 = CARTESIAN_POINT('',(6.430554709776,-2.596852732678));
#1133 = CARTESIAN_POINT('',(6.223387627187,-2.691866005418));
#1134 = CARTESIAN_POINT('',(6.127766177139,-2.733475732004));
#1135 = CARTESIAN_POINT('',(6.031345880655,-2.77328161757));
#1136 = CARTESIAN_POINT('',(5.934191921502,-2.811322887398));
#1137 = CARTESIAN_POINT('',(5.836363827412,-2.84763585706));
#1138 = CARTESIAN_POINT('',(5.737915633092,-2.882254263365));
#1139 = CARTESIAN_POINT('',(5.638896043217,-2.915209595302));
#1140 = CARTESIAN_POINT('',(5.234346212346,-3.042498051052));
#1141 = CARTESIAN_POINT('',(4.924499262138,-3.123095448751));
#1142 = CARTESIAN_POINT('',(4.610941472336,-3.189225936972));
#1143 = CARTESIAN_POINT('',(4.29464671811,-3.241476220331));
#1144 = CARTESIAN_POINT('',(3.976463851261,-3.280267421294));
#1145 = CARTESIAN_POINT('',(3.657126730588,-3.305896398042));
#1146 = CARTESIAN_POINT('',(3.337254320628,-3.318519364346));
#1147 = CARTESIAN_POINT('',(2.73124322681,-3.317779537719));
#1148 = CARTESIAN_POINT('',(2.445250945482,-3.307020458988));
#1149 = CARTESIAN_POINT('',(2.159764974086,-3.28586244865));
#1150 = CARTESIAN_POINT('',(1.875238549979,-3.254214179327));
#1151 = CARTESIAN_POINT('',(1.59219420918,-3.211898847266));
#1152 = CARTESIAN_POINT('',(1.311224819432,-3.158660654937));
#1153 = CARTESIAN_POINT('',(1.033000786734,-3.094147188258));
#1154 = CARTESIAN_POINT('',(0.66296547723,-2.991379766311));
#1155 = CARTESIAN_POINT('',(0.568070719059,-2.963489341393));
#1156 = CARTESIAN_POINT('',(0.473641193791,-2.934162511275));
#1157 = CARTESIAN_POINT('',(0.379715329957,-2.903377986831));
#1158 = CARTESIAN_POINT('',(0.286335377678,-2.871113155636));
#1159 = CARTESIAN_POINT('',(0.193547540631,-2.837344025274));
#1160 = CARTESIAN_POINT('',(0.101402108022,-2.802045166646));
#1161 = CARTESIAN_POINT('',(-9.192307453928E-02,-2.724131407508));
#1162 = CARTESIAN_POINT('',(-0.192930794964,-2.681142849744));
#1163 = CARTESIAN_POINT('',(-0.292996760843,-2.636185940482));
#1164 = CARTESIAN_POINT('',(-0.392036076339,-2.589222177301));
#1165 = CARTESIAN_POINT('',(-0.48995175781,-2.540213083172));
#1166 = CARTESIAN_POINT('',(-0.586634532571,-2.489120860228));
#1167 = CARTESIAN_POINT('',(-0.681962442277,-2.435909213019));
#1168 = CARTESIAN_POINT('',(-0.869638786157,-2.325179040743));
#1169 = CARTESIAN_POINT('',(-0.961975598277,-2.267667400634));
#1170 = CARTESIAN_POINT('',(-1.052682933794,-2.207972234833));
#1171 = CARTESIAN_POINT('',(-1.141604627033,-2.146067509942));
#1172 = CARTESIAN_POINT('',(-1.228556851052,-2.081941307197));
#1173 = CARTESIAN_POINT('',(-1.313329822253,-2.015601360865));
#1174 = CARTESIAN_POINT('',(-1.395690458673,-1.947083173083));
#1175 = CARTESIAN_POINT('',(-1.554181267412,-1.806636003728));
#1176 = CARTESIAN_POINT('',(-1.630351589634,-1.734771963686));
#1177 = CARTESIAN_POINT('',(-1.703664371633,-1.660933286843));
#1178 = CARTESIAN_POINT('',(-1.773827322056,-1.585258435257));
#1179 = CARTESIAN_POINT('',(-1.840505256828,-1.507973396883));
#1180 = CARTESIAN_POINT('',(-1.903346080872,-1.429419670127));
#1181 = CARTESIAN_POINT('',(-1.962019249921,-1.350075251109));
#1182 = CARTESIAN_POINT('',(-2.025690389851,-1.256737806834));
#1183 = CARTESIAN_POINT('',(-2.034969540732,-1.242934134091));
#1184 = CARTESIAN_POINT('',(-2.04412713644,-1.229110243869));
#1185 = CARTESIAN_POINT('',(-2.053221080395,-1.21517626928));
#1186 = CARTESIAN_POINT('',(-2.062134701071,-1.201308132975));
#1187 = CARTESIAN_POINT('',(-2.070975850205,-1.187344194991));
#1188 = CARTESIAN_POINT('',(-2.07968325935,-1.17337577167));
#1189 = CARTESIAN_POINT('',(-2.11240296322,-1.120061351565));
#1190 = CARTESIAN_POINT('',(-2.135598601073,-1.080530357141));
#1191 = CARTESIAN_POINT('',(-2.157842216784,-1.040814217259));
#1192 = CARTESIAN_POINT('',(-2.179116778843,-1.000946204028));
#1193 = CARTESIAN_POINT('',(-2.199408650543,-0.960960350964));
#1194 = CARTESIAN_POINT('',(-2.218707781186,-0.920890875973));
#1195 = CARTESIAN_POINT('',(-2.237007897274,-0.880771604331));
#1196 = CARTESIAN_POINT('',(-2.300351068583,-0.733804443754));
#1197 = CARTESIAN_POINT('',(-2.33930020311,-0.626856304136));
#1198 = CARTESIAN_POINT('',(-2.37109646747,-0.520434492802));
#1199 = CARTESIAN_POINT('',(-2.395945011553,-0.414996819839));
#1200 = CARTESIAN_POINT('',(-2.414225147176,-0.31067960815));
#1201 = CARTESIAN_POINT('',(-2.426304628279,-0.207291673734));
#1202 = CARTESIAN_POINT('',(-2.432379209467,-0.104414037598));
#1203 = CARTESIAN_POINT('',(-2.432497871723,4.687912814335E-02));
#1204 = CARTESIAN_POINT('',(-2.431204483788,9.533681249132E-02));
#1205 = CARTESIAN_POINT('',(-2.428580749927,0.143843832761));
#1206 = CARTESIAN_POINT('',(-2.424616649808,0.192448957376));
#1207 = CARTESIAN_POINT('',(-2.419293290195,0.241194760719));
#1208 = CARTESIAN_POINT('',(-2.412585102917,0.290114783773));
#1209 = CARTESIAN_POINT('',(-2.404462042818,0.33923069477));
#1210 = CARTESIAN_POINT('',(-2.384192569457,0.443686111415));
#1211 = CARTESIAN_POINT('',(-2.371684495086,0.499078074396));
#1212 = CARTESIAN_POINT('',(-2.357324794408,0.554728200114));
#1213 = CARTESIAN_POINT('',(-2.341069618317,0.610618679661));
#1214 = CARTESIAN_POINT('',(-2.322880471903,0.666709829975));
#1215 = CARTESIAN_POINT('',(-2.302729796302,0.722940888231));
#1216 = CARTESIAN_POINT('',(-2.280605697317,0.779232804533));
#1217 = CARTESIAN_POINT('',(-2.234311177854,0.887350429559));
#1218 = CARTESIAN_POINT('',(-2.210434556662,0.939185521808));
#1219 = CARTESIAN_POINT('',(-2.184890379043,0.990926562586));
#1220 = CARTESIAN_POINT('',(-2.157694293828,1.042499813479));
#1221 = CARTESIAN_POINT('',(-2.128872228629,1.0938313941));
#1222 = CARTESIAN_POINT('',(-2.098459441634,1.14484913145));
#1223 = CARTESIAN_POINT('',(-2.06649957339,1.195484409293));
#1224 = CARTESIAN_POINT('',(-2.028376850287,1.252675098481));
#1225 = CARTESIAN_POINT('',(-2.02366488194,1.259691960319));
#1226 = CARTESIAN_POINT('',(-2.01889237804,1.266746241655));
#1227 = CARTESIAN_POINT('',(-2.014048477332,1.273852709015));
#1228 = CARTESIAN_POINT('',(-2.009126872815,1.281019256829));
#1229 = CARTESIAN_POINT('',(-2.004125811751,1.288246907426));
#1230 = CARTESIAN_POINT('',(-1.999048095654,1.295529811036));
#1231 = CARTESIAN_POINT('',(-1.941928423,1.376824776498));
#1232 = CARTESIAN_POINT('',(-1.886192496875,1.45047602296));
#1233 = CARTESIAN_POINT('',(-1.826913411775,1.523345821219));
#1234 = CARTESIAN_POINT('',(-1.764359821686,1.595069852934));
#1235 = CARTESIAN_POINT('',(-1.698812445495,1.665383655503));
#1236 = CARTESIAN_POINT('',(-1.630538219624,1.734107683358));
#1237 = CARTESIAN_POINT('',(-1.559772580227,1.801128550422));
#1238 = CARTESIAN_POINT('',(-1.407602421006,1.937043166775));
#1239 = CARTESIAN_POINT('',(-1.325821269134,2.005616418432));
#1240 = CARTESIAN_POINT('',(-1.241616840144,2.072030497763));
#1241 = CARTESIAN_POINT('',(-1.15522273035,2.136246941571));
#1242 = CARTESIAN_POINT('',(-1.066849385695,2.198255777553));
#1243 = CARTESIAN_POINT('',(-0.976681292723,2.258067252209));
#1244 = CARTESIAN_POINT('',(-0.884875184115,2.31570617348));
#1245 = CARTESIAN_POINT('',(-0.697712137713,2.427027508736));
#1246 = CARTESIAN_POINT('',(-0.602349813176,2.480678406556));
#1247 = CARTESIAN_POINT('',(-0.505610315807,2.532195042749));
#1248 = CARTESIAN_POINT('',(-0.407618083769,2.581613671847));
#1249 = CARTESIAN_POINT('',(-0.308484558446,2.628972249664));
#1250 = CARTESIAN_POINT('',(-0.208308581975,2.674309549505));
#1251 = CARTESIAN_POINT('',(-0.107176596605,2.717664466638));
#1252 = CARTESIAN_POINT('',(8.623742839677E-02,2.796178010318));
#1253 = CARTESIAN_POINT('',(0.178342166009,2.831718754282));
#1254 = CARTESIAN_POINT('',(0.271096414808,2.865724823425));
#1255 = CARTESIAN_POINT('',(0.364449307658,2.898221816558));
#1256 = CARTESIAN_POINT('',(0.458354128323,2.929233905097));
#1257 = CARTESIAN_POINT('',(0.552768177345,2.958783887345));
#1258 = CARTESIAN_POINT('',(0.647652637924,2.986893242782));
#1259 = CARTESIAN_POINT('',(1.022029619502,3.091716435108));
#1260 = CARTESIAN_POINT('',(1.304751851776,3.157658108908));
#1261 = CARTESIAN_POINT('',(1.590327953896,3.211942535355));
#1262 = CARTESIAN_POINT('',(1.878052232367,3.254940953096));
#1263 = CARTESIAN_POINT('',(2.167301668184,3.286921701529));
#1264 = CARTESIAN_POINT('',(2.457528111806,3.308069350256));
#1265 = CARTESIAN_POINT('',(2.748257283244,3.318477262211));
#1266 = CARTESIAN_POINT('',(3.358337313859,3.317746880304));
#1267 = CARTESIAN_POINT('',(3.677528943045,3.304403919759));
#1268 = CARTESIAN_POINT('',(3.99615603804,3.278101525481));
#1269 = CARTESIAN_POINT('',(4.313602156562,3.238678769574));
#1270 = CARTESIAN_POINT('',(4.629134635531,3.185834882938));
#1271 = CARTESIAN_POINT('',(4.941904539376,3.119145476038));
#1272 = CARTESIAN_POINT('',(5.250936538075,3.038021218029));
#1273 = CARTESIAN_POINT('',(5.65420124041,2.910125613903));
#1274 = CARTESIAN_POINT('',(5.752779472667,2.877068695095));
#1275 = CARTESIAN_POINT('',(5.850784963367,2.842357374923));
#1276 = CARTESIAN_POINT('',(5.948169127184,2.805960273265));
#1277 = CARTESIAN_POINT('',(6.044878062545,2.767843792972));
#1278 = CARTESIAN_POINT('',(6.140852389715,2.727971793124));
#1279 = CARTESIAN_POINT('',(6.236027088882,2.686305262281));
#1280 = CARTESIAN_POINT('',(6.442608256773,2.59100779163));
#1281 = CARTESIAN_POINT('',(6.55364393666,2.536613605997));
#1282 = CARTESIAN_POINT('',(6.663323795425,2.479545611933));
#1283 = CARTESIAN_POINT('',(6.77151142926,2.419728021271));
#1284 = CARTESIAN_POINT('',(6.878048044622,2.357082453345));
#1285 = CARTESIAN_POINT('',(6.982751889823,2.291527307744));
#1286 = CARTESIAN_POINT('',(7.085417686623,2.222977137073));
#1287 = CARTESIAN_POINT('',(7.301216930682,2.069002492124));
#1288 = CARTESIAN_POINT('',(7.413593162787,1.982607483905));
#1289 = CARTESIAN_POINT('',(7.522617292341,1.892009043401));
#1290 = CARTESIAN_POINT('',(7.627870740527,1.797078789764));
#1291 = CARTESIAN_POINT('',(7.72884991511,1.697714834242));
#1292 = CARTESIAN_POINT('',(7.824973782704,1.593849963052));
#1293 = CARTESIAN_POINT('',(7.915592913722,1.485461081875));
#1294 = CARTESIAN_POINT('',(8.,1.372579921924));
#1295 = ( GEOMETRIC_REPRESENTATION_CONTEXT(2) 
PARAMETRIC_REPRESENTATION_CONTEXT() REPRESENTATION_CONTEXT('2D SPACE',''
  ) );
#1296 = ORIENTED_EDGE('',*,*,#1297,.F.);
#1297 = EDGE_CURVE('',#1298,#748,#1300,.T.);
#1298 = VERTEX_POINT('',#1299);
#1299 = CARTESIAN_POINT('',(3.202189090613,3.316453358847,2.5));
#1300 = SURFACE_CURVE('',#1301,(#1535,#1772),.PCURVE_S1.);
#1301 = B_SPLINE_CURVE_WITH_KNOTS('',8,(#1302,#1303,#1304,#1305,#1306,
    #1307,#1308,#1309,#1310,#1311,#1312,#1313,#1314,#1315,#1316,#1317,
    #1318,#1319,#1320,#1321,#1322,#1323,#1324,#1325,#1326,#1327,#1328,
    #1329,#1330,#1331,#1332,#1333,#1334,#1335,#1336,#1337,#1338,#1339,
    #1340,#1341,#1342,#1343,#1344,#1345,#1346,#1347,#1348,#1349,#1350,
    #1351,#1352,#1353,#1354,#1355,#1356,#1357,#1358,#1359,#1360,#1361,
    #1362,#1363,#1364,#1365,#1366,#1367,#1368,#1369,#1370,#1371,#1372,
    #1373,#1374,#1375,#1376,#1377,#1378,#1379,#1380,#1381,#1382,#1383,
    #1384,#1385,#1386,#1387,#1388,#1389,#1390,#1391,#1392,#1393,#1394,
    #1395,#1396,#1397,#1398,#1399,#1400,#1401,#1402,#1403,#1404,#1405,
    #1406,#1407,#1408,#1409,#1410,#1411,#1412,#1413,#1414,#1415,#1416,
    #1417,#1418,#1419,#1420,#1421,#1422,#1423,#1424,#1425,#1426,#1427,
    #1428,#1429,#1430,#1431,#1432,#1433,#1434,#1435,#1436,#1437,#1438,
    #1439,#1440,#1441,#1442,#1443,#1444,#1445,#1446,#1447,#1448,#1449,
    #1450,#1451,#1452,#1453,#1454,#1455,#1456,#1457,#1458,#1459,#1460,
    #1461,#1462,#1463,#1464,#1465,#1466,#1467,#1468,#1469,#1470,#1471,
    #1472,#1473,#1474,#1475,#1476,#1477,#1478,#1479,#1480,#1481,#1482,
    #1483,#1484,#1485,#1486,#1487,#1488,#1489,#1490,#1491,#1492,#1493,
    #1494,#1495,#1496,#1497,#1498,#1499,#1500,#1501,#1502,#1503,#1504,
    #1505,#1506,#1507,#1508,#1509,#1510,#1511,#1512,#1513,#1514,#1515,
    #1516,#1517,#1518,#1519,#1520,#1521,#1522,#1523,#1524,#1525,#1526,
    #1527,#1528,#1529,#1530,#1531,#1532,#1533,#1534),.UNSPECIFIED.,.T.,
  .F.,(9,7,7,7,7,7,7,7,7,7,7,7,7,7,7,7,7,7,7,7,7,7,7,7,7,7,7,7,7,7,7,7,7
    ,9),(0.,4.865501981552E-02,0.101294764282,0.105108023182,
    0.133149082766,0.153542059028,0.204591812789,0.236815314485,
    0.286172399387,0.298973583551,0.314897021049,0.330416479878,
    0.348662065548,0.373112101062,0.385027678147,0.387363075686,
    0.425559840056,0.465175871708,0.500086516167,0.516331888219,
    0.563860668829,0.613992124402,0.621908986146,0.6459655518,
    0.701745133195,0.711417443423,0.713683520734,0.721837897808,
    0.788203828406,0.828900138134,0.876440513132,0.965598562032,
    0.96938848656,1.),.UNSPECIFIED.);
#1302 = CARTESIAN_POINT('',(3.202189087758,3.316453355841,2.500000011698
    ));
#1303 = CARTESIAN_POINT('',(3.131347667767,3.355969528447,2.541074083994
    ));
#1304 = CARTESIAN_POINT('',(3.06259493985,3.396793097199,2.584986670844)
  );
#1305 = CARTESIAN_POINT('',(2.996128376925,3.438811987411,2.631707959352
    ));
#1306 = CARTESIAN_POINT('',(2.932140727319,3.481901800126,2.681198027415
    ));
#1307 = CARTESIAN_POINT('',(2.870818980724,3.52592667544,2.733405186273)
  );
#1308 = CARTESIAN_POINT('',(2.812343334153,3.570740155819,2.788264323078
    ));
#1309 = CARTESIAN_POINT('',(2.756886157893,3.616186049426,2.845695243442
    ));
#1310 = CARTESIAN_POINT('',(2.648054556952,3.711772717494,2.970412917615
    ));
#1311 = CARTESIAN_POINT('',(2.595218873812,3.761996425309,3.038125695674
    ));
#1312 = CARTESIAN_POINT('',(2.546314192385,3.812559213652,3.108613679611
    ));
#1313 = CARTESIAN_POINT('',(2.501532156988,3.863241722083,3.181731656097
    ));
#1314 = CARTESIAN_POINT('',(2.461045619404,3.913818596855,3.257313482303
    ));
#1315 = CARTESIAN_POINT('',(2.425007055968,3.964060891431,3.335170119693
    ));
#1316 = CARTESIAN_POINT('',(2.393545558238,4.013738703625,3.415087086367
    ));
#1317 = CARTESIAN_POINT('',(2.364822206854,4.06616533704,3.502742212007)
  );
#1318 = CARTESIAN_POINT('',(2.362906637202,4.06970233432,3.50867241078)
  );
#1319 = CARTESIAN_POINT('',(2.361014931628,4.073236420733,3.514614289336
    ));
#1320 = CARTESIAN_POINT('',(2.359147786186,4.076766337222,3.520565806105
    ));
#1321 = CARTESIAN_POINT('',(2.357305134157,4.08029220717,3.526527226665)
  );
#1322 = CARTESIAN_POINT('',(2.355486697252,4.083814537476,3.532499456461
    ));
#1323 = CARTESIAN_POINT('',(2.353692876341,4.087332602551,3.53848134289)
  );
#1324 = CARTESIAN_POINT('',(2.338912725855,4.116687138435,3.588535541915
    ));
#1325 = CARTESIAN_POINT('',(2.327228252368,4.142305652875,3.633137506449
    ));
#1326 = CARTESIAN_POINT('',(2.316888231854,4.167669341792,3.678247395504
    ));
#1327 = CARTESIAN_POINT('',(2.307909077918,4.192745629517,3.723831798302
    ));
#1328 = CARTESIAN_POINT('',(2.300305406623,4.217502297921,3.769855641636
    ));
#1329 = CARTESIAN_POINT('',(2.294089923123,4.241907603926,3.816282142961
    ));
#1330 = CARTESIAN_POINT('',(2.289273308303,4.265930397014,3.863072763476
    ));
#1331 = CARTESIAN_POINT('',(2.283384748539,4.306710590084,3.944451301328
    ));
#1332 = CARTESIAN_POINT('',(2.281649739703,4.323662623574,3.978886822401
    ));
#1333 = CARTESIAN_POINT('',(2.280662394787,4.340384595857,4.013478231829
    ));
#1334 = CARTESIAN_POINT('',(2.280425384181,4.35686507588,4.048209666323)
  );
#1335 = CARTESIAN_POINT('',(2.280940732785,4.373092942891,4.083064891899
    ));
#1336 = CARTESIAN_POINT('',(2.282209820002,4.389057386438,4.118027303884
    ));
#1337 = CARTESIAN_POINT('',(2.284233379746,4.404747906371,4.153079926914
    ));
#1338 = CARTESIAN_POINT('',(2.293965972168,4.458721182462,4.276135077141
    ));
#1339 = CARTESIAN_POINT('',(2.305649265893,4.495510404803,4.364527315223
    ));
#1340 = CARTESIAN_POINT('',(2.322062698258,4.530359220068,4.45310288176)
  );
#1341 = CARTESIAN_POINT('',(2.34317923713,4.563124123628,4.541578095001)
  );
#1342 = CARTESIAN_POINT('',(2.368945588901,4.593681268304,4.629665080424
    ));
#1343 = CARTESIAN_POINT('',(2.399282668681,4.621927120248,4.717072475387
    ));
#1344 = CARTESIAN_POINT('',(2.434084453381,4.647779368431,4.803506596859
    ));
#1345 = CARTESIAN_POINT('',(2.497915243773,4.685947770534,4.942431648178
    ));
#1346 = CARTESIAN_POINT('',(2.524341205852,4.699740532533,4.995687529717
    ));
#1347 = CARTESIAN_POINT('',(2.552459847856,4.712541575302,5.048368119207
    ));
#1348 = CARTESIAN_POINT('',(2.582234312311,4.724339926955,5.100402202049
    ));
#1349 = CARTESIAN_POINT('',(2.613624176836,4.735128351482,5.151720076417
    ));
#1350 = CARTESIAN_POINT('',(2.646585490651,4.744903258086,5.202253682976
    ));
#1351 = CARTESIAN_POINT('',(2.681070811083,4.75366461053,5.251936734596)
  );
#1352 = CARTESIAN_POINT('',(2.772107153357,4.773288472814,5.375403488128
    ));
#1353 = CARTESIAN_POINT('',(2.830638601125,4.782790677377,5.44795214976)
  );
#1354 = CARTESIAN_POINT('',(2.892444608371,4.789936218765,5.518126256811
    ));
#1355 = CARTESIAN_POINT('',(2.957326881105,4.794756627324,5.585709284512
    ));
#1356 = CARTESIAN_POINT('',(3.025066239768,4.797301292552,5.650494620969
    ));
#1357 = CARTESIAN_POINT('',(3.095420323761,4.797637721587,5.712288598427
    ));
#1358 = CARTESIAN_POINT('',(3.168120567074,4.795851958766,5.770914692324
    ));
#1359 = CARTESIAN_POINT('',(3.262254949589,4.791062879345,5.84056250663)
  );
#1360 = CARTESIAN_POINT('',(3.281778701113,4.789940942844,5.85468233153)
  );
#1361 = CARTESIAN_POINT('',(3.301434324833,4.788685201604,5.868575536596
    ));
#1362 = CARTESIAN_POINT('',(3.321216200557,4.787297608381,5.882239377829
    ));
#1363 = CARTESIAN_POINT('',(3.341118462662,4.785780223848,5.895671193479
    ));
#1364 = CARTESIAN_POINT('',(3.3611350001,4.784135216589,5.908868404039)
  );
#1365 = CARTESIAN_POINT('',(3.381259456394,4.782364863107,5.921828512253
    ));
#1366 = CARTESIAN_POINT('',(3.426644139321,4.778116446341,5.950372290309
    ));
#1367 = CARTESIAN_POINT('',(3.451959697725,4.775571105197,5.965824834101
    ));
#1368 = CARTESIAN_POINT('',(3.477419201171,4.772840128741,5.98090217486)
  );
#1369 = CARTESIAN_POINT('',(3.503009118183,4.769928426,5.995599908775));
#1370 = CARTESIAN_POINT('',(3.528715084559,4.766841227635,6.009913873722
    ));
#1371 = CARTESIAN_POINT('',(3.554521898434,4.763584102898,6.02384023513)
  );
#1372 = CARTESIAN_POINT('',(3.580413515347,4.760162976594,6.037375571855
    ));
#1373 = CARTESIAN_POINT('',(3.631673976315,4.753096110662,6.063324954286
    ));
#1374 = CARTESIAN_POINT('',(3.657040675848,4.74945809787,6.075759372612)
  );
#1375 = CARTESIAN_POINT('',(3.682458222255,4.745675805422,6.087817783983
    ));
#1376 = CARTESIAN_POINT('',(3.707908133392,4.741755660184,6.099496814687
    ));
#1377 = CARTESIAN_POINT('',(3.733374789303,4.737703941261,6.110795472309
    ));
#1378 = CARTESIAN_POINT('',(3.75883823208,4.733527787112,6.121711593511)
  );
#1379 = CARTESIAN_POINT('',(3.784280264902,4.729234341846,6.132244943652
    ));
#1380 = CARTESIAN_POINT('',(3.839543544675,4.719654682406,6.154329101847
    ));
#1381 = CARTESIAN_POINT('',(3.86934996702,4.714326395347,6.165734027701)
  );
#1382 = CARTESIAN_POINT('',(3.89906730615,4.708858857832,6.176609956566)
  );
#1383 = CARTESIAN_POINT('',(3.928662464614,4.703265060556,6.186958626768
    ));
#1384 = CARTESIAN_POINT('',(3.958102560115,4.697558350125,6.19678379971)
  );
#1385 = CARTESIAN_POINT('',(3.987355299615,4.691752279217,6.206091217783
    ));
#1386 = CARTESIAN_POINT('',(4.01638935343,4.685860456748,6.214888562286)
  );
#1387 = CARTESIAN_POINT('',(4.083748632963,4.671904248592,6.234303621398
    ));
#1388 = CARTESIAN_POINT('',(4.121880228604,4.663781497025,6.244524280859
    ));
#1389 = CARTESIAN_POINT('',(4.159493496256,4.655561359445,6.253868889561
    ));
#1390 = CARTESIAN_POINT('',(4.196525952482,4.647274941466,6.262368012523
    ));
#1391 = CARTESIAN_POINT('',(4.232929175219,4.638950257975,6.270058525651
    ));
#1392 = CARTESIAN_POINT('',(4.268668451598,4.630611671595,6.276981198304
    ));
#1393 = CARTESIAN_POINT('',(4.303721548742,4.622279749874,6.283178612726
    ));
#1394 = CARTESIAN_POINT('',(4.354819337924,4.609922585869,6.291381028529
    ));
#1395 = CARTESIAN_POINT('',(4.371397062536,4.605879068349,6.293906609305
    ));
#1396 = CARTESIAN_POINT('',(4.387809078354,4.6018428052,6.296275253941)
  );
#1397 = CARTESIAN_POINT('',(4.404055308888,4.597815385844,6.298491972105
    ));
#1398 = CARTESIAN_POINT('',(4.42013630422,4.593798172543,6.300561691867)
  );
#1399 = CARTESIAN_POINT('',(4.436053240996,4.589792300399,6.302489259706
    ));
#1400 = CARTESIAN_POINT('',(4.451807922431,4.585798677354,6.304279440505
    ));
#1401 = CARTESIAN_POINT('',(4.470459297331,4.581037786896,6.306261775326
    ));
#1402 = CARTESIAN_POINT('',(4.473505117799,4.580259250834,6.306581053865
    ));
#1403 = CARTESIAN_POINT('',(4.476558402564,4.579477748578,6.30689671249)
  );
#1404 = CARTESIAN_POINT('',(4.479608141596,4.578696088807,6.30720756649)
  );
#1405 = CARTESIAN_POINT('',(4.482655934102,4.577913865898,6.307513789163
    ));
#1406 = CARTESIAN_POINT('',(4.485707569993,4.577129605576,6.307816003597
    ));
#1407 = CARTESIAN_POINT('',(4.48875716008,4.576344810836,6.308113575417)
  );
#1408 = CARTESIAN_POINT('',(4.541681318053,4.562706828327,6.313201228697
    ));
#1409 = CARTESIAN_POINT('',(4.591611809979,4.549558650084,6.316819645682
    ));
#1410 = CARTESIAN_POINT('',(4.641756963408,4.536081469522,6.319278113831
    ));
#1411 = CARTESIAN_POINT('',(4.692274041377,4.522236701982,6.320569565085
    ));
#1412 = CARTESIAN_POINT('',(4.743319718149,4.507980158754,6.320662280834
    ));
#1413 = CARTESIAN_POINT('',(4.795045770597,4.49326361069,6.31949946434)
  );
#1414 = CARTESIAN_POINT('',(4.847589389547,4.478037942928,6.316999822943
    ));
#1415 = CARTESIAN_POINT('',(4.95651355601,4.445891523607,6.308972074999)
  );
#1416 = CARTESIAN_POINT('',(5.012975667081,4.428925408905,6.30333407009)
  );
#1417 = CARTESIAN_POINT('',(5.070521941285,4.411321551329,6.296031825254
    ));
#1418 = CARTESIAN_POINT('',(5.129191928062,4.393048856689,6.286932628981
    ));
#1419 = CARTESIAN_POINT('',(5.188962975519,4.374091832544,6.275893148748
    ));
#1420 = CARTESIAN_POINT('',(5.249735354198,4.35445732667,6.262774181303)
  );
#1421 = CARTESIAN_POINT('',(5.311326758354,4.334179313355,6.247461382834
    ));
#1422 = CARTESIAN_POINT('',(5.428243823949,4.294941497781,6.214409378034
    ));
#1423 = CARTESIAN_POINT('',(5.483460806884,4.27610582035,6.197169820467)
  );
#1424 = CARTESIAN_POINT('',(5.53896216231,4.256853507988,6.178124513838)
  );
#1425 = CARTESIAN_POINT('',(5.594574206126,4.237227966448,6.157241896554
    ));
#1426 = CARTESIAN_POINT('',(5.650121921336,4.217274746038,6.134508414332
    ));
#1427 = CARTESIAN_POINT('',(5.705434919678,4.197039350593,6.109927669525
    ));
#1428 = CARTESIAN_POINT('',(5.760351984916,4.176565303894,6.083517943311
    ));
#1429 = CARTESIAN_POINT('',(5.840025845521,4.14627254736,6.042180875344)
  );
#1430 = CARTESIAN_POINT('',(5.865211151794,4.136608939918,6.028662940813
    ));
#1431 = CARTESIAN_POINT('',(5.89026593046,4.126905362539,6.014756800924)
  );
#1432 = CARTESIAN_POINT('',(5.915176595713,4.117165305802,6.000465247036
    ));
#1433 = CARTESIAN_POINT('',(5.9399301621,4.107392039499,5.985791348116)
  );
#1434 = CARTESIAN_POINT('',(5.964514244528,4.097588612632,5.97073845073)
  );
#1435 = CARTESIAN_POINT('',(5.988917058255,4.087757853416,5.955310179051
    ));
#1436 = CARTESIAN_POINT('',(6.083959217384,4.049068364005,5.893285419317
    ));
#1437 = CARTESIAN_POINT('',(6.153134321028,4.020026423173,5.84388627908)
  );
#1438 = CARTESIAN_POINT('',(6.22038512363,3.990836581684,5.791401139873)
  );
#1439 = CARTESIAN_POINT('',(6.285467632927,3.961548254466,5.73593758412)
  );
#1440 = CARTESIAN_POINT('',(6.348159383899,3.932200261865,5.677617312875
    ));
#1441 = CARTESIAN_POINT('',(6.408257043155,3.902821272874,5.616571579106
    ));
#1442 = CARTESIAN_POINT('',(6.465573704414,3.873430666226,5.552937392324
    ));
#1443 = CARTESIAN_POINT('',(6.577274916984,3.813039509767,5.417152898805
    ));
#1444 = CARTESIAN_POINT('',(6.631321443906,3.782041946858,5.344733867669
    ));
#1445 = CARTESIAN_POINT('',(6.68186742658,3.751063416419,5.269769006983)
  );
#1446 = CARTESIAN_POINT('',(6.728714084315,3.720115210533,5.192445987135
    ));
#1447 = CARTESIAN_POINT('',(6.771672902969,3.689205033256,5.11296788698)
  );
#1448 = CARTESIAN_POINT('',(6.810567220095,3.658338868429,5.031552693415
    ));
#1449 = CARTESIAN_POINT('',(6.845234377251,3.627523299589,4.948432956622
    ));
#1450 = CARTESIAN_POINT('',(6.88031253958,3.59191138687,4.850498972422)
  );
#1451 = CARTESIAN_POINT('',(6.884987600207,3.587055979961,4.83710593215)
  );
#1452 = CARTESIAN_POINT('',(6.889553456515,3.582201673565,4.823676274735
    ));
#1453 = CARTESIAN_POINT('',(6.894008843884,3.577349204984,4.810212890555
    ));
#1454 = CARTESIAN_POINT('',(6.898353970477,3.572497835211,4.796714614868
    ));
#1455 = CARTESIAN_POINT('',(6.902587694773,3.567648201481,4.783184066917
    ));
#1456 = CARTESIAN_POINT('',(6.906709772641,3.562800050048,4.769621418959
    ));
#1457 = CARTESIAN_POINT('',(6.922903995252,3.543226612037,4.714722046431
    ));
#1458 = CARTESIAN_POINT('',(6.934052037119,3.528514599529,4.673130917293
    ));
#1459 = CARTESIAN_POINT('',(6.944148589565,3.513818768662,4.631282885919
    ));
#1460 = CARTESIAN_POINT('',(6.953179706725,3.499140785806,4.589206965802
    ));
#1461 = CARTESIAN_POINT('',(6.961132617186,3.484482696701,4.546932830899
    ));
#1462 = CARTESIAN_POINT('',(6.967995723995,3.469846926462,4.504490815635
    ));
#1463 = CARTESIAN_POINT('',(6.973758604652,3.455236279571,4.461911914901
    ));
#1464 = CARTESIAN_POINT('',(6.989201791669,3.406842097613,4.320256759464
    ));
#1465 = CARTESIAN_POINT('',(6.994028687551,3.373178380827,4.22070696247)
  );
#1466 = CARTESIAN_POINT('',(6.99277544045,3.339709755834,4.120988050673)
  );
#1467 = CARTESIAN_POINT('',(6.985372270464,3.306492130481,4.021511959565
    ));
#1468 = CARTESIAN_POINT('',(6.97179638682,3.273595607024,3.922689827366)
  );
#1469 = CARTESIAN_POINT('',(6.952074186447,3.241107936899,3.824929016883
    ));
#1470 = CARTESIAN_POINT('',(6.926286140379,3.209136177394,3.72863023439)
  );
#1471 = CARTESIAN_POINT('',(6.889075472291,3.17237391939,3.617807676249)
  );
#1472 = CARTESIAN_POINT('',(6.883398360428,3.166960496839,3.601486034434
    ));
#1473 = CARTESIAN_POINT('',(6.877543736271,3.161566914473,3.585221782383
    ));
#1474 = CARTESIAN_POINT('',(6.871512348112,3.156193815714,3.569016857174
    ));
#1475 = CARTESIAN_POINT('',(6.865304988665,3.150841855495,3.552873170654
    ));
#1476 = CARTESIAN_POINT('',(6.858922495068,3.145511700257,3.536792609432
    ));
#1477 = CARTESIAN_POINT('',(6.852365748882,3.140204027952,3.520777034885
    ));
#1478 = CARTESIAN_POINT('',(6.844058920911,3.133681448924,3.501091729672
    ));
#1479 = CARTESIAN_POINT('',(6.842430180026,3.132411283471,3.497258168126
    ));
#1480 = CARTESIAN_POINT('',(6.840759077516,3.131117439774,3.493352954849
    ));
#1481 = CARTESIAN_POINT('',(6.839057714401,3.129809931048,3.489406295686
    ));
#1482 = CARTESIAN_POINT('',(6.837340726162,3.128500319133,3.485453078406
    ));
#1483 = CARTESIAN_POINT('',(6.835625340262,3.127201658003,3.481532705104
    ));
#1484 = CARTESIAN_POINT('',(6.833931433672,3.125928437265,3.477688924611
    ));
#1485 = CARTESIAN_POINT('',(6.826344703689,3.120263547302,3.460586076467
    ));
#1486 = CARTESIAN_POINT('',(6.82028271764,3.115846176056,3.447247074212)
  );
#1487 = CARTESIAN_POINT('',(6.814096104119,3.111444891565,3.433953911223
    ));
#1488 = CARTESIAN_POINT('',(6.807785362819,3.107060178757,3.420707826412
    ));
#1489 = CARTESIAN_POINT('',(6.801351021239,3.102692527851,3.407510044518
    ));
#1490 = CARTESIAN_POINT('',(6.794793634693,3.098342434356,3.394361776104
    ));
#1491 = CARTESIAN_POINT('',(6.788113786304,3.094010399076,3.381264217563
    ));
#1492 = CARTESIAN_POINT('',(6.725955178771,3.054590933767,3.262043942508
    ));
#1493 = CARTESIAN_POINT('',(6.66251583147,3.020707675982,3.159285327267)
  );
#1494 = CARTESIAN_POINT('',(6.591338414215,2.988332875606,3.06062056363)
  );
#1495 = CARTESIAN_POINT('',(6.512875851759,2.957756260918,2.966606104066
    ));
#1496 = CARTESIAN_POINT('',(6.427661707702,2.929269870367,2.877693706859
    ));
#1497 = CARTESIAN_POINT('',(6.336291018987,2.903161340494,2.794243682659
    ));
#1498 = CARTESIAN_POINT('',(6.239409881685,2.879702179042,2.716534676005
    ));
#1499 = CARTESIAN_POINT('',(6.075352638525,2.846516566995,2.600763091587
    ));
#1500 = CARTESIAN_POINT('',(6.011168681401,2.834985644776,2.558982928573
    ));
#1501 = CARTESIAN_POINT('',(5.945312626652,2.824592464515,2.519471696441
    ));
#1502 = CARTESIAN_POINT('',(5.877935422109,2.815386555066,2.482259562414
    ));
#1503 = CARTESIAN_POINT('',(5.809187344047,2.807412441815,2.447366233469
    ));
#1504 = CARTESIAN_POINT('',(5.739217087751,2.800709322272,2.414802532527
    ));
#1505 = CARTESIAN_POINT('',(5.668170858079,2.79531074168,2.384571974657)
  );
#1506 = CARTESIAN_POINT('',(5.512106991468,2.786493920088,2.324080716472
    ));
#1507 = CARTESIAN_POINT('',(5.426748458941,2.783561340372,2.294669737811
    ));
#1508 = CARTESIAN_POINT('',(5.340342146907,2.782490732728,2.26843450366)
  );
#1509 = CARTESIAN_POINT('',(5.253106810332,2.783315240896,2.245359506788
    ));
#1510 = CARTESIAN_POINT('',(5.165253199714,2.786057265004,2.225420784073
    ));
#1511 = CARTESIAN_POINT('',(5.076983586117,2.790728777486,2.208588064232
    ));
#1512 = CARTESIAN_POINT('',(4.9884912862,2.797331639006,2.194826915544)
  );
#1513 = CARTESIAN_POINT('',(4.733927419319,2.821848239976,2.163985124789
    ));
#1514 = CARTESIAN_POINT('',(4.567781181888,2.844601527836,2.154547135237
    ));
#1515 = CARTESIAN_POINT('',(4.402706686999,2.874066501215,2.155534079079
    ));
#1516 = CARTESIAN_POINT('',(4.23978876961,2.910079315767,2.166676894117)
  );
#1517 = CARTESIAN_POINT('',(4.080022405182,2.952375439007,2.18770896354)
  );
#1518 = CARTESIAN_POINT('',(3.924323745546,3.000603000757,2.218377106542
    ));
#1519 = CARTESIAN_POINT('',(3.773541673058,3.054337614553,2.258444897831
    ));
#1520 = CARTESIAN_POINT('',(3.62230317042,3.11559648113,2.309781552032)
  );
#1521 = CARTESIAN_POINT('',(3.616147081839,3.118103248996,2.311891259157
    ));
#1522 = CARTESIAN_POINT('',(3.60999850759,3.120620233759,2.314018518652)
  );
#1523 = CARTESIAN_POINT('',(3.603856660053,3.123147761759,2.316163631506
    ));
#1524 = CARTESIAN_POINT('',(3.597722112713,3.125685609312,2.318326439111
    ));
#1525 = CARTESIAN_POINT('',(3.591595849199,3.128233386496,2.320506643929
    ));
#1526 = CARTESIAN_POINT('',(3.585478312315,3.130790920922,2.322704130152
    ));
#1527 = CARTESIAN_POINT('',(3.530018647569,3.154098319372,2.342811256305
    ));
#1528 = CARTESIAN_POINT('',(3.481197470272,3.175491358367,2.361846558073
    ));
#1529 = CARTESIAN_POINT('',(3.43295550836,3.197520495689,2.382025735849)
  );
#1530 = CARTESIAN_POINT('',(3.385343187877,3.220166308431,2.403348018381
    ));
#1531 = CARTESIAN_POINT('',(3.338410700278,3.243407233304,2.425811198255
    ));
#1532 = CARTESIAN_POINT('',(3.292207928962,3.267219586339,2.449411513149
    ));
#1533 = CARTESIAN_POINT('',(3.246784375818,3.291577582591,2.474143527087
    ));
#1534 = CARTESIAN_POINT('',(3.202189087758,3.316453355841,2.500000011698
    ));
#1535 = PCURVE('',#206,#1536);
#1536 = DEFINITIONAL_REPRESENTATION('',(#1537),#1771);
#1537 = B_SPLINE_CURVE_WITH_KNOTS('',8,(#1538,#1539,#1540,#1541,#1542,
    #1543,#1544,#1545,#1546,#1547,#1548,#1549,#1550,#1551,#1552,#1553,
    #1554,#1555,#1556,#1557,#1558,#1559,#1560,#1561,#1562,#1563,#1564,
    #1565,#1566,#1567,#1568,#1569,#1570,#1571,#1572,#1573,#1574,#1575,
    #1576,#1577,#1578,#1579,#1580,#1581,#1582,#1583,#1584,#1585,#1586,
    #1587,#1588,#1589,#1590,#1591,#1592,#1593,#1594,#1595,#1596,#1597,
    #1598,#1599,#1600,#1601,#1602,#1603,#1604,#1605,#1606,#1607,#1608,
    #1609,#1610,#1611,#1612,#1613,#1614,#1615,#1616,#1617,#1618,#1619,
    #1620,#1621,#1622,#1623,#1624,#1625,#1626,#1627,#1628,#1629,#1630,
    #1631,#1632,#1633,#1634,#1635,#1636,#1637,#1638,#1639,#1640,#1641,
    #1642,#1643,#1644,#1645,#1646,#1647,#1648,#1649,#1650,#1651,#1652,
    #1653,#1654,#1655,#1656,#1657,#1658,#1659,#1660,#1661,#1662,#1663,
    #1664,#1665,#1666,#1667,#1668,#1669,#1670,#1671,#1672,#1673,#1674,
    #1675,#1676,#1677,#1678,#1679,#1680,#1681,#1682,#1683,#1684,#1685,
    #1686,#1687,#1688,#1689,#1690,#1691,#1692,#1693,#1694,#1695,#1696,
    #1697,#1698,#1699,#1700,#1701,#1702,#1703,#1704,#1705,#1706,#1707,
    #1708,#1709,#1710,#1711,#1712,#1713,#1714,#1715,#1716,#1717,#1718,
    #1719,#1720,#1721,#1722,#1723,#1724,#1725,#1726,#1727,#1728,#1729,
    #1730,#1731,#1732,#1733,#1734,#1735,#1736,#1737,#1738,#1739,#1740,
    #1741,#1742,#1743,#1744,#1745,#1746,#1747,#1748,#1749,#1750,#1751,
    #1752,#1753,#1754,#1755,#1756,#1757,#1758,#1759,#1760,#1761,#1762,
    #1763,#1764,#1765,#1766,#1767,#1768,#1769,#1770),.UNSPECIFIED.,.T.,
  .F.,(9,7,7,7,7,7,7,7,7,7,7,7,7,7,7,7,7,7,7,7,7,7,7,7,7,7,7,7,7,7,7,7,7
    ,9),(0.,4.865501981552E-02,0.101294764282,0.105108023182,
    0.133149082766,0.153542059028,0.204591812789,0.236815314485,
    0.286172399387,0.298973583551,0.314897021049,0.330416479878,
    0.348662065548,0.373112101062,0.385027678147,0.387363075686,
    0.425559840056,0.465175871708,0.500086516167,0.516331888219,
    0.563860668829,0.613992124402,0.621908986146,0.6459655518,
    0.701745133195,0.711417443423,0.713683520734,0.721837897808,
    0.788203828406,0.828900138134,0.876440513132,0.965598562032,
    0.96938848656,1.),.UNSPECIFIED.);
#1538 = CARTESIAN_POINT('',(1.02896537293,-0.689180488304));
#1539 = CARTESIAN_POINT('',(1.042720504159,-0.685976813151));
#1540 = CARTESIAN_POINT('',(1.056434870039,-0.682028585324));
#1541 = CARTESIAN_POINT('',(1.07004605949,-0.6773344097));
#1542 = CARTESIAN_POINT('',(1.083493104542,-0.67189802065));
#1543 = CARTESIAN_POINT('',(1.096717606535,-0.665728034879));
#1544 = CARTESIAN_POINT('',(1.109664862305,-0.658837704264));
#1545 = CARTESIAN_POINT('',(1.122284990383,-0.651244668695));
#1546 = CARTESIAN_POINT('',(1.147786291978,-0.634019132473));
#1547 = CARTESIAN_POINT('',(1.160604948187,-0.624269949146));
#1548 = CARTESIAN_POINT('',(1.172933162125,-0.613750928586));
#1549 = CARTESIAN_POINT('',(1.18472269372,-0.602495083579));
#1550 = CARTESIAN_POINT('',(1.195933997671,-0.590539583109));
#1551 = CARTESIAN_POINT('',(1.206535877473,-0.577925114482));
#1552 = CARTESIAN_POINT('',(1.216504722326,-0.564695694526));
#1553 = CARTESIAN_POINT('',(1.226498372979,-0.549899482828));
#1554 = CARTESIAN_POINT('',(1.227169981933,-0.548897096138));
#1555 = CARTESIAN_POINT('',(1.227838425795,-0.547891372561));
#1556 = CARTESIAN_POINT('',(1.228503472863,-0.546882658213));
#1557 = CARTESIAN_POINT('',(1.229165155677,-0.545870910015));
#1558 = CARTESIAN_POINT('',(1.229823580146,-0.54485597689));
#1559 = CARTESIAN_POINT('',(1.230478616863,-0.543838054846));
#1560 = CARTESIAN_POINT('',(1.235922627427,-0.535309239151));
#1561 = CARTESIAN_POINT('',(1.240533902522,-0.527636900776));
#1562 = CARTESIAN_POINT('',(1.244961601837,-0.519806051943));
#1563 = CARTESIAN_POINT('',(1.249203656643,-0.511822812513));
#1564 = CARTESIAN_POINT('',(1.253258426948,-0.503693439564));
#1565 = CARTESIAN_POINT('',(1.257124659843,-0.495424335723));
#1566 = CARTESIAN_POINT('',(1.260801447845,-0.487022057506));
#1567 = CARTESIAN_POINT('',(1.266823932849,-0.472290766758));
#1568 = CARTESIAN_POINT('',(1.269259164501,-0.466021307934));
#1569 = CARTESIAN_POINT('',(1.271593668341,-0.459687522421));
#1570 = CARTESIAN_POINT('',(1.273827309556,-0.453292016195));
#1571 = CARTESIAN_POINT('',(1.275960032376,-0.446837425953));
#1572 = CARTESIAN_POINT('',(1.277991860077,-0.440326419119));
#1573 = CARTESIAN_POINT('',(1.279922894974,-0.43376169384));
#1574 = CARTESIAN_POINT('',(1.286335418927,-0.410584854709));
#1575 = CARTESIAN_POINT('',(1.290287298087,-0.393703104308));
#1576 = CARTESIAN_POINT('',(1.293611053619,-0.376544975635));
#1577 = CARTESIAN_POINT('',(1.296312155988,-0.359154471305));
#1578 = CARTESIAN_POINT('',(1.298398261909,-0.34157573356));
#1579 = CARTESIAN_POINT('',(1.299878501562,-0.323853559358));
#1580 = CARTESIAN_POINT('',(1.300763239513,-0.306034045701));
#1581 = CARTESIAN_POINT('',(1.301254349936,-0.276886340017));
#1582 = CARTESIAN_POINT('',(1.301211838595,-0.26558722448));
#1583 = CARTESIAN_POINT('',(1.300939737193,-0.254279812017));
#1584 = CARTESIAN_POINT('',(1.300441176554,-0.242975886311));
#1585 = CARTESIAN_POINT('',(1.299719457618,-0.23168727091));
#1586 = CARTESIAN_POINT('',(1.298778052587,-0.220425878844));
#1587 = CARTESIAN_POINT('',(1.297620606076,-0.209203762259));
#1588 = CARTESIAN_POINT('',(1.294152998237,-0.18092303325));
#1589 = CARTESIAN_POINT('',(1.291557263551,-0.163934547433));
#1590 = CARTESIAN_POINT('',(1.288477417454,-0.147110207905));
#1591 = CARTESIAN_POINT('',(1.284928065811,-0.130493917752));
#1592 = CARTESIAN_POINT('',(1.28092516612,-0.114131339815));
#1593 = CARTESIAN_POINT('',(1.27648665063,-9.80699090944E-02));
#1594 = CARTESIAN_POINT('',(1.271633241563,-8.23584975452E-02));
#1595 = CARTESIAN_POINT('',(1.265029438212,-6.30754931063E-02));
#1596 = CARTESIAN_POINT('',(1.263643194651,-5.913123393639E-02));
#1597 = CARTESIAN_POINT('',(1.2622311656,-5.521485676106E-02));
#1598 = CARTESIAN_POINT('',(1.26079381757,-5.132727935449E-02));
#1599 = CARTESIAN_POINT('',(1.259331645732,-4.746943427643E-02));
#1600 = CARTESIAN_POINT('',(1.257845173913,-4.364226887214E-02));
#1601 = CARTESIAN_POINT('',(1.256334954605,-3.984674527246E-02));
#1602 = CARTESIAN_POINT('',(1.252894185214,-3.140314992968E-02));
#1603 = CARTESIAN_POINT('',(1.250950967633,-2.677294591244E-02));
#1604 = CARTESIAN_POINT('',(1.248973040245,-2.219509148788E-02));
#1605 = CARTESIAN_POINT('',(1.246961621231,-1.767151000936E-02));
#1606 = CARTESIAN_POINT('',(1.244918028797,-1.320416846616E-02));
#1607 = CARTESIAN_POINT('',(1.242843687044,-8.795060912042E-03));
#1608 = CARTESIAN_POINT('',(1.240740131844,-4.446191893703E-03));
#1609 = CARTESIAN_POINT('',(1.236531968111,4.018319995679E-03));
#1610 = CARTESIAN_POINT('',(1.234428637015,8.124924644149E-03));
#1611 = CARTESIAN_POINT('',(1.232300490467,1.215078678207E-02));
#1612 = CARTESIAN_POINT('',(1.230149332542,1.610932122202E-02));
#1613 = CARTESIAN_POINT('',(1.227976781228,1.998275748484E-02));
#1614 = CARTESIAN_POINT('',(1.225784864922,2.378320394545E-02));
#1615 = CARTESIAN_POINT('',(1.223575522886,2.750292275964E-02));
#1616 = CARTESIAN_POINT('',(1.218735488321,3.542289944952E-02));
#1617 = CARTESIAN_POINT('',(1.216098869913,3.959250574326E-02));
#1618 = CARTESIAN_POINT('',(1.213444560025,4.365046029659E-02));
#1619 = CARTESIAN_POINT('',(1.210776209357,4.759555621409E-02));
#1620 = CARTESIAN_POINT('',(1.208097554787,5.142694171076E-02));
#1621 = CARTESIAN_POINT('',(1.205412376802,5.514413451613E-02));
#1622 = CARTESIAN_POINT('',(1.20272445693,5.874703627847E-02));
#1623 = CARTESIAN_POINT('',(1.196436920009,6.691126908977E-02));
#1624 = CARTESIAN_POINT('',(1.192837699243,7.13824053838E-02));
#1625 = CARTESIAN_POINT('',(1.189249208114,7.564953025183E-02));
#1626 = CARTESIAN_POINT('',(1.185679800933,7.971528065895E-02));
#1627 = CARTESIAN_POINT('',(1.182136648175,8.358426409992E-02));
#1628 = CARTESIAN_POINT('',(1.17862564597,8.726258330217E-02));
#1629 = CARTESIAN_POINT('',(1.175151437995,9.075737766631E-02));
#1630 = CARTESIAN_POINT('',(1.170044065067,9.569387788244E-02));
#1631 = CARTESIAN_POINT('',(1.168380076762,9.726969349034E-02));
#1632 = CARTESIAN_POINT('',(1.16672592853,9.88047956913E-02));
#1633 = CARTESIAN_POINT('',(1.165081892009,0.100300173017));
#1634 = CARTESIAN_POINT('',(1.163448166781,0.10175683511));
#1635 = CARTESIAN_POINT('',(1.161824880375,0.103175812718));
#1636 = CARTESIAN_POINT('',(1.160212088264,0.1045581577));
#1637 = CARTESIAN_POINT('',(1.158295727718,0.106168906666));
#1638 = CARTESIAN_POINT('',(1.157982552634,0.106431111184));
#1639 = CARTESIAN_POINT('',(1.157668383976,0.106693130814));
#1640 = CARTESIAN_POINT('',(1.157354352281,0.106954012228));
#1641 = CARTESIAN_POINT('',(1.157040293451,0.107213894398));
#1642 = CARTESIAN_POINT('',(1.156725613034,0.107473279034));
#1643 = CARTESIAN_POINT('',(1.156410915733,0.107731656183));
#1644 = CARTESIAN_POINT('',(1.150945568552,0.11220129639));
#1645 = CARTESIAN_POINT('',(1.145728754304,0.116196360375));
#1646 = CARTESIAN_POINT('',(1.140429399453,0.119988983947));
#1647 = CARTESIAN_POINT('',(1.135030358421,0.123589183847));
#1648 = CARTESIAN_POINT('',(1.129513335444,0.127002280684));
#1649 = CARTESIAN_POINT('',(1.12385934846,0.130228596194));
#1650 = CARTESIAN_POINT('',(1.118049830583,0.133262958273));
#1651 = CARTESIAN_POINT('',(1.105864656144,0.13903026207));
#1652 = CARTESIAN_POINT('',(1.099474693626,0.141748431143));
#1653 = CARTESIAN_POINT('',(1.092884917358,0.144233568521));
#1654 = CARTESIAN_POINT('',(1.086084984604,0.146464636287));
#1655 = CARTESIAN_POINT('',(1.079070888879,0.148414526908));
#1656 = CARTESIAN_POINT('',(1.071847288776,0.150051757345));
#1657 = CARTESIAN_POINT('',(1.064429050902,0.151343841447));
#1658 = CARTESIAN_POINT('',(1.050156112717,0.153071745244));
#1659 = CARTESIAN_POINT('',(1.043337174165,0.153591267755));
#1660 = CARTESIAN_POINT('',(1.036401102552,0.15380128946));
#1661 = CARTESIAN_POINT('',(1.029365553127,0.153684677728));
#1662 = CARTESIAN_POINT('',(1.022249084766,0.153227387136));
#1663 = CARTESIAN_POINT('',(1.015070400183,0.152418675031));
#1664 = CARTESIAN_POINT('',(1.007847666676,0.151250931532));
#1665 = CARTESIAN_POINT('',(0.997224308116,0.149006310326));
#1666 = CARTESIAN_POINT('',(0.993844625893,0.148214603103));
#1667 = CARTESIAN_POINT('',(0.990460481558,0.14734347867));
#1668 = CARTESIAN_POINT('',(0.987073417891,0.146392495146));
#1669 = CARTESIAN_POINT('',(0.983684909626,0.145361292406));
#1670 = CARTESIAN_POINT('',(0.980296363449,0.144249592078));
#1671 = CARTESIAN_POINT('',(0.976909118001,0.143057197546));
#1672 = CARTESIAN_POINT('',(0.963621966213,0.13805900604));
#1673 = CARTESIAN_POINT('',(0.953742771805,0.133642707293));
#1674 = CARTESIAN_POINT('',(0.943916825876,0.128531280344));
#1675 = CARTESIAN_POINT('',(0.934171141896,0.122725316984));
#1676 = CARTESIAN_POINT('',(0.924529603507,0.116228593192));
#1677 = CARTESIAN_POINT('',(0.915012949766,0.109046946242));
#1678 = CARTESIAN_POINT('',(0.905638923696,0.10118725389));
#1679 = CARTESIAN_POINT('',(0.886701558058,8.365863433907E-02));
#1680 = CARTESIAN_POINT('',(0.877156907809,7.39150825449E-02));
#1681 = CARTESIAN_POINT('',(0.867807180501,6.343517965516E-02));
#1682 = CARTESIAN_POINT('',(0.858669051802,5.223028567035E-02));
#1683 = CARTESIAN_POINT('',(0.849757423042,4.031354406425E-02));
#1684 = CARTESIAN_POINT('',(0.841085641875,2.769981316714E-02));
#1685 = CARTESIAN_POINT('',(0.832665846503,1.440578605411E-02));
#1686 = CARTESIAN_POINT('',(0.8232213561,-1.753580059334E-03));
#1687 = CARTESIAN_POINT('',(0.821939841427,-3.973067456821E-03));
#1688 = CARTESIAN_POINT('',(0.820664821735,-6.197844518784E-03));
#1689 = CARTESIAN_POINT('',(0.81939652687,-8.444425746747E-03));
#1690 = CARTESIAN_POINT('',(0.818134793786,-1.069398195266E-02));
#1691 = CARTESIAN_POINT('',(0.81687982379,-1.296067972015E-02));
#1692 = CARTESIAN_POINT('',(0.815631580475,-1.523702630981E-02));
#1693 = CARTESIAN_POINT('',(0.810617799587,-2.44778019738E-02));
#1694 = CARTESIAN_POINT('',(0.806908169476,-3.15359336459E-02));
#1695 = CARTESIAN_POINT('',(0.803262434701,-3.869469107366E-02));
#1696 = CARTESIAN_POINT('',(0.799681782144,-4.594919948781E-02));
#1697 = CARTESIAN_POINT('',(0.796167391051,-5.329452534393E-02));
#1698 = CARTESIAN_POINT('',(0.792720433028,-6.072567632242E-02));
#1699 = CARTESIAN_POINT('',(0.789342072048,-6.823760132849E-02));
#1700 = CARTESIAN_POINT('',(0.7783618479,-9.341841445574E-02));
#1701 = CARTESIAN_POINT('',(0.77106429911,-0.111420727395));
#1702 = CARTESIAN_POINT('',(0.764156946898,-0.129765777903));
#1703 = CARTESIAN_POINT('',(0.757654662895,-0.148387948663));
#1704 = CARTESIAN_POINT('',(0.751572477425,-0.167222698578));
#1705 = CARTESIAN_POINT('',(0.745926528035,-0.186206390944));
#1706 = CARTESIAN_POINT('',(0.740734540685,-0.205275607658));
#1707 = CARTESIAN_POINT('',(0.735197610448,-0.2276762595));
#1708 = CARTESIAN_POINT('',(0.734393593279,-0.230987264858));
#1709 = CARTESIAN_POINT('',(0.733603889336,-0.234298646566));
#1710 = CARTESIAN_POINT('',(0.732828596854,-0.23761008818));
#1711 = CARTESIAN_POINT('',(0.732067815046,-0.240921275782));
#1712 = CARTESIAN_POINT('',(0.731321644105,-0.244231897979));
#1713 = CARTESIAN_POINT('',(0.730590185205,-0.247541645904));
#1714 = CARTESIAN_POINT('',(0.729705641388,-0.251625360946));
#1715 = CARTESIAN_POINT('',(0.729534030964,-0.252421328375));
#1716 = CARTESIAN_POINT('',(0.729359911989,-0.253232924049));
#1717 = CARTESIAN_POINT('',(0.729184680053,-0.254053923753));
#1718 = CARTESIAN_POINT('',(0.729009908426,-0.254877096927));
#1719 = CARTESIAN_POINT('',(0.728837332905,-0.255694233087));
#1720 = CARTESIAN_POINT('',(0.728668836662,-0.256496168236));
#1721 = CARTESIAN_POINT('',(0.727922040349,-0.260067526306));
#1722 = CARTESIAN_POINT('',(0.727348117229,-0.262862135468));
#1723 = CARTESIAN_POINT('',(0.72678474664,-0.26565643348));
#1724 = CARTESIAN_POINT('',(0.726232009741,-0.268450215969));
#1725 = CARTESIAN_POINT('',(0.725689987942,-0.271243279479));
#1726 = CARTESIAN_POINT('',(0.725158762901,-0.274035421475));
#1727 = CARTESIAN_POINT('',(0.724638416527,-0.27682644034));
#1728 = CARTESIAN_POINT('',(0.719983300932,-0.302320592802));
#1729 = CARTESIAN_POINT('',(0.716562782685,-0.324941913185));
#1730 = CARTESIAN_POINT('',(0.713913697868,-0.347363534846));
#1731 = CARTESIAN_POINT('',(0.712080140549,-0.369483783482));
#1732 = CARTESIAN_POINT('',(0.711106531558,-0.39121140673));
#1733 = CARTESIAN_POINT('',(0.71103745155,-0.412462028344));
#1734 = CARTESIAN_POINT('',(0.711914852808,-0.433155521994));
#1735 = CARTESIAN_POINT('',(0.714911871076,-0.465514568162));
#1736 = CARTESIAN_POINT('',(0.71641998304,-0.477578543859));
#1737 = CARTESIAN_POINT('',(0.718305197492,-0.48938991835));
#1738 = CARTESIAN_POINT('',(0.720575050474,-0.500933437691));
#1739 = CARTESIAN_POINT('',(0.72323616318,-0.512194726101));
#1740 = CARTESIAN_POINT('',(0.726294002865,-0.523160104669));
#1741 = CARTESIAN_POINT('',(0.729752643778,-0.533816410041));
#1742 = CARTESIAN_POINT('',(0.738125881282,-0.556223195152));
#1743 = CARTESIAN_POINT('',(0.743187513596,-0.567856381061));
#1744 = CARTESIAN_POINT('',(0.748803477177,-0.579030365231));
#1745 = CARTESIAN_POINT('',(0.754974746903,-0.589725852707));
#1746 = CARTESIAN_POINT('',(0.761698810582,-0.599924222208));
#1747 = CARTESIAN_POINT('',(0.768969259176,-0.609607489133));
#1748 = CARTESIAN_POINT('',(0.776775377026,-0.618758268572));
#1749 = CARTESIAN_POINT('',(0.80071712363,-0.643491084763));
#1750 = CARTESIAN_POINT('',(0.818160209633,-0.657688095204));
#1751 = CARTESIAN_POINT('',(0.837331876877,-0.669845099903));
#1752 = CARTESIAN_POINT('',(0.858077661535,-0.67985984656));
#1753 = CARTESIAN_POINT('',(0.88018128149,-0.687641534597));
#1754 = CARTESIAN_POINT('',(0.903370554969,-0.693117782855));
#1755 = CARTESIAN_POINT('',(0.927335705443,-0.696240530704));
#1756 = CARTESIAN_POINT('',(0.95279828139,-0.697022768046));
#1757 = CARTESIAN_POINT('',(0.953837288507,-0.697050376692));
#1758 = CARTESIAN_POINT('',(0.954877585201,-0.69707370795));
#1759 = CARTESIAN_POINT('',(0.955919293703,-0.697092758437));
#1760 = CARTESIAN_POINT('',(0.956962307286,-0.697107517299));
#1761 = CARTESIAN_POINT('',(0.958006450104,-0.697117971589));
#1762 = CARTESIAN_POINT('',(0.959051637024,-0.697124111627));
#1763 = CARTESIAN_POINT('',(0.96854985847,-0.697140675023));
#1764 = CARTESIAN_POINT('',(0.977075931399,-0.69687372693));
#1765 = CARTESIAN_POINT('',(0.985662057634,-0.696321067118));
#1766 = CARTESIAN_POINT('',(0.99429346361,-0.695479349708));
#1767 = CARTESIAN_POINT('',(1.002954961506,-0.694345938874));
#1768 = CARTESIAN_POINT('',(1.011631113924,-0.69291893979));
#1769 = CARTESIAN_POINT('',(1.020306398568,-0.691197229588));
#1770 = CARTESIAN_POINT('',(1.02896537293,-0.689180488304));
#1771 = ( GEOMETRIC_REPRESENTATION_CONTEXT(2) 
PARAMETRIC_REPRESENTATION_CONTEXT() REPRESENTATION_CONTEXT('2D SPACE',''
  ) );
#1772 = PCURVE('',#1773,#1809);
#1773 = ( BOUNDED_SURFACE() B_SPLINE_SURFACE(2,2,(
    (#1774,#1775,#1776,#1777,#1778)
    ,(#1779,#1780,#1781,#1782,#1783)
    ,(#1784,#1785,#1786,#1787,#1788)
    ,(#1789,#1790,#1791,#1792,#1793)
    ,(#1794,#1795,#1796,#1797,#1798)
    ,(#1799,#1800,#1801,#1802,#1803)
    ,(#1804,#1805,#1806,#1807,#1808
)),.UNSPECIFIED.,.T.,.F.,.F.) B_SPLINE_SURFACE_WITH_KNOTS((1,2,2,2,2,1),
  (3,2,3),(-2.094395102393,0.,2.094395102393,4.188790204786,
    6.28318530718,8.377580409573),(-1.570796326795,0.,1.570796326795),
.UNSPECIFIED.) GEOMETRIC_REPRESENTATION_ITEM() RATIONAL_B_SPLINE_SURFACE
((
    (1.,0.707106781187,1.,0.707106781187,1.)
    ,(0.5,0.353553390593,0.5,0.353553390593,0.5)
    ,(1.,0.707106781187,1.,0.707106781187,1.)
    ,(0.5,0.353553390593,0.5,0.353553390593,0.5)
    ,(1.,0.707106781187,1.,0.707106781187,1.)
    ,(0.5,0.353553390593,0.5,0.353553390593,0.5)
,(1.,0.707106781187,1.,0.707106781187,1.
))) REPRESENTATION_ITEM('') SURFACE() );
#1774 = CARTESIAN_POINT('',(5.,5.5,0.5));
#1775 = CARTESIAN_POINT('',(8.,5.5,0.5));
#1776 = CARTESIAN_POINT('',(8.,5.5,3.5));
#1777 = CARTESIAN_POINT('',(8.,5.5,6.5));
#1778 = CARTESIAN_POINT('',(5.,5.5,6.5));
#1779 = CARTESIAN_POINT('',(5.,5.5,0.5));
#1780 = CARTESIAN_POINT('',(8.,10.696152422707,0.5));
#1781 = CARTESIAN_POINT('',(8.,10.696152422707,3.5));
#1782 = CARTESIAN_POINT('',(8.,10.696152422707,6.5));
#1783 = CARTESIAN_POINT('',(5.,5.5,6.5));
#1784 = CARTESIAN_POINT('',(5.,5.5,0.5));
#1785 = CARTESIAN_POINT('',(3.5,8.098076211353,0.5));
#1786 = CARTESIAN_POINT('',(3.5,8.098076211353,3.5));
#1787 = CARTESIAN_POINT('',(3.5,8.098076211353,6.5));
#1788 = CARTESIAN_POINT('',(5.,5.5,6.5));
#1789 = CARTESIAN_POINT('',(5.,5.5,0.5));
#1790 = CARTESIAN_POINT('',(-1.,5.5,0.5));
#1791 = CARTESIAN_POINT('',(-1.,5.5,3.5));
#1792 = CARTESIAN_POINT('',(-1.,5.5,6.5));
#1793 = CARTESIAN_POINT('',(5.,5.5,6.5));
#1794 = CARTESIAN_POINT('',(5.,5.5,0.5));
#1795 = CARTESIAN_POINT('',(3.5,2.901923788647,0.5));
#1796 = CARTESIAN_POINT('',(3.5,2.901923788647,3.5));
#1797 = CARTESIAN_POINT('',(3.5,2.901923788647,6.5));
#1798 = CARTESIAN_POINT('',(5.,5.5,6.5));
#1799 = CARTESIAN_POINT('',(5.,5.5,0.5));
#1800 = CARTESIAN_POINT('',(8.,0.303847577293,0.5));
#1801 = CARTESIAN_POINT('',(8.,0.303847577293,3.5));
#1802 = CARTESIAN_POINT('',(8.,0.303847577293,6.5));
#1803 = CARTESIAN_POINT('',(5.,5.5,6.5));
#1804 = CARTESIAN_POINT('',(5.,5.5,0.5));
#1805 = CARTESIAN_POINT('',(8.,5.5,0.5));
#1806 = CARTESIAN_POINT('',(8.,5.5,3.5));
#1807 = CARTESIAN_POINT('',(8.,5.5,6.5));
#1808 = CARTESIAN_POINT('',(5.,5.5,6.5));
#1809 = DEFINITIONAL_REPRESENTATION('',(#1810),#2044);
#1810 = B_SPLINE_CURVE_WITH_KNOTS('',8,(#1811,#1812,#1813,#1814,#1815,
    #1816,#1817,#1818,#1819,#1820,#1821,#1822,#1823,#1824,#1825,#1826,
    #1827,#1828,#1829,#1830,#1831,#1832,#1833,#1834,#1835,#1836,#1837,
    #1838,#1839,#1840,#1841,#1842,#1843,#1844,#1845,#1846,#1847,#1848,
    #1849,#1850,#1851,#1852,#1853,#1854,#1855,#1856,#1857,#1858,#1859,
    #1860,#1861,#1862,#1863,#1864,#1865,#1866,#1867,#1868,#1869,#1870,
    #1871,#1872,#1873,#1874,#1875,#1876,#1877,#1878,#1879,#1880,#1881,
    #1882,#1883,#1884,#1885,#1886,#1887,#1888,#1889,#1890,#1891,#1892,
    #1893,#1894,#1895,#1896,#1897,#1898,#1899,#1900,#1901,#1902,#1903,
    #1904,#1905,#1906,#1907,#1908,#1909,#1910,#1911,#1912,#1913,#1914,
    #1915,#1916,#1917,#1918,#1919,#1920,#1921,#1922,#1923,#1924,#1925,
    #1926,#1927,#1928,#1929,#1930,#1931,#1932,#1933,#1934,#1935,#1936,
    #1937,#1938,#1939,#1940,#1941,#1942,#1943,#1944,#1945,#1946,#1947,
    #1948,#1949,#1950,#1951,#1952,#1953,#1954,#1955,#1956,#1957,#1958,
    #1959,#1960,#1961,#1962,#1963,#1964,#1965,#1966,#1967,#1968,#1969,
    #1970,#1971,#1972,#1973,#1974,#1975,#1976,#1977,#1978,#1979,#1980,
    #1981,#1982,#1983,#1984,#1985,#1986,#1987,#1988,#1989,#1990,#1991,
    #1992,#1993,#1994,#1995,#1996,#1997,#1998,#1999,#2000,#2001,#2002,
    #2003,#2004,#2005,#2006,#2007,#2008,#2009,#2010,#2011,#2012,#2013,
    #2014,#2015,#2016,#2017,#2018,#2019,#2020,#2021,#2022,#2023,#2024,
    #2025,#2026,#2027,#2028,#2029,#2030,#2031,#2032,#2033,#2034,#2035,
    #2036,#2037,#2038,#2039,#2040,#2041,#2042,#2043),.UNSPECIFIED.,.T.,
  .F.,(9,7,7,7,7,7,7,7,7,7,7,7,7,7,7,7,7,7,7,7,7,7,7,7,7,7,7,7,7,7,7,7,7
    ,9),(0.,4.865501981552E-02,0.101294764282,0.105108023182,
    0.133149082766,0.153542059028,0.204591812789,0.236815314485,
    0.286172399387,0.298973583551,0.314897021049,0.330416479878,
    0.348662065548,0.373112101062,0.385027678147,0.387363075686,
    0.425559840056,0.465175871708,0.500086516167,0.516331888219,
    0.563860668829,0.613992124402,0.621908986146,0.6459655518,
    0.701745133195,0.711417443423,0.713683520734,0.721837897808,
    0.788203828406,0.828900138134,0.876440513132,0.965598562032,
    0.96938848656,1.),.UNSPECIFIED.);
#1811 = CARTESIAN_POINT('',(3.997691168138,-0.35584964035));
#1812 = CARTESIAN_POINT('',(3.96640142483,-0.341375472903));
#1813 = CARTESIAN_POINT('',(3.936261536612,-0.32593150933));
#1814 = CARTESIAN_POINT('',(3.907250230523,-0.309527788711));
#1815 = CARTESIAN_POINT('',(3.879343782994,-0.292174042445));
#1816 = CARTESIAN_POINT('',(3.852517139652,-0.273879433582));
#1817 = CARTESIAN_POINT('',(3.826745035124,-0.254652296146));
#1818 = CARTESIAN_POINT('',(3.802003112839,-0.234499874469));
#1819 = CARTESIAN_POINT('',(3.752591215903,-0.190630521769));
#1820 = CARTESIAN_POINT('',(3.728091359676,-0.166755465727));
#1821 = CARTESIAN_POINT('',(3.704742429971,-0.141811495829));
#1822 = CARTESIAN_POINT('',(3.682517410351,-0.115804654985));
#1823 = CARTESIAN_POINT('',(3.661391037796,-8.873793188102E-02));
#1824 = CARTESIAN_POINT('',(3.641341092779,-6.061163962348E-02));
#1825 = CARTESIAN_POINT('',(3.622349255728,-3.142466872816E-02));
#1826 = CARTESIAN_POINT('',(3.603101384417,1.014575176687E-03));
#1827 = CARTESIAN_POINT('',(3.601806766222,3.212351962071E-03));
#1828 = CARTESIAN_POINT('',(3.600517133145,5.406391236444E-03));
#1829 = CARTESIAN_POINT('',(3.599232913251,7.604958706353E-03));
#1830 = CARTESIAN_POINT('',(3.597954026336,9.80658208928E-03));
#1831 = CARTESIAN_POINT('',(3.596680251369,1.200709875911E-02));
#1832 = CARTESIAN_POINT('',(3.595411820745,1.421103899226E-02));
#1833 = CARTESIAN_POINT('',(3.584859605613,3.26328741509E-02));
#1834 = CARTESIAN_POINT('',(3.575854552018,4.894171307176E-02));
#1835 = CARTESIAN_POINT('',(3.567131876685,6.533577250068E-02));
#1836 = CARTESIAN_POINT('',(3.55869033285,8.180841679164E-02));
#1837 = CARTESIAN_POINT('',(3.550529051078,9.835336279311E-02));
#1838 = CARTESIAN_POINT('',(3.542647578601,0.114964619319));
#1839 = CARTESIAN_POINT('',(3.535045918663,0.131636426621));
#1840 = CARTESIAN_POINT('',(3.522400088744,0.160527807789));
#1841 = CARTESIAN_POINT('',(3.517223854408,0.172721520875));
#1842 = CARTESIAN_POINT('',(3.512196032951,0.184942220575));
#1843 = CARTESIAN_POINT('',(3.507316932165,0.197187854881));
#1844 = CARTESIAN_POINT('',(3.502587001531,0.209456434317));
#1845 = CARTESIAN_POINT('',(3.49800683223,0.221746031942));
#1846 = CARTESIAN_POINT('',(3.493577157131,0.234054783345));
#1847 = CARTESIAN_POINT('',(3.478588963147,0.277236830898));
#1848 = CARTESIAN_POINT('',(3.46882699079,0.308203495696));
#1849 = CARTESIAN_POINT('',(3.460028074378,0.339249643033));
#1850 = CARTESIAN_POINT('',(3.452212316585,0.370348689978));
#1851 = CARTESIAN_POINT('',(3.445406669321,0.401477093981));
#1852 = CARTESIAN_POINT('',(3.43964712377,0.432612491441));
#1853 = CARTESIAN_POINT('',(3.434981203241,0.463731589556));
#1854 = CARTESIAN_POINT('',(3.429254904636,0.514423668812));
#1855 = CARTESIAN_POINT('',(3.427499314764,0.534023317636));
#1856 = CARTESIAN_POINT('',(3.426219643127,0.553600576536));
#1857 = CARTESIAN_POINT('',(3.425433717225,0.573149352564));
#1858 = CARTESIAN_POINT('',(3.425162107477,0.59266335806));
#1859 = CARTESIAN_POINT('',(3.425428696538,0.61213582751));
#1860 = CARTESIAN_POINT('',(3.426261248623,0.631559234408));
#1861 = CARTESIAN_POINT('',(3.429883443691,0.680587772447));
#1862 = CARTESIAN_POINT('',(3.433478220673,0.710113928505));
#1863 = CARTESIAN_POINT('',(3.438592595227,0.739475167342));
#1864 = CARTESIAN_POINT('',(3.445368236434,0.768636205696));
#1865 = CARTESIAN_POINT('',(3.453979402976,0.797552175324));
#1866 = CARTESIAN_POINT('',(3.464641591926,0.826164720792));
#1867 = CARTESIAN_POINT('',(3.477621630364,0.85439680571));
#1868 = CARTESIAN_POINT('',(3.497302356838,0.889343278424));
#1869 = CARTESIAN_POINT('',(3.501533482538,0.896507677764));
#1870 = CARTESIAN_POINT('',(3.505948288101,0.903637592263));
#1871 = CARTESIAN_POINT('',(3.510552717397,0.910731033948));
#1872 = CARTESIAN_POINT('',(3.51535295696,0.917785860052));
#1873 = CARTESIAN_POINT('',(3.520355435994,0.924799773003));
#1874 = CARTESIAN_POINT('',(3.525566826369,0.931770320435));
#1875 = CARTESIAN_POINT('',(3.537744975794,0.947308397786));
#1876 = CARTESIAN_POINT('',(3.544829827514,0.955850721162));
#1877 = CARTESIAN_POINT('',(3.552261832298,0.964316848471));
#1878 = CARTESIAN_POINT('',(3.560054770508,0.972701290299));
#1879 = CARTESIAN_POINT('',(3.568222819579,0.98099809867));
#1880 = CARTESIAN_POINT('',(3.57678040524,0.989200881078));
#1881 = CARTESIAN_POINT('',(3.585742052741,0.997302814503));
#1882 = CARTESIAN_POINT('',(3.604264447483,1.013087699992));
#1883 = CARTESIAN_POINT('',(3.61380466561,1.020776457078));
#1884 = CARTESIAN_POINT('',(3.623756589287,1.028356430752));
#1885 = CARTESIAN_POINT('',(3.634132759743,1.035819905534));
#1886 = CARTESIAN_POINT('',(3.644946653658,1.04315995995));
#1887 = CARTESIAN_POINT('',(3.656209733872,1.050368306436));
#1888 = CARTESIAN_POINT('',(3.66793327929,1.057437226632));
#1889 = CARTESIAN_POINT('',(3.694461799282,1.072495775196));
#1890 = CARTESIAN_POINT('',(3.709446768791,1.080429274371));
#1891 = CARTESIAN_POINT('',(3.725096399679,1.088145760709));
#1892 = CARTESIAN_POINT('',(3.741422989158,1.095632045372));
#1893 = CARTESIAN_POINT('',(3.758435401389,1.102875401255));
#1894 = CARTESIAN_POINT('',(3.776138220755,1.109863875431));
#1895 = CARTESIAN_POINT('',(3.794530905133,1.116586601583));
#1896 = CARTESIAN_POINT('',(3.839169818751,1.131674112961));
#1897 = CARTESIAN_POINT('',(3.865962639191,1.139820856963));
#1898 = CARTESIAN_POINT('',(3.893967930823,1.147450578252));
#1899 = CARTESIAN_POINT('',(3.923154488218,1.154546323706));
#1900 = CARTESIAN_POINT('',(3.953477002067,1.161098345472));
#1901 = CARTESIAN_POINT('',(3.984876967914,1.167103979735));
#1902 = CARTESIAN_POINT('',(4.01728487175,1.172567012056));
#1903 = CARTESIAN_POINT('',(4.066871105814,1.179898899709));
#1904 = CARTESIAN_POINT('',(4.083340563756,1.182174638216));
#1905 = CARTESIAN_POINT('',(4.100023480203,1.184324939939));
#1906 = CARTESIAN_POINT('',(4.116911303754,1.186351223937));
#1907 = CARTESIAN_POINT('',(4.1339954777,1.188255133183));
#1908 = CARTESIAN_POINT('',(4.151267440015,1.19003853457));
#1909 = CARTESIAN_POINT('',(4.168718623363,1.191703518903));
#1910 = CARTESIAN_POINT('',(4.189794251935,1.193555974556));
#1911 = CARTESIAN_POINT('',(4.193255004791,1.193854637741));
#1912 = CARTESIAN_POINT('',(4.196706974843,1.194150206105));
#1913 = CARTESIAN_POINT('',(4.200162253768,1.194441560454));
#1914 = CARTESIAN_POINT('',(4.203619978486,1.194728849564));
#1915 = CARTESIAN_POINT('',(4.207074539823,1.195012642368));
#1916 = CARTESIAN_POINT('',(4.210531067081,1.195292334022));
#1917 = CARTESIAN_POINT('',(4.270501571611,1.200078590189));
#1918 = CARTESIAN_POINT('',(4.32707517795,1.203550014377));
#1919 = CARTESIAN_POINT('',(4.383531940763,1.205943478476));
#1920 = CARTESIAN_POINT('',(4.439672249876,1.207211777688));
#1921 = CARTESIAN_POINT('',(4.495271190356,1.207301625898));
#1922 = CARTESIAN_POINT('',(4.550082983001,1.206157663647));
#1923 = CARTESIAN_POINT('',(4.603850908616,1.203728255043));
#1924 = CARTESIAN_POINT('',(4.710744204892,1.196078361858));
#1925 = CARTESIAN_POINT('',(4.763782091008,1.190756647262));
#1926 = CARTESIAN_POINT('',(4.815115106725,1.183965279465));
#1927 = CARTESIAN_POINT('',(4.864423523706,1.175679519364));
#1928 = CARTESIAN_POINT('',(4.91142796932,1.165905391535));
#1929 = CARTESIAN_POINT('',(4.955914682464,1.154686620171));
#1930 = CARTESIAN_POINT('',(4.997747208841,1.142105648513));
#1931 = CARTESIAN_POINT('',(5.071335708974,1.116094123467));
#1932 = CARTESIAN_POINT('',(5.103708295011,1.102938414486));
#1933 = CARTESIAN_POINT('',(5.13394432177,1.088887321301));
#1934 = CARTESIAN_POINT('',(5.162073006193,1.074027641633));
#1935 = CARTESIAN_POINT('',(5.1881688636,1.058448728239));
#1936 = CARTESIAN_POINT('',(5.212333584283,1.042236438285));
#1937 = CARTESIAN_POINT('',(5.2346816773,1.025469568309));
#1938 = CARTESIAN_POINT('',(5.26493834802,1.000191264445));
#1939 = CARTESIAN_POINT('',(5.274179235437,0.992058435903));
#1940 = CARTESIAN_POINT('',(5.283064880734,0.983827117017));
#1941 = CARTESIAN_POINT('',(5.291607433519,0.975503694869));
#1942 = CARTESIAN_POINT('',(5.299818856005,0.967094115754));
#1943 = CARTESIAN_POINT('',(5.307710923014,0.958603885183));
#1944 = CARTESIAN_POINT('',(5.315295221974,0.950038067882));
#1945 = CARTESIAN_POINT('',(5.343905315934,0.916132822111));
#1946 = CARTESIAN_POINT('',(5.362686701663,0.890260257972));
#1947 = CARTESIAN_POINT('',(5.379213385046,0.863895615953));
#1948 = CARTESIAN_POINT('',(5.393732645393,0.837124571416));
#1949 = CARTESIAN_POINT('',(5.406452912177,0.810011826045));
#1950 = CARTESIAN_POINT('',(5.417546281061,0.782605523902));
#1951 = CARTESIAN_POINT('',(5.42715360014,0.754940711979));
#1952 = CARTESIAN_POINT('',(5.444081794197,0.69761523722));
#1953 = CARTESIAN_POINT('',(5.451247652837,0.667931115882));
#1954 = CARTESIAN_POINT('',(5.457026031408,0.63802096935));
#1955 = CARTESIAN_POINT('',(5.461521467328,0.607908200471));
#1956 = CARTESIAN_POINT('',(5.464814041043,0.577611061022));
#1957 = CARTESIAN_POINT('',(5.46696513047,0.547145130205));
#1958 = CARTESIAN_POINT('',(5.468021585173,0.516525337439));
#1959 = CARTESIAN_POINT('',(5.468017804698,0.480910193673));
#1960 = CARTESIAN_POINT('',(5.467990861234,0.476049394478));
#1961 = CARTESIAN_POINT('',(5.46793762518,0.471184767169));
#1962 = CARTESIAN_POINT('',(5.467858223762,0.466317070584));
#1963 = CARTESIAN_POINT('',(5.467752778532,0.461445585913));
#1964 = CARTESIAN_POINT('',(5.467621402777,0.456570968832));
#1965 = CARTESIAN_POINT('',(5.467464204748,0.451692982581));
#1966 = CARTESIAN_POINT('',(5.466725458925,0.431979519903));
#1967 = CARTESIAN_POINT('',(5.465932202788,0.417117475093));
#1968 = CARTESIAN_POINT('',(5.464904239769,0.402227404807));
#1969 = CARTESIAN_POINT('',(5.463643904361,0.387311253934));
#1970 = CARTESIAN_POINT('',(5.462153143085,0.372371153574));
#1971 = CARTESIAN_POINT('',(5.460433514486,0.357409421036));
#1972 = CARTESIAN_POINT('',(5.458486189134,0.342428559841));
#1973 = CARTESIAN_POINT('',(5.451270574581,0.292657255202));
#1974 = CARTESIAN_POINT('',(5.445008935082,0.257790586827));
#1975 = CARTESIAN_POINT('',(5.437538484167,0.222871462897));
#1976 = CARTESIAN_POINT('',(5.428863468053,0.187942591698));
#1977 = CARTESIAN_POINT('',(5.418982788147,0.153052375518));
#1978 = CARTESIAN_POINT('',(5.407892535823,0.118258063721));
#1979 = CARTESIAN_POINT('',(5.395589199961,8.362886488895E-02));
#1980 = CARTESIAN_POINT('',(5.379729901377,4.328747194813E-02));
#1981 = CARTESIAN_POINT('',(5.377349761512,3.733331540091E-02));
#1982 = CARTESIAN_POINT('',(5.37493311762,3.13869575738E-02));
#1983 = CARTESIAN_POINT('',(5.372479960819,2.54488156491E-02));
#1984 = CARTESIAN_POINT('',(5.36999028338,1.951931479811E-02));
#1985 = CARTESIAN_POINT('',(5.367464078729,1.35988881811E-02));
#1986 = CARTESIAN_POINT('',(5.364901341446,7.68797694729E-03));
#1987 = CARTESIAN_POINT('',(5.361693096284,4.045268674191E-04));
#1988 = CARTESIAN_POINT('',(5.361065714627,-1.015306910794E-03));
#1989 = CARTESIAN_POINT('',(5.360423797507,-2.460958642217E-03));
#1990 = CARTESIAN_POINT('',(5.359772110316,-3.920533693477E-03));
#1991 = CARTESIAN_POINT('',(5.359116312633,-5.381283334722E-03));
#1992 = CARTESIAN_POINT('',(5.358462962233,-6.829132818981E-03));
#1993 = CARTESIAN_POINT('',(5.357819519094,-8.24820946154E-03));
#1994 = CARTESIAN_POINT('',(5.354944704442,-1.455803116226E-02));
#1995 = CARTESIAN_POINT('',(5.352668100929,-1.946916012202E-02));
#1996 = CARTESIAN_POINT('',(5.350364519645,-2.435367395713E-02));
#1997 = CARTESIAN_POINT('',(5.348033943468,-2.921148853508E-02));
#1998 = CARTESIAN_POINT('',(5.345676357364,-3.40425192323E-02));
#1999 = CARTESIAN_POINT('',(5.343291748392,-3.884668093416E-02));
#2000 = CARTESIAN_POINT('',(5.340880105702,-4.362388803499E-02));
#2001 = CARTESIAN_POINT('',(5.318593722927,-8.703417660244E-02));
#2002 = CARTESIAN_POINT('',(5.296950807332,-0.123910781667));
#2003 = CARTESIAN_POINT('',(5.273514103113,-0.158942642391));
#2004 = CARTESIAN_POINT('',(5.248289392317,-0.192086042165));
#2005 = CARTESIAN_POINT('',(5.221288452208,-0.223301822087));
#2006 = CARTESIAN_POINT('',(5.192532675527,-0.252548650617));
#2007 = CARTESIAN_POINT('',(5.162058668451,-0.279782515831));
#2008 = CARTESIAN_POINT('',(5.110221618306,-0.320403043499));
#2009 = CARTESIAN_POINT('',(5.089889815321,-0.335074245133));
#2010 = CARTESIAN_POINT('',(5.06894096895,-0.348968173602));
#2011 = CARTESIAN_POINT('',(5.047386851565,-0.362077672127));
#2012 = CARTESIAN_POINT('',(5.025240597099,-0.374396377153));
#2013 = CARTESIAN_POINT('',(5.002516841872,-0.385918796797));
#2014 = CARTESIAN_POINT('',(4.979231865417,-0.396640389292));
#2015 = CARTESIAN_POINT('',(4.927568322188,-0.418142718539));
#2016 = CARTESIAN_POINT('',(4.898991532902,-0.428630315835));
#2017 = CARTESIAN_POINT('',(4.869701269803,-0.438015112644));
#2018 = CARTESIAN_POINT('',(4.839728460623,-0.446294054115));
#2019 = CARTESIAN_POINT('',(4.809106779989,-0.453466551205));
#2020 = CARTESIAN_POINT('',(4.777872374947,-0.459534680658));
#2021 = CARTESIAN_POINT('',(4.746063590471,-0.464503384994));
#2022 = CARTESIAN_POINT('',(4.653064264369,-0.475652205109));
#2023 = CARTESIAN_POINT('',(4.590537674221,-0.479084094972));
#2024 = CARTESIAN_POINT('',(4.526394231212,-0.478730632821));
#2025 = CARTESIAN_POINT('',(4.460913718467,-0.474678932798));
#2026 = CARTESIAN_POINT('',(4.394385244335,-0.46704537866));
#2027 = CARTESIAN_POINT('',(4.327093546285,-0.455965715529));
#2028 = CARTESIAN_POINT('',(4.259308749926,-0.441578787166));
#2029 = CARTESIAN_POINT('',(4.188387803775,-0.423256847415));
#2030 = CARTESIAN_POINT('',(4.185494834917,-0.422504054927));
#2031 = CARTESIAN_POINT('',(4.182609580557,-0.421745158744));
#2032 = CARTESIAN_POINT('',(4.179734490112,-0.420980054785));
#2033 = CARTESIAN_POINT('',(4.176868218373,-0.420208802991));
#2034 = CARTESIAN_POINT('',(4.174008285424,-0.419431512857));
#2035 = CARTESIAN_POINT('',(4.171153736563,-0.41864822897));
#2036 = CARTESIAN_POINT('',(4.145320970584,-0.411482671365));
#2037 = CARTESIAN_POINT('',(4.122815326737,-0.404710031445));
#2038 = CARTESIAN_POINT('',(4.100788305201,-0.397542393874));
#2039 = CARTESIAN_POINT('',(4.079236487905,-0.389981563741));
#2040 = CARTESIAN_POINT('',(4.058155748997,-0.382029590586));
#2041 = CARTESIAN_POINT('',(4.037541399642,-0.373688704834));
#2042 = CARTESIAN_POINT('',(4.017388332823,-0.364961254245));
#2043 = CARTESIAN_POINT('',(3.997691168138,-0.35584964035));
#2044 = ( GEOMETRIC_REPRESENTATION_CONTEXT(2) 
PARAMETRIC_REPRESENTATION_CONTEXT() REPRESENTATION_CONTEXT('2D SPACE',''
  ) );
#2045 = ORIENTED_EDGE('',*,*,#2046,.F.);
#2046 = EDGE_CURVE('',#2047,#1298,#2049,.T.);
#2047 = VERTEX_POINT('',#2048);
#2048 = CARTESIAN_POINT('',(3.202189088471,-3.316453360611,2.5));
#2049 = SURFACE_CURVE('',#2050,(#2228,#2409),.PCURVE_S1.);
#2050 = B_SPLINE_CURVE_WITH_KNOTS('',8,(#2051,#2052,#2053,#2054,#2055,
    #2056,#2057,#2058,#2059,#2060,#2061,#2062,#2063,#2064,#2065,#2066,
    #2067,#2068,#2069,#2070,#2071,#2072,#2073,#2074,#2075,#2076,#2077,
    #2078,#2079,#2080,#2081,#2082,#2083,#2084,#2085,#2086,#2087,#2088,
    #2089,#2090,#2091,#2092,#2093,#2094,#2095,#2096,#2097,#2098,#2099,
    #2100,#2101,#2102,#2103,#2104,#2105,#2106,#2107,#2108,#2109,#2110,
    #2111,#2112,#2113,#2114,#2115,#2116,#2117,#2118,#2119,#2120,#2121,
    #2122,#2123,#2124,#2125,#2126,#2127,#2128,#2129,#2130,#2131,#2132,
    #2133,#2134,#2135,#2136,#2137,#2138,#2139,#2140,#2141,#2142,#2143,
    #2144,#2145,#2146,#2147,#2148,#2149,#2150,#2151,#2152,#2153,#2154,
    #2155,#2156,#2157,#2158,#2159,#2160,#2161,#2162,#2163,#2164,#2165,
    #2166,#2167,#2168,#2169,#2170,#2171,#2172,#2173,#2174,#2175,#2176,
    #2177,#2178,#2179,#2180,#2181,#2182,#2183,#2184,#2185,#2186,#2187,
    #2188,#2189,#2190,#2191,#2192,#2193,#2194,#2195,#2196,#2197,#2198,
    #2199,#2200,#2201,#2202,#2203,#2204,#2205,#2206,#2207,#2208,#2209,
    #2210,#2211,#2212,#2213,#2214,#2215,#2216,#2217,#2218,#2219,#2220,
    #2221,#2222,#2223,#2224,#2225,#2226,#2227),.UNSPECIFIED.,.F.,.F.,(9,
    7,7,7,7,7,7,7,7,7,7,7,7,7,7,7,7,7,7,7,7,7,7,7,7,9),(0.,
    4.529089045379E-02,8.424802926016E-02,0.117083820262,0.217689056553,
    0.307668868991,0.338892146337,0.373675904381,0.408459931761,
    0.442851031312,0.448822868701,0.465592000394,0.510226561453,
    0.531260843327,0.554776442611,0.576451750276,0.579475296171,
    0.610005944292,0.643060328513,0.676302872974,0.706086750677,
    0.793281693549,0.888997937051,0.920186424331,0.957318868198,1.),
  .UNSPECIFIED.);
#2051 = CARTESIAN_POINT('',(8.,-1.372579921924,2.5));
#2052 = CARTESIAN_POINT('',(7.914610366479,-1.486775083784,2.5));
#2053 = CARTESIAN_POINT('',(7.822863986983,-1.596371748727,2.5));
#2054 = CARTESIAN_POINT('',(7.725492654532,-1.701338152949,2.5));
#2055 = CARTESIAN_POINT('',(7.623167539281,-1.801699291576,2.5));
#2056 = CARTESIAN_POINT('',(7.516488304007,-1.897525790166,2.5));
#2057 = CARTESIAN_POINT('',(7.405973724806,-1.988924065983,2.5));
#2058 = CARTESIAN_POINT('',(7.292053817003,-2.076027779062,2.5));
#2059 = CARTESIAN_POINT('',(7.074433752729,-2.230351348909,2.5));
#2060 = CARTESIAN_POINT('',(6.971554710298,-2.298632783792,2.5));
#2061 = CARTESIAN_POINT('',(6.866653741206,-2.363924879364,2.5));
#2062 = CARTESIAN_POINT('',(6.759934363015,-2.42631304741,2.5));
#2063 = CARTESIAN_POINT('',(6.651576781492,-2.485878751582,2.5));
#2064 = CARTESIAN_POINT('',(6.54173846348,-2.542700149139,2.5));
#2065 = CARTESIAN_POINT('',(6.430554709776,-2.596852732678,2.5));
#2066 = CARTESIAN_POINT('',(6.223387627187,-2.691866005418,2.5));
#2067 = CARTESIAN_POINT('',(6.127766177139,-2.733475732004,2.5));
#2068 = CARTESIAN_POINT('',(6.031345880655,-2.77328161757,2.5));
#2069 = CARTESIAN_POINT('',(5.934191921502,-2.811322887398,2.5));
#2070 = CARTESIAN_POINT('',(5.836363827412,-2.84763585706,2.5));
#2071 = CARTESIAN_POINT('',(5.737915633092,-2.882254263365,2.5));
#2072 = CARTESIAN_POINT('',(5.638896043217,-2.915209595302,2.5));
#2073 = CARTESIAN_POINT('',(5.234346212346,-3.042498051052,2.5));
#2074 = CARTESIAN_POINT('',(4.924499262138,-3.123095448751,2.5));
#2075 = CARTESIAN_POINT('',(4.610941472336,-3.189225936972,2.5));
#2076 = CARTESIAN_POINT('',(4.29464671811,-3.241476220331,2.5));
#2077 = CARTESIAN_POINT('',(3.976463851261,-3.280267421294,2.5));
#2078 = CARTESIAN_POINT('',(3.657126730588,-3.305896398042,2.5));
#2079 = CARTESIAN_POINT('',(3.337254320628,-3.318519364346,2.5));
#2080 = CARTESIAN_POINT('',(2.73124322681,-3.317779537719,2.5));
#2081 = CARTESIAN_POINT('',(2.445250945482,-3.307020458988,2.5));
#2082 = CARTESIAN_POINT('',(2.159764974086,-3.28586244865,2.5));
#2083 = CARTESIAN_POINT('',(1.875238549979,-3.254214179327,2.5));
#2084 = CARTESIAN_POINT('',(1.59219420918,-3.211898847266,2.5));
#2085 = CARTESIAN_POINT('',(1.311224819432,-3.158660654937,2.5));
#2086 = CARTESIAN_POINT('',(1.033000786734,-3.094147188258,2.5));
#2087 = CARTESIAN_POINT('',(0.66296547723,-2.991379766311,2.5));
#2088 = CARTESIAN_POINT('',(0.568070719059,-2.963489341393,2.5));
#2089 = CARTESIAN_POINT('',(0.473641193791,-2.934162511275,2.5));
#2090 = CARTESIAN_POINT('',(0.379715329957,-2.903377986831,2.5));
#2091 = CARTESIAN_POINT('',(0.286335377678,-2.871113155636,2.5));
#2092 = CARTESIAN_POINT('',(0.193547540631,-2.837344025274,2.5));
#2093 = CARTESIAN_POINT('',(0.101402108022,-2.802045166646,2.5));
#2094 = CARTESIAN_POINT('',(-9.192307453928E-02,-2.724131407508,2.5));
#2095 = CARTESIAN_POINT('',(-0.192930794964,-2.681142849744,2.5));
#2096 = CARTESIAN_POINT('',(-0.292996760843,-2.636185940482,2.5));
#2097 = CARTESIAN_POINT('',(-0.392036076339,-2.589222177301,2.5));
#2098 = CARTESIAN_POINT('',(-0.48995175781,-2.540213083172,2.5));
#2099 = CARTESIAN_POINT('',(-0.586634532571,-2.489120860228,2.5));
#2100 = CARTESIAN_POINT('',(-0.681962442277,-2.435909213019,2.5));
#2101 = CARTESIAN_POINT('',(-0.869638786157,-2.325179040743,2.5));
#2102 = CARTESIAN_POINT('',(-0.961975598277,-2.267667400634,2.5));
#2103 = CARTESIAN_POINT('',(-1.052682933794,-2.207972234833,2.5));
#2104 = CARTESIAN_POINT('',(-1.141604627033,-2.146067509942,2.5));
#2105 = CARTESIAN_POINT('',(-1.228556851052,-2.081941307197,2.5));
#2106 = CARTESIAN_POINT('',(-1.313329822253,-2.015601360865,2.5));
#2107 = CARTESIAN_POINT('',(-1.395690458673,-1.947083173083,2.5));
#2108 = CARTESIAN_POINT('',(-1.554181267412,-1.806636003728,2.5));
#2109 = CARTESIAN_POINT('',(-1.630351589634,-1.734771963686,2.5));
#2110 = CARTESIAN_POINT('',(-1.703664371633,-1.660933286843,2.5));
#2111 = CARTESIAN_POINT('',(-1.773827322056,-1.585258435257,2.5));
#2112 = CARTESIAN_POINT('',(-1.840505256828,-1.507973396883,2.5));
#2113 = CARTESIAN_POINT('',(-1.903346080872,-1.429419670127,2.5));
#2114 = CARTESIAN_POINT('',(-1.962019249921,-1.350075251109,2.5));
#2115 = CARTESIAN_POINT('',(-2.025690389851,-1.256737806834,2.5));
#2116 = CARTESIAN_POINT('',(-2.034969540732,-1.242934134091,2.5));
#2117 = CARTESIAN_POINT('',(-2.04412713644,-1.229110243869,2.5));
#2118 = CARTESIAN_POINT('',(-2.053221080395,-1.21517626928,2.5));
#2119 = CARTESIAN_POINT('',(-2.062134701071,-1.201308132975,2.5));
#2120 = CARTESIAN_POINT('',(-2.070975850205,-1.187344194991,2.5));
#2121 = CARTESIAN_POINT('',(-2.07968325935,-1.17337577167,2.5));
#2122 = CARTESIAN_POINT('',(-2.11240296322,-1.120061351565,2.5));
#2123 = CARTESIAN_POINT('',(-2.135598601073,-1.080530357141,2.5));
#2124 = CARTESIAN_POINT('',(-2.157842216784,-1.040814217259,2.5));
#2125 = CARTESIAN_POINT('',(-2.179116778843,-1.000946204028,2.5));
#2126 = CARTESIAN_POINT('',(-2.199408650543,-0.960960350964,2.5));
#2127 = CARTESIAN_POINT('',(-2.218707781186,-0.920890875973,2.5));
#2128 = CARTESIAN_POINT('',(-2.237007897274,-0.880771604331,2.5));
#2129 = CARTESIAN_POINT('',(-2.300351068583,-0.733804443754,2.5));
#2130 = CARTESIAN_POINT('',(-2.33930020311,-0.626856304136,2.5));
#2131 = CARTESIAN_POINT('',(-2.37109646747,-0.520434492802,2.5));
#2132 = CARTESIAN_POINT('',(-2.395945011553,-0.414996819839,2.5));
#2133 = CARTESIAN_POINT('',(-2.414225147176,-0.31067960815,2.5));
#2134 = CARTESIAN_POINT('',(-2.426304628279,-0.207291673734,2.5));
#2135 = CARTESIAN_POINT('',(-2.432379209467,-0.104414037598,2.5));
#2136 = CARTESIAN_POINT('',(-2.432497871723,4.687912814335E-02,2.5));
#2137 = CARTESIAN_POINT('',(-2.431204483788,9.533681249133E-02,2.5));
#2138 = CARTESIAN_POINT('',(-2.428580749927,0.143843832761,2.5));
#2139 = CARTESIAN_POINT('',(-2.424616649808,0.192448957376,2.5));
#2140 = CARTESIAN_POINT('',(-2.419293290195,0.241194760719,2.5));
#2141 = CARTESIAN_POINT('',(-2.412585102917,0.290114783773,2.5));
#2142 = CARTESIAN_POINT('',(-2.404462042818,0.33923069477,2.5));
#2143 = CARTESIAN_POINT('',(-2.384192569457,0.443686111415,2.5));
#2144 = CARTESIAN_POINT('',(-2.371684495086,0.499078074396,2.5));
#2145 = CARTESIAN_POINT('',(-2.357324794408,0.554728200114,2.5));
#2146 = CARTESIAN_POINT('',(-2.341069618317,0.610618679661,2.5));
#2147 = CARTESIAN_POINT('',(-2.322880471903,0.666709829975,2.5));
#2148 = CARTESIAN_POINT('',(-2.302729796302,0.722940888231,2.5));
#2149 = CARTESIAN_POINT('',(-2.280605697317,0.779232804533,2.5));
#2150 = CARTESIAN_POINT('',(-2.234311177854,0.887350429559,2.5));
#2151 = CARTESIAN_POINT('',(-2.210434556662,0.939185521808,2.5));
#2152 = CARTESIAN_POINT('',(-2.184890379043,0.990926562586,2.5));
#2153 = CARTESIAN_POINT('',(-2.157694293828,1.042499813479,2.5));
#2154 = CARTESIAN_POINT('',(-2.128872228629,1.0938313941,2.5));
#2155 = CARTESIAN_POINT('',(-2.098459441634,1.14484913145,2.5));
#2156 = CARTESIAN_POINT('',(-2.06649957339,1.195484409293,2.5));
#2157 = CARTESIAN_POINT('',(-2.028376850287,1.252675098481,2.5));
#2158 = CARTESIAN_POINT('',(-2.02366488194,1.259691960319,2.5));
#2159 = CARTESIAN_POINT('',(-2.01889237804,1.266746241655,2.5));
#2160 = CARTESIAN_POINT('',(-2.014048477332,1.273852709015,2.5));
#2161 = CARTESIAN_POINT('',(-2.009126872815,1.281019256829,2.5));
#2162 = CARTESIAN_POINT('',(-2.004125811751,1.288246907426,2.5));
#2163 = CARTESIAN_POINT('',(-1.999048095654,1.295529811036,2.5));
#2164 = CARTESIAN_POINT('',(-1.941928423,1.376824776498,2.5));
#2165 = CARTESIAN_POINT('',(-1.886192496875,1.45047602296,2.5));
#2166 = CARTESIAN_POINT('',(-1.826913411775,1.523345821219,2.5));
#2167 = CARTESIAN_POINT('',(-1.764359821686,1.595069852934,2.5));
#2168 = CARTESIAN_POINT('',(-1.698812445495,1.665383655503,2.5));
#2169 = CARTESIAN_POINT('',(-1.630538219624,1.734107683358,2.5));
#2170 = CARTESIAN_POINT('',(-1.559772580227,1.801128550422,2.5));
#2171 = CARTESIAN_POINT('',(-1.407602421006,1.937043166775,2.5));
#2172 = CARTESIAN_POINT('',(-1.325821269134,2.005616418432,2.5));
#2173 = CARTESIAN_POINT('',(-1.241616840144,2.072030497763,2.5));
#2174 = CARTESIAN_POINT('',(-1.15522273035,2.136246941571,2.5));
#2175 = CARTESIAN_POINT('',(-1.066849385695,2.198255777553,2.5));
#2176 = CARTESIAN_POINT('',(-0.976681292723,2.258067252209,2.5));
#2177 = CARTESIAN_POINT('',(-0.884875184115,2.31570617348,2.5));
#2178 = CARTESIAN_POINT('',(-0.697712137713,2.427027508736,2.5));
#2179 = CARTESIAN_POINT('',(-0.602349813176,2.480678406556,2.5));
#2180 = CARTESIAN_POINT('',(-0.505610315807,2.532195042749,2.5));
#2181 = CARTESIAN_POINT('',(-0.407618083769,2.581613671847,2.5));
#2182 = CARTESIAN_POINT('',(-0.308484558446,2.628972249664,2.5));
#2183 = CARTESIAN_POINT('',(-0.208308581975,2.674309549505,2.5));
#2184 = CARTESIAN_POINT('',(-0.107176596605,2.717664466638,2.5));
#2185 = CARTESIAN_POINT('',(8.623742839677E-02,2.796178010318,2.5));
#2186 = CARTESIAN_POINT('',(0.178342166009,2.831718754282,2.5));
#2187 = CARTESIAN_POINT('',(0.271096414808,2.865724823425,2.5));
#2188 = CARTESIAN_POINT('',(0.364449307658,2.898221816558,2.5));
#2189 = CARTESIAN_POINT('',(0.458354128323,2.929233905097,2.5));
#2190 = CARTESIAN_POINT('',(0.552768177345,2.958783887345,2.5));
#2191 = CARTESIAN_POINT('',(0.647652637924,2.986893242782,2.5));
#2192 = CARTESIAN_POINT('',(1.022029619502,3.091716435108,2.5));
#2193 = CARTESIAN_POINT('',(1.304751851776,3.157658108908,2.5));
#2194 = CARTESIAN_POINT('',(1.590327953896,3.211942535355,2.5));
#2195 = CARTESIAN_POINT('',(1.878052232367,3.254940953096,2.5));
#2196 = CARTESIAN_POINT('',(2.167301668184,3.286921701529,2.5));
#2197 = CARTESIAN_POINT('',(2.457528111806,3.308069350256,2.5));
#2198 = CARTESIAN_POINT('',(2.748257283244,3.318477262211,2.5));
#2199 = CARTESIAN_POINT('',(3.358337313859,3.317746880304,2.5));
#2200 = CARTESIAN_POINT('',(3.677528943045,3.304403919759,2.5));
#2201 = CARTESIAN_POINT('',(3.99615603804,3.278101525481,2.5));
#2202 = CARTESIAN_POINT('',(4.313602156562,3.238678769574,2.5));
#2203 = CARTESIAN_POINT('',(4.629134635531,3.185834882938,2.5));
#2204 = CARTESIAN_POINT('',(4.941904539376,3.119145476038,2.5));
#2205 = CARTESIAN_POINT('',(5.250936538075,3.038021218029,2.5));
#2206 = CARTESIAN_POINT('',(5.65420124041,2.910125613903,2.5));
#2207 = CARTESIAN_POINT('',(5.752779472667,2.877068695095,2.5));
#2208 = CARTESIAN_POINT('',(5.850784963367,2.842357374923,2.5));
#2209 = CARTESIAN_POINT('',(5.948169127184,2.805960273265,2.5));
#2210 = CARTESIAN_POINT('',(6.044878062545,2.767843792972,2.5));
#2211 = CARTESIAN_POINT('',(6.140852389715,2.727971793124,2.5));
#2212 = CARTESIAN_POINT('',(6.236027088882,2.686305262281,2.5));
#2213 = CARTESIAN_POINT('',(6.442608256773,2.59100779163,2.5));
#2214 = CARTESIAN_POINT('',(6.55364393666,2.536613605997,2.5));
#2215 = CARTESIAN_POINT('',(6.663323795425,2.479545611933,2.5));
#2216 = CARTESIAN_POINT('',(6.77151142926,2.419728021271,2.5));
#2217 = CARTESIAN_POINT('',(6.878048044622,2.357082453345,2.5));
#2218 = CARTESIAN_POINT('',(6.982751889823,2.291527307744,2.5));
#2219 = CARTESIAN_POINT('',(7.085417686623,2.222977137073,2.5));
#2220 = CARTESIAN_POINT('',(7.301216930682,2.069002492124,2.5));
#2221 = CARTESIAN_POINT('',(7.413593162787,1.982607483905,2.5));
#2222 = CARTESIAN_POINT('',(7.522617292341,1.892009043401,2.5));
#2223 = CARTESIAN_POINT('',(7.627870740527,1.797078789764,2.5));
#2224 = CARTESIAN_POINT('',(7.72884991511,1.697714834242,2.5));
#2225 = CARTESIAN_POINT('',(7.824973782704,1.593849963052,2.5));
#2226 = CARTESIAN_POINT('',(7.915592913722,1.485461081875,2.5));
#2227 = CARTESIAN_POINT('',(8.,1.372579921924,2.5));
#2228 = PCURVE('',#206,#2229);
#2229 = DEFINITIONAL_REPRESENTATION('',(#2230),#2408);
#2230 = B_SPLINE_CURVE_WITH_KNOTS('',8,(#2231,#2232,#2233,#2234,#2235,
    #2236,#2237,#2238,#2239,#2240,#2241,#2242,#2243,#2244,#2245,#2246,
    #2247,#2248,#2249,#2250,#2251,#2252,#2253,#2254,#2255,#2256,#2257,
    #2258,#2259,#2260,#2261,#2262,#2263,#2264,#2265,#2266,#2267,#2268,
    #2269,#2270,#2271,#2272,#2273,#2274,#2275,#2276,#2277,#2278,#2279,
    #2280,#2281,#2282,#2283,#2284,#2285,#2286,#2287,#2288,#2289,#2290,
    #2291,#2292,#2293,#2294,#2295,#2296,#2297,#2298,#2299,#2300,#2301,
    #2302,#2303,#2304,#2305,#2306,#2307,#2308,#2309,#2310,#2311,#2312,
    #2313,#2314,#2315,#2316,#2317,#2318,#2319,#2320,#2321,#2322,#2323,
    #2324,#2325,#2326,#2327,#2328,#2329,#2330,#2331,#2332,#2333,#2334,
    #2335,#2336,#2337,#2338,#2339,#2340,#2341,#2342,#2343,#2344,#2345,
    #2346,#2347,#2348,#2349,#2350,#2351,#2352,#2353,#2354,#2355,#2356,
    #2357,#2358,#2359,#2360,#2361,#2362,#2363,#2364,#2365,#2366,#2367,
    #2368,#2369,#2370,#2371,#2372,#2373,#2374,#2375,#2376,#2377,#2378,
    #2379,#2380,#2381,#2382,#2383,#2384,#2385,#2386,#2387,#2388,#2389,
    #2390,#2391,#2392,#2393,#2394,#2395,#2396,#2397,#2398,#2399,#2400,
    #2401,#2402,#2403,#2404,#2405,#2406,#2407),.UNSPECIFIED.,.F.,.F.,(9,
    7,7,7,7,7,7,7,7,7,7,7,7,7,7,7,7,7,7,7,7,7,7,7,7,9),(0.,
    4.529089045379E-02,8.424802926016E-02,0.117083820262,0.217689056553,
    0.307668868991,0.338892146337,0.373675904381,0.408459931761,
    0.442851031312,0.448822868701,0.465592000394,0.510226561453,
    0.531260843327,0.554776442611,0.576451750276,0.579475296171,
    0.610005944292,0.643060328513,0.676302872974,0.706086750677,
    0.793281693549,0.888997937051,0.920186424331,0.957318868198,1.),
  .UNSPECIFIED.);
#2231 = CARTESIAN_POINT('',(5.951755995452,-0.356069243448));
#2232 = CARTESIAN_POINT('',(5.924577673419,-0.361682997738));
#2233 = CARTESIAN_POINT('',(5.898356730344,-0.367719266398));
#2234 = CARTESIAN_POINT('',(5.873034726922,-0.374131598339));
#2235 = CARTESIAN_POINT('',(5.84855407811,-0.38087774377));
#2236 = CARTESIAN_POINT('',(5.824858034371,-0.387920323143));
#2237 = CARTESIAN_POINT('',(5.80189030092,-0.395227424012));
#2238 = CARTESIAN_POINT('',(5.779594294974,-0.402773125814));
#2239 = CARTESIAN_POINT('',(5.739261964357,-0.41721689903));
#2240 = CARTESIAN_POINT('',(5.721070054647,-0.424056481669));
#2241 = CARTESIAN_POINT('',(5.703301736012,-0.431043358453));
#2242 = CARTESIAN_POINT('',(5.685925930873,-0.43816583075));
#2243 = CARTESIAN_POINT('',(5.668914342535,-0.445413811497));
#2244 = CARTESIAN_POINT('',(5.652240737781,-0.452778793396));
#2245 = CARTESIAN_POINT('',(5.635880229476,-0.460253817102));
#2246 = CARTESIAN_POINT('',(5.606262235607,-0.474222073216));
#2247 = CARTESIAN_POINT('',(5.59292188942,-0.480684666893));
#2248 = CARTESIAN_POINT('',(5.579773522787,-0.487217767213));
#2249 = CARTESIAN_POINT('',(5.566804215089,-0.493818344266));
#2250 = CARTESIAN_POINT('',(5.554001935075,-0.500483785063));
#2251 = CARTESIAN_POINT('',(5.541355353034,-0.507211887137));
#2252 = CARTESIAN_POINT('',(5.528853652961,-0.514000852141));
#2253 = CARTESIAN_POINT('',(5.478594278511,-0.541832104204));
#2254 = CARTESIAN_POINT('',(5.441977591661,-0.56336551427));
#2255 = CARTESIAN_POINT('',(5.406319074004,-0.585417175338));
#2256 = CARTESIAN_POINT('',(5.371376084139,-0.607970000848));
#2257 = CARTESIAN_POINT('',(5.336932479357,-0.631020728374));
#2258 = CARTESIAN_POINT('',(5.302779381847,-0.654580177895));
#2259 = CARTESIAN_POINT('',(5.268701666314,-0.678675907823));
#2260 = CARTESIAN_POINT('',(5.203810243368,-0.725433263436));
#2261 = CARTESIAN_POINT('',(5.173047204802,-0.747966683251));
#2262 = CARTESIAN_POINT('',(5.141979423969,-0.770991621548));
#2263 = CARTESIAN_POINT('',(5.110423434411,-0.794544772503));
#2264 = CARTESIAN_POINT('',(5.078167855926,-0.818667846942));
#2265 = CARTESIAN_POINT('',(5.044962918945,-0.843409420407));
#2266 = CARTESIAN_POINT('',(5.010487512246,-0.868828132255));
#2267 = CARTESIAN_POINT('',(4.961687311363,-0.904079617142));
#2268 = CARTESIAN_POINT('',(4.948905720014,-0.913250595407));
#2269 = CARTESIAN_POINT('',(4.935894040872,-0.922514197692));
#2270 = CARTESIAN_POINT('',(4.922630532936,-0.93187324399));
#2271 = CARTESIAN_POINT('',(4.909090936782,-0.941330541126));
#2272 = CARTESIAN_POINT('',(4.895247720782,-0.950888873824));
#2273 = CARTESIAN_POINT('',(4.881069327334,-0.960550995767));
#2274 = CARTESIAN_POINT('',(4.850310342687,-0.98120219013));
#2275 = CARTESIAN_POINT('',(4.833640721151,-0.992216502918));
#2276 = CARTESIAN_POINT('',(4.816459832332,-1.00336655926));
#2277 = CARTESIAN_POINT('',(4.798709450669,-1.014655683861));
#2278 = CARTESIAN_POINT('',(4.780322506973,-1.026086476732));
#2279 = CARTESIAN_POINT('',(4.761220167788,-1.037660612024));
#2280 = CARTESIAN_POINT('',(4.741307334338,-1.049378484832));
#2281 = CARTESIAN_POINT('',(4.699625626412,-1.073099019013));
#2282 = CARTESIAN_POINT('',(4.677859246535,-1.085100199799));
#2283 = CARTESIAN_POINT('',(4.655048841249,-1.097241707694));
#2284 = CARTESIAN_POINT('',(4.631055583473,-1.109519222065));
#2285 = CARTESIAN_POINT('',(4.605715458208,-1.12192407964));
#2286 = CARTESIAN_POINT('',(4.578830532283,-1.134442001894));
#2287 = CARTESIAN_POINT('',(4.55015643486,-1.147051112479));
#2288 = CARTESIAN_POINT('',(4.488963251451,-1.17224427502));
#2289 = CARTESIAN_POINT('',(4.456498754588,-1.18482382721));
#2290 = CARTESIAN_POINT('',(4.421694478078,-1.19742834078));
#2291 = CARTESIAN_POINT('',(4.384204485682,-1.210011505836));
#2292 = CARTESIAN_POINT('',(4.343634506087,-1.222508894141));
#2293 = CARTESIAN_POINT('',(4.299527970661,-1.234833347545));
#2294 = CARTESIAN_POINT('',(4.251386565925,-1.246874298993));
#2295 = CARTESIAN_POINT('',(4.189637275811,-1.260528368625));
#2296 = CARTESIAN_POINT('',(4.180348942597,-1.262534581237));
#2297 = CARTESIAN_POINT('',(4.170950122906,-1.264530578381));
#2298 = CARTESIAN_POINT('',(4.161679432784,-1.266528910843));
#2299 = CARTESIAN_POINT('',(4.152108391624,-1.268503873216));
#2300 = CARTESIAN_POINT('',(4.14263190203,-1.270478584839));
#2301 = CARTESIAN_POINT('',(4.133025825955,-1.272439469162));
#2302 = CARTESIAN_POINT('',(4.096228202695,-1.27986798318));
#2303 = CARTESIAN_POINT('',(4.068560699896,-1.285260599277));
#2304 = CARTESIAN_POINT('',(4.040347791102,-1.290556347218));
#2305 = CARTESIAN_POINT('',(4.011579006787,-1.295742767608));
#2306 = CARTESIAN_POINT('',(3.982246749954,-1.300806817525));
#2307 = CARTESIAN_POINT('',(3.952347262912,-1.30573502912));
#2308 = CARTESIAN_POINT('',(3.92188159406,-1.310513668223));
#2309 = CARTESIAN_POINT('',(3.808276941924,-1.327413281528));
#2310 = CARTESIAN_POINT('',(3.72173538671,-1.338539687334));
#2311 = CARTESIAN_POINT('',(3.631389722827,-1.348245242937));
#2312 = CARTESIAN_POINT('',(3.537562439691,-1.35628309204));
#2313 = CARTESIAN_POINT('',(3.440877686723,-1.362449296826));
#2314 = CARTESIAN_POINT('',(3.342234981726,-1.366607744618));
#2315 = CARTESIAN_POINT('',(3.242666324688,-1.368700104305));
#2316 = CARTESIAN_POINT('',(3.096213262863,-1.368740973899));
#2317 = CARTESIAN_POINT('',(3.04930196196,-1.368295618279));
#2318 = CARTESIAN_POINT('',(3.002487446549,-1.367391692191));
#2319 = CARTESIAN_POINT('',(2.955869933119,-1.366032189317));
#2320 = CARTESIAN_POINT('',(2.909548667634,-1.364223246525));
#2321 = CARTESIAN_POINT('',(2.863618679319,-1.361974169394));
#2322 = CARTESIAN_POINT('',(2.818167534436,-1.359297457744));
#2323 = CARTESIAN_POINT('',(2.723080536788,-1.352755853507));
#2324 = CARTESIAN_POINT('',(2.67358224877,-1.348787908483));
#2325 = CARTESIAN_POINT('',(2.624892685934,-1.344327184769));
#2326 = CARTESIAN_POINT('',(2.577110390835,-1.339401023149));
#2327 = CARTESIAN_POINT('',(2.530313402718,-1.334041087896));
#2328 = CARTESIAN_POINT('',(2.484558380894,-1.328282405428));
#2329 = CARTESIAN_POINT('',(2.439882437423,-1.322162270242));
#2330 = CARTESIAN_POINT('',(2.356143008778,-1.309780004166));
#2331 = CARTESIAN_POINT('',(2.316910470485,-1.303565885443));
#2332 = CARTESIAN_POINT('',(2.278626292489,-1.297106727512));
#2333 = CARTESIAN_POINT('',(2.241290201833,-1.290432136453));
#2334 = CARTESIAN_POINT('',(2.20488884534,-1.283570771423));
#2335 = CARTESIAN_POINT('',(2.169399210615,-1.276549857225));
#2336 = CARTESIAN_POINT('',(2.134792047046,-1.269394696874));
#2337 = CARTESIAN_POINT('',(2.096326467188,-1.261114559116));
#2338 = CARTESIAN_POINT('',(2.09161559213,-1.260095256774));
#2339 = CARTESIAN_POINT('',(2.086903259129,-1.259067082064));
#2340 = CARTESIAN_POINT('',(2.082190148153,-1.258027833916));
#2341 = CARTESIAN_POINT('',(2.077477021644,-1.256976305252));
#2342 = CARTESIAN_POINT('',(2.072764724508,-1.255912282993));
#2343 = CARTESIAN_POINT('',(2.068054184124,-1.254836548055));
#2344 = CARTESIAN_POINT('',(2.015809051942,-1.242788153963));
#2345 = CARTESIAN_POINT('',(1.972034502837,-1.231505076284));
#2346 = CARTESIAN_POINT('',(1.931658094343,-1.219998522722));
#2347 = CARTESIAN_POINT('',(1.894284415889,-1.208353965194));
#2348 = CARTESIAN_POINT('',(1.859550513324,-1.196639512132));
#2349 = CARTESIAN_POINT('',(1.827138974255,-1.184906546521));
#2350 = CARTESIAN_POINT('',(1.796769588554,-1.173192728572));
#2351 = CARTESIAN_POINT('',(1.737265182622,-1.148888904244));
#2352 = CARTESIAN_POINT('',(1.708447162515,-1.136309617642));
#2353 = CARTESIAN_POINT('',(1.681434998107,-1.12381823499));
#2354 = CARTESIAN_POINT('',(1.655982274751,-1.111437276474));
#2355 = CARTESIAN_POINT('',(1.631889220571,-1.09918153204));
#2356 = CARTESIAN_POINT('',(1.608990252098,-1.087060062624));
#2357 = CARTESIAN_POINT('',(1.587145221828,-1.075077492844));
#2358 = CARTESIAN_POINT('',(1.545204479709,-1.051324282469));
#2359 = CARTESIAN_POINT('',(1.525122024756,-1.039556757615));
#2360 = CARTESIAN_POINT('',(1.505866362221,-1.027933671546));
#2361 = CARTESIAN_POINT('',(1.487339944396,-1.016454797856));
#2362 = CARTESIAN_POINT('',(1.469462007868,-1.005118565158));
#2363 = CARTESIAN_POINT('',(1.452163908321,-0.993922429357));
#2364 = CARTESIAN_POINT('',(1.43538609873,-0.982863085871));
#2365 = CARTESIAN_POINT('',(1.404464282896,-0.962146794352));
#2366 = CARTESIAN_POINT('',(1.39022830722,-0.952464013663));
#2367 = CARTESIAN_POINT('',(1.376331907318,-0.942885479094));
#2368 = CARTESIAN_POINT('',(1.362743043841,-0.933408442599));
#2369 = CARTESIAN_POINT('',(1.349433784111,-0.924030118761));
#2370 = CARTESIAN_POINT('',(1.336379531526,-0.914747694858));
#2371 = CARTESIAN_POINT('',(1.323558254961,-0.90555834093));
#2372 = CARTESIAN_POINT('',(1.274037108749,-0.869820736056));
#2373 = CARTESIAN_POINT('',(1.238956890521,-0.843961918634));
#2374 = CARTESIAN_POINT('',(1.205196020647,-0.81880404059));
#2375 = CARTESIAN_POINT('',(1.172416881925,-0.79428541763));
#2376 = CARTESIAN_POINT('',(1.140357813028,-0.77035511923));
#2377 = CARTESIAN_POINT('',(1.108797570809,-0.746969505702));
#2378 = CARTESIAN_POINT('',(1.077544562463,-0.724090251239));
#2379 = CARTESIAN_POINT('',(1.012236285279,-0.677084933399));
#2380 = CARTESIAN_POINT('',(0.97822509889,-0.653069380926));
#2381 = CARTESIAN_POINT('',(0.944128283586,-0.629586575719));
#2382 = CARTESIAN_POINT('',(0.909732198109,-0.60660959323));
#2383 = CARTESIAN_POINT('',(0.874828982569,-0.584128191185));
#2384 = CARTESIAN_POINT('',(0.839203230956,-0.562146193588));
#2385 = CARTESIAN_POINT('',(0.802612783652,-0.540681256251));
#2386 = CARTESIAN_POINT('',(0.7524002959,-0.51295135461));
#2387 = CARTESIAN_POINT('',(0.739925309268,-0.506195575045));
#2388 = CARTESIAN_POINT('',(0.727305278974,-0.499500414803));
#2389 = CARTESIAN_POINT('',(0.714529451089,-0.492867684749));
#2390 = CARTESIAN_POINT('',(0.701586560342,-0.486299597959));
#2391 = CARTESIAN_POINT('',(0.688464644074,-0.47979877615));
#2392 = CARTESIAN_POINT('',(0.675150856195,-0.473368256118));
#2393 = CARTESIAN_POINT('',(0.645535121767,-0.45944325377));
#2394 = CARTESIAN_POINT('',(0.62914836981,-0.451980061823));
#2395 = CARTESIAN_POINT('',(0.612446647354,-0.444627428278));
#2396 = CARTESIAN_POINT('',(0.595404950013,-0.437392391922));
#2397 = CARTESIAN_POINT('',(0.577996926559,-0.430283553981));
#2398 = CARTESIAN_POINT('',(0.560194158559,-0.42331110972));
#2399 = CARTESIAN_POINT('',(0.541965440007,-0.416486880037));
#2400 = CARTESIAN_POINT('',(0.501793926009,-0.402166225561));
#2401 = CARTESIAN_POINT('',(0.479708458731,-0.394723656875));
#2402 = CARTESIAN_POINT('',(0.456963536684,-0.387515721336));
#2403 = CARTESIAN_POINT('',(0.433504394976,-0.380567674384));
#2404 = CARTESIAN_POINT('',(0.409276578779,-0.373910510123));
#2405 = CARTESIAN_POINT('',(0.384225258379,-0.367580457105));
#2406 = CARTESIAN_POINT('',(0.358294902761,-0.361618402324));
#2407 = CARTESIAN_POINT('',(0.331429311728,-0.356069243448));
#2408 = ( GEOMETRIC_REPRESENTATION_CONTEXT(2) 
PARAMETRIC_REPRESENTATION_CONTEXT() REPRESENTATION_CONTEXT('2D SPACE',''
  ) );
#2409 = PCURVE('',#2410,#2415);
#2410 = PLANE('',#2411);
#2411 = AXIS2_PLACEMENT_3D('',#2412,#2413,#2414);
#2412 = CARTESIAN_POINT('',(-5.127900497023E-16,6.990076196319E-16,2.5)
  );
#2413 = DIRECTION('',(0.,0.,1.));
#2414 = DIRECTION('',(1.,0.,-0.));
#2415 = DEFINITIONAL_REPRESENTATION('',(#2416),#2594);
#2416 = B_SPLINE_CURVE_WITH_KNOTS('',8,(#2417,#2418,#2419,#2420,#2421,
    #2422,#2423,#2424,#2425,#2426,#2427,#2428,#2429,#2430,#2431,#2432,
    #2433,#2434,#2435,#2436,#2437,#2438,#2439,#2440,#2441,#2442,#2443,
    #2444,#2445,#2446,#2447,#2448,#2449,#2450,#2451,#2452,#2453,#2454,
    #2455,#2456,#2457,#2458,#2459,#2460,#2461,#2462,#2463,#2464,#2465,
    #2466,#2467,#2468,#2469,#2470,#2471,#2472,#2473,#2474,#2475,#2476,
    #2477,#2478,#2479,#2480,#2481,#2482,#2483,#2484,#2485,#2486,#2487,
    #2488,#2489,#2490,#2491,#2492,#2493,#2494,#2495,#2496,#2497,#2498,
    #2499,#2500,#2501,#2502,#2503,#2504,#2505,#2506,#2507,#2508,#2509,
    #2510,#2511,#2512,#2513,#2514,#2515,#2516,#2517,#2518,#2519,#2520,
    #2521,#2522,#2523,#2524,#2525,#2526,#2527,#2528,#2529,#2530,#2531,
    #2532,#2533,#2534,#2535,#2536,#2537,#2538,#2539,#2540,#2541,#2542,
    #2543,#2544,#2545,#2546,#2547,#2548,#2549,#2550,#2551,#2552,#2553,
    #2554,#2555,#2556,#2557,#2558,#2559,#2560,#2561,#2562,#2563,#2564,
    #2565,#2566,#2567,#2568,#2569,#2570,#2571,#2572,#2573,#2574,#2575,
    #2576,#2577,#2578,#2579,#2580,#2581,#2582,#2583,#2584,#2585,#2586,
    #2587,#2588,#2589,#2590,#2591,#2592,#2593),.UNSPECIFIED.,.F.,.F.,(9,
    7,7,7,7,7,7,7,7,7,7,7,7,7,7,7,7,7,7,7,7,7,7,7,7,9),(0.,
    4.529089045379E-02,8.424802926016E-02,0.117083820262,0.217689056553,
    0.307668868991,0.338892146337,0.373675904381,0.408459931761,
    0.442851031312,0.448822868701,0.465592000394,0.510226561453,
    0.531260843327,0.554776442611,0.576451750276,0.579475296171,
    0.610005944292,0.643060328513,0.676302872974,0.706086750677,
    0.793281693549,0.888997937051,0.920186424331,0.957318868198,1.),
  .UNSPECIFIED.);
#2417 = CARTESIAN_POINT('',(8.,-1.372579921924));
#2418 = CARTESIAN_POINT('',(7.914610366479,-1.486775083784));
#2419 = CARTESIAN_POINT('',(7.822863986983,-1.596371748727));
#2420 = CARTESIAN_POINT('',(7.725492654532,-1.701338152949));
#2421 = CARTESIAN_POINT('',(7.623167539281,-1.801699291576));
#2422 = CARTESIAN_POINT('',(7.516488304007,-1.897525790166));
#2423 = CARTESIAN_POINT('',(7.405973724806,-1.988924065983));
#2424 = CARTESIAN_POINT('',(7.292053817003,-2.076027779062));
#2425 = CARTESIAN_POINT('',(7.074433752729,-2.230351348909));
#2426 = CARTESIAN_POINT('',(6.971554710298,-2.298632783792));
#2427 = CARTESIAN_POINT('',(6.866653741206,-2.363924879364));
#2428 = CARTESIAN_POINT('',(6.759934363015,-2.42631304741));
#2429 = CARTESIAN_POINT('',(6.651576781492,-2.485878751582));
#2430 = CARTESIAN_POINT('',(6.54173846348,-2.542700149139));
#2431 = CARTESIAN_POINT('',(6.430554709776,-2.596852732678));
#2432 = CARTESIAN_POINT('',(6.223387627187,-2.691866005418));
#2433 = CARTESIAN_POINT('',(6.127766177139,-2.733475732004));
#2434 = CARTESIAN_POINT('',(6.031345880655,-2.77328161757));
#2435 = CARTESIAN_POINT('',(5.934191921502,-2.811322887398));
#2436 = CARTESIAN_POINT('',(5.836363827412,-2.84763585706));
#2437 = CARTESIAN_POINT('',(5.737915633092,-2.882254263365));
#2438 = CARTESIAN_POINT('',(5.638896043217,-2.915209595302));
#2439 = CARTESIAN_POINT('',(5.234346212346,-3.042498051052));
#2440 = CARTESIAN_POINT('',(4.924499262138,-3.123095448751));
#2441 = CARTESIAN_POINT('',(4.610941472336,-3.189225936972));
#2442 = CARTESIAN_POINT('',(4.29464671811,-3.241476220331));
#2443 = CARTESIAN_POINT('',(3.976463851261,-3.280267421294));
#2444 = CARTESIAN_POINT('',(3.657126730588,-3.305896398042));
#2445 = CARTESIAN_POINT('',(3.337254320628,-3.318519364346));
#2446 = CARTESIAN_POINT('',(2.73124322681,-3.317779537719));
#2447 = CARTESIAN_POINT('',(2.445250945482,-3.307020458988));
#2448 = CARTESIAN_POINT('',(2.159764974086,-3.28586244865));
#2449 = CARTESIAN_POINT('',(1.875238549979,-3.254214179327));
#2450 = CARTESIAN_POINT('',(1.59219420918,-3.211898847266));
#2451 = CARTESIAN_POINT('',(1.311224819432,-3.158660654937));
#2452 = CARTESIAN_POINT('',(1.033000786734,-3.094147188258));
#2453 = CARTESIAN_POINT('',(0.66296547723,-2.991379766311));
#2454 = CARTESIAN_POINT('',(0.568070719059,-2.963489341393));
#2455 = CARTESIAN_POINT('',(0.473641193791,-2.934162511275));
#2456 = CARTESIAN_POINT('',(0.379715329957,-2.903377986831));
#2457 = CARTESIAN_POINT('',(0.286335377678,-2.871113155636));
#2458 = CARTESIAN_POINT('',(0.193547540631,-2.837344025274));
#2459 = CARTESIAN_POINT('',(0.101402108022,-2.802045166646));
#2460 = CARTESIAN_POINT('',(-9.192307453928E-02,-2.724131407508));
#2461 = CARTESIAN_POINT('',(-0.192930794964,-2.681142849744));
#2462 = CARTESIAN_POINT('',(-0.292996760843,-2.636185940482));
#2463 = CARTESIAN_POINT('',(-0.392036076339,-2.589222177301));
#2464 = CARTESIAN_POINT('',(-0.48995175781,-2.540213083172));
#2465 = CARTESIAN_POINT('',(-0.586634532571,-2.489120860228));
#2466 = CARTESIAN_POINT('',(-0.681962442277,-2.435909213019));
#2467 = CARTESIAN_POINT('',(-0.869638786157,-2.325179040743));
#2468 = CARTESIAN_POINT('',(-0.961975598277,-2.267667400634));
#2469 = CARTESIAN_POINT('',(-1.052682933794,-2.207972234833));
#2470 = CARTESIAN_POINT('',(-1.141604627033,-2.146067509942));
#2471 = CARTESIAN_POINT('',(-1.228556851052,-2.081941307197));
#2472 = CARTESIAN_POINT('',(-1.313329822253,-2.015601360865));
#2473 = CARTESIAN_POINT('',(-1.395690458673,-1.947083173083));
#2474 = CARTESIAN_POINT('',(-1.554181267412,-1.806636003728));
#2475 = CARTESIAN_POINT('',(-1.630351589634,-1.734771963686));
#2476 = CARTESIAN_POINT('',(-1.703664371633,-1.660933286843));
#2477 = CARTESIAN_POINT('',(-1.773827322056,-1.585258435257));
#2478 = CARTESIAN_POINT('',(-1.840505256828,-1.507973396883));
#2479 = CARTESIAN_POINT('',(-1.903346080872,-1.429419670127));
#2480 = CARTESIAN_POINT('',(-1.962019249921,-1.350075251109));
#2481 = CARTESIAN_POINT('',(-2.025690389851,-1.256737806834));
#2482 = CARTESIAN_POINT('',(-2.034969540732,-1.242934134091));
#2483 = CARTESIAN_POINT('',(-2.04412713644,-1.229110243869));
#2484 = CARTESIAN_POINT('',(-2.053221080395,-1.21517626928));
#2485 = CARTESIAN_POINT('',(-2.062134701071,-1.201308132975));
#2486 = CARTESIAN_POINT('',(-2.070975850205,-1.187344194991));
#2487 = CARTESIAN_POINT('',(-2.07968325935,-1.17337577167));
#2488 = CARTESIAN_POINT('',(-2.11240296322,-1.120061351565));
#2489 = CARTESIAN_POINT('',(-2.135598601073,-1.080530357141));
#2490 = CARTESIAN_POINT('',(-2.157842216784,-1.040814217259));
#2491 = CARTESIAN_POINT('',(-2.179116778843,-1.000946204028));
#2492 = CARTESIAN_POINT('',(-2.199408650543,-0.960960350964));
#2493 = CARTESIAN_POINT('',(-2.218707781186,-0.920890875973));
#2494 = CARTESIAN_POINT('',(-2.237007897274,-0.880771604331));
#2495 = CARTESIAN_POINT('',(-2.300351068583,-0.733804443754));
#2496 = CARTESIAN_POINT('',(-2.33930020311,-0.626856304136));
#2497 = CARTESIAN_POINT('',(-2.37109646747,-0.520434492802));
#2498 = CARTESIAN_POINT('',(-2.395945011553,-0.414996819839));
#2499 = CARTESIAN_POINT('',(-2.414225147176,-0.31067960815));
#2500 = CARTESIAN_POINT('',(-2.426304628279,-0.207291673734));
#2501 = CARTESIAN_POINT('',(-2.432379209467,-0.104414037598));
#2502 = CARTESIAN_POINT('',(-2.432497871723,4.687912814335E-02));
#2503 = CARTESIAN_POINT('',(-2.431204483788,9.533681249132E-02));
#2504 = CARTESIAN_POINT('',(-2.428580749927,0.143843832761));
#2505 = CARTESIAN_POINT('',(-2.424616649808,0.192448957376));
#2506 = CARTESIAN_POINT('',(-2.419293290195,0.241194760719));
#2507 = CARTESIAN_POINT('',(-2.412585102917,0.290114783773));
#2508 = CARTESIAN_POINT('',(-2.404462042818,0.33923069477));
#2509 = CARTESIAN_POINT('',(-2.384192569457,0.443686111415));
#2510 = CARTESIAN_POINT('',(-2.371684495086,0.499078074396));
#2511 = CARTESIAN_POINT('',(-2.357324794408,0.554728200114));
#2512 = CARTESIAN_POINT('',(-2.341069618317,0.610618679661));
#2513 = CARTESIAN_POINT('',(-2.322880471903,0.666709829975));
#2514 = CARTESIAN_POINT('',(-2.302729796302,0.722940888231));
#2515 = CARTESIAN_POINT('',(-2.280605697317,0.779232804533));
#2516 = CARTESIAN_POINT('',(-2.234311177854,0.887350429559));
#2517 = CARTESIAN_POINT('',(-2.210434556662,0.939185521808));
#2518 = CARTESIAN_POINT('',(-2.184890379043,0.990926562586));
#2519 = CARTESIAN_POINT('',(-2.157694293828,1.042499813479));
#2520 = CARTESIAN_POINT('',(-2.128872228629,1.0938313941));
#2521 = CARTESIAN_POINT('',(-2.098459441634,1.14484913145));
#2522 = CARTESIAN_POINT('',(-2.06649957339,1.195484409293));
#2523 = CARTESIAN_POINT('',(-2.028376850287,1.252675098481));
#2524 = CARTESIAN_POINT('',(-2.02366488194,1.259691960319));
#2525 = CARTESIAN_POINT('',(-2.01889237804,1.266746241655));
#2526 = CARTESIAN_POINT('',(-2.014048477332,1.273852709015));
#2527 = CARTESIAN_POINT('',(-2.009126872815,1.281019256829));
#2528 = CARTESIAN_POINT('',(-2.004125811751,1.288246907426));
#2529 = CARTESIAN_POINT('',(-1.999048095654,1.295529811036));
#2530 = CARTESIAN_POINT('',(-1.941928423,1.376824776498));
#2531 = CARTESIAN_POINT('',(-1.886192496875,1.45047602296));
#2532 = CARTESIAN_POINT('',(-1.826913411775,1.523345821219));
#2533 = CARTESIAN_POINT('',(-1.764359821686,1.595069852934));
#2534 = CARTESIAN_POINT('',(-1.698812445495,1.665383655503));
#2535 = CARTESIAN_POINT('',(-1.630538219624,1.734107683358));
#2536 = CARTESIAN_POINT('',(-1.559772580227,1.801128550422));
#2537 = CARTESIAN_POINT('',(-1.407602421006,1.937043166775));
#2538 = CARTESIAN_POINT('',(-1.325821269134,2.005616418432));
#2539 = CARTESIAN_POINT('',(-1.241616840144,2.072030497763));
#2540 = CARTESIAN_POINT('',(-1.15522273035,2.136246941571));
#2541 = CARTESIAN_POINT('',(-1.066849385695,2.198255777553));
#2542 = CARTESIAN_POINT('',(-0.976681292723,2.258067252209));
#2543 = CARTESIAN_POINT('',(-0.884875184115,2.31570617348));
#2544 = CARTESIAN_POINT('',(-0.697712137713,2.427027508736));
#2545 = CARTESIAN_POINT('',(-0.602349813176,2.480678406556));
#2546 = CARTESIAN_POINT('',(-0.505610315807,2.532195042749));
#2547 = CARTESIAN_POINT('',(-0.407618083769,2.581613671847));
#2548 = CARTESIAN_POINT('',(-0.308484558446,2.628972249664));
#2549 = CARTESIAN_POINT('',(-0.208308581975,2.674309549505));
#2550 = CARTESIAN_POINT('',(-0.107176596605,2.717664466638));
#2551 = CARTESIAN_POINT('',(8.623742839677E-02,2.796178010318));
#2552 = CARTESIAN_POINT('',(0.178342166009,2.831718754282));
#2553 = CARTESIAN_POINT('',(0.271096414808,2.865724823425));
#2554 = CARTESIAN_POINT('',(0.364449307658,2.898221816558));
#2555 = CARTESIAN_POINT('',(0.458354128323,2.929233905097));
#2556 = CARTESIAN_POINT('',(0.552768177345,2.958783887345));
#2557 = CARTESIAN_POINT('',(0.647652637924,2.986893242782));
#2558 = CARTESIAN_POINT('',(1.022029619502,3.091716435108));
#2559 = CARTESIAN_POINT('',(1.304751851776,3.157658108908));
#2560 = CARTESIAN_POINT('',(1.590327953896,3.211942535355));
#2561 = CARTESIAN_POINT('',(1.878052232367,3.254940953096));
#2562 = CARTESIAN_POINT('',(2.167301668184,3.286921701529));
#2563 = CARTESIAN_POINT('',(2.457528111806,3.308069350256));
#2564 = CARTESIAN_POINT('',(2.748257283244,3.318477262211));
#2565 = CARTESIAN_POINT('',(3.358337313859,3.317746880304));
#2566 = CARTESIAN_POINT('',(3.677528943045,3.304403919759));
#2567 = CARTESIAN_POINT('',(3.99615603804,3.278101525481));
#2568 = CARTESIAN_POINT('',(4.313602156562,3.238678769574));
#2569 = CARTESIAN_POINT('',(4.629134635531,3.185834882938));
#2570 = CARTESIAN_POINT('',(4.941904539376,3.119145476038));
#2571 = CARTESIAN_POINT('',(5.250936538075,3.038021218029));
#2572 = CARTESIAN_POINT('',(5.65420124041,2.910125613903));
#2573 = CARTESIAN_POINT('',(5.752779472667,2.877068695095));
#2574 = CARTESIAN_POINT('',(5.850784963367,2.842357374923));
#2575 = CARTESIAN_POINT('',(5.948169127184,2.805960273265));
#2576 = CARTESIAN_POINT('',(6.044878062545,2.767843792972));
#2577 = CARTESIAN_POINT('',(6.140852389715,2.727971793124));
#2578 = CARTESIAN_POINT('',(6.236027088882,2.686305262281));
#2579 = CARTESIAN_POINT('',(6.442608256773,2.59100779163));
#2580 = CARTESIAN_POINT('',(6.55364393666,2.536613605997));
#2581 = CARTESIAN_POINT('',(6.663323795425,2.479545611933));
#2582 = CARTESIAN_POINT('',(6.77151142926,2.419728021271));
#2583 = CARTESIAN_POINT('',(6.878048044622,2.357082453345));
#2584 = CARTESIAN_POINT('',(6.982751889823,2.291527307744));
#2585 = CARTESIAN_POINT('',(7.085417686623,2.222977137073));
#2586 = CARTESIAN_POINT('',(7.301216930682,2.069002492124));
#2587 = CARTESIAN_POINT('',(7.413593162787,1.982607483905));
#2588 = CARTESIAN_POINT('',(7.522617292341,1.892009043401));
#2589 = CARTESIAN_POINT('',(7.627870740527,1.797078789764));
#2590 = CARTESIAN_POINT('',(7.72884991511,1.697714834242));
#2591 = CARTESIAN_POINT('',(7.824973782704,1.593849963052));
#2592 = CARTESIAN_POINT('',(7.915592913722,1.485461081875));
#2593 = CARTESIAN_POINT('',(8.,1.372579921924));
#2594 = ( GEOMETRIC_REPRESENTATION_CONTEXT(2) 
PARAMETRIC_REPRESENTATION_CONTEXT() REPRESENTATION_CONTEXT('2D SPACE',''
  ) );
#2595 = ORIENTED_EDGE('',*,*,#2596,.T.);
#2596 = EDGE_CURVE('',#2047,#24,#2597,.T.);
#2597 = SURFACE_CURVE('',#2598,(#2825,#3055),.PCURVE_S1.);
#2598 = B_SPLINE_CURVE_WITH_KNOTS('',8,(#2599,#2600,#2601,#2602,#2603,
    #2604,#2605,#2606,#2607,#2608,#2609,#2610,#2611,#2612,#2613,#2614,
    #2615,#2616,#2617,#2618,#2619,#2620,#2621,#2622,#2623,#2624,#2625,
    #2626,#2627,#2628,#2629,#2630,#2631,#2632,#2633,#2634,#2635,#2636,
    #2637,#2638,#2639,#2640,#2641,#2642,#2643,#2644,#2645,#2646,#2647,
    #2648,#2649,#2650,#2651,#2652,#2653,#2654,#2655,#2656,#2657,#2658,
    #2659,#2660,#2661,#2662,#2663,#2664,#2665,#2666,#2667,#2668,#2669,
    #2670,#2671,#2672,#2673,#2674,#2675,#2676,#2677,#2678,#2679,#2680,
    #2681,#2682,#2683,#2684,#2685,#2686,#2687,#2688,#2689,#2690,#2691,
    #2692,#2693,#2694,#2695,#2696,#2697,#2698,#2699,#2700,#2701,#2702,
    #2703,#2704,#2705,#2706,#2707,#2708,#2709,#2710,#2711,#2712,#2713,
    #2714,#2715,#2716,#2717,#2718,#2719,#2720,#2721,#2722,#2723,#2724,
    #2725,#2726,#2727,#2728,#2729,#2730,#2731,#2732,#2733,#2734,#2735,
    #2736,#2737,#2738,#2739,#2740,#2741,#2742,#2743,#2744,#2745,#2746,
    #2747,#2748,#2749,#2750,#2751,#2752,#2753,#2754,#2755,#2756,#2757,
    #2758,#2759,#2760,#2761,#2762,#2763,#2764,#2765,#2766,#2767,#2768,
    #2769,#2770,#2771,#2772,#2773,#2774,#2775,#2776,#2777,#2778,#2779,
    #2780,#2781,#2782,#2783,#2784,#2785,#2786,#2787,#2788,#2789,#2790,
    #2791,#2792,#2793,#2794,#2795,#2796,#2797,#2798,#2799,#2800,#2801,
    #2802,#2803,#2804,#2805,#2806,#2807,#2808,#2809,#2810,#2811,#2812,
    #2813,#2814,#2815,#2816,#2817,#2818,#2819,#2820,#2821,#2822,#2823,
    #2824),.UNSPECIFIED.,.T.,.F.,(9,7,7,7,7,7,7,7,7,7,7,7,7,7,7,7,7,7,7,
    7,7,7,7,7,7,7,7,7,7,7,7,7,9),(0.,5.528801195871E-02,0.156428124556,
    0.161383130525,0.200877633446,0.292490513519,0.294407477541,
    0.324731513814,0.344936730452,0.396174517443,0.428513634054,
    0.477759868582,0.490590303413,0.506849528551,0.514234721327,
    0.540744067206,0.567846516523,0.577508031637,0.579849645165,
    0.617908864627,0.657904933857,0.69289764268,0.709138100768,
    0.756761203893,0.806742763367,0.81467796455,0.83904218443,
    0.894946943743,0.904642009072,0.909735348122,0.91522840276,
    0.96995597152,1.),.UNSPECIFIED.);
#2599 = CARTESIAN_POINT('',(5.905196171841,-2.820332131634,
    2.499999997136));
#2600 = CARTESIAN_POINT('',(5.812021569165,-2.807882065482,
    2.449020745852));
#2601 = CARTESIAN_POINT('',(5.716138413413,-2.797750534586,
    2.402445903332));
#2602 = CARTESIAN_POINT('',(5.61794163791,-2.790051168463,2.360324046917
    ));
#2603 = CARTESIAN_POINT('',(5.517818420456,-2.784878079156,
    2.322669315621));
#2604 = CARTESIAN_POINT('',(5.41614438257,-2.78230451466,2.289470295738)
  );
#2605 = CARTESIAN_POINT('',(5.313280795227,-2.782382297429,
    2.260697131161));
#2606 = CARTESIAN_POINT('',(5.209572791111,-2.785142047968,
    2.236306858388));
#2607 = CARTESIAN_POINT('',(4.914687936856,-2.80056797614,2.179550769717
    ));
#2608 = CARTESIAN_POINT('',(4.72234318202,-2.819549437432,2.157354425159
    ));
#2609 = CARTESIAN_POINT('',(4.530259025068,-2.847599027316,
    2.149312953997));
#2610 = CARTESIAN_POINT('',(4.340198568152,-2.884566976833,2.15500956728
    ));
#2611 = CARTESIAN_POINT('',(4.153753151677,-2.930110924347,
    2.174028123437));
#2612 = CARTESIAN_POINT('',(3.972365725746,-2.983723825863,
    2.205974321593));
#2613 = CARTESIAN_POINT('',(3.797357043172,-3.044766845569,
    2.250475442485));
#2614 = CARTESIAN_POINT('',(3.621742148459,-3.115820365854,
    2.309966904458));
#2615 = CARTESIAN_POINT('',(3.613622045393,-3.11912918397,2.312753162075
    ));
#2616 = CARTESIAN_POINT('',(3.605488050528,-3.122466404107,
    2.315578669322));
#2617 = CARTESIAN_POINT('',(3.597305353767,-3.125846962698,
    2.318456559252));
#2618 = CARTESIAN_POINT('',(3.589079652113,-3.129269407181,
    2.321386250819));
#2619 = CARTESIAN_POINT('',(3.580849604968,-3.132718461981,2.32435526879
    ));
#2620 = CARTESIAN_POINT('',(3.572706309145,-3.136155485836,
    2.327330106513));
#2621 = CARTESIAN_POINT('',(3.501560838181,-3.166383102757,
    2.353625040674));
#2622 = CARTESIAN_POINT('',(3.439236841243,-3.19431290434,2.378875610458
    ));
#2623 = CARTESIAN_POINT('',(3.377910816176,-3.223276984913,
    2.406013535552));
#2624 = CARTESIAN_POINT('',(3.317689596044,-3.25323195785,2.435035767884
    ));
#2625 = CARTESIAN_POINT('',(3.258679151379,-3.284128680617,
    2.465935282598));
#2626 = CARTESIAN_POINT('',(3.200984328947,-3.315912358285,
    2.498700643042));
#2627 = CARTESIAN_POINT('',(3.144708590512,-3.348522647045,
    2.533315565756));
#2628 = CARTESIAN_POINT('',(2.962942443207,-3.45930259525,2.654292802499
    ));
#2629 = CARTESIAN_POINT('',(2.844060155681,-3.540838465688,2.74869924291
    ));
#2630 = CARTESIAN_POINT('',(2.734644478291,-3.625652739323,
    2.852684500766));
#2631 = CARTESIAN_POINT('',(2.635912680262,-3.712761783845,
    2.965811178678));
#2632 = CARTESIAN_POINT('',(2.54895728941,-3.801075412077,3.087483246146
    ));
#2633 = CARTESIAN_POINT('',(2.474739241989,-3.889426276438,
    3.216921359298));
#2634 = CARTESIAN_POINT('',(2.414052246937,-3.976604766841,
    3.353120483497));
#2635 = CARTESIAN_POINT('',(2.366456497265,-4.063178359185,
    3.497746478083));
#2636 = CARTESIAN_POINT('',(2.365487158375,-4.064951683656,
    3.500713046608));
#2637 = CARTESIAN_POINT('',(2.364523947824,-4.066724020702,3.50368210451
    ));
#2638 = CARTESIAN_POINT('',(2.363566836969,-4.068495422553,
    3.506653746513));
#2639 = CARTESIAN_POINT('',(2.362615811731,-4.070265915115,
    3.509628023423));
#2640 = CARTESIAN_POINT('',(2.361670872602,-4.072035497967,
    3.512604942125));
#2641 = CARTESIAN_POINT('',(2.36073203464,-4.073804144369,3.515584465581
    ));
#2642 = CARTESIAN_POINT('',(2.34504503595,-4.103533980452,3.565738868735
    ));
#2643 = CARTESIAN_POINT('',(2.331821169005,-4.131255235385,
    3.613553908086));
#2644 = CARTESIAN_POINT('',(2.320151121749,-4.158694444733,
    3.661972650673));
#2645 = CARTESIAN_POINT('',(2.310056068533,-4.185810754054,
    3.710953943136));
#2646 = CARTESIAN_POINT('',(2.301554798053,-4.212563746401,
    3.760454389184));
#2647 = CARTESIAN_POINT('',(2.294663548449,-4.23891361295,3.810428279789
    ));
#2648 = CARTESIAN_POINT('',(2.289395842412,-4.264821323628,
    3.860827523396));
#2649 = CARTESIAN_POINT('',(2.283341270522,-4.307191384734,
    3.945432848636));
#2650 = CARTESIAN_POINT('',(2.281645716205,-4.323920856409,
    3.979430671503));
#2651 = CARTESIAN_POINT('',(2.28067883338,-4.340425924744,4.013580131101
    ));
#2652 = CARTESIAN_POINT('',(2.280443183135,-4.356695596225,
    4.047865961523));
#2653 = CARTESIAN_POINT('',(2.280940713592,-4.372719171837,
    4.082272544574));
#2654 = CARTESIAN_POINT('',(2.282172759914,-4.388486247067,4.11678390977
    ));
#2655 = CARTESIAN_POINT('',(2.284140044297,-4.403986711903,
    4.151383734342));
#2656 = CARTESIAN_POINT('',(2.293696196472,-4.457816922578,
    4.273978009092));
#2657 = CARTESIAN_POINT('',(2.305278817043,-4.494648249976,
    4.362368253914));
#2658 = CARTESIAN_POINT('',(2.321592269878,-4.52954172491,4.450946985581
    ));
#2659 = CARTESIAN_POINT('',(2.342609938074,-4.562353556883,
    4.539430625479));
#2660 = CARTESIAN_POINT('',(2.368278938246,-4.592959583048,
    4.627531349741));
#2661 = CARTESIAN_POINT('',(2.398520585404,-4.621255931514,
    4.714957792079));
#2662 = CARTESIAN_POINT('',(2.433229240105,-4.647159937954,
    4.801416208199));
#2663 = CARTESIAN_POINT('',(2.496910116955,-4.685412829704,
    4.940384134114));
#2664 = CARTESIAN_POINT('',(2.523277363271,-4.699237969444,
    4.993655611562));
#2665 = CARTESIAN_POINT('',(2.551338119061,-4.712071850049,
    5.046353925505));
#2666 = CARTESIAN_POINT('',(2.581055622629,-4.723903412762,
    5.098407844281));
#2667 = CARTESIAN_POINT('',(2.612389545109,-4.734725334415,
    5.149747642709));
#2668 = CARTESIAN_POINT('',(2.645296027236,-4.744533937124,
    5.200305231599));
#2669 = CARTESIAN_POINT('',(2.679727716104,-4.753329097976,
    5.250014287253));
#2670 = CARTESIAN_POINT('',(2.770311842318,-4.772969304052,
    5.373117416151));
#2671 = CARTESIAN_POINT('',(2.828406476518,-4.782481576674,
    5.445304116641));
#2672 = CARTESIAN_POINT('',(2.889742053593,-4.789664169441,
    5.515149495705));
#2673 = CARTESIAN_POINT('',(2.954124088143,-4.794547673468,
    5.582440522486));
#2674 = CARTESIAN_POINT('',(3.021337782287,-4.797180143178,
    5.646973905079));
#2675 = CARTESIAN_POINT('',(3.091145838465,-4.797627320723,
    5.708558992269));
#2676 = CARTESIAN_POINT('',(3.163285563078,-4.795973019773,
    5.767021793946));
#2677 = CARTESIAN_POINT('',(3.256791769665,-4.791367837869,
    5.836588686004));
#2678 = CARTESIAN_POINT('',(3.276256278943,-4.790280340983,
    5.850744655469));
#2679 = CARTESIAN_POINT('',(3.295853470478,-4.789058998793,
    5.864675202095));
#2680 = CARTESIAN_POINT('',(3.315577785103,-4.787705738531,
    5.878377580253));
#2681 = CARTESIAN_POINT('',(3.335423422813,-4.786222593887,
    5.891849125191));
#2682 = CARTESIAN_POINT('',(3.355384342765,-4.784611705008,
    5.905087253029));
#2683 = CARTESIAN_POINT('',(3.375454263277,-4.782875318499,
    5.918089460764));
#2684 = CARTESIAN_POINT('',(3.421189908437,-4.778659317451,
    5.947028192174));
#2685 = CARTESIAN_POINT('',(3.446917598501,-4.776105109616,
    5.962820262374));
#2686 = CARTESIAN_POINT('',(3.472796466869,-4.773357967626,
    5.978224703151));
#2687 = CARTESIAN_POINT('',(3.498812369121,-4.770423018628,5.99323684166
    ));
#2688 = CARTESIAN_POINT('',(3.524950275247,-4.767305731809,
    6.007852258612));
#2689 = CARTESIAN_POINT('',(3.55119426333,-4.764011936989,6.022066880951
    ));
#2690 = CARTESIAN_POINT('',(3.577527513216,-4.760547843223,
    6.035877074533));
#2691 = CARTESIAN_POINT('',(3.615925764857,-4.755272260683,
    6.055367434322));
#2692 = CARTESIAN_POINT('',(3.627933947708,-4.753590698106,
    6.061371033347));
#2693 = CARTESIAN_POINT('',(3.639956322321,-4.751875829986,
    6.067290811009));
#2694 = CARTESIAN_POINT('',(3.651989316877,-4.750128545723,
    6.073125538249));
#2695 = CARTESIAN_POINT('',(3.664033194264,-4.74834922131,6.078875981019
    ));
#2696 = CARTESIAN_POINT('',(3.676084572423,-4.746538745386,
    6.084541100454));
#2697 = CARTESIAN_POINT('',(3.68814240092,-4.744697698831,6.090121089541
    ));
#2698 = CARTESIAN_POINT('',(3.7435018253,-4.736111287137,6.115338432253)
  );
#2699 = CARTESIAN_POINT('',(3.786859409265,-4.729010740001,
    6.133962701494));
#2700 = CARTESIAN_POINT('',(3.830185051648,-4.721558473436,
    6.151476895816));
#2701 = CARTESIAN_POINT('',(3.873381894749,-4.713790952167,
    6.167876914779));
#2702 = CARTESIAN_POINT('',(3.916350627707,-4.705747062978,
    6.183166387083));
#2703 = CARTESIAN_POINT('',(3.95899166903,-4.697467358936,6.197356957558
    ));
#2704 = CARTESIAN_POINT('',(4.001207349128,-4.688993303636,
    6.210468574157));
#2705 = CARTESIAN_POINT('',(4.08553373329,-4.671546716872,6.234860825457
    ));
#2706 = CARTESIAN_POINT('',(4.127628702671,-4.662565640712,6.24609603433
    ));
#2707 = CARTESIAN_POINT('',(4.169084789804,-4.653468360462,
    6.256263526681));
#2708 = CARTESIAN_POINT('',(4.209818687075,-4.644296725472,
    6.265405423018));
#2709 = CARTESIAN_POINT('',(4.249768652598,-4.635087744266,
    6.273573054585));
#2710 = CARTESIAN_POINT('',(4.288893660758,-4.625872725437,
    6.280822893494));
#2711 = CARTESIAN_POINT('',(4.327171041101,-4.616677176102,
    6.287213197656));
#2712 = CARTESIAN_POINT('',(4.377932691847,-4.604257616022,
    6.294793449365));
#2713 = CARTESIAN_POINT('',(4.391164728826,-4.60099866129,6.296683691024
    ));
#2714 = CARTESIAN_POINT('',(4.404288708275,-4.597745426503,
    6.298474757222));
#2715 = CARTESIAN_POINT('',(4.417304877628,-4.594498649526,
    6.300169267694));
#2716 = CARTESIAN_POINT('',(4.430213740027,-4.591258973316,
    6.301769800168));
#2717 = CARTESIAN_POINT('',(4.44301605432,-4.588026945913,6.303278890361
    ));
#2718 = CARTESIAN_POINT('',(4.455712835066,-4.584803020447,
    6.304699031987));
#2719 = CARTESIAN_POINT('',(4.471357338567,-4.580808238747,
    6.306355905616));
#2720 = CARTESIAN_POINT('',(4.474402651761,-4.580029560239,
    6.306673999063));
#2721 = CARTESIAN_POINT('',(4.477456729341,-4.579247581321,
    6.306988599342));
#2722 = CARTESIAN_POINT('',(4.480506168167,-4.578465725049,6.307298282)
  );
#2723 = CARTESIAN_POINT('',(4.483553790007,-4.57768327321,6.3076033481)
  );
#2724 = CARTESIAN_POINT('',(4.486606414027,-4.576898487154,
    6.307904523278));
#2725 = CARTESIAN_POINT('',(4.489656281071,-4.576113349048,
    6.308200982105));
#2726 = CARTESIAN_POINT('',(4.542292886671,-4.56254477065,6.313241293011
    ));
#2727 = CARTESIAN_POINT('',(4.591935876529,-4.549469625917,
    6.316827218559));
#2728 = CARTESIAN_POINT('',(4.641792196986,-4.536068987995,6.31926650168
    ));
#2729 = CARTESIAN_POINT('',(4.692016395555,-4.522304908404,
    6.320552060148));
#2730 = CARTESIAN_POINT('',(4.742762421376,-4.50813397219,6.320652734699
    ));
#2731 = CARTESIAN_POINT('',(4.794179437493,-4.493508816922,
    6.319512871993));
#2732 = CARTESIAN_POINT('',(4.846402438141,-4.478381187033,
    6.317052876516));
#2733 = CARTESIAN_POINT('',(4.955376978474,-4.446234169697,
    6.309091022298));
#2734 = CARTESIAN_POINT('',(5.01223620207,-4.429154012245,6.303439844039
    ));
#2735 = CARTESIAN_POINT('',(5.07019510904,-4.411427113501,6.296101701191
    ));
#2736 = CARTESIAN_POINT('',(5.129294801304,-4.393021513609,
    6.286941018654));
#2737 = CARTESIAN_POINT('',(5.189512457367,-4.37392126336,6.275811167373
    ));
#2738 = CARTESIAN_POINT('',(5.250745875603,-4.354133415187,
    6.262569727486));
#2739 = CARTESIAN_POINT('',(5.312807818969,-4.333692972286,
    6.247099988924));
#2740 = CARTESIAN_POINT('',(5.430218679858,-4.29426904145,6.213799262883
    ));
#2741 = CARTESIAN_POINT('',(5.485452403508,-4.275417709377,
    6.196501090187));
#2742 = CARTESIAN_POINT('',(5.540965935609,-4.256150781573,
    6.177395770295));
#2743 = CARTESIAN_POINT('',(5.596585370568,-4.236511773272,
    6.156452171289));
#2744 = CARTESIAN_POINT('',(5.652135674538,-4.216546274973,
    6.133657148671));
#2745 = CARTESIAN_POINT('',(5.707446625927,-4.196299760752,
    6.109014649591));
#2746 = CARTESIAN_POINT('',(5.762357315593,-4.175815662909,
    6.082543203024));
#2747 = CARTESIAN_POINT('',(5.841949091565,-4.145535017883,
    6.041150759609));
#2748 = CARTESIAN_POINT('',(5.86706238126,-4.13589308,6.027641114001));
#2749 = CARTESIAN_POINT('',(5.892045029198,-4.126211571713,
    6.013745371458));
#2750 = CARTESIAN_POINT('',(5.916883581995,-4.116493946871,
    5.999466317531));
#2751 = CARTESIAN_POINT('',(5.94156517948,-4.106743440763,5.984807010942
    ));
#2752 = CARTESIAN_POINT('',(5.966077554699,-4.096963070114,
    5.969770783584));
#2753 = CARTESIAN_POINT('',(5.990409033909,-4.087155633085,
    5.954361240521));
#2754 = CARTESIAN_POINT('',(6.085334595629,-4.048492827848,
    5.892312381824));
#2755 = CARTESIAN_POINT('',(6.154460556945,-4.019455073901,
    5.842871298162));
#2756 = CARTESIAN_POINT('',(6.221659424537,-3.990270263623,
    5.790347267773));
#2757 = CARTESIAN_POINT('',(6.286687719354,-3.960987616783,
    5.734847931195));
#2758 = CARTESIAN_POINT('',(6.349323394412,-3.931645789319,
    5.676495005659));
#2759 = CARTESIAN_POINT('',(6.409363448014,-3.902273321045,
    5.615419747069));
#2760 = CARTESIAN_POINT('',(6.46662123505,-3.872889498461,5.551759179047
    ));
#2761 = CARTESIAN_POINT('',(6.577914947466,-3.812666578942,
    5.416273202951));
#2762 = CARTESIAN_POINT('',(6.631645382125,-3.781830449729,
    5.344206284056));
#2763 = CARTESIAN_POINT('',(6.681910090069,-3.751013229773,
    5.269621435952));
#2764 = CARTESIAN_POINT('',(6.72851344182,-3.720226016943,5.192703490561
    ));
#2765 = CARTESIAN_POINT('',(6.771269865407,-3.68947640396,5.113652370765
    ));
#2766 = CARTESIAN_POINT('',(6.810005392526,-3.65877029865,5.032682604124
    ));
#2767 = CARTESIAN_POINT('',(6.844559754172,-3.628114182715,4.95002298766
    ));
#2768 = CARTESIAN_POINT('',(6.879588302809,-3.592660249887,
    4.852563425701));
#2769 = CARTESIAN_POINT('',(6.884278520099,-3.587804242158,
    4.839174102065));
#2770 = CARTESIAN_POINT('',(6.888859684577,-3.582949226387,4.82574775648
    ));
#2771 = CARTESIAN_POINT('',(6.89333030789,-3.578096158997,4.81228787941)
  );
#2772 = CARTESIAN_POINT('',(6.897690804417,-3.573244097777,
    4.798792750152));
#2773 = CARTESIAN_POINT('',(6.901939893247,-3.568393814237,
    4.785265355139));
#2774 = CARTESIAN_POINT('',(6.906077392524,-3.56354499285,4.771705697984
    ));
#2775 = CARTESIAN_POINT('',(6.922461845531,-3.543814944695,
    4.716386454972));
#2776 = CARTESIAN_POINT('',(6.933763270171,-3.528947259054,4.67436543955
    ));
#2777 = CARTESIAN_POINT('',(6.943991297864,-3.514096048664,
    4.632081264152));
#2778 = CARTESIAN_POINT('',(6.953131513183,-3.499263026093,
    4.589563854936));
#2779 = CARTESIAN_POINT('',(6.961170725101,-3.484450299158,
    4.546843826689));
#2780 = CARTESIAN_POINT('',(6.96809696699,-3.469660370936,4.503952482822
    ));
#2781 = CARTESIAN_POINT('',(6.973899496623,-3.454896139754,
    4.460921815372));
#2782 = CARTESIAN_POINT('',(6.989282706509,-3.406350250596,
    4.318804075286));
#2783 = CARTESIAN_POINT('',(6.994032227138,-3.372688180924,
    4.219249136963));
#2784 = CARTESIAN_POINT('',(6.992700466787,-3.339221793929,
    4.119529535848));
#2785 = CARTESIAN_POINT('',(6.985218069386,-3.306007148194,
    4.020057318861));
#2786 = CARTESIAN_POINT('',(6.971562708566,-3.273114508283,
    3.921243659547));
#2787 = CARTESIAN_POINT('',(6.951761271328,-3.240631793193,
    3.823495880806));
#2788 = CARTESIAN_POINT('',(6.925894730859,-3.208666222102,3.72721457483
    ));
#2789 = CARTESIAN_POINT('',(6.888592821024,-3.171912250255,
    3.616415748068));
#2790 = CARTESIAN_POINT('',(6.8829017158,-3.166499596685,3.600096242919)
  );
#2791 = CARTESIAN_POINT('',(6.877033099425,-3.161106829537,
    3.583834266664));
#2792 = CARTESIAN_POINT('',(6.870987722898,-3.155734593124,
    3.567631755865));
#2793 = CARTESIAN_POINT('',(6.864766381631,-3.15038354326,3.551490621788
    ));
#2794 = CARTESIAN_POINT('',(6.858369915456,-3.145054347253,
    3.535412750403));
#2795 = CARTESIAN_POINT('',(6.851799208618,-3.139747683912,
    3.519400002385));
#2796 = CARTESIAN_POINT('',(6.841512194108,-3.131688568265,
    3.495077032718));
#2797 = CARTESIAN_POINT('',(6.837921619001,-3.128919497421,
    3.486718921301));
#2798 = CARTESIAN_POINT('',(6.834280405446,-3.126154653913,3.47837266825
    ));
#2799 = CARTESIAN_POINT('',(6.830593345692,-3.123397842273,
    3.470049714316));
#2800 = CARTESIAN_POINT('',(6.826855623929,-3.120645294125,
    3.461738640966));
#2801 = CARTESIAN_POINT('',(6.823070999138,-3.11789999533,3.453448409083
    ));
#2802 = CARTESIAN_POINT('',(6.819237776903,-3.115160632943,
    3.445175001375));
#2803 = CARTESIAN_POINT('',(6.811170927896,-3.109480428615,
    3.428017255913));
#2804 = CARTESIAN_POINT('',(6.806929386,-3.106540568118,3.419135692384)
  );
#2805 = CARTESIAN_POINT('',(6.802632175902,-3.10360833211,3.410275725906
    ));
#2806 = CARTESIAN_POINT('',(6.798279460366,-3.1006838693,3.401437724627)
  );
#2807 = CARTESIAN_POINT('',(6.793871407689,-3.097767329397,
    3.392622053644));
#2808 = CARTESIAN_POINT('',(6.7894081917,-3.094858863105,3.383829075));
#2809 = CARTESIAN_POINT('',(6.784889991762,-3.09195862213,3.375059147686
    ));
#2810 = CARTESIAN_POINT('',(6.73475598286,-3.060254988805,3.279170625828
    ));
#2811 = CARTESIAN_POINT('',(6.683750544352,-3.032271761651,
    3.194342703564));
#2812 = CARTESIAN_POINT('',(6.627490033845,-3.005273563547,
    3.112197772369));
#2813 = CARTESIAN_POINT('',(6.566213193405,-2.979419625543,
    3.033053244678));
#2814 = CARTESIAN_POINT('',(6.500198527908,-2.954871337483,
    2.957180303512));
#2815 = CARTESIAN_POINT('',(6.429757528782,-2.931789841388,
    2.884808186927));
#2816 = CARTESIAN_POINT('',(6.355230744133,-2.910331804639,
    2.816127487218));
#2817 = CARTESIAN_POINT('',(6.234032723686,-2.879834930072,
    2.715699704243));
#2818 = CARTESIAN_POINT('',(6.189954793353,-2.86955888545,2.68126290945)
  );
#2819 = CARTESIAN_POINT('',(6.1448113315,-2.859839035899,2.648006069314)
  );
#2820 = CARTESIAN_POINT('',(6.098661546774,-2.850698075732,
    2.615949156663));
#2821 = CARTESIAN_POINT('',(6.051565169775,-2.842157484339,
    2.585108491189));
#2822 = CARTESIAN_POINT('',(6.003582193598,-2.834237413749,
    2.555497102279));
#2823 = CARTESIAN_POINT('',(5.95477261438,-2.826956576187,2.527125091843
    ));
#2824 = CARTESIAN_POINT('',(5.905196171841,-2.820332131634,
    2.499999997136));
#2825 = PCURVE('',#206,#2826);
#2826 = DEFINITIONAL_REPRESENTATION('',(#2827),#3054);
#2827 = B_SPLINE_CURVE_WITH_KNOTS('',8,(#2828,#2829,#2830,#2831,#2832,
    #2833,#2834,#2835,#2836,#2837,#2838,#2839,#2840,#2841,#2842,#2843,
    #2844,#2845,#2846,#2847,#2848,#2849,#2850,#2851,#2852,#2853,#2854,
    #2855,#2856,#2857,#2858,#2859,#2860,#2861,#2862,#2863,#2864,#2865,
    #2866,#2867,#2868,#2869,#2870,#2871,#2872,#2873,#2874,#2875,#2876,
    #2877,#2878,#2879,#2880,#2881,#2882,#2883,#2884,#2885,#2886,#2887,
    #2888,#2889,#2890,#2891,#2892,#2893,#2894,#2895,#2896,#2897,#2898,
    #2899,#2900,#2901,#2902,#2903,#2904,#2905,#2906,#2907,#2908,#2909,
    #2910,#2911,#2912,#2913,#2914,#2915,#2916,#2917,#2918,#2919,#2920,
    #2921,#2922,#2923,#2924,#2925,#2926,#2927,#2928,#2929,#2930,#2931,
    #2932,#2933,#2934,#2935,#2936,#2937,#2938,#2939,#2940,#2941,#2942,
    #2943,#2944,#2945,#2946,#2947,#2948,#2949,#2950,#2951,#2952,#2953,
    #2954,#2955,#2956,#2957,#2958,#2959,#2960,#2961,#2962,#2963,#2964,
    #2965,#2966,#2967,#2968,#2969,#2970,#2971,#2972,#2973,#2974,#2975,
    #2976,#2977,#2978,#2979,#2980,#2981,#2982,#2983,#2984,#2985,#2986,
    #2987,#2988,#2989,#2990,#2991,#2992,#2993,#2994,#2995,#2996,#2997,
    #2998,#2999,#3000,#3001,#3002,#3003,#3004,#3005,#3006,#3007,#3008,
    #3009,#3010,#3011,#3012,#3013,#3014,#3015,#3016,#3017,#3018,#3019,
    #3020,#3021,#3022,#3023,#3024,#3025,#3026,#3027,#3028,#3029,#3030,
    #3031,#3032,#3033,#3034,#3035,#3036,#3037,#3038,#3039,#3040,#3041,
    #3042,#3043,#3044,#3045,#3046,#3047,#3048,#3049,#3050,#3051,#3052,
    #3053),.UNSPECIFIED.,.T.,.F.,(9,7,7,7,7,7,7,7,7,7,7,7,7,7,7,7,7,7,7,
    7,7,7,7,7,7,7,7,7,7,7,7,7,9),(0.,5.528801195871E-02,0.156428124556,
    0.161383130525,0.200877633446,0.292490513519,0.294407477541,
    0.324731513814,0.344936730452,0.396174517443,0.428513634054,
    0.477759868582,0.490590303413,0.506849528551,0.514234721327,
    0.540744067206,0.567846516523,0.577508031637,0.579849645165,
    0.617908864627,0.657904933857,0.69289764268,0.709138100768,
    0.756761203893,0.806742763367,0.81467796455,0.83904218443,
    0.894946943743,0.904642009072,0.909735348122,0.91522840276,
    0.96995597152,1.),.UNSPECIFIED.);
#2828 = CARTESIAN_POINT('',(5.563233636805,-0.495811166279));
#2829 = CARTESIAN_POINT('',(5.560019991714,-0.511694328487));
#2830 = CARTESIAN_POINT('',(5.556064748724,-0.527048071874));
#2831 = CARTESIAN_POINT('',(5.551351600707,-0.541834623602));
#2832 = CARTESIAN_POINT('',(5.545868041935,-0.556019184852));
#2833 = CARTESIAN_POINT('',(5.539606718564,-0.569568817909));
#2834 = CARTESIAN_POINT('',(5.532566666501,-0.582451797961));
#2835 = CARTESIAN_POINT('',(5.524754436678,-0.594637429607));
#2836 = CARTESIAN_POINT('',(5.50050896262,-0.62705845422));
#2837 = CARTESIAN_POINT('',(5.482302624326,-0.645583835941));
#2838 = CARTESIAN_POINT('',(5.461655475798,-0.66150145938));
#2839 = CARTESIAN_POINT('',(5.43874444619,-0.674648669094));
#2840 = CARTESIAN_POINT('',(5.41386017514,-0.684871933077));
#2841 = CARTESIAN_POINT('',(5.38740218563,-0.692046059115));
#2842 = CARTESIAN_POINT('',(5.359844529427,-0.696093219658));
#2843 = CARTESIAN_POINT('',(5.330293221723,-0.697026741095));
#2844 = CARTESIAN_POINT('',(5.32892228511,-0.697062424856));
#2845 = CARTESIAN_POINT('',(5.32754462571,-0.69709089912));
#2846 = CARTESIAN_POINT('',(5.326154246988,-0.697112065515));
#2847 = CARTESIAN_POINT('',(5.324751972386,-0.697125608706));
#2848 = CARTESIAN_POINT('',(5.323344269963,-0.697131191837));
#2849 = CARTESIAN_POINT('',(5.321946840298,-0.697128888772));
#2850 = CARTESIAN_POINT('',(5.309700716307,-0.697044512648));
#2851 = CARTESIAN_POINT('',(5.298702388049,-0.696503296668));
#2852 = CARTESIAN_POINT('',(5.287617074304,-0.695487538893));
#2853 = CARTESIAN_POINT('',(5.276476620445,-0.693990849534));
#2854 = CARTESIAN_POINT('',(5.265313782613,-0.692008822168));
#2855 = CARTESIAN_POINT('',(5.254161647724,-0.689539110784));
#2856 = CARTESIAN_POINT('',(5.243053053477,-0.686581506823));
#2857 = CARTESIAN_POINT('',(5.206427357135,-0.67515037065));
#2858 = CARTESIAN_POINT('',(5.18123032322,-0.664544811698));
#2859 = CARTESIAN_POINT('',(5.156839870793,-0.651345515616));
#2860 = CARTESIAN_POINT('',(5.133634873787,-0.635641706049));
#2861 = CARTESIAN_POINT('',(5.111920042396,-0.617579018597));
#2862 = CARTESIAN_POINT('',(5.091917656164,-0.597342412524));
#2863 = CARTESIAN_POINT('',(5.073778161321,-0.575145736353));
#2864 = CARTESIAN_POINT('',(5.05725605718,-0.550742899718));
#2865 = CARTESIAN_POINT('',(5.056918285257,-0.550242005357));
#2866 = CARTESIAN_POINT('',(5.056581358161,-0.549740347855));
#2867 = CARTESIAN_POINT('',(5.056245264806,-0.549237911469));
#2868 = CARTESIAN_POINT('',(5.055909999135,-0.548734687854));
#2869 = CARTESIAN_POINT('',(5.055575560121,-0.548230676065));
#2870 = CARTESIAN_POINT('',(5.055241951764,-0.547725882558));
#2871 = CARTESIAN_POINT('',(5.049645188018,-0.539222956008));
#2872 = CARTESIAN_POINT('',(5.044590031292,-0.531031564374));
#2873 = CARTESIAN_POINT('',(5.039747103186,-0.522653568891));
#2874 = CARTESIAN_POINT('',(5.035119145341,-0.514096567972));
#2875 = CARTESIAN_POINT('',(5.030708311166,-0.505368347006));
#2876 = CARTESIAN_POINT('',(5.02651622622,-0.496476889531));
#2877 = CARTESIAN_POINT('',(5.022544048609,-0.487430388397));
#2878 = CARTESIAN_POINT('',(5.016292853596,-0.472111779085));
#2879 = CARTESIAN_POINT('',(5.013891139446,-0.465921180286));
#2880 = CARTESIAN_POINT('',(5.011587590669,-0.459667938791));
#2881 = CARTESIAN_POINT('',(5.009382335924,-0.453354562048));
#2882 = CARTESIAN_POINT('',(5.007275428779,-0.446983586703));
#2883 = CARTESIAN_POINT('',(5.005266847714,-0.440557578596));
#2884 = CARTESIAN_POINT('',(5.003356496118,-0.434079132769));
#2885 = CARTESIAN_POINT('',(4.996948462155,-0.410996061609));
#2886 = CARTESIAN_POINT('',(4.992983031334,-0.394119818763));
#2887 = CARTESIAN_POINT('',(4.989645854154,-0.376966380142));
#2888 = CARTESIAN_POINT('',(4.986931493942,-0.359579739363));
#2889 = CARTESIAN_POINT('',(4.984832321285,-0.3420040314));
#2890 = CARTESIAN_POINT('',(4.983339228541,-0.32428404689));
#2891 = CARTESIAN_POINT('',(4.982441870596,-0.306465877782));
#2892 = CARTESIAN_POINT('',(4.981930602646,-0.277320055266));
#2893 = CARTESIAN_POINT('',(4.981965380803,-0.266021991611));
#2894 = CARTESIAN_POINT('',(4.982229809648,-0.254715293139));
#2895 = CARTESIAN_POINT('',(4.982720763113,-0.243411739487));
#2896 = CARTESIAN_POINT('',(4.983434944817,-0.232123149878));
#2897 = CARTESIAN_POINT('',(4.984368887128,-0.220861432829));
#2898 = CARTESIAN_POINT('',(4.985518950229,-0.209638635872));
#2899 = CARTESIAN_POINT('',(4.988955949252,-0.181454742267));
#2900 = CARTESIAN_POINT('',(4.991522803889,-0.164561855969));
#2901 = CARTESIAN_POINT('',(4.994568453717,-0.147830119501));
#2902 = CARTESIAN_POINT('',(4.998078568281,-0.131302658475));
#2903 = CARTESIAN_POINT('',(5.002037507028,-0.115024292302));
#2904 = CARTESIAN_POINT('',(5.006427722024,-9.904155278596E-02));
#2905 = CARTESIAN_POINT('',(5.011228974422,-8.340236999306E-02));
#2906 = CARTESIAN_POINT('',(5.017769128995,-6.418304190788E-02));
#2907 = CARTESIAN_POINT('',(5.019147137537,-6.023737570468E-02));
#2908 = CARTESIAN_POINT('',(5.02055095808,-5.631932363E-02));
#2909 = CARTESIAN_POINT('',(5.021980130351,-5.242979717478E-02));
#2910 = CARTESIAN_POINT('',(5.023434166022,-4.856972247958E-02));
#2911 = CARTESIAN_POINT('',(5.024912548707,-4.474004033459E-02));
#2912 = CARTESIAN_POINT('',(5.026414733964,-4.094170617963E-02));
#2913 = CARTESIAN_POINT('',(5.029873214825,-3.240324832423E-02));
#2914 = CARTESIAN_POINT('',(5.031843573503,-2.768272285372E-02));
#2915 = CARTESIAN_POINT('',(5.033850054951,-2.301606908209E-02));
#2916 = CARTESIAN_POINT('',(5.035891389174,-1.840530754055E-02));
#2917 = CARTESIAN_POINT('',(5.037966200109,-1.385250610981E-02));
#2918 = CARTESIAN_POINT('',(5.040072999156,-9.359762227942E-03));
#2919 = CARTESIAN_POINT('',(5.042210178724,-4.929185098231E-03));
#2920 = CARTESIAN_POINT('',(5.045359758078,1.420366699887E-03));
#2921 = CARTESIAN_POINT('',(5.046349417322,3.390363211812E-03));
#2922 = CARTESIAN_POINT('',(5.047344914575,5.336746657788E-03));
#2923 = CARTESIAN_POINT('',(5.048345929068,7.275765474883E-03));
#2924 = CARTESIAN_POINT('',(5.049352452048,9.189301901677E-03));
#2925 = CARTESIAN_POINT('',(5.050364173414,1.109092954159E-02));
#2926 = CARTESIAN_POINT('',(5.051380971772,1.297359456029E-02));
#2927 = CARTESIAN_POINT('',(5.056069909269,2.153638469863E-02));
#2928 = CARTESIAN_POINT('',(5.059800243659,2.801200999348E-02));
#2929 = CARTESIAN_POINT('',(5.063584354555,3.426027183806E-02));
#2930 = CARTESIAN_POINT('',(5.067412059899,4.027619763128E-02));
#2931 = CARTESIAN_POINT('',(5.071272494993,4.605594639057E-02));
#2932 = CARTESIAN_POINT('',(5.075154331149,5.159699031631E-02));
#2933 = CARTESIAN_POINT('',(5.079045994331,5.689829635631E-02));
#2934 = CARTESIAN_POINT('',(5.086912803233,6.713597791967E-02));
#2935 = CARTESIAN_POINT('',(5.090888599316,7.2062450873E-02));
#2936 = CARTESIAN_POINT('',(5.094850545391,7.673989133433E-02));
#2937 = CARTESIAN_POINT('',(5.098787430218,8.117207411134E-02));
#2938 = CARTESIAN_POINT('',(5.102689883447,8.53657143269E-02));
#2939 = CARTESIAN_POINT('',(5.106550500155,8.932965160351E-02));
#2940 = CARTESIAN_POINT('',(5.110363764428,9.307408822047E-02));
#2941 = CARTESIAN_POINT('',(5.115466857184,9.787032517412E-02));
#2942 = CARTESIAN_POINT('',(5.11680150024,9.910432015881E-02));
#2943 = CARTESIAN_POINT('',(5.118129560347,0.100312393113));
#2944 = CARTESIAN_POINT('',(5.119450926544,0.101495077933));
#2945 = CARTESIAN_POINT('',(5.120765517731,0.1026529155));
#2946 = CARTESIAN_POINT('',(5.122073282676,0.103786453677));
#2947 = CARTESIAN_POINT('',(5.123374200009,0.10489624731));
#2948 = CARTESIAN_POINT('',(5.124981917547,0.10624621473));
#2949 = CARTESIAN_POINT('',(5.125295098603,0.106508162822));
#2950 = CARTESIAN_POINT('',(5.125609407391,0.106770036206));
#2951 = CARTESIAN_POINT('',(5.125923466738,0.10703067763));
#2952 = CARTESIAN_POINT('',(5.12623756647,0.107290331237));
#2953 = CARTESIAN_POINT('',(5.12655240714,0.107549586338));
#2954 = CARTESIAN_POINT('',(5.126867191519,0.107807772935));
#2955 = CARTESIAN_POINT('',(5.132303854562,0.112249430913));
#2956 = CARTESIAN_POINT('',(5.137491225526,0.116219317033));
#2957 = CARTESIAN_POINT('',(5.142760310788,0.119989166526));
#2958 = CARTESIAN_POINT('',(5.148127966528,0.123568797698));
#2959 = CARTESIAN_POINT('',(5.153612169765,0.126963440525));
#2960 = CARTESIAN_POINT('',(5.159231567562,0.130173442071));
#2961 = CARTESIAN_POINT('',(5.165004410869,0.133193785187));
#2962 = CARTESIAN_POINT('',(5.17719174955,0.138976548158));
#2963 = CARTESIAN_POINT('',(5.183625343566,0.141718686269));
#2964 = CARTESIAN_POINT('',(5.190261564472,0.144224649473));
#2965 = CARTESIAN_POINT('',(5.19711105503,0.14647299264));
#2966 = CARTESIAN_POINT('',(5.204177952559,0.148436007807));
#2967 = CARTESIAN_POINT('',(5.211457472168,0.150081473064));
#2968 = CARTESIAN_POINT('',(5.218934311971,0.151376153335));
#2969 = CARTESIAN_POINT('',(5.233272766116,0.153091502197));
#2970 = CARTESIAN_POINT('',(5.240096323593,0.153601474463));
#2971 = CARTESIAN_POINT('',(5.247036577164,0.153801392665));
#2972 = CARTESIAN_POINT('',(5.254075828739,0.15367418558));
#2973 = CARTESIAN_POINT('',(5.261195501164,0.153205878616));
#2974 = CARTESIAN_POINT('',(5.268376897941,0.152385799831));
#2975 = CARTESIAN_POINT('',(5.275601879234,0.151206401288));
#2976 = CARTESIAN_POINT('',(5.286218980908,0.148946246931));
#2977 = CARTESIAN_POINT('',(5.289590455126,0.148151269592));
#2978 = CARTESIAN_POINT('',(5.292966281516,0.147277249032));
#2979 = CARTESIAN_POINT('',(5.296344932154,0.146323751089));
#2980 = CARTESIAN_POINT('',(5.299724946471,0.145290422147));
#2981 = CARTESIAN_POINT('',(5.303104931254,0.144176989136));
#2982 = CARTESIAN_POINT('',(5.30648356064,0.142983259527));
#2983 = CARTESIAN_POINT('',(5.319759317409,0.137972871167));
#2984 = CARTESIAN_POINT('',(5.329635313993,0.133545585776));
#2985 = CARTESIAN_POINT('',(5.33945767463,0.128423505192));
#2986 = CARTESIAN_POINT('',(5.349199453216,0.122607258116));
#2987 = CARTESIAN_POINT('',(5.358836824599,0.11610064293));
#2988 = CARTESIAN_POINT('',(5.368349098121,0.108909510642));
#2989 = CARTESIAN_POINT('',(5.377718568847,0.101040749765));
#2990 = CARTESIAN_POINT('',(5.396598035484,8.35390978159E-02));
#2991 = CARTESIAN_POINT('',(5.406091078539,7.383900871176E-02));
#2992 = CARTESIAN_POINT('',(5.415391098027,6.341030127239E-02));
#2993 = CARTESIAN_POINT('',(5.424481687648,5.226416708696E-02));
#2994 = CARTESIAN_POINT('',(5.433348177222,4.041354483217E-02));
#2995 = CARTESIAN_POINT('',(5.441977417632,2.787305389567E-02));
#2996 = CARTESIAN_POINT('',(5.450357445901,1.465911066604E-02));
#2997 = CARTESIAN_POINT('',(5.459766116598,-1.411632143246E-03));
#2998 = CARTESIAN_POINT('',(5.461048626134,-3.63071934041E-03));
#2999 = CARTESIAN_POINT('',(5.462324672438,-5.852678262946E-03));
#3000 = CARTESIAN_POINT('',(5.46359396707,-8.099124661E-03));
#3001 = CARTESIAN_POINT('',(5.464856727287,-1.034651461956E-02));
#3002 = CARTESIAN_POINT('',(5.466112715731,-1.261214418904E-02));
#3003 = CARTESIAN_POINT('',(5.467361985248,-1.488709616009E-02));
#3004 = CARTESIAN_POINT('',(5.472419369958,-2.419514314498E-02));
#3005 = CARTESIAN_POINT('',(5.476170291985,-3.132428700524E-02));
#3006 = CARTESIAN_POINT('',(5.47985599752,-3.85563259681E-02));
#3007 = CARTESIAN_POINT('',(5.483475261391,-4.588623075765E-02));
#3008 = CARTESIAN_POINT('',(5.487026866452,-5.330891082838E-02));
#3009 = CARTESIAN_POINT('',(5.490509603588,-6.081921436513E-02));
#3010 = CARTESIAN_POINT('',(5.493922271709,-6.841192828315E-02));
#3011 = CARTESIAN_POINT('',(5.504930678864,-9.36805816061E-02));
#3012 = CARTESIAN_POINT('',(5.512223435679,-0.111687799631));
#3013 = CARTESIAN_POINT('',(5.519125815187,-0.130037060003));
#3014 = CARTESIAN_POINT('',(5.525622940321,-0.148662734932));
#3015 = CARTESIAN_POINT('',(5.531699772721,-0.167500281074));
#3016 = CARTESIAN_POINT('',(5.537340164144,-0.186486066024));
#3017 = CARTESIAN_POINT('',(5.542526376535,-0.205556681389));
#3018 = CARTESIAN_POINT('',(5.548056351423,-0.227958535376));
#3019 = CARTESIAN_POINT('',(5.548859406184,-0.231270003486));
#3020 = CARTESIAN_POINT('',(5.549648137706,-0.234581827774));
#3021 = CARTESIAN_POINT('',(5.550422447665,-0.237893691804));
#3022 = CARTESIAN_POINT('',(5.551182236758,-0.241205281668));
#3023 = CARTESIAN_POINT('',(5.551927404698,-0.244516285989));
#3024 = CARTESIAN_POINT('',(5.552657850218,-0.247826395919));
#3025 = CARTESIAN_POINT('',(5.55374942518,-0.252873653051));
#3026 = CARTESIAN_POINT('',(5.554121261606,-0.254611547057));
#3027 = CARTESIAN_POINT('',(5.554489299209,-0.25635049617));
#3028 = CARTESIAN_POINT('',(5.554853017215,-0.258088141441));
#3029 = CARTESIAN_POINT('',(5.555212923826,-0.25982686373));
#3030 = CARTESIAN_POINT('',(5.555568609621,-0.26156481779));
#3031 = CARTESIAN_POINT('',(5.555920249274,-0.263302849278));
#3032 = CARTESIAN_POINT('',(5.556642549703,-0.266914794468));
#3033 = CARTESIAN_POINT('',(5.557012548069,-0.26878871664));
#3034 = CARTESIAN_POINT('',(5.557377733897,-0.270662337866));
#3035 = CARTESIAN_POINT('',(5.557738082577,-0.272535596819));
#3036 = CARTESIAN_POINT('',(5.558093569454,-0.274408432384));
#3037 = CARTESIAN_POINT('',(5.55844416983,-0.276280783658));
#3038 = CARTESIAN_POINT('',(5.55878985896,-0.278152589954));
#3039 = CARTESIAN_POINT('',(5.562525551601,-0.298666655171));
#3040 = CARTESIAN_POINT('',(5.565430891256,-0.317251429997));
#3041 = CARTESIAN_POINT('',(5.567821319127,-0.33571481654));
#3042 = CARTESIAN_POINT('',(5.569672262732,-0.353999598443));
#3043 = CARTESIAN_POINT('',(5.570959044705,-0.372053114903));
#3044 = CARTESIAN_POINT('',(5.571656892816,-0.389825971668));
#3045 = CARTESIAN_POINT('',(5.571741804331,-0.407270989844));
#3046 = CARTESIAN_POINT('',(5.57089058157,-0.433714153766));
#3047 = CARTESIAN_POINT('',(5.570397663334,-0.44297411273));
#3048 = CARTESIAN_POINT('',(5.569709884453,-0.452115159063));
#3049 = CARTESIAN_POINT('',(5.56882376064,-0.461130556985));
#3050 = CARTESIAN_POINT('',(5.567735994625,-0.470013893631));
#3051 = CARTESIAN_POINT('',(5.566443521912,-0.478759027398));
#3052 = CARTESIAN_POINT('',(5.564943556532,-0.487360036293));
#3053 = CARTESIAN_POINT('',(5.563233636805,-0.495811166279));
#3054 = ( GEOMETRIC_REPRESENTATION_CONTEXT(2) 
PARAMETRIC_REPRESENTATION_CONTEXT() REPRESENTATION_CONTEXT('2D SPACE',''
  ) );
#3055 = PCURVE('',#3056,#3092);
#3056 = ( BOUNDED_SURFACE() B_SPLINE_SURFACE(2,2,(
    (#3057,#3058,#3059,#3060,#3061)
    ,(#3062,#3063,#3064,#3065,#3066)
    ,(#3067,#3068,#3069,#3070,#3071)
    ,(#3072,#3073,#3074,#3075,#3076)
    ,(#3077,#3078,#3079,#3080,#3081)
    ,(#3082,#3083,#3084,#3085,#3086)
    ,(#3087,#3088,#3089,#3090,#3091
)),.UNSPECIFIED.,.T.,.F.,.F.) B_SPLINE_SURFACE_WITH_KNOTS((1,2,2,2,2,1),
  (3,2,3),(-2.094395102393,0.,2.094395102393,4.188790204786,
    6.28318530718,8.377580409573),(-1.570796326795,0.,1.570796326795),
.UNSPECIFIED.) GEOMETRIC_REPRESENTATION_ITEM() RATIONAL_B_SPLINE_SURFACE
((
    (1.,0.707106781187,1.,0.707106781187,1.)
    ,(0.5,0.353553390593,0.5,0.353553390593,0.5)
    ,(1.,0.707106781187,1.,0.707106781187,1.)
    ,(0.5,0.353553390593,0.5,0.353553390593,0.5)
    ,(1.,0.707106781187,1.,0.707106781187,1.)
    ,(0.5,0.353553390593,0.5,0.353553390593,0.5)
,(1.,0.707106781187,1.,0.707106781187,1.
))) REPRESENTATION_ITEM('') SURFACE() );
#3057 = CARTESIAN_POINT('',(5.,-5.5,0.5));
#3058 = CARTESIAN_POINT('',(8.,-5.5,0.5));
#3059 = CARTESIAN_POINT('',(8.,-5.5,3.5));
#3060 = CARTESIAN_POINT('',(8.,-5.5,6.5));
#3061 = CARTESIAN_POINT('',(5.,-5.5,6.5));
#3062 = CARTESIAN_POINT('',(5.,-5.5,0.5));
#3063 = CARTESIAN_POINT('',(8.,-10.6961524227,0.5));
#3064 = CARTESIAN_POINT('',(8.,-10.6961524227,3.5));
#3065 = CARTESIAN_POINT('',(8.,-10.6961524227,6.5));
#3066 = CARTESIAN_POINT('',(5.,-5.5,6.5));
#3067 = CARTESIAN_POINT('',(5.,-5.5,0.5));
#3068 = CARTESIAN_POINT('',(3.5,-8.098076211353,0.5));
#3069 = CARTESIAN_POINT('',(3.5,-8.098076211353,3.5));
#3070 = CARTESIAN_POINT('',(3.5,-8.098076211353,6.5));
#3071 = CARTESIAN_POINT('',(5.,-5.5,6.5));
#3072 = CARTESIAN_POINT('',(5.,-5.5,0.5));
#3073 = CARTESIAN_POINT('',(-1.,-5.5,0.5));
#3074 = CARTESIAN_POINT('',(-1.,-5.5,3.5));
#3075 = CARTESIAN_POINT('',(-1.,-5.5,6.5));
#3076 = CARTESIAN_POINT('',(5.,-5.5,6.5));
#3077 = CARTESIAN_POINT('',(5.,-5.5,0.5));
#3078 = CARTESIAN_POINT('',(3.5,-2.901923788647,0.5));
#3079 = CARTESIAN_POINT('',(3.5,-2.901923788647,3.5));
#3080 = CARTESIAN_POINT('',(3.5,-2.901923788647,6.5));
#3081 = CARTESIAN_POINT('',(5.,-5.5,6.5));
#3082 = CARTESIAN_POINT('',(5.,-5.5,0.5));
#3083 = CARTESIAN_POINT('',(8.,-0.303847577293,0.5));
#3084 = CARTESIAN_POINT('',(8.,-0.303847577293,3.5));
#3085 = CARTESIAN_POINT('',(8.,-0.303847577293,6.5));
#3086 = CARTESIAN_POINT('',(5.,-5.5,6.5));
#3087 = CARTESIAN_POINT('',(5.,-5.5,0.5));
#3088 = CARTESIAN_POINT('',(8.,-5.5,0.5));
#3089 = CARTESIAN_POINT('',(8.,-5.5,3.5));
#3090 = CARTESIAN_POINT('',(8.,-5.5,6.5));
#3091 = CARTESIAN_POINT('',(5.,-5.5,6.5));
#3092 = DEFINITIONAL_REPRESENTATION('',(#3093),#3320);
#3093 = B_SPLINE_CURVE_WITH_KNOTS('',8,(#3094,#3095,#3096,#3097,#3098,
    #3099,#3100,#3101,#3102,#3103,#3104,#3105,#3106,#3107,#3108,#3109,
    #3110,#3111,#3112,#3113,#3114,#3115,#3116,#3117,#3118,#3119,#3120,
    #3121,#3122,#3123,#3124,#3125,#3126,#3127,#3128,#3129,#3130,#3131,
    #3132,#3133,#3134,#3135,#3136,#3137,#3138,#3139,#3140,#3141,#3142,
    #3143,#3144,#3145,#3146,#3147,#3148,#3149,#3150,#3151,#3152,#3153,
    #3154,#3155,#3156,#3157,#3158,#3159,#3160,#3161,#3162,#3163,#3164,
    #3165,#3166,#3167,#3168,#3169,#3170,#3171,#3172,#3173,#3174,#3175,
    #3176,#3177,#3178,#3179,#3180,#3181,#3182,#3183,#3184,#3185,#3186,
    #3187,#3188,#3189,#3190,#3191,#3192,#3193,#3194,#3195,#3196,#3197,
    #3198,#3199,#3200,#3201,#3202,#3203,#3204,#3205,#3206,#3207,#3208,
    #3209,#3210,#3211,#3212,#3213,#3214,#3215,#3216,#3217,#3218,#3219,
    #3220,#3221,#3222,#3223,#3224,#3225,#3226,#3227,#3228,#3229,#3230,
    #3231,#3232,#3233,#3234,#3235,#3236,#3237,#3238,#3239,#3240,#3241,
    #3242,#3243,#3244,#3245,#3246,#3247,#3248,#3249,#3250,#3251,#3252,
    #3253,#3254,#3255,#3256,#3257,#3258,#3259,#3260,#3261,#3262,#3263,
    #3264,#3265,#3266,#3267,#3268,#3269,#3270,#3271,#3272,#3273,#3274,
    #3275,#3276,#3277,#3278,#3279,#3280,#3281,#3282,#3283,#3284,#3285,
    #3286,#3287,#3288,#3289,#3290,#3291,#3292,#3293,#3294,#3295,#3296,
    #3297,#3298,#3299,#3300,#3301,#3302,#3303,#3304,#3305,#3306,#3307,
    #3308,#3309,#3310,#3311,#3312,#3313,#3314,#3315,#3316,#3317,#3318,
    #3319),.UNSPECIFIED.,.T.,.F.,(9,7,7,7,7,7,7,7,7,7,7,7,7,7,7,7,7,7,7,
    7,7,7,7,7,7,7,7,7,7,7,7,7,9),(0.,5.528801195871E-02,0.156428124556,
    0.161383130525,0.200877633446,0.292490513519,0.294407477541,
    0.324731513814,0.344936730452,0.396174517443,0.428513634054,
    0.477759868582,0.490590303413,0.506849528551,0.514234721327,
    0.540744067206,0.567846516523,0.577508031637,0.579849645165,
    0.617908864627,0.657904933857,0.69289764268,0.709138100768,
    0.756761203893,0.806742763367,0.81467796455,0.83904218443,
    0.894946943743,0.904642009072,0.909735348122,0.91522840276,
    0.96995597152,1.),.UNSPECIFIED.);
#3094 = CARTESIAN_POINT('',(5.055986381768,-0.355849645482));
#3095 = CARTESIAN_POINT('',(5.026113481079,-0.373814317077));
#3096 = CARTESIAN_POINT('',(4.99510432043,-0.390273893737));
#3097 = CARTESIAN_POINT('',(4.962994921563,-0.405212351524));
#3098 = CARTESIAN_POINT('',(4.929825912646,-0.418616824046));
#3099 = CARTESIAN_POINT('',(4.89564356151,-0.430478161398));
#3100 = CARTESIAN_POINT('',(4.860500114975,-0.440791585853));
#3101 = CARTESIAN_POINT('',(4.824453444291,-0.449557444295));
#3102 = CARTESIAN_POINT('',(4.72008661961,-0.469998271151));
#3103 = CARTESIAN_POINT('',(4.649809025662,-0.478053618288));
#3104 = CARTESIAN_POINT('',(4.577094078515,-0.480995219175));
#3105 = CARTESIAN_POINT('',(4.502354313496,-0.478920694326));
#3106 = CARTESIAN_POINT('',(4.426038860236,-0.471993577083));
#3107 = CARTESIAN_POINT('',(4.34859707928,-0.460422720614));
#3108 = CARTESIAN_POINT('',(4.27044650716,-0.444423964244));
#3109 = CARTESIAN_POINT('',(4.188126057037,-0.423190655771));
#3110 = CARTESIAN_POINT('',(4.184303145389,-0.422196480458));
#3111 = CARTESIAN_POINT('',(4.180496946102,-0.421188574116));
#3112 = CARTESIAN_POINT('',(4.176673184124,-0.420162266686));
#3113 = CARTESIAN_POINT('',(4.172826167473,-0.419117783802));
#3114 = CARTESIAN_POINT('',(4.168993843056,-0.418059591375));
#3115 = CARTESIAN_POINT('',(4.165203866684,-0.41699963394));
#3116 = CARTESIAN_POINT('',(4.132151673596,-0.407633105642));
#3117 = CARTESIAN_POINT('',(4.10357687689,-0.398656978116));
#3118 = CARTESIAN_POINT('',(4.075789336946,-0.389030462776));
#3119 = CARTESIAN_POINT('',(4.048781089629,-0.378757682322));
#3120 = CARTESIAN_POINT('',(4.022542354474,-0.36784332352));
#3121 = CARTESIAN_POINT('',(3.997062033831,-0.356292423083));
#3122 = CARTESIAN_POINT('',(3.972328212012,-0.344110153549));
#3123 = CARTESIAN_POINT('',(3.892658411046,-0.301590445498));
#3124 = CARTESIAN_POINT('',(3.840915083367,-0.268496702157));
#3125 = CARTESIAN_POINT('',(3.792975711408,-0.232093027287));
#3126 = CARTESIAN_POINT('',(3.748671271694,-0.192445598177));
#3127 = CARTESIAN_POINT('',(3.707833239085,-0.149599717251));
#3128 = CARTESIAN_POINT('',(3.670316768453,-0.103568712064));
#3129 = CARTESIAN_POINT('',(3.636011335333,-5.434236808424E-02));
#3130 = CARTESIAN_POINT('',(3.604197628951,-8.344380835849E-04));
#3131 = CARTESIAN_POINT('',(3.603546968512,2.638592333601E-04));
#3132 = CARTESIAN_POINT('',(3.602897659969,1.36314141806E-03));
#3133 = CARTESIAN_POINT('',(3.602249679688,2.462966329563E-03));
#3134 = CARTESIAN_POINT('',(3.601603013737,3.563077139082E-03));
#3135 = CARTESIAN_POINT('',(3.60095765789,4.66340233E-03));
#3136 = CARTESIAN_POINT('',(3.600313617625,5.764055697866E-03));
#3137 = CARTESIAN_POINT('',(3.589504026566,2.428625509027E-02));
#3138 = CARTESIAN_POINT('',(3.579667683011,4.181791697868E-02));
#3139 = CARTESIAN_POINT('',(3.570159728723,5.945133449107E-02));
#3140 = CARTESIAN_POINT('',(3.560978460114,7.717809130904E-02));
#3141 = CARTESIAN_POINT('',(3.552122675105,9.499025565617E-02));
#3142 = CARTESIAN_POINT('',(3.543591729479,0.112880293634));
#3143 = CARTESIAN_POINT('',(3.535385593241,0.130840982558));
#3144 = CARTESIAN_POINT('',(3.522253924818,0.160875128206));
#3145 = CARTESIAN_POINT('',(3.517147420618,0.172913228322));
#3146 = CARTESIAN_POINT('',(3.512185557647,0.184977591989));
#3147 = CARTESIAN_POINT('',(3.507368633719,0.197066245944));
#3148 = CARTESIAN_POINT('',(3.502697081189,0.209177276314));
#3149 = CARTESIAN_POINT('',(3.49817146695,0.221308828614));
#3150 = CARTESIAN_POINT('',(3.493792492439,0.233459107752));
#3151 = CARTESIAN_POINT('',(3.478830466034,0.276480984216));
#3152 = CARTESIAN_POINT('',(3.469047657503,0.307446840554));
#3153 = CARTESIAN_POINT('',(3.460227617281,0.338492673482));
#3154 = CARTESIAN_POINT('',(3.452390343148,0.369591869545));
#3155 = CARTESIAN_POINT('',(3.445562665843,0.4007208627));
#3156 = CARTESIAN_POINT('',(3.439780433561,0.431857274719));
#3157 = CARTESIAN_POINT('',(3.435090996531,0.462977808671));
#3158 = CARTESIAN_POINT('',(3.429324846636,0.51367106493));
#3159 = CARTESIAN_POINT('',(3.42755346187,0.533270200617));
#3160 = CARTESIAN_POINT('',(3.426257432159,0.552847124627));
#3161 = CARTESIAN_POINT('',(3.42545451832,0.572395750439));
#3162 = CARTESIAN_POINT('',(3.425165214401,0.591909800414));
#3163 = CARTESIAN_POINT('',(3.42541331488,0.611382523277));
#3164 = CARTESIAN_POINT('',(3.426226481866,0.6308064116));
#3165 = CARTESIAN_POINT('',(3.429784473408,0.679664373557));
#3166 = CARTESIAN_POINT('',(3.433316835705,0.709021443359));
#3167 = CARTESIAN_POINT('',(3.438347735642,0.738216341214));
#3168 = CARTESIAN_POINT('',(3.445015745022,0.767214540021));
#3169 = CARTESIAN_POINT('',(3.453491102422,0.79597224559));
#3170 = CARTESIAN_POINT('',(3.463984088163,0.824432623595));
#3171 = CARTESIAN_POINT('',(3.476754842823,0.852520780937));
#3172 = CARTESIAN_POINT('',(3.496129017538,0.887332661456));
#3173 = CARTESIAN_POINT('',(3.500309719124,0.894495642959));
#3174 = CARTESIAN_POINT('',(3.504672366346,0.901624643508));
#3175 = CARTESIAN_POINT('',(3.509222834304,0.908717708092));
#3176 = CARTESIAN_POINT('',(3.513967240887,0.915772729205));
#3177 = CARTESIAN_POINT('',(3.518911946771,0.92278744685));
#3178 = CARTESIAN_POINT('',(3.524063555422,0.929759448537));
#3179 = CARTESIAN_POINT('',(3.536228102637,0.945463978732));
#3180 = CARTESIAN_POINT('',(3.543370523317,0.954169022956));
#3181 = CARTESIAN_POINT('',(3.550870033556,0.962796084821));
#3182 = CARTESIAN_POINT('',(3.55874108729,0.971339443191));
#3183 = CARTESIAN_POINT('',(3.566998576219,0.979792887069));
#3184 = CARTESIAN_POINT('',(3.575657672066,0.988149729724));
#3185 = CARTESIAN_POINT('',(3.584733668825,0.996402822831));
#3186 = CARTESIAN_POINT('',(3.598560577346,1.008242678987));
#3187 = CARTESIAN_POINT('',(3.602968470246,1.011917803799));
#3188 = CARTESIAN_POINT('',(3.607467343964,1.015569581621));
#3189 = CARTESIAN_POINT('',(3.612057952774,1.019196702804));
#3190 = CARTESIAN_POINT('',(3.616742430605,1.022799035785));
#3191 = CARTESIAN_POINT('',(3.621521595107,1.026375320327));
#3192 = CARTESIAN_POINT('',(3.626397091591,1.029925011849));
#3193 = CARTESIAN_POINT('',(3.649221046459,1.046090293667));
#3194 = CARTESIAN_POINT('',(3.668331133802,1.058380670031));
#3195 = CARTESIAN_POINT('',(3.688759340323,1.070279837181));
#3196 = CARTESIAN_POINT('',(3.710560159431,1.081747267555));
#3197 = CARTESIAN_POINT('',(3.733777938159,1.092742319124));
#3198 = CARTESIAN_POINT('',(3.758441171978,1.10322613357));
#3199 = CARTESIAN_POINT('',(3.784556799622,1.113163534459));
#3200 = CARTESIAN_POINT('',(3.840268531061,1.132095762242));
#3201 = CARTESIAN_POINT('',(3.869934409638,1.141066340024));
#3202 = CARTESIAN_POINT('',(3.901078728941,1.14940401356));
#3203 = CARTESIAN_POINT('',(3.933657774336,1.157086510401));
#3204 = CARTESIAN_POINT('',(3.967607162214,1.164102467042));
#3205 = CARTESIAN_POINT('',(4.002843653347,1.170451070105));
#3206 = CARTESIAN_POINT('',(4.039269138599,1.176140802528));
#3207 = CARTESIAN_POINT('',(4.090147574126,1.182986274603));
#3208 = CARTESIAN_POINT('',(4.103656630895,1.184703596825));
#3209 = CARTESIAN_POINT('',(4.11729941193,1.186340029576));
#3210 = CARTESIAN_POINT('',(4.131071377782,1.187896429034));
#3211 = CARTESIAN_POINT('',(4.144968004943,1.189373739382));
#3212 = CARTESIAN_POINT('',(4.158984785856,1.190772992808));
#3213 = CARTESIAN_POINT('',(4.173117228907,1.192095309503));
#3214 = CARTESIAN_POINT('',(4.190813016316,1.193644027056));
#3215 = CARTESIAN_POINT('',(4.194272260623,1.193941656684));
#3216 = CARTESIAN_POINT('',(4.197723480966,1.194236307839));
#3217 = CARTESIAN_POINT('',(4.201179759079,1.194526636294));
#3218 = CARTESIAN_POINT('',(4.204638328498,1.194812910382));
#3219 = CARTESIAN_POINT('',(4.208092518672,1.195095795388));
#3220 = CARTESIAN_POINT('',(4.211549903441,1.195374507429));
#3221 = CARTESIAN_POINT('',(4.271194451819,1.200117344092));
#3222 = CARTESIAN_POINT('',(4.327437463903,1.203557749392));
#3223 = CARTESIAN_POINT('',(4.383563329819,1.20593229581));
#3224 = CARTESIAN_POINT('',(4.439375773714,1.207194576373));
#3225 = CARTESIAN_POINT('',(4.494653845105,1.207292260954));
#3226 = CARTESIAN_POINT('',(4.549156232887,1.206170987906));
#3227 = CARTESIAN_POINT('',(4.602630872363,1.203779983621));
#3228 = CARTESIAN_POINT('',(4.709685246004,1.196190512712));
#3229 = CARTESIAN_POINT('',(4.763143353403,1.19085442678));
#3230 = CARTESIAN_POINT('',(4.814875547931,1.184027239428));
#3231 = CARTESIAN_POINT('',(4.864554417632,1.175683325309));
#3232 = CARTESIAN_POINT('',(4.911894094379,1.165828710404));
#3233 = CARTESIAN_POINT('',(4.95667643132,1.154508264726));
#3234 = CARTESIAN_POINT('',(4.998763021533,1.141806723864));
#3235 = CARTESIAN_POINT('',(5.072503052073,1.115627097654));
#3236 = CARTESIAN_POINT('',(5.104813059818,1.102441311815));
#3237 = CARTESIAN_POINT('',(5.134986404376,1.088362192955));
#3238 = CARTESIAN_POINT('',(5.163053418302,1.073476693761));
#3239 = CARTESIAN_POINT('',(5.189089463622,1.057874184608));
#3240 = CARTESIAN_POINT('',(5.21319678582,1.041640424742));
#3241 = CARTESIAN_POINT('',(5.235490201618,1.024854028559));
#3242 = CARTESIAN_POINT('',(5.265645619846,0.999570900259));
#3243 = CARTESIAN_POINT('',(5.274839599587,0.991451987718));
#3244 = CARTESIAN_POINT('',(5.283680806627,0.983235443356));
#3245 = CARTESIAN_POINT('',(5.292181297737,0.974927585096));
#3246 = CARTESIAN_POINT('',(5.300352939619,0.966534294793));
#3247 = CARTESIAN_POINT('',(5.308207408906,0.958061018233));
#3248 = CARTESIAN_POINT('',(5.315756192162,0.949512765132));
#3249 = CARTESIAN_POINT('',(5.344283184114,0.915620983158));
#3250 = CARTESIAN_POINT('',(5.363020436225,0.889745779556));
#3251 = CARTESIAN_POINT('',(5.379507812685,0.863380077032));
#3252 = CARTESIAN_POINT('',(5.393991939356,0.836609192548));
#3253 = CARTESIAN_POINT('',(5.406680633249,0.809497548872));
#3254 = CARTESIAN_POINT('',(5.417745465304,0.782093083399));
#3255 = CARTESIAN_POINT('',(5.427326850208,0.754430698246));
#3256 = CARTESIAN_POINT('',(5.44416330148,0.697257303838));
#3257 = CARTESIAN_POINT('',(5.451278677069,0.667725424516));
#3258 = CARTESIAN_POINT('',(5.457021668485,0.637970022056));
#3259 = CARTESIAN_POINT('',(5.46149507899,0.608014112914));
#3260 = CARTESIAN_POINT('',(5.464777774011,0.577875677402));
#3261 = CARTESIAN_POINT('',(5.466930285897,0.547570073608));
#3262 = CARTESIAN_POINT('',(5.467998886053,0.517112009456));
#3263 = CARTESIAN_POINT('',(5.468021178795,0.481659741918));
#3264 = CARTESIAN_POINT('',(5.467997784309,0.476799007074));
#3265 = CARTESIAN_POINT('',(5.467948077971,0.471934332217));
#3266 = CARTESIAN_POINT('',(5.467872186127,0.467066695166));
#3267 = CARTESIAN_POINT('',(5.467770232841,0.462195174387));
#3268 = CARTESIAN_POINT('',(5.467642330665,0.457320559736));
#3269 = CARTESIAN_POINT('',(5.467488589201,0.452442552967));
#3270 = CARTESIAN_POINT('',(5.466758037877,0.43257401195));
#3271 = CARTESIAN_POINT('',(5.465964394661,0.417556214623));
#3272 = CARTESIAN_POINT('',(5.46493100401,0.402509741864));
#3273 = CARTESIAN_POINT('',(5.463660284599,0.387436597452));
#3274 = CARTESIAN_POINT('',(5.462154250201,0.372338979088));
#3275 = CARTESIAN_POINT('',(5.460414509683,0.357219278393));
#3276 = CARTESIAN_POINT('',(5.458442267012,0.342080080905));
#3277 = CARTESIAN_POINT('',(5.451181272106,0.29214826215));
#3278 = CARTESIAN_POINT('',(5.44490402392,0.257280062772));
#3279 = CARTESIAN_POINT('',(5.437417962181,0.222359852033));
#3280 = CARTESIAN_POINT('',(5.428727287704,0.187430416275));
#3281 = CARTESIAN_POINT('',(5.418830874361,0.152540241412));
#3282 = CARTESIAN_POINT('',(5.407724801101,0.117746666853));
#3283 = CARTESIAN_POINT('',(5.395405558278,8.311899606058E-02));
#3284 = CARTESIAN_POINT('',(5.379527257981,4.277979132091E-02));
#3285 = CARTESIAN_POINT('',(5.377144083574,3.682543650191E-02));
#3286 = CARTESIAN_POINT('',(5.374724395037,3.087890905916E-02));
#3287 = CARTESIAN_POINT('',(5.372268183536,2.494062676263E-02));
#3288 = CARTESIAN_POINT('',(5.369775441395,1.901101537656E-02));
#3289 = CARTESIAN_POINT('',(5.367246162105,1.309050865935E-02));
#3290 = CARTESIAN_POINT('',(5.364680340316,7.179548363653E-03));
#3291 = CARTESIAN_POINT('',(5.360710807771,-1.821509471722E-03));
#3292 = CARTESIAN_POINT('',(5.359333654326,-4.92087940043E-03));
#3293 = CARTESIAN_POINT('',(5.357945283405,-7.992193514041E-03));
#3294 = CARTESIAN_POINT('',(5.35654750149,-1.107600333586E-02));
#3295 = CARTESIAN_POINT('',(5.355138397897,-1.412970905225E-02));
#3296 = CARTESIAN_POINT('',(5.353719376867,-1.718460048213E-02));
#3297 = CARTESIAN_POINT('',(5.352289732367,-2.022516124372E-02));
#3298 = CARTESIAN_POINT('',(5.349296610256,-2.652476422029E-02));
#3299 = CARTESIAN_POINT('',(5.34773139603,-2.978147722795E-02));
#3300 = CARTESIAN_POINT('',(5.346154030315,-3.302614759687E-02));
#3301 = CARTESIAN_POINT('',(5.344564508834,-3.625874968402E-02));
#3302 = CARTESIAN_POINT('',(5.342962827727,-3.947925778306E-02));
#3303 = CARTESIAN_POINT('',(5.341348983552,-4.268764612431E-02));
#3304 = CARTESIAN_POINT('',(5.339722973286,-4.588388887481E-02));
#3305 = CARTESIAN_POINT('',(5.321763538178,-8.07910159795E-02));
#3306 = CARTESIAN_POINT('',(5.304232632762,-0.111309284724));
#3307 = CARTESIAN_POINT('',(5.285492107089,-0.140590951883));
#3308 = CARTESIAN_POINT('',(5.265544192068,-0.168610921784));
#3309 = CARTESIAN_POINT('',(5.244394061367,-0.195346187892));
#3310 = CARTESIAN_POINT('',(5.222051279689,-0.220773202541));
#3311 = CARTESIAN_POINT('',(5.198531958467,-0.244867246071));
#3312 = CARTESIAN_POINT('',(5.160318236742,-0.280085576495));
#3313 = CARTESIAN_POINT('',(5.146426817213,-0.2921592919));
#3314 = CARTESIAN_POINT('',(5.132190777662,-0.303821415746));
#3315 = CARTESIAN_POINT('',(5.117613862277,-0.315068641841));
#3316 = CARTESIAN_POINT('',(5.102700188831,-0.325897874938));
#3317 = CARTESIAN_POINT('',(5.087454295355,-0.336306222049));
#3318 = CARTESIAN_POINT('',(5.071881186812,-0.346290983749));
#3319 = CARTESIAN_POINT('',(5.055986381768,-0.355849645482));
#3320 = ( GEOMETRIC_REPRESENTATION_CONTEXT(2) 
PARAMETRIC_REPRESENTATION_CONTEXT() REPRESENTATION_CONTEXT('2D SPACE',''
  ) );
#3321 = ADVANCED_FACE('',(#3322),#423,.T.);
#3322 = FACE_BOUND('',#3323,.T.);
#3323 = EDGE_LOOP('',(#3324,#3689,#3711));
#3324 = ORIENTED_EDGE('',*,*,#3325,.F.);
#3325 = EDGE_CURVE('',#3326,#24,#3328,.T.);
#3326 = VERTEX_POINT('',#3327);
#3327 = CARTESIAN_POINT('',(7.126470270236,-3.635027027058,2.5));
#3328 = SURFACE_CURVE('',#3329,(#3447,#3568),.PCURVE_S1.);
#3329 = B_SPLINE_CURVE_WITH_KNOTS('',6,(#3330,#3331,#3332,#3333,#3334,
    #3335,#3336,#3337,#3338,#3339,#3340,#3341,#3342,#3343,#3344,#3345,
    #3346,#3347,#3348,#3349,#3350,#3351,#3352,#3353,#3354,#3355,#3356,
    #3357,#3358,#3359,#3360,#3361,#3362,#3363,#3364,#3365,#3366,#3367,
    #3368,#3369,#3370,#3371,#3372,#3373,#3374,#3375,#3376,#3377,#3378,
    #3379,#3380,#3381,#3382,#3383,#3384,#3385,#3386,#3387,#3388,#3389,
    #3390,#3391,#3392,#3393,#3394,#3395,#3396,#3397,#3398,#3399,#3400,
    #3401,#3402,#3403,#3404,#3405,#3406,#3407,#3408,#3409,#3410,#3411,
    #3412,#3413,#3414,#3415,#3416,#3417,#3418,#3419,#3420,#3421,#3422,
    #3423,#3424,#3425,#3426,#3427,#3428,#3429,#3430,#3431,#3432,#3433,
    #3434,#3435,#3436,#3437,#3438,#3439,#3440,#3441,#3442,#3443,#3444,
    #3445,#3446),.UNSPECIFIED.,.F.,.F.,(7,5,5,5,5,5,5,5,5,5,5,5,5,5,5,5,
    5,5,5,5,5,5,5,7),(0.,7.030385349682E-02,0.120675869367,
    0.157970423778,0.185055144646,0.250035312129,0.326198177799,
    0.357739732678,0.400423544876,0.45901163775,0.498558335297,
    0.507436590672,0.538788843578,0.596420630918,0.638400997191,
    0.669418384697,0.744298554005,0.819178723313,0.850196110819,
    0.892176477092,0.949808264432,0.974778845095,0.986337165922,1.),
  .UNSPECIFIED.);
#3330 = CARTESIAN_POINT('',(7.828427124746,-5.5,2.5));
#3331 = CARTESIAN_POINT('',(7.828427124746,-5.364282713751,2.5));
#3332 = CARTESIAN_POINT('',(7.820612240904,-5.227864861758,2.5));
#3333 = CARTESIAN_POINT('',(7.804832587142,-5.091414579158,2.5));
#3334 = CARTESIAN_POINT('',(7.781027396785,-4.955599300673,2.5));
#3335 = CARTESIAN_POINT('',(7.749221666837,-4.821083825756,2.5));
#3336 = CARTESIAN_POINT('',(7.681078958348,-4.593553720253,2.5));
#3337 = CARTESIAN_POINT('',(7.648582373819,-4.499582658515,2.5));
#3338 = CARTESIAN_POINT('',(7.612072591008,-4.406856533534,2.5));
#3339 = CARTESIAN_POINT('',(7.571608996601,-4.315610215115,2.5));
#3340 = CARTESIAN_POINT('',(7.527270821644,-4.226072107869,2.5));
#3341 = CARTESIAN_POINT('',(7.44353461921,-4.073600761297,2.5));
#3342 = CARTESIAN_POINT('',(7.405842188325,-4.009794914377,2.5));
#3343 = CARTESIAN_POINT('',(7.366119889167,-3.947136384562,2.5));
#3344 = CARTESIAN_POINT('',(7.324412995382,-3.885711927784,2.5));
#3345 = CARTESIAN_POINT('',(7.280772013987,-3.825605281802,2.5));
#3346 = CARTESIAN_POINT('',(7.202194821322,-3.724261104476,2.5));
#3347 = CARTESIAN_POINT('',(7.16814620238,-3.682362567167,2.5));
#3348 = CARTESIAN_POINT('',(7.133128138082,-3.641232419053,2.5));
#3349 = CARTESIAN_POINT('',(7.09716322531,-3.600900492007,2.5));
#3350 = CARTESIAN_POINT('',(7.060275348292,-3.561395584989,2.5));
#3351 = CARTESIAN_POINT('',(6.931836385298,-3.430018227009,2.5));
#3352 = CARTESIAN_POINT('',(6.836013671522,-3.342209418337,2.5));
#3353 = CARTESIAN_POINT('',(6.735372095295,-3.259705087059,2.5));
#3354 = CARTESIAN_POINT('',(6.630296712761,-3.182849517184,2.5));
#3355 = CARTESIAN_POINT('',(6.521206361599,-3.111944866806,2.5));
#3356 = CARTESIAN_POINT('',(6.276512547941,-2.971423286888,2.5));
#3357 = CARTESIAN_POINT('',(6.139570057539,-2.904124020438,2.5));
#3358 = CARTESIAN_POINT('',(5.998456175872,-2.845771483107,2.5));
#3359 = CARTESIAN_POINT('',(5.853937351656,-2.796688968903,2.5));
#3360 = CARTESIAN_POINT('',(5.706814016613,-2.757103491786,2.5));
#3361 = CARTESIAN_POINT('',(5.496256411224,-2.714737757559,2.5));
#3362 = CARTESIAN_POINT('',(5.434289237813,-2.70398161324,2.5));
#3363 = CARTESIAN_POINT('',(5.37207585734,-2.694885291925,2.5));
#3364 = CARTESIAN_POINT('',(5.309675080364,-2.687454784671,2.5));
#3365 = CARTESIAN_POINT('',(5.247145972832,-2.681693035571,2.5));
#3366 = CARTESIAN_POINT('',(5.099836551604,-2.672060936185,2.5));
#3367 = CARTESIAN_POINT('',(5.014998421534,-2.669577699231,2.5));
#3368 = CARTESIAN_POINT('',(4.930180824503,-2.670149998298,2.5));
#3369 = CARTESIAN_POINT('',(4.84553014522,-2.673767128046,2.5));
#3370 = CARTESIAN_POINT('',(4.761191794474,-2.680407910378,2.5));
#3371 = CARTESIAN_POINT('',(4.562173770766,-2.703262719813,2.5));
#3372 = CARTESIAN_POINT('',(4.447895554962,-2.72212196202,2.5));
#3373 = CARTESIAN_POINT('',(4.334851121015,-2.746536401174,2.5));
#3374 = CARTESIAN_POINT('',(4.223403146157,-2.776386799772,2.5));
#3375 = CARTESIAN_POINT('',(4.113901425562,-2.811516702704,2.5));
#3376 = CARTESIAN_POINT('',(3.934310834134,-2.878877876077,2.5));
#3377 = CARTESIAN_POINT('',(3.862978131955,-2.908340692184,2.5));
#3378 = CARTESIAN_POINT('',(3.792787909524,-2.940061343619,2.5));
#3379 = CARTESIAN_POINT('',(3.723838628096,-2.973972843861,2.5));
#3380 = CARTESIAN_POINT('',(3.656224066464,-3.010000761827,2.5));
#3381 = CARTESIAN_POINT('',(3.575173462137,-3.056608265101,2.5));
#3382 = CARTESIAN_POINT('',(3.560328071744,-3.065288618133,2.5));
#3383 = CARTESIAN_POINT('',(3.545485270743,-3.074113377111,2.5));
#3384 = CARTESIAN_POINT('',(3.530640822087,-3.083087223574,2.5));
#3385 = CARTESIAN_POINT('',(3.515798130717,-3.092210424445,2.5));
#3386 = CARTESIAN_POINT('',(3.448598678451,-3.134208850103,2.5));
#3387 = CARTESIAN_POINT('',(3.396972973881,-3.168382076628,2.5));
#3388 = CARTESIAN_POINT('',(3.346150451915,-3.203976907949,2.5));
#3389 = CARTESIAN_POINT('',(3.296188642502,-3.240968512386,2.5));
#3390 = CARTESIAN_POINT('',(3.247143283479,-3.27932883023,2.5));
#3391 = CARTESIAN_POINT('',(3.110696807113,-3.391999062191,2.5));
#3392 = CARTESIAN_POINT('',(3.025603113297,-3.469492048314,2.5));
#3393 = CARTESIAN_POINT('',(2.944123596093,-3.551309381373,2.5));
#3394 = CARTESIAN_POINT('',(2.86656869904,-3.63722513853,2.5));
#3395 = CARTESIAN_POINT('',(2.793222952241,-3.726983624861,2.5));
#3396 = CARTESIAN_POINT('',(2.674172611633,-3.88827278666,2.5));
#3397 = CARTESIAN_POINT('',(2.626370168041,-3.958134733222,2.5));
#3398 = CARTESIAN_POINT('',(2.58103714726,-4.029775530667,2.5));
#3399 = CARTESIAN_POINT('',(2.538264442792,-4.103079426949,2.5));
#3400 = CARTESIAN_POINT('',(2.498134335966,-4.17792460034,2.5));
#3401 = CARTESIAN_POINT('',(2.433077107434,-4.310527148021,2.5));
#3402 = CARTESIAN_POINT('',(2.406916444542,-4.367642937605,2.5));
#3403 = CARTESIAN_POINT('',(2.382268159236,-4.42547906992,2.5));
#3404 = CARTESIAN_POINT('',(2.359159130204,-4.483982789603,2.5));
#3405 = CARTESIAN_POINT('',(2.33761346285,-4.543100044204,2.5));
#3406 = CARTESIAN_POINT('',(2.269463998903,-4.746840068858,2.5));
#3407 = CARTESIAN_POINT('',(2.230509887636,-4.894162947677,2.5));
#3408 = CARTESIAN_POINT('',(2.201092326013,-5.04395703185,2.5));
#3409 = CARTESIAN_POINT('',(2.181412939075,-5.195414693341,2.5));
#3410 = CARTESIAN_POINT('',(2.171572875254,-5.34770984155,2.5));
#3411 = CARTESIAN_POINT('',(2.171572875254,-5.652290158449,2.5));
#3412 = CARTESIAN_POINT('',(2.181412939075,-5.804585306658,2.5));
#3413 = CARTESIAN_POINT('',(2.201092326013,-5.95604296815,2.5));
#3414 = CARTESIAN_POINT('',(2.230509887635,-6.105837052323,2.5));
#3415 = CARTESIAN_POINT('',(2.269463998903,-6.253159931141,2.5));
#3416 = CARTESIAN_POINT('',(2.33761346285,-6.456899955796,2.5));
#3417 = CARTESIAN_POINT('',(2.359159130204,-6.516017210396,2.5));
#3418 = CARTESIAN_POINT('',(2.382268159235,-6.57452093008,2.5));
#3419 = CARTESIAN_POINT('',(2.406916444542,-6.632357062394,2.5));
#3420 = CARTESIAN_POINT('',(2.433077107433,-6.689472851979,2.5));
#3421 = CARTESIAN_POINT('',(2.498134335965,-6.822075399659,2.5));
#3422 = CARTESIAN_POINT('',(2.538264442791,-6.896920573051,2.5));
#3423 = CARTESIAN_POINT('',(2.58103714726,-6.970224469332,2.5));
#3424 = CARTESIAN_POINT('',(2.626370168041,-7.041865266778,2.5));
#3425 = CARTESIAN_POINT('',(2.674172611633,-7.111727213339,2.5));
#3426 = CARTESIAN_POINT('',(2.79322295224,-7.273016375139,2.5));
#3427 = CARTESIAN_POINT('',(2.86656869904,-7.362774861469,2.5));
#3428 = CARTESIAN_POINT('',(2.944123596093,-7.448690618626,2.5));
#3429 = CARTESIAN_POINT('',(3.025603113297,-7.530507951685,2.5));
#3430 = CARTESIAN_POINT('',(3.110696807112,-7.608000937809,2.5));
#3431 = CARTESIAN_POINT('',(3.237357745662,-7.712590793896,2.5));
#3432 = CARTESIAN_POINT('',(3.276262708344,-7.743359762894,2.5));
#3433 = CARTESIAN_POINT('',(3.315755978653,-7.773264554045,2.5));
#3434 = CARTESIAN_POINT('',(3.355809589271,-7.802290668088,2.5));
#3435 = CARTESIAN_POINT('',(3.396394835516,-7.83042488569,2.5));
#3436 = CARTESIAN_POINT('',(3.456500728204,-7.870259599432,2.5));
#3437 = CARTESIAN_POINT('',(3.475542341574,-7.882614317939,2.5));
#3438 = CARTESIAN_POINT('',(3.494602358823,-7.894721443004,2.5));
#3439 = CARTESIAN_POINT('',(3.513676172271,-7.906583100551,2.5));
#3440 = CARTESIAN_POINT('',(3.532759323175,-7.918201522388,2.5));
#3441 = CARTESIAN_POINT('',(3.57441121324,-7.943028164168,2.5));
#3442 = CARTESIAN_POINT('',(3.593074659152,-7.953808941485,2.5));
#3443 = CARTESIAN_POINT('',(3.613800577573,-7.965715066104,2.5));
#3444 = CARTESIAN_POINT('',(3.638127860364,-7.979240420466,2.5));
#3445 = CARTESIAN_POINT('',(3.6622799222,-7.992145070065,2.5));
#3446 = CARTESIAN_POINT('',(3.677124344468,-8.,2.5));
#3447 = PCURVE('',#423,#3448);
#3448 = DEFINITIONAL_REPRESENTATION('',(#3449),#3567);
#3449 = B_SPLINE_CURVE_WITH_KNOTS('',6,(#3450,#3451,#3452,#3453,#3454,
    #3455,#3456,#3457,#3458,#3459,#3460,#3461,#3462,#3463,#3464,#3465,
    #3466,#3467,#3468,#3469,#3470,#3471,#3472,#3473,#3474,#3475,#3476,
    #3477,#3478,#3479,#3480,#3481,#3482,#3483,#3484,#3485,#3486,#3487,
    #3488,#3489,#3490,#3491,#3492,#3493,#3494,#3495,#3496,#3497,#3498,
    #3499,#3500,#3501,#3502,#3503,#3504,#3505,#3506,#3507,#3508,#3509,
    #3510,#3511,#3512,#3513,#3514,#3515,#3516,#3517,#3518,#3519,#3520,
    #3521,#3522,#3523,#3524,#3525,#3526,#3527,#3528,#3529,#3530,#3531,
    #3532,#3533,#3534,#3535,#3536,#3537,#3538,#3539,#3540,#3541,#3542,
    #3543,#3544,#3545,#3546,#3547,#3548,#3549,#3550,#3551,#3552,#3553,
    #3554,#3555,#3556,#3557,#3558,#3559,#3560,#3561,#3562,#3563,#3564,
    #3565,#3566),.UNSPECIFIED.,.F.,.F.,(7,5,5,5,5,5,5,5,5,5,5,5,5,5,5,5,
    5,5,5,5,5,5,5,7),(0.,7.030385349682E-02,0.120675869367,
    0.157970423778,0.185055144646,0.250035312129,0.326198177799,
    0.357739732678,0.400423544876,0.45901163775,0.498558335297,
    0.507436590672,0.538788843578,0.596420630918,0.638400997191,
    0.669418384697,0.744298554005,0.819178723313,0.850196110819,
    0.892176477092,0.949808264432,0.974778845095,0.986337165922,1.),
  .UNSPECIFIED.);
#3450 = CARTESIAN_POINT('',(7.828427124746,-5.5));
#3451 = CARTESIAN_POINT('',(7.828427124746,-5.364282713751));
#3452 = CARTESIAN_POINT('',(7.820612240904,-5.227864861758));
#3453 = CARTESIAN_POINT('',(7.804832587142,-5.091414579158));
#3454 = CARTESIAN_POINT('',(7.781027396785,-4.955599300673));
#3455 = CARTESIAN_POINT('',(7.749221666837,-4.821083825756));
#3456 = CARTESIAN_POINT('',(7.681078958348,-4.593553720254));
#3457 = CARTESIAN_POINT('',(7.648582373819,-4.499582658515));
#3458 = CARTESIAN_POINT('',(7.612072591008,-4.406856533534));
#3459 = CARTESIAN_POINT('',(7.571608996601,-4.315610215115));
#3460 = CARTESIAN_POINT('',(7.527270821644,-4.226072107869));
#3461 = CARTESIAN_POINT('',(7.44353461921,-4.073600761297));
#3462 = CARTESIAN_POINT('',(7.405842188325,-4.009794914377));
#3463 = CARTESIAN_POINT('',(7.366119889167,-3.947136384562));
#3464 = CARTESIAN_POINT('',(7.324412995382,-3.885711927784));
#3465 = CARTESIAN_POINT('',(7.280772013987,-3.825605281802));
#3466 = CARTESIAN_POINT('',(7.202194821322,-3.724261104476));
#3467 = CARTESIAN_POINT('',(7.16814620238,-3.682362567167));
#3468 = CARTESIAN_POINT('',(7.133128138082,-3.641232419053));
#3469 = CARTESIAN_POINT('',(7.09716322531,-3.600900492007));
#3470 = CARTESIAN_POINT('',(7.060275348292,-3.561395584989));
#3471 = CARTESIAN_POINT('',(6.931836385298,-3.430018227009));
#3472 = CARTESIAN_POINT('',(6.836013671522,-3.342209418337));
#3473 = CARTESIAN_POINT('',(6.735372095295,-3.259705087059));
#3474 = CARTESIAN_POINT('',(6.630296712761,-3.182849517184));
#3475 = CARTESIAN_POINT('',(6.521206361599,-3.111944866806));
#3476 = CARTESIAN_POINT('',(6.276512547941,-2.971423286888));
#3477 = CARTESIAN_POINT('',(6.139570057539,-2.904124020438));
#3478 = CARTESIAN_POINT('',(5.998456175872,-2.845771483107));
#3479 = CARTESIAN_POINT('',(5.853937351656,-2.796688968903));
#3480 = CARTESIAN_POINT('',(5.706814016613,-2.757103491786));
#3481 = CARTESIAN_POINT('',(5.496256411224,-2.714737757559));
#3482 = CARTESIAN_POINT('',(5.434289237813,-2.70398161324));
#3483 = CARTESIAN_POINT('',(5.37207585734,-2.694885291925));
#3484 = CARTESIAN_POINT('',(5.309675080364,-2.687454784671));
#3485 = CARTESIAN_POINT('',(5.247145972832,-2.681693035571));
#3486 = CARTESIAN_POINT('',(5.099836551604,-2.672060936185));
#3487 = CARTESIAN_POINT('',(5.014998421534,-2.669577699231));
#3488 = CARTESIAN_POINT('',(4.930180824503,-2.670149998298));
#3489 = CARTESIAN_POINT('',(4.84553014522,-2.673767128046));
#3490 = CARTESIAN_POINT('',(4.761191794474,-2.680407910378));
#3491 = CARTESIAN_POINT('',(4.562173770766,-2.703262719813));
#3492 = CARTESIAN_POINT('',(4.447895554962,-2.72212196202));
#3493 = CARTESIAN_POINT('',(4.334851121015,-2.746536401174));
#3494 = CARTESIAN_POINT('',(4.223403146157,-2.776386799772));
#3495 = CARTESIAN_POINT('',(4.113901425562,-2.811516702704));
#3496 = CARTESIAN_POINT('',(3.934310834134,-2.878877876077));
#3497 = CARTESIAN_POINT('',(3.862978131955,-2.908340692184));
#3498 = CARTESIAN_POINT('',(3.792787909524,-2.940061343619));
#3499 = CARTESIAN_POINT('',(3.723838628096,-2.973972843861));
#3500 = CARTESIAN_POINT('',(3.656224066464,-3.010000761827));
#3501 = CARTESIAN_POINT('',(3.575173462137,-3.056608265101));
#3502 = CARTESIAN_POINT('',(3.560328071744,-3.065288618133));
#3503 = CARTESIAN_POINT('',(3.545485270743,-3.074113377111));
#3504 = CARTESIAN_POINT('',(3.530640822087,-3.083087223574));
#3505 = CARTESIAN_POINT('',(3.515798130717,-3.092210424445));
#3506 = CARTESIAN_POINT('',(3.448598678451,-3.134208850103));
#3507 = CARTESIAN_POINT('',(3.396972973881,-3.168382076628));
#3508 = CARTESIAN_POINT('',(3.346150451915,-3.203976907949));
#3509 = CARTESIAN_POINT('',(3.296188642503,-3.240968512386));
#3510 = CARTESIAN_POINT('',(3.247143283479,-3.27932883023));
#3511 = CARTESIAN_POINT('',(3.110696807113,-3.391999062191));
#3512 = CARTESIAN_POINT('',(3.025603113297,-3.469492048314));
#3513 = CARTESIAN_POINT('',(2.944123596093,-3.551309381373));
#3514 = CARTESIAN_POINT('',(2.86656869904,-3.63722513853));
#3515 = CARTESIAN_POINT('',(2.793222952241,-3.726983624861));
#3516 = CARTESIAN_POINT('',(2.674172611633,-3.88827278666));
#3517 = CARTESIAN_POINT('',(2.626370168041,-3.958134733222));
#3518 = CARTESIAN_POINT('',(2.58103714726,-4.029775530667));
#3519 = CARTESIAN_POINT('',(2.538264442792,-4.103079426949));
#3520 = CARTESIAN_POINT('',(2.498134335966,-4.17792460034));
#3521 = CARTESIAN_POINT('',(2.433077107434,-4.310527148021));
#3522 = CARTESIAN_POINT('',(2.406916444542,-4.367642937605));
#3523 = CARTESIAN_POINT('',(2.382268159236,-4.42547906992));
#3524 = CARTESIAN_POINT('',(2.359159130204,-4.483982789603));
#3525 = CARTESIAN_POINT('',(2.33761346285,-4.543100044204));
#3526 = CARTESIAN_POINT('',(2.269463998903,-4.746840068858));
#3527 = CARTESIAN_POINT('',(2.230509887636,-4.894162947677));
#3528 = CARTESIAN_POINT('',(2.201092326013,-5.04395703185));
#3529 = CARTESIAN_POINT('',(2.181412939075,-5.195414693341));
#3530 = CARTESIAN_POINT('',(2.171572875254,-5.34770984155));
#3531 = CARTESIAN_POINT('',(2.171572875254,-5.652290158449));
#3532 = CARTESIAN_POINT('',(2.181412939075,-5.804585306658));
#3533 = CARTESIAN_POINT('',(2.201092326013,-5.95604296815));
#3534 = CARTESIAN_POINT('',(2.230509887635,-6.105837052323));
#3535 = CARTESIAN_POINT('',(2.269463998903,-6.253159931141));
#3536 = CARTESIAN_POINT('',(2.33761346285,-6.456899955796));
#3537 = CARTESIAN_POINT('',(2.359159130204,-6.516017210396));
#3538 = CARTESIAN_POINT('',(2.382268159235,-6.57452093008));
#3539 = CARTESIAN_POINT('',(2.406916444542,-6.632357062394));
#3540 = CARTESIAN_POINT('',(2.433077107433,-6.689472851979));
#3541 = CARTESIAN_POINT('',(2.498134335965,-6.822075399659));
#3542 = CARTESIAN_POINT('',(2.538264442791,-6.896920573051));
#3543 = CARTESIAN_POINT('',(2.58103714726,-6.970224469332));
#3544 = CARTESIAN_POINT('',(2.626370168041,-7.041865266778));
#3545 = CARTESIAN_POINT('',(2.674172611633,-7.111727213339));
#3546 = CARTESIAN_POINT('',(2.79322295224,-7.273016375139));
#3547 = CARTESIAN_POINT('',(2.86656869904,-7.362774861469));
#3548 = CARTESIAN_POINT('',(2.944123596093,-7.448690618626));
#3549 = CARTESIAN_POINT('',(3.025603113297,-7.530507951685));
#3550 = CARTESIAN_POINT('',(3.110696807112,-7.608000937809));
#3551 = CARTESIAN_POINT('',(3.237357745662,-7.712590793896));
#3552 = CARTESIAN_POINT('',(3.276262708344,-7.743359762894));
#3553 = CARTESIAN_POINT('',(3.315755978653,-7.773264554045));
#3554 = CARTESIAN_POINT('',(3.355809589271,-7.802290668088));
#3555 = CARTESIAN_POINT('',(3.396394835516,-7.83042488569));
#3556 = CARTESIAN_POINT('',(3.456500728204,-7.870259599432));
#3557 = CARTESIAN_POINT('',(3.475542341574,-7.882614317939));
#3558 = CARTESIAN_POINT('',(3.494602358823,-7.894721443004));
#3559 = CARTESIAN_POINT('',(3.513676172271,-7.906583100551));
#3560 = CARTESIAN_POINT('',(3.532759323175,-7.918201522388));
#3561 = CARTESIAN_POINT('',(3.57441121324,-7.943028164168));
#3562 = CARTESIAN_POINT('',(3.593074659152,-7.953808941485));
#3563 = CARTESIAN_POINT('',(3.613800577573,-7.965715066104));
#3564 = CARTESIAN_POINT('',(3.638127860364,-7.979240420466));
#3565 = CARTESIAN_POINT('',(3.6622799222,-7.992145070065));
#3566 = CARTESIAN_POINT('',(3.677124344468,-8.));
#3567 = ( GEOMETRIC_REPRESENTATION_CONTEXT(2) 
PARAMETRIC_REPRESENTATION_CONTEXT() REPRESENTATION_CONTEXT('2D SPACE',''
  ) );
#3568 = PCURVE('',#3056,#3569);
#3569 = DEFINITIONAL_REPRESENTATION('',(#3570),#3688);
#3570 = B_SPLINE_CURVE_WITH_KNOTS('',6,(#3571,#3572,#3573,#3574,#3575,
    #3576,#3577,#3578,#3579,#3580,#3581,#3582,#3583,#3584,#3585,#3586,
    #3587,#3588,#3589,#3590,#3591,#3592,#3593,#3594,#3595,#3596,#3597,
    #3598,#3599,#3600,#3601,#3602,#3603,#3604,#3605,#3606,#3607,#3608,
    #3609,#3610,#3611,#3612,#3613,#3614,#3615,#3616,#3617,#3618,#3619,
    #3620,#3621,#3622,#3623,#3624,#3625,#3626,#3627,#3628,#3629,#3630,
    #3631,#3632,#3633,#3634,#3635,#3636,#3637,#3638,#3639,#3640,#3641,
    #3642,#3643,#3644,#3645,#3646,#3647,#3648,#3649,#3650,#3651,#3652,
    #3653,#3654,#3655,#3656,#3657,#3658,#3659,#3660,#3661,#3662,#3663,
    #3664,#3665,#3666,#3667,#3668,#3669,#3670,#3671,#3672,#3673,#3674,
    #3675,#3676,#3677,#3678,#3679,#3680,#3681,#3682,#3683,#3684,#3685,
    #3686,#3687),.UNSPECIFIED.,.F.,.F.,(7,5,5,5,5,5,5,5,5,5,5,5,5,5,5,5,
    5,5,5,5,5,5,5,7),(0.,7.030385349682E-02,0.120675869367,
    0.157970423778,0.185055144646,0.250035312129,0.326198177799,
    0.357739732678,0.400423544876,0.45901163775,0.498558335297,
    0.507436590672,0.538788843578,0.596420630918,0.638400997191,
    0.669418384697,0.744298554005,0.819178723313,0.850196110819,
    0.892176477092,0.949808264432,0.974778845095,0.986337165922,1.),
  .UNSPECIFIED.);
#3571 = CARTESIAN_POINT('',(6.28318530718,-0.355849644472));
#3572 = CARTESIAN_POINT('',(6.225163913037,-0.355849644472));
#3573 = CARTESIAN_POINT('',(6.168771984718,-0.355849644472));
#3574 = CARTESIAN_POINT('',(6.113850972762,-0.355849644472));
#3575 = CARTESIAN_POINT('',(6.06024951418,-0.355849644472));
#3576 = CARTESIAN_POINT('',(6.007827421402,-0.355849644472));
#3577 = CARTESIAN_POINT('',(5.919655186113,-0.355849644472));
#3578 = CARTESIAN_POINT('',(5.883391008213,-0.355849644472));
#3579 = CARTESIAN_POINT('',(5.847620144653,-0.355849644472));
#3580 = CARTESIAN_POINT('',(5.812297859865,-0.355849644472));
#3581 = CARTESIAN_POINT('',(5.777381675567,-0.355849644472));
#3582 = CARTESIAN_POINT('',(5.717250932889,-0.355849644472));
#3583 = CARTESIAN_POINT('',(5.691870931403,-0.355849644472));
#3584 = CARTESIAN_POINT('',(5.666674987701,-0.355849644472));
#3585 = CARTESIAN_POINT('',(5.64164720359,-0.355849644472));
#3586 = CARTESIAN_POINT('',(5.61677216128,-0.355849644472));
#3587 = CARTESIAN_POINT('',(5.574069802372,-0.355849644472));
#3588 = CARTESIAN_POINT('',(5.556177337198,-0.355849644472));
#3589 = CARTESIAN_POINT('',(5.538351794771,-0.355849644472));
#3590 = CARTESIAN_POINT('',(5.520587535341,-0.355849644472));
#3591 = CARTESIAN_POINT('',(5.502879012496,-0.355849644472));
#3592 = CARTESIAN_POINT('',(5.442856099942,-0.355849644472));
#3593 = CARTESIAN_POINT('',(5.400780080025,-0.355849644472));
#3594 = CARTESIAN_POINT('',(5.358918849009,-0.355849644472));
#3595 = CARTESIAN_POINT('',(5.317198610408,-0.355849644472));
#3596 = CARTESIAN_POINT('',(5.275546818452,-0.355849644472));
#3597 = CARTESIAN_POINT('',(5.185071592384,-0.355849644472));
#3598 = CARTESIAN_POINT('',(5.136244904347,-0.355849644472));
#3599 = CARTESIAN_POINT('',(5.087301325133,-0.355849644472));
#3600 = CARTESIAN_POINT('',(5.038123470838,-0.355849644472));
#3601 = CARTESIAN_POINT('',(4.988591097188,-0.355849644472));
#3602 = CARTESIAN_POINT('',(4.917873918682,-0.355849644472));
#3603 = CARTESIAN_POINT('',(4.897082417974,-0.355849644472));
#3604 = CARTESIAN_POINT('',(4.876200363423,-0.355849644472));
#3605 = CARTESIAN_POINT('',(4.855218764302,-0.355849644472));
#3606 = CARTESIAN_POINT('',(4.834128425055,-0.355849644472));
#3607 = CARTESIAN_POINT('',(4.784219433536,-0.355849644472));
#3608 = CARTESIAN_POINT('',(4.755302473151,-0.355849644472));
#3609 = CARTESIAN_POINT('',(4.726145826704,-0.355849644472));
#3610 = CARTESIAN_POINT('',(4.69672528076,-0.355849644472));
#3611 = CARTESIAN_POINT('',(4.667015645896,-0.355849644472));
#3612 = CARTESIAN_POINT('',(4.595778388209,-0.355849644472));
#3613 = CARTESIAN_POINT('',(4.553971569786,-0.355849644472));
#3614 = CARTESIAN_POINT('',(4.511502915439,-0.355849644472));
#3615 = CARTESIAN_POINT('',(4.468300244655,-0.355849644472));
#3616 = CARTESIAN_POINT('',(4.424286582396,-0.355849644472));
#3617 = CARTESIAN_POINT('',(4.349068526608,-0.355849644472));
#3618 = CARTESIAN_POINT('',(4.318349970478,-0.355849644472));
#3619 = CARTESIAN_POINT('',(4.287199258687,-0.355849644472));
#3620 = CARTESIAN_POINT('',(4.25559000793,-0.355849644472));
#3621 = CARTESIAN_POINT('',(4.223494683619,-0.355849644472));
#3622 = CARTESIAN_POINT('',(4.183563618136,-0.355849644472));
#3623 = CARTESIAN_POINT('',(4.176226910569,-0.355849644472));
#3624 = CARTESIAN_POINT('',(4.168889447551,-0.355849644472));
#3625 = CARTESIAN_POINT('',(4.161558204332,-0.355849644472));
#3626 = CARTESIAN_POINT('',(4.154232161052,-0.355849644472));
#3627 = CARTESIAN_POINT('',(4.121017986294,-0.355849644472));
#3628 = CARTESIAN_POINT('',(4.095453384569,-0.355849644472));
#3629 = CARTESIAN_POINT('',(4.070193820726,-0.355849644472));
#3630 = CARTESIAN_POINT('',(4.045225102411,-0.355849644472));
#3631 = CARTESIAN_POINT('',(4.020533521753,-0.355849644472));
#3632 = CARTESIAN_POINT('',(3.951202859762,-0.355849644472));
#3633 = CARTESIAN_POINT('',(3.907191309818,-0.355849644472));
#3634 = CARTESIAN_POINT('',(3.86398939246,-0.355849644472));
#3635 = CARTESIAN_POINT('',(3.821520091454,-0.355849644472));
#3636 = CARTESIAN_POINT('',(3.779711187408,-0.355849644472));
#3637 = CARTESIAN_POINT('',(3.708472593159,-0.355849644472));
#3638 = CARTESIAN_POINT('',(3.678764297886,-0.355849644472));
#3639 = CARTESIAN_POINT('',(3.649344204302,-0.355849644472));
#3640 = CARTESIAN_POINT('',(3.620187118889,-0.355849644472));
#3641 = CARTESIAN_POINT('',(3.591268822262,-0.355849644472));
#3642 = CARTESIAN_POINT('',(3.541358907487,-0.355849644472));
#3643 = CARTESIAN_POINT('',(3.520269358983,-0.355849644472));
#3644 = CARTESIAN_POINT('',(3.499288024012,-0.355849644472));
#3645 = CARTESIAN_POINT('',(3.478405706876,-0.355849644472));
#3646 = CARTESIAN_POINT('',(3.457613415817,-0.355849644472));
#3647 = CARTESIAN_POINT('',(3.38690307991,-0.355849644472));
#3648 = CARTESIAN_POINT('',(3.337375564472,-0.355849644472));
#3649 = CARTESIAN_POINT('',(3.288199322906,-0.355849644472));
#3650 = CARTESIAN_POINT('',(3.239254130047,-0.355849644472));
#3651 = CARTESIAN_POINT('',(3.190422582804,-0.355849644472));
#3652 = CARTESIAN_POINT('',(3.092762724376,-0.355849644472));
#3653 = CARTESIAN_POINT('',(3.043931177133,-0.355849644472));
#3654 = CARTESIAN_POINT('',(2.994985984274,-0.355849644472));
#3655 = CARTESIAN_POINT('',(2.945809742707,-0.355849644472));
#3656 = CARTESIAN_POINT('',(2.89628222727,-0.355849644472));
#3657 = CARTESIAN_POINT('',(2.825571891362,-0.355849644472));
#3658 = CARTESIAN_POINT('',(2.804779600304,-0.355849644472));
#3659 = CARTESIAN_POINT('',(2.783897283167,-0.355849644472));
#3660 = CARTESIAN_POINT('',(2.762915948197,-0.355849644472));
#3661 = CARTESIAN_POINT('',(2.741826399693,-0.355849644472));
#3662 = CARTESIAN_POINT('',(2.691916484918,-0.355849644472));
#3663 = CARTESIAN_POINT('',(2.662998188291,-0.355849644472));
#3664 = CARTESIAN_POINT('',(2.633841102878,-0.355849644472));
#3665 = CARTESIAN_POINT('',(2.604421009294,-0.355849644472));
#3666 = CARTESIAN_POINT('',(2.574712714021,-0.355849644472));
#3667 = CARTESIAN_POINT('',(2.503474119772,-0.355849644472));
#3668 = CARTESIAN_POINT('',(2.461665215726,-0.355849644472));
#3669 = CARTESIAN_POINT('',(2.41919591472,-0.355849644472));
#3670 = CARTESIAN_POINT('',(2.375993997362,-0.355849644472));
#3671 = CARTESIAN_POINT('',(2.331982447418,-0.355849644472));
#3672 = CARTESIAN_POINT('',(2.267623975496,-0.355849644472));
#3673 = CARTESIAN_POINT('',(2.248001093358,-0.355849644472));
#3674 = CARTESIAN_POINT('',(2.228204122055,-0.355849644472));
#3675 = CARTESIAN_POINT('',(2.208226184325,-0.355849644472));
#3676 = CARTESIAN_POINT('',(2.188060208995,-0.355849644472));
#3677 = CARTESIAN_POINT('',(2.158274152798,-0.355849644472));
#3678 = CARTESIAN_POINT('',(2.14884937494,-0.355849644472));
#3679 = CARTESIAN_POINT('',(2.139424597149,-0.355849644472));
#3680 = CARTESIAN_POINT('',(2.129999819276,-0.355849644472));
#3681 = CARTESIAN_POINT('',(2.120575041277,-0.355849644472));
#3682 = CARTESIAN_POINT('',(2.100009442599,-0.355849644472));
#3683 = CARTESIAN_POINT('',(2.090794143179,-0.355849644472));
#3684 = CARTESIAN_POINT('',(2.080482700638,-0.355849644472));
#3685 = CARTESIAN_POINT('',(2.068783899909,-0.355849644472));
#3686 = CARTESIAN_POINT('',(2.057268194222,-0.355849644472));
#3687 = CARTESIAN_POINT('',(2.050236438292,-0.355849644472));
#3688 = ( GEOMETRIC_REPRESENTATION_CONTEXT(2) 
PARAMETRIC_REPRESENTATION_CONTEXT() REPRESENTATION_CONTEXT('2D SPACE',''
  ) );
#3689 = ORIENTED_EDGE('',*,*,#3690,.T.);
#3690 = EDGE_CURVE('',#3326,#22,#3691,.T.);
#3691 = SURFACE_CURVE('',#3692,(#3697,#3704),.PCURVE_S1.);
#3692 = ELLIPSE('',#3693,8.,8.);
#3693 = AXIS2_PLACEMENT_3D('',#3694,#3695,#3696);
#3694 = CARTESIAN_POINT('',(0.,0.,2.5));
#3695 = DIRECTION('',(0.,0.,1.));
#3696 = DIRECTION('',(1.,0.,-0.));
#3697 = PCURVE('',#423,#3698);
#3698 = DEFINITIONAL_REPRESENTATION('',(#3699),#3703);
#3699 = CIRCLE('',#3700,8.);
#3700 = AXIS2_PLACEMENT_2D('',#3701,#3702);
#3701 = CARTESIAN_POINT('',(5.127900497023E-16,-6.990076196319E-16));
#3702 = DIRECTION('',(1.,0.));
#3703 = ( GEOMETRIC_REPRESENTATION_CONTEXT(2) 
PARAMETRIC_REPRESENTATION_CONTEXT() REPRESENTATION_CONTEXT('2D SPACE',''
  ) );
#3704 = PCURVE('',#643,#3705);
#3705 = DEFINITIONAL_REPRESENTATION('',(#3706),#3710);
#3706 = LINE('',#3707,#3708);
#3707 = CARTESIAN_POINT('',(0.,-2.5));
#3708 = VECTOR('',#3709,1.);
#3709 = DIRECTION('',(1.,0.));
#3710 = ( GEOMETRIC_REPRESENTATION_CONTEXT(2) 
PARAMETRIC_REPRESENTATION_CONTEXT() REPRESENTATION_CONTEXT('2D SPACE',''
  ) );
#3711 = ORIENTED_EDGE('',*,*,#21,.T.);
#3712 = ADVANCED_FACE('',(#3713),#3056,.F.);
#3713 = FACE_BOUND('',#3714,.F.);
#3714 = EDGE_LOOP('',(#3715,#3746,#3747,#3965,#4328,#4329,#4330));
#3715 = ORIENTED_EDGE('',*,*,#3716,.T.);
#3716 = EDGE_CURVE('',#3717,#3719,#3721,.T.);
#3717 = VERTEX_POINT('',#3718);
#3718 = CARTESIAN_POINT('',(5.809475019311,-5.5,0.611271872759));
#3719 = VERTEX_POINT('',#3720);
#3720 = CARTESIAN_POINT('',(5.,-5.5,6.5));
#3721 = SEAM_CURVE('',#3722,(#3728,#3737),.PCURVE_S1.);
#3722 = ( BOUNDED_CURVE() B_SPLINE_CURVE(2,(#3723,#3724,#3725,#3726,
#3727),.UNSPECIFIED.,.F.,.F.) B_SPLINE_CURVE_WITH_KNOTS((3,2,3),(
    4.712388980385,6.28318530718,7.853981633974),
.PIECEWISE_BEZIER_KNOTS.) CURVE() GEOMETRIC_REPRESENTATION_ITEM() 
RATIONAL_B_SPLINE_CURVE((1.,0.707106781187,1.,0.707106781187,1.)) 
REPRESENTATION_ITEM('') );
#3723 = CARTESIAN_POINT('',(5.,-5.5,0.5));
#3724 = CARTESIAN_POINT('',(8.,-5.5,0.5));
#3725 = CARTESIAN_POINT('',(8.,-5.5,3.5));
#3726 = CARTESIAN_POINT('',(8.,-5.5,6.5));
#3727 = CARTESIAN_POINT('',(5.,-5.5,6.5));
#3728 = PCURVE('',#3056,#3729);
#3729 = DEFINITIONAL_REPRESENTATION('',(#3730),#3736);
#3730 = B_SPLINE_CURVE_WITH_KNOTS('',2,(#3731,#3732,#3733,#3734,#3735),
  .UNSPECIFIED.,.F.,.F.,(3,2,3),(4.712388980385,6.28318530718,
    7.853981633974),.PIECEWISE_BEZIER_KNOTS.);
#3731 = CARTESIAN_POINT('',(6.28318530718,-1.570796326795));
#3732 = CARTESIAN_POINT('',(6.28318530718,-0.785398163397));
#3733 = CARTESIAN_POINT('',(6.28318530718,-2.720481184601E-16));
#3734 = CARTESIAN_POINT('',(6.28318530718,0.785398163397));
#3735 = CARTESIAN_POINT('',(6.28318530718,1.570796326795));
#3736 = ( GEOMETRIC_REPRESENTATION_CONTEXT(2) 
PARAMETRIC_REPRESENTATION_CONTEXT() REPRESENTATION_CONTEXT('2D SPACE',''
  ) );
#3737 = PCURVE('',#3056,#3738);
#3738 = DEFINITIONAL_REPRESENTATION('',(#3739),#3745);
#3739 = B_SPLINE_CURVE_WITH_KNOTS('',2,(#3740,#3741,#3742,#3743,#3744),
  .UNSPECIFIED.,.F.,.F.,(3,2,3),(4.712388980385,6.28318530718,
    7.853981633974),.PIECEWISE_BEZIER_KNOTS.);
#3740 = CARTESIAN_POINT('',(0.,-1.570796326795));
#3741 = CARTESIAN_POINT('',(8.881784197001E-16,-0.785398163397));
#3742 = CARTESIAN_POINT('',(0.,-2.720481184601E-16));
#3743 = CARTESIAN_POINT('',(8.881784197001E-16,0.785398163397));
#3744 = CARTESIAN_POINT('',(0.,1.570796326795));
#3745 = ( GEOMETRIC_REPRESENTATION_CONTEXT(2) 
PARAMETRIC_REPRESENTATION_CONTEXT() REPRESENTATION_CONTEXT('2D SPACE',''
  ) );
#3746 = ORIENTED_EDGE('',*,*,#3716,.F.);
#3747 = ORIENTED_EDGE('',*,*,#3748,.T.);
#3748 = EDGE_CURVE('',#3717,#3749,#3751,.T.);
#3749 = VERTEX_POINT('',#3750);
#3750 = CARTESIAN_POINT('',(2.941403032932,-7.439633606426,2.5));
#3751 = SURFACE_CURVE('',#3752,(#3821,#3893),.PCURVE_S1.);
#3752 = B_SPLINE_CURVE_WITH_KNOTS('',7,(#3753,#3754,#3755,#3756,#3757,
    #3758,#3759,#3760,#3761,#3762,#3763,#3764,#3765,#3766,#3767,#3768,
    #3769,#3770,#3771,#3772,#3773,#3774,#3775,#3776,#3777,#3778,#3779,
    #3780,#3781,#3782,#3783,#3784,#3785,#3786,#3787,#3788,#3789,#3790,
    #3791,#3792,#3793,#3794,#3795,#3796,#3797,#3798,#3799,#3800,#3801,
    #3802,#3803,#3804,#3805,#3806,#3807,#3808,#3809,#3810,#3811,#3812,
    #3813,#3814,#3815,#3816,#3817,#3818,#3819,#3820),.UNSPECIFIED.,.F.,
  .F.,(8,6,6,6,6,6,6,6,6,6,6,8),(0.,0.159012392649,0.253805106064,
    0.353375422407,0.440654340968,0.515211439888,0.522407351539,
    0.617715863773,0.72612658309,0.822546061741,0.912943616456,1.),
  .UNSPECIFIED.);
#3753 = CARTESIAN_POINT('',(5.809475019311,-5.5,0.611271872759));
#3754 = CARTESIAN_POINT('',(5.74798851292,-5.564946240528,0.594042217092
    ));
#3755 = CARTESIAN_POINT('',(5.688661331486,-5.625915101046,
    0.580767775655));
#3756 = CARTESIAN_POINT('',(5.63190683755,-5.682767668439,0.570897843128
    ));
#3757 = CARTESIAN_POINT('',(5.577547434156,-5.736014307458,
    0.563728672674));
#3758 = CARTESIAN_POINT('',(5.524867618804,-5.786562983129,
    0.558761572607));
#3759 = CARTESIAN_POINT('',(5.472938922852,-5.835410646255,
    0.555699105015));
#3760 = CARTESIAN_POINT('',(5.389288151322,-5.912476450048,
    0.553795158275));
#3761 = CARTESIAN_POINT('',(5.357887490821,-5.941047484646,
    0.553748719211));
#3762 = CARTESIAN_POINT('',(5.326067878333,-5.969647287232,
    0.554359246104));
#3763 = CARTESIAN_POINT('',(5.293563280481,-5.998504357333,
    0.555651996626));
#3764 = CARTESIAN_POINT('',(5.2600971143,-6.027838016473,0.557687981746)
  );
#3765 = CARTESIAN_POINT('',(5.225395123112,-6.057846602378,
    0.560564902919));
#3766 = CARTESIAN_POINT('',(5.151214142772,-6.121069026,0.568461653121)
  );
#3767 = CARTESIAN_POINT('',(5.11157240421,-6.154376822094,0.573583207161
    ));
#3768 = CARTESIAN_POINT('',(5.070056868548,-6.188740582523,
    0.579930833955));
#3769 = CARTESIAN_POINT('',(5.026484924554,-6.224232878847,
    0.587689133438));
#3770 = CARTESIAN_POINT('',(4.980797886447,-6.260807535365,
    0.597061762304));
#3771 = CARTESIAN_POINT('',(4.933105922947,-6.298281991307,
    0.608230362546));
#3772 = CARTESIAN_POINT('',(4.840403549274,-6.369731739172,
    0.632733770822));
#3773 = CARTESIAN_POINT('',(4.795770406073,-6.403582126246,
    0.645635881527));
#3774 = CARTESIAN_POINT('',(4.74998704867,-6.437719902524,0.660064068396
    ));
#3775 = CARTESIAN_POINT('',(4.703273841548,-6.471940290494,0.67605786228
    ));
#3776 = CARTESIAN_POINT('',(4.655864690391,-6.506047316618,
    0.693622615845));
#3777 = CARTESIAN_POINT('',(4.60798710053,-6.539869063521,0.712733311348
    ));
#3778 = CARTESIAN_POINT('',(4.518726200268,-6.601789022584,
    0.750954474053));
#3779 = CARTESIAN_POINT('',(4.477407403744,-6.630007161321,
    0.769661531642));
#3780 = CARTESIAN_POINT('',(4.436010582668,-6.657835286747,
    0.789445037057));
#3781 = CARTESIAN_POINT('',(4.394642607857,-6.685207332557,
    0.810274337711));
#3782 = CARTESIAN_POINT('',(4.353396463971,-6.712072595483,
    0.832114099422));
#3783 = CARTESIAN_POINT('',(4.312350834845,-6.738394202392,
    0.854927468506));
#3784 = CARTESIAN_POINT('',(4.267635488724,-6.766632028122,
    0.880971086164));
#3785 = CARTESIAN_POINT('',(4.263702398181,-6.769112045158,
    0.883272020955));
#3786 = CARTESIAN_POINT('',(4.259769864127,-6.771587986758,
    0.885582816706));
#3787 = CARTESIAN_POINT('',(4.255840616456,-6.774058139792,
    0.887901895229));
#3788 = CARTESIAN_POINT('',(4.251912587913,-6.776523823943,
    0.890230463263));
#3789 = CARTESIAN_POINT('',(4.247987039174,-6.778984255533,
    0.892567794246));
#3790 = CARTESIAN_POINT('',(4.192099343875,-6.813960742785,
    0.925990030168));
#3791 = CARTESIAN_POINT('',(4.140532370723,-6.845586508247,
    0.958625982642));
#3792 = CARTESIAN_POINT('',(4.089535463704,-6.876240266112,
    0.992730982442));
#3793 = CARTESIAN_POINT('',(4.039243861099,-6.905878425974,
    1.028213332967));
#3794 = CARTESIAN_POINT('',(3.989760872707,-6.93448310962,1.064985145452
    ));
#3795 = CARTESIAN_POINT('',(3.941163428407,-6.962054783924,
    1.102966900251));
#3796 = CARTESIAN_POINT('',(3.839300508991,-7.018804887794,
    1.186595704459));
#3797 = CARTESIAN_POINT('',(3.786319198955,-7.047679163847,
    1.232572351674));
#3798 = CARTESIAN_POINT('',(3.734650748403,-7.075243245554,
    1.279917915586));
#3799 = CARTESIAN_POINT('',(3.684362493263,-7.101524865591,
    1.328533717568));
#3800 = CARTESIAN_POINT('',(3.635506070245,-7.126559143789,
    1.378328132586));
#3801 = CARTESIAN_POINT('',(3.588120441836,-7.150385356025,1.42921798476
    ));
#3802 = CARTESIAN_POINT('',(3.501422895304,-7.193198830409,
    1.527299380931));
#3803 = CARTESIAN_POINT('',(3.461799256698,-7.212429036279,1.57427561922
    ));
#3804 = CARTESIAN_POINT('',(3.42338382472,-7.230764941655,1.622005277238
    ));
#3805 = CARTESIAN_POINT('',(3.38619319678,-7.248235843438,1.670438327098
    ));
#3806 = CARTESIAN_POINT('',(3.35024029747,-7.264870896064,1.719527940935
    ));
#3807 = CARTESIAN_POINT('',(3.315534919266,-7.280698702316,
    1.769230640743));
#3808 = CARTESIAN_POINT('',(3.250722783639,-7.309855263419,1.86664225645
    ));
#3809 = CARTESIAN_POINT('',(3.220464554739,-7.323278201649,
    1.914281268554));
#3810 = CARTESIAN_POINT('',(3.191315616022,-7.336038492634,
    1.962390290572));
#3811 = CARTESIAN_POINT('',(3.163280614747,-7.348157940469,
    2.010937807248));
#3812 = CARTESIAN_POINT('',(3.136362967815,-7.359657322217,2.05989400001
    ));
#3813 = CARTESIAN_POINT('',(3.110565023654,-7.370556330589,
    2.109230764968));
#3814 = CARTESIAN_POINT('',(3.06212350023,-7.390809370606,2.20677607611)
  );
#3815 = CARTESIAN_POINT('',(3.039398742734,-7.400205564532,
    2.254958644568));
#3816 = CARTESIAN_POINT('',(3.01771520045,-7.40907865118,2.303445799298)
  );
#3817 = CARTESIAN_POINT('',(2.997073679898,-7.417444119493,2.35221485928
    ));
#3818 = CARTESIAN_POINT('',(2.977474545275,-7.425316394582,
    2.401244099459));
#3819 = CARTESIAN_POINT('',(2.95891771846,-7.432708837722,2.450512750743
    ));
#3820 = CARTESIAN_POINT('',(2.941402679008,-7.439633746356,2.500001));
#3821 = PCURVE('',#3056,#3822);
#3822 = DEFINITIONAL_REPRESENTATION('',(#3823),#3892);
#3823 = B_SPLINE_CURVE_WITH_KNOTS('',7,(#3824,#3825,#3826,#3827,#3828,
    #3829,#3830,#3831,#3832,#3833,#3834,#3835,#3836,#3837,#3838,#3839,
    #3840,#3841,#3842,#3843,#3844,#3845,#3846,#3847,#3848,#3849,#3850,
    #3851,#3852,#3853,#3854,#3855,#3856,#3857,#3858,#3859,#3860,#3861,
    #3862,#3863,#3864,#3865,#3866,#3867,#3868,#3869,#3870,#3871,#3872,
    #3873,#3874,#3875,#3876,#3877,#3878,#3879,#3880,#3881,#3882,#3883,
    #3884,#3885,#3886,#3887,#3888,#3889,#3890,#3891),.UNSPECIFIED.,.F.,
  .F.,(8,6,6,6,6,6,6,6,6,6,6,8),(0.,0.159012392649,0.253805106064,
    0.353375422407,0.440654340968,0.515211439888,0.522407351539,
    0.617715863773,0.72612658309,0.822546061741,0.912943616456,1.),
  .UNSPECIFIED.);
#3824 = CARTESIAN_POINT('',(0.,-1.281883322169));
#3825 = CARTESIAN_POINT('',(9.701715883178E-02,-1.303446278902));
#3826 = CARTESIAN_POINT('',(0.200043577311,-1.322110182337));
#3827 = CARTESIAN_POINT('',(0.308174001629,-1.337550492485));
#3828 = CARTESIAN_POINT('',(0.420155723803,-1.349662243018));
#3829 = CARTESIAN_POINT('',(0.534576706715,-1.358489085143));
#3830 = CARTESIAN_POINT('',(0.650227132687,-1.364038859223));
#3831 = CARTESIAN_POINT('',(0.835081074044,-1.367507210894));
#3832 = CARTESIAN_POINT('',(0.904153226978,-1.367602031493));
#3833 = CARTESIAN_POINT('',(0.973032290916,-1.366476419656));
#3834 = CARTESIAN_POINT('',(1.041453133894,-1.364095572535));
#3835 = CARTESIAN_POINT('',(1.109106295045,-1.360412192259));
#3836 = CARTESIAN_POINT('',(1.175649951858,-1.355375851641));
#3837 = CARTESIAN_POINT('',(1.309106296742,-1.342198824643));
#3838 = CARTESIAN_POINT('',(1.375885483878,-1.333912595793));
#3839 = CARTESIAN_POINT('',(1.440598852381,-1.324054753514));
#3840 = CARTESIAN_POINT('',(1.502748293573,-1.312614241145));
#3841 = CARTESIAN_POINT('',(1.561912329514,-1.299638794457));
#3842 = CARTESIAN_POINT('',(1.617799143982,-1.28524897796));
#3843 = CARTESIAN_POINT('',(1.716234545585,-1.255943333774));
#3844 = CARTESIAN_POINT('',(1.759597202162,-1.241305879575));
#3845 = CARTESIAN_POINT('',(1.800246528418,-1.225839585754));
#3846 = CARTESIAN_POINT('',(1.838232842502,-1.209680685159));
#3847 = CARTESIAN_POINT('',(1.87369004435,-1.192962110135));
#3848 = CARTESIAN_POINT('',(1.906789346565,-1.175802546443));
#3849 = CARTESIAN_POINT('',(1.964122565725,-1.143356761978));
#3850 = CARTESIAN_POINT('',(1.988949498116,-1.128159811971));
#3851 = CARTESIAN_POINT('',(2.012308404824,-1.112773377127));
#3852 = CARTESIAN_POINT('',(2.034320559016,-1.097247519326));
#3853 = CARTESIAN_POINT('',(2.055100616564,-1.081622738618));
#3854 = CARTESIAN_POINT('',(2.074752569038,-1.065930804169));
#3855 = CARTESIAN_POINT('',(2.095168351447,-1.048677563674));
#3856 = CARTESIAN_POINT('',(2.096956985602,-1.04715864214));
#3857 = CARTESIAN_POINT('',(2.098726284348,-1.045638580114));
#3858 = CARTESIAN_POINT('',(2.100489337848,-1.044118428586));
#3859 = CARTESIAN_POINT('',(2.102235806486,-1.042597388517));
#3860 = CARTESIAN_POINT('',(2.103971491857,-1.041075944017));
#3861 = CARTESIAN_POINT('',(2.128518071926,-1.01939579743));
#3862 = CARTESIAN_POINT('',(2.149196610901,-0.999151866707));
#3863 = CARTESIAN_POINT('',(2.168059129877,-0.978883528972));
#3864 = CARTESIAN_POINT('',(2.185365544911,-0.958633803071));
#3865 = CARTESIAN_POINT('',(2.201321312991,-0.938430705254));
#3866 = CARTESIAN_POINT('',(2.216091883884,-0.918290572525));
#3867 = CARTESIAN_POINT('',(2.245429253695,-0.875393257664));
#3868 = CARTESIAN_POINT('',(2.259686274575,-0.85265997145));
#3869 = CARTESIAN_POINT('',(2.27279066974,-0.830034907135));
#3870 = CARTESIAN_POINT('',(2.284893260449,-0.807523096825));
#3871 = CARTESIAN_POINT('',(2.296112025438,-0.785124020434));
#3872 = CARTESIAN_POINT('',(2.3065434664,-0.762833140575));
#3873 = CARTESIAN_POINT('',(2.324914164972,-0.720905741459));
#3874 = CARTESIAN_POINT('',(2.333001254531,-0.701249113012));
#3875 = CARTESIAN_POINT('',(2.3405830291,-0.681666937774));
#3876 = CARTESIAN_POINT('',(2.34770460287,-0.662152901482));
#3877 = CARTESIAN_POINT('',(2.354403067332,-0.64269984319));
#3878 = CARTESIAN_POINT('',(2.360709567211,-0.623299869138));
#3879 = CARTESIAN_POINT('',(2.372222087101,-0.585797914865));
#3880 = CARTESIAN_POINT('',(2.37747212642,-0.567690746426));
#3881 = CARTESIAN_POINT('',(2.382423627773,-0.549615995845));
#3882 = CARTESIAN_POINT('',(2.387095346502,-0.531566562482));
#3883 = CARTESIAN_POINT('',(2.391503255372,-0.513535178031));
#3884 = CARTESIAN_POINT('',(2.39566114006,-0.49551437404));
#3885 = CARTESIAN_POINT('',(2.403356360651,-0.460144482783));
#3886 = CARTESIAN_POINT('',(2.406911031355,-0.442795261191));
#3887 = CARTESIAN_POINT('',(2.410255734818,-0.425441989086));
#3888 = CARTESIAN_POINT('',(2.413399857542,-0.408077779693));
#3889 = CARTESIAN_POINT('',(2.416351644466,-0.390695655041));
#3890 = CARTESIAN_POINT('',(2.41911819897,-0.373288545959));
#3891 = CARTESIAN_POINT('',(2.421705482872,-0.35584929208));
#3892 = ( GEOMETRIC_REPRESENTATION_CONTEXT(2) 
PARAMETRIC_REPRESENTATION_CONTEXT() REPRESENTATION_CONTEXT('2D SPACE',''
  ) );
#3893 = PCURVE('',#643,#3894);
#3894 = DEFINITIONAL_REPRESENTATION('',(#3895),#3964);
#3895 = B_SPLINE_CURVE_WITH_KNOTS('',7,(#3896,#3897,#3898,#3899,#3900,
    #3901,#3902,#3903,#3904,#3905,#3906,#3907,#3908,#3909,#3910,#3911,
    #3912,#3913,#3914,#3915,#3916,#3917,#3918,#3919,#3920,#3921,#3922,
    #3923,#3924,#3925,#3926,#3927,#3928,#3929,#3930,#3931,#3932,#3933,
    #3934,#3935,#3936,#3937,#3938,#3939,#3940,#3941,#3942,#3943,#3944,
    #3945,#3946,#3947,#3948,#3949,#3950,#3951,#3952,#3953,#3954,#3955,
    #3956,#3957,#3958,#3959,#3960,#3961,#3962,#3963),.UNSPECIFIED.,.F.,
  .F.,(8,6,6,6,6,6,6,6,6,6,6,8),(0.,0.159012392649,0.253805106064,
    0.353375422407,0.440654340968,0.515211439888,0.522407351539,
    0.617715863773,0.72612658309,0.822546061741,0.912943616456,1.),
  .UNSPECIFIED.);
#3896 = CARTESIAN_POINT('',(5.525144541753,-0.611271872759));
#3897 = CARTESIAN_POINT('',(5.513965176955,-0.594042217092));
#3898 = CARTESIAN_POINT('',(5.503332420712,-0.580767775655));
#3899 = CARTESIAN_POINT('',(5.493292104245,-0.570897843128));
#3900 = CARTESIAN_POINT('',(5.483781431409,-0.563728672675));
#3901 = CARTESIAN_POINT('',(5.474656029871,-0.558761572607));
#3902 = CARTESIAN_POINT('',(5.46574489072,-0.555699105015));
#3903 = CARTESIAN_POINT('',(5.45152749947,-0.553795158275));
#3904 = CARTESIAN_POINT('',(5.446220905322,-0.553748719211));
#3905 = CARTESIAN_POINT('',(5.440873114725,-0.554359246104));
#3906 = CARTESIAN_POINT('',(5.435440074083,-0.555651996626));
#3907 = CARTESIAN_POINT('',(5.429877489363,-0.557687981746));
#3908 = CARTESIAN_POINT('',(5.424142951908,-0.560564902919));
#3909 = CARTESIAN_POINT('',(5.411959527787,-0.568461653121));
#3910 = CARTESIAN_POINT('',(5.405487540946,-0.573583207161));
#3911 = CARTESIAN_POINT('',(5.398751266212,-0.579930833955));
#3912 = CARTESIAN_POINT('',(5.391726936842,-0.587689133438));
#3913 = CARTESIAN_POINT('',(5.384411949682,-0.597061762304));
#3914 = CARTESIAN_POINT('',(5.376830584079,-0.608230362546));
#3915 = CARTESIAN_POINT('',(5.362200351813,-0.632733770822));
#3916 = CARTESIAN_POINT('',(5.355198369222,-0.645635881527));
#3917 = CARTESIAN_POINT('',(5.348060059997,-0.660064068396));
#3918 = CARTESIAN_POINT('',(5.340822224086,-0.67605786228));
#3919 = CARTESIAN_POINT('',(5.33352227714,-0.693622615845));
#3920 = CARTESIAN_POINT('',(5.326195182606,-0.712733311348));
#3921 = CARTESIAN_POINT('',(5.312615792406,-0.750954474053));
#3922 = CARTESIAN_POINT('',(5.30636157774,-0.769661531642));
#3923 = CARTESIAN_POINT('',(5.300126736992,-0.789445037057));
#3924 = CARTESIAN_POINT('',(5.293926554727,-0.810274337711));
#3925 = CARTESIAN_POINT('',(5.287773824201,-0.832114099422));
#3926 = CARTESIAN_POINT('',(5.28167892933,-0.854927468506));
#3927 = CARTESIAN_POINT('',(5.275068288073,-0.880971086164));
#3928 = CARTESIAN_POINT('',(5.274487076035,-0.883272020955));
#3929 = CARTESIAN_POINT('',(5.273906194498,-0.885582816706));
#3930 = CARTESIAN_POINT('',(5.273326046006,-0.887901895229));
#3931 = CARTESIAN_POINT('',(5.272746323674,-0.890230463263));
#3932 = CARTESIAN_POINT('',(5.272167212734,-0.892567794246));
#3933 = CARTESIAN_POINT('',(5.263925939749,-0.925990030168));
#3934 = CARTESIAN_POINT('',(5.256364691232,-0.958625982642));
#3935 = CARTESIAN_POINT('',(5.248927561254,-0.992730982442));
#3936 = CARTESIAN_POINT('',(5.241631137373,-1.028213332967));
#3937 = CARTESIAN_POINT('',(5.23448703701,-1.064985145452));
#3938 = CARTESIAN_POINT('',(5.227502989322,-1.102966900251));
#3939 = CARTESIAN_POINT('',(5.21292741652,-1.186595704459));
#3940 = CARTESIAN_POINT('',(5.205385422016,-1.232572351674));
#3941 = CARTESIAN_POINT('',(5.198065732013,-1.279917915586));
#3942 = CARTESIAN_POINT('',(5.190973441564,-1.328533717568));
#3943 = CARTESIAN_POINT('',(5.184111660316,-1.378328132586));
#3944 = CARTESIAN_POINT('',(5.17748201551,-1.42921798476));
#3945 = CARTESIAN_POINT('',(5.165395440983,-1.527299380931));
#3946 = CARTESIAN_POINT('',(5.159890127773,-1.57427561922));
#3947 = CARTESIAN_POINT('',(5.154569425477,-1.622005277238));
#3948 = CARTESIAN_POINT('',(5.149433359495,-1.670438327098));
#3949 = CARTESIAN_POINT('',(5.144481625451,-1.719527940935));
#3950 = CARTESIAN_POINT('',(5.139713659089,-1.769230640743));
#3951 = CARTESIAN_POINT('',(5.130830108648,-1.86664225645));
#3952 = CARTESIAN_POINT('',(5.126692427403,-1.914281268554));
#3953 = CARTESIAN_POINT('',(5.122715053613,-1.962390290572));
#3954 = CARTESIAN_POINT('',(5.118897312454,-2.010937807248));
#3955 = CARTESIAN_POINT('',(5.115238476978,-2.05989400001));
#3956 = CARTESIAN_POINT('',(5.111737781991,-2.109230764968));
#3957 = CARTESIAN_POINT('',(5.105174666756,-2.20677607611));
#3958 = CARTESIAN_POINT('',(5.102100849392,-2.254958644568));
#3959 = CARTESIAN_POINT('',(5.099172282809,-2.303445799298));
#3960 = CARTESIAN_POINT('',(5.096388279267,-2.35221485928));
#3961 = CARTESIAN_POINT('',(5.093748166326,-2.401244099459));
#3962 = CARTESIAN_POINT('',(5.091251286844,-2.450512750743));
#3963 = CARTESIAN_POINT('',(5.088896998979,-2.500001));
#3964 = ( GEOMETRIC_REPRESENTATION_CONTEXT(2) 
PARAMETRIC_REPRESENTATION_CONTEXT() REPRESENTATION_CONTEXT('2D SPACE',''
  ) );
#3965 = ORIENTED_EDGE('',*,*,#3966,.F.);
#3966 = EDGE_CURVE('',#2047,#3749,#3967,.T.);
#3967 = SURFACE_CURVE('',#3968,(#4086,#4207),.PCURVE_S1.);
#3968 = B_SPLINE_CURVE_WITH_KNOTS('',6,(#3969,#3970,#3971,#3972,#3973,
    #3974,#3975,#3976,#3977,#3978,#3979,#3980,#3981,#3982,#3983,#3984,
    #3985,#3986,#3987,#3988,#3989,#3990,#3991,#3992,#3993,#3994,#3995,
    #3996,#3997,#3998,#3999,#4000,#4001,#4002,#4003,#4004,#4005,#4006,
    #4007,#4008,#4009,#4010,#4011,#4012,#4013,#4014,#4015,#4016,#4017,
    #4018,#4019,#4020,#4021,#4022,#4023,#4024,#4025,#4026,#4027,#4028,
    #4029,#4030,#4031,#4032,#4033,#4034,#4035,#4036,#4037,#4038,#4039,
    #4040,#4041,#4042,#4043,#4044,#4045,#4046,#4047,#4048,#4049,#4050,
    #4051,#4052,#4053,#4054,#4055,#4056,#4057,#4058,#4059,#4060,#4061,
    #4062,#4063,#4064,#4065,#4066,#4067,#4068,#4069,#4070,#4071,#4072,
    #4073,#4074,#4075,#4076,#4077,#4078,#4079,#4080,#4081,#4082,#4083,
    #4084,#4085),.UNSPECIFIED.,.F.,.F.,(7,5,5,5,5,5,5,5,5,5,5,5,5,5,5,5,
    5,5,5,5,5,5,5,7),(0.,7.030385349682E-02,0.120675869367,
    0.157970423778,0.185055144646,0.250035312129,0.326198177799,
    0.357739732678,0.400423544876,0.45901163775,0.498558335297,
    0.507436590672,0.538788843578,0.596420630918,0.638400997191,
    0.669418384697,0.744298554005,0.819178723313,0.850196110819,
    0.892176477092,0.949808264432,0.974778845095,0.986337165922,1.),
  .UNSPECIFIED.);
#3969 = CARTESIAN_POINT('',(7.828427124746,-5.5,2.5));
#3970 = CARTESIAN_POINT('',(7.828427124746,-5.364282713751,2.5));
#3971 = CARTESIAN_POINT('',(7.820612240904,-5.227864861758,2.5));
#3972 = CARTESIAN_POINT('',(7.804832587142,-5.091414579158,2.5));
#3973 = CARTESIAN_POINT('',(7.781027396785,-4.955599300673,2.5));
#3974 = CARTESIAN_POINT('',(7.749221666837,-4.821083825756,2.5));
#3975 = CARTESIAN_POINT('',(7.681078958348,-4.593553720253,2.5));
#3976 = CARTESIAN_POINT('',(7.648582373819,-4.499582658515,2.5));
#3977 = CARTESIAN_POINT('',(7.612072591008,-4.406856533534,2.5));
#3978 = CARTESIAN_POINT('',(7.571608996601,-4.315610215115,2.5));
#3979 = CARTESIAN_POINT('',(7.527270821644,-4.226072107869,2.5));
#3980 = CARTESIAN_POINT('',(7.44353461921,-4.073600761297,2.5));
#3981 = CARTESIAN_POINT('',(7.405842188325,-4.009794914377,2.5));
#3982 = CARTESIAN_POINT('',(7.366119889167,-3.947136384562,2.5));
#3983 = CARTESIAN_POINT('',(7.324412995382,-3.885711927784,2.5));
#3984 = CARTESIAN_POINT('',(7.280772013987,-3.825605281802,2.5));
#3985 = CARTESIAN_POINT('',(7.202194821322,-3.724261104476,2.5));
#3986 = CARTESIAN_POINT('',(7.16814620238,-3.682362567167,2.5));
#3987 = CARTESIAN_POINT('',(7.133128138082,-3.641232419053,2.5));
#3988 = CARTESIAN_POINT('',(7.09716322531,-3.600900492007,2.5));
#3989 = CARTESIAN_POINT('',(7.060275348292,-3.561395584989,2.5));
#3990 = CARTESIAN_POINT('',(6.931836385298,-3.430018227009,2.5));
#3991 = CARTESIAN_POINT('',(6.836013671522,-3.342209418337,2.5));
#3992 = CARTESIAN_POINT('',(6.735372095295,-3.259705087059,2.5));
#3993 = CARTESIAN_POINT('',(6.630296712761,-3.182849517184,2.5));
#3994 = CARTESIAN_POINT('',(6.521206361599,-3.111944866806,2.5));
#3995 = CARTESIAN_POINT('',(6.276512547941,-2.971423286888,2.5));
#3996 = CARTESIAN_POINT('',(6.139570057539,-2.904124020438,2.5));
#3997 = CARTESIAN_POINT('',(5.998456175872,-2.845771483107,2.5));
#3998 = CARTESIAN_POINT('',(5.853937351656,-2.796688968903,2.5));
#3999 = CARTESIAN_POINT('',(5.706814016613,-2.757103491786,2.5));
#4000 = CARTESIAN_POINT('',(5.496256411224,-2.714737757559,2.5));
#4001 = CARTESIAN_POINT('',(5.434289237813,-2.70398161324,2.5));
#4002 = CARTESIAN_POINT('',(5.37207585734,-2.694885291925,2.5));
#4003 = CARTESIAN_POINT('',(5.309675080364,-2.687454784671,2.5));
#4004 = CARTESIAN_POINT('',(5.247145972832,-2.681693035571,2.5));
#4005 = CARTESIAN_POINT('',(5.099836551604,-2.672060936185,2.5));
#4006 = CARTESIAN_POINT('',(5.014998421534,-2.669577699231,2.5));
#4007 = CARTESIAN_POINT('',(4.930180824503,-2.670149998298,2.5));
#4008 = CARTESIAN_POINT('',(4.84553014522,-2.673767128046,2.5));
#4009 = CARTESIAN_POINT('',(4.761191794474,-2.680407910378,2.5));
#4010 = CARTESIAN_POINT('',(4.562173770766,-2.703262719813,2.5));
#4011 = CARTESIAN_POINT('',(4.447895554962,-2.72212196202,2.5));
#4012 = CARTESIAN_POINT('',(4.334851121015,-2.746536401174,2.5));
#4013 = CARTESIAN_POINT('',(4.223403146157,-2.776386799772,2.5));
#4014 = CARTESIAN_POINT('',(4.113901425562,-2.811516702704,2.5));
#4015 = CARTESIAN_POINT('',(3.934310834134,-2.878877876077,2.5));
#4016 = CARTESIAN_POINT('',(3.862978131955,-2.908340692184,2.5));
#4017 = CARTESIAN_POINT('',(3.792787909524,-2.940061343619,2.5));
#4018 = CARTESIAN_POINT('',(3.723838628096,-2.973972843861,2.5));
#4019 = CARTESIAN_POINT('',(3.656224066464,-3.010000761827,2.5));
#4020 = CARTESIAN_POINT('',(3.575173462137,-3.056608265101,2.5));
#4021 = CARTESIAN_POINT('',(3.560328071744,-3.065288618133,2.5));
#4022 = CARTESIAN_POINT('',(3.545485270743,-3.074113377111,2.5));
#4023 = CARTESIAN_POINT('',(3.530640822087,-3.083087223574,2.5));
#4024 = CARTESIAN_POINT('',(3.515798130717,-3.092210424445,2.5));
#4025 = CARTESIAN_POINT('',(3.448598678451,-3.134208850103,2.5));
#4026 = CARTESIAN_POINT('',(3.396972973881,-3.168382076628,2.5));
#4027 = CARTESIAN_POINT('',(3.346150451915,-3.203976907949,2.5));
#4028 = CARTESIAN_POINT('',(3.296188642502,-3.240968512386,2.5));
#4029 = CARTESIAN_POINT('',(3.247143283479,-3.27932883023,2.5));
#4030 = CARTESIAN_POINT('',(3.110696807113,-3.391999062191,2.5));
#4031 = CARTESIAN_POINT('',(3.025603113297,-3.469492048314,2.5));
#4032 = CARTESIAN_POINT('',(2.944123596093,-3.551309381373,2.5));
#4033 = CARTESIAN_POINT('',(2.86656869904,-3.63722513853,2.5));
#4034 = CARTESIAN_POINT('',(2.793222952241,-3.726983624861,2.5));
#4035 = CARTESIAN_POINT('',(2.674172611633,-3.88827278666,2.5));
#4036 = CARTESIAN_POINT('',(2.626370168041,-3.958134733222,2.5));
#4037 = CARTESIAN_POINT('',(2.58103714726,-4.029775530667,2.5));
#4038 = CARTESIAN_POINT('',(2.538264442792,-4.103079426949,2.5));
#4039 = CARTESIAN_POINT('',(2.498134335966,-4.17792460034,2.5));
#4040 = CARTESIAN_POINT('',(2.433077107434,-4.310527148021,2.5));
#4041 = CARTESIAN_POINT('',(2.406916444542,-4.367642937605,2.5));
#4042 = CARTESIAN_POINT('',(2.382268159236,-4.42547906992,2.5));
#4043 = CARTESIAN_POINT('',(2.359159130204,-4.483982789603,2.5));
#4044 = CARTESIAN_POINT('',(2.33761346285,-4.543100044204,2.5));
#4045 = CARTESIAN_POINT('',(2.269463998903,-4.746840068858,2.5));
#4046 = CARTESIAN_POINT('',(2.230509887636,-4.894162947677,2.5));
#4047 = CARTESIAN_POINT('',(2.201092326013,-5.04395703185,2.5));
#4048 = CARTESIAN_POINT('',(2.181412939075,-5.195414693341,2.5));
#4049 = CARTESIAN_POINT('',(2.171572875254,-5.34770984155,2.5));
#4050 = CARTESIAN_POINT('',(2.171572875254,-5.652290158449,2.5));
#4051 = CARTESIAN_POINT('',(2.181412939075,-5.804585306658,2.5));
#4052 = CARTESIAN_POINT('',(2.201092326013,-5.95604296815,2.5));
#4053 = CARTESIAN_POINT('',(2.230509887635,-6.105837052323,2.5));
#4054 = CARTESIAN_POINT('',(2.269463998903,-6.253159931141,2.5));
#4055 = CARTESIAN_POINT('',(2.33761346285,-6.456899955796,2.5));
#4056 = CARTESIAN_POINT('',(2.359159130204,-6.516017210396,2.5));
#4057 = CARTESIAN_POINT('',(2.382268159235,-6.57452093008,2.5));
#4058 = CARTESIAN_POINT('',(2.406916444542,-6.632357062394,2.5));
#4059 = CARTESIAN_POINT('',(2.433077107433,-6.689472851979,2.5));
#4060 = CARTESIAN_POINT('',(2.498134335965,-6.822075399659,2.5));
#4061 = CARTESIAN_POINT('',(2.538264442791,-6.896920573051,2.5));
#4062 = CARTESIAN_POINT('',(2.58103714726,-6.970224469332,2.5));
#4063 = CARTESIAN_POINT('',(2.626370168041,-7.041865266778,2.5));
#4064 = CARTESIAN_POINT('',(2.674172611633,-7.111727213339,2.5));
#4065 = CARTESIAN_POINT('',(2.79322295224,-7.273016375139,2.5));
#4066 = CARTESIAN_POINT('',(2.86656869904,-7.362774861469,2.5));
#4067 = CARTESIAN_POINT('',(2.944123596093,-7.448690618626,2.5));
#4068 = CARTESIAN_POINT('',(3.025603113297,-7.530507951685,2.5));
#4069 = CARTESIAN_POINT('',(3.110696807112,-7.608000937809,2.5));
#4070 = CARTESIAN_POINT('',(3.237357745662,-7.712590793896,2.5));
#4071 = CARTESIAN_POINT('',(3.276262708344,-7.743359762894,2.5));
#4072 = CARTESIAN_POINT('',(3.315755978653,-7.773264554045,2.5));
#4073 = CARTESIAN_POINT('',(3.355809589271,-7.802290668088,2.5));
#4074 = CARTESIAN_POINT('',(3.396394835516,-7.83042488569,2.5));
#4075 = CARTESIAN_POINT('',(3.456500728204,-7.870259599432,2.5));
#4076 = CARTESIAN_POINT('',(3.475542341574,-7.882614317939,2.5));
#4077 = CARTESIAN_POINT('',(3.494602358823,-7.894721443004,2.5));
#4078 = CARTESIAN_POINT('',(3.513676172271,-7.906583100551,2.5));
#4079 = CARTESIAN_POINT('',(3.532759323175,-7.918201522388,2.5));
#4080 = CARTESIAN_POINT('',(3.57441121324,-7.943028164168,2.5));
#4081 = CARTESIAN_POINT('',(3.593074659152,-7.953808941485,2.5));
#4082 = CARTESIAN_POINT('',(3.613800577573,-7.965715066104,2.5));
#4083 = CARTESIAN_POINT('',(3.638127860364,-7.979240420466,2.5));
#4084 = CARTESIAN_POINT('',(3.6622799222,-7.992145070065,2.5));
#4085 = CARTESIAN_POINT('',(3.677124344468,-8.,2.5));
#4086 = PCURVE('',#3056,#4087);
#4087 = DEFINITIONAL_REPRESENTATION('',(#4088),#4206);
#4088 = B_SPLINE_CURVE_WITH_KNOTS('',6,(#4089,#4090,#4091,#4092,#4093,
    #4094,#4095,#4096,#4097,#4098,#4099,#4100,#4101,#4102,#4103,#4104,
    #4105,#4106,#4107,#4108,#4109,#4110,#4111,#4112,#4113,#4114,#4115,
    #4116,#4117,#4118,#4119,#4120,#4121,#4122,#4123,#4124,#4125,#4126,
    #4127,#4128,#4129,#4130,#4131,#4132,#4133,#4134,#4135,#4136,#4137,
    #4138,#4139,#4140,#4141,#4142,#4143,#4144,#4145,#4146,#4147,#4148,
    #4149,#4150,#4151,#4152,#4153,#4154,#4155,#4156,#4157,#4158,#4159,
    #4160,#4161,#4162,#4163,#4164,#4165,#4166,#4167,#4168,#4169,#4170,
    #4171,#4172,#4173,#4174,#4175,#4176,#4177,#4178,#4179,#4180,#4181,
    #4182,#4183,#4184,#4185,#4186,#4187,#4188,#4189,#4190,#4191,#4192,
    #4193,#4194,#4195,#4196,#4197,#4198,#4199,#4200,#4201,#4202,#4203,
    #4204,#4205),.UNSPECIFIED.,.F.,.F.,(7,5,5,5,5,5,5,5,5,5,5,5,5,5,5,5,
    5,5,5,5,5,5,5,7),(0.,7.030385349682E-02,0.120675869367,
    0.157970423778,0.185055144646,0.250035312129,0.326198177799,
    0.357739732678,0.400423544876,0.45901163775,0.498558335297,
    0.507436590672,0.538788843578,0.596420630918,0.638400997191,
    0.669418384697,0.744298554005,0.819178723313,0.850196110819,
    0.892176477092,0.949808264432,0.974778845095,0.986337165922,1.),
  .UNSPECIFIED.);
#4089 = CARTESIAN_POINT('',(6.28318530718,-0.355849644472));
#4090 = CARTESIAN_POINT('',(6.225163913037,-0.355849644472));
#4091 = CARTESIAN_POINT('',(6.168771984718,-0.355849644472));
#4092 = CARTESIAN_POINT('',(6.113850972762,-0.355849644472));
#4093 = CARTESIAN_POINT('',(6.06024951418,-0.355849644472));
#4094 = CARTESIAN_POINT('',(6.007827421402,-0.355849644472));
#4095 = CARTESIAN_POINT('',(5.919655186113,-0.355849644472));
#4096 = CARTESIAN_POINT('',(5.883391008213,-0.355849644472));
#4097 = CARTESIAN_POINT('',(5.847620144653,-0.355849644472));
#4098 = CARTESIAN_POINT('',(5.812297859865,-0.355849644472));
#4099 = CARTESIAN_POINT('',(5.777381675567,-0.355849644472));
#4100 = CARTESIAN_POINT('',(5.717250932889,-0.355849644472));
#4101 = CARTESIAN_POINT('',(5.691870931403,-0.355849644472));
#4102 = CARTESIAN_POINT('',(5.666674987701,-0.355849644472));
#4103 = CARTESIAN_POINT('',(5.64164720359,-0.355849644472));
#4104 = CARTESIAN_POINT('',(5.61677216128,-0.355849644472));
#4105 = CARTESIAN_POINT('',(5.574069802372,-0.355849644472));
#4106 = CARTESIAN_POINT('',(5.556177337198,-0.355849644472));
#4107 = CARTESIAN_POINT('',(5.538351794771,-0.355849644472));
#4108 = CARTESIAN_POINT('',(5.520587535341,-0.355849644472));
#4109 = CARTESIAN_POINT('',(5.502879012496,-0.355849644472));
#4110 = CARTESIAN_POINT('',(5.442856099942,-0.355849644472));
#4111 = CARTESIAN_POINT('',(5.400780080025,-0.355849644472));
#4112 = CARTESIAN_POINT('',(5.358918849009,-0.355849644472));
#4113 = CARTESIAN_POINT('',(5.317198610408,-0.355849644472));
#4114 = CARTESIAN_POINT('',(5.275546818452,-0.355849644472));
#4115 = CARTESIAN_POINT('',(5.185071592384,-0.355849644472));
#4116 = CARTESIAN_POINT('',(5.136244904347,-0.355849644472));
#4117 = CARTESIAN_POINT('',(5.087301325133,-0.355849644472));
#4118 = CARTESIAN_POINT('',(5.038123470838,-0.355849644472));
#4119 = CARTESIAN_POINT('',(4.988591097188,-0.355849644472));
#4120 = CARTESIAN_POINT('',(4.917873918682,-0.355849644472));
#4121 = CARTESIAN_POINT('',(4.897082417974,-0.355849644472));
#4122 = CARTESIAN_POINT('',(4.876200363423,-0.355849644472));
#4123 = CARTESIAN_POINT('',(4.855218764302,-0.355849644472));
#4124 = CARTESIAN_POINT('',(4.834128425055,-0.355849644472));
#4125 = CARTESIAN_POINT('',(4.784219433536,-0.355849644472));
#4126 = CARTESIAN_POINT('',(4.755302473151,-0.355849644472));
#4127 = CARTESIAN_POINT('',(4.726145826704,-0.355849644472));
#4128 = CARTESIAN_POINT('',(4.69672528076,-0.355849644472));
#4129 = CARTESIAN_POINT('',(4.667015645896,-0.355849644472));
#4130 = CARTESIAN_POINT('',(4.595778388209,-0.355849644472));
#4131 = CARTESIAN_POINT('',(4.553971569786,-0.355849644472));
#4132 = CARTESIAN_POINT('',(4.511502915439,-0.355849644472));
#4133 = CARTESIAN_POINT('',(4.468300244655,-0.355849644472));
#4134 = CARTESIAN_POINT('',(4.424286582396,-0.355849644472));
#4135 = CARTESIAN_POINT('',(4.349068526608,-0.355849644472));
#4136 = CARTESIAN_POINT('',(4.318349970478,-0.355849644472));
#4137 = CARTESIAN_POINT('',(4.287199258687,-0.355849644472));
#4138 = CARTESIAN_POINT('',(4.25559000793,-0.355849644472));
#4139 = CARTESIAN_POINT('',(4.223494683619,-0.355849644472));
#4140 = CARTESIAN_POINT('',(4.183563618136,-0.355849644472));
#4141 = CARTESIAN_POINT('',(4.176226910569,-0.355849644472));
#4142 = CARTESIAN_POINT('',(4.168889447551,-0.355849644472));
#4143 = CARTESIAN_POINT('',(4.161558204332,-0.355849644472));
#4144 = CARTESIAN_POINT('',(4.154232161052,-0.355849644472));
#4145 = CARTESIAN_POINT('',(4.121017986294,-0.355849644472));
#4146 = CARTESIAN_POINT('',(4.095453384569,-0.355849644472));
#4147 = CARTESIAN_POINT('',(4.070193820726,-0.355849644472));
#4148 = CARTESIAN_POINT('',(4.045225102411,-0.355849644472));
#4149 = CARTESIAN_POINT('',(4.020533521753,-0.355849644472));
#4150 = CARTESIAN_POINT('',(3.951202859762,-0.355849644472));
#4151 = CARTESIAN_POINT('',(3.907191309818,-0.355849644472));
#4152 = CARTESIAN_POINT('',(3.86398939246,-0.355849644472));
#4153 = CARTESIAN_POINT('',(3.821520091454,-0.355849644472));
#4154 = CARTESIAN_POINT('',(3.779711187408,-0.355849644472));
#4155 = CARTESIAN_POINT('',(3.708472593159,-0.355849644472));
#4156 = CARTESIAN_POINT('',(3.678764297886,-0.355849644472));
#4157 = CARTESIAN_POINT('',(3.649344204302,-0.355849644472));
#4158 = CARTESIAN_POINT('',(3.620187118889,-0.355849644472));
#4159 = CARTESIAN_POINT('',(3.591268822262,-0.355849644472));
#4160 = CARTESIAN_POINT('',(3.541358907487,-0.355849644472));
#4161 = CARTESIAN_POINT('',(3.520269358983,-0.355849644472));
#4162 = CARTESIAN_POINT('',(3.499288024012,-0.355849644472));
#4163 = CARTESIAN_POINT('',(3.478405706876,-0.355849644472));
#4164 = CARTESIAN_POINT('',(3.457613415817,-0.355849644472));
#4165 = CARTESIAN_POINT('',(3.38690307991,-0.355849644472));
#4166 = CARTESIAN_POINT('',(3.337375564472,-0.355849644472));
#4167 = CARTESIAN_POINT('',(3.288199322906,-0.355849644472));
#4168 = CARTESIAN_POINT('',(3.239254130047,-0.355849644472));
#4169 = CARTESIAN_POINT('',(3.190422582804,-0.355849644472));
#4170 = CARTESIAN_POINT('',(3.092762724376,-0.355849644472));
#4171 = CARTESIAN_POINT('',(3.043931177133,-0.355849644472));
#4172 = CARTESIAN_POINT('',(2.994985984274,-0.355849644472));
#4173 = CARTESIAN_POINT('',(2.945809742707,-0.355849644472));
#4174 = CARTESIAN_POINT('',(2.89628222727,-0.355849644472));
#4175 = CARTESIAN_POINT('',(2.825571891362,-0.355849644472));
#4176 = CARTESIAN_POINT('',(2.804779600304,-0.355849644472));
#4177 = CARTESIAN_POINT('',(2.783897283167,-0.355849644472));
#4178 = CARTESIAN_POINT('',(2.762915948197,-0.355849644472));
#4179 = CARTESIAN_POINT('',(2.741826399693,-0.355849644472));
#4180 = CARTESIAN_POINT('',(2.691916484918,-0.355849644472));
#4181 = CARTESIAN_POINT('',(2.662998188291,-0.355849644472));
#4182 = CARTESIAN_POINT('',(2.633841102878,-0.355849644472));
#4183 = CARTESIAN_POINT('',(2.604421009294,-0.355849644472));
#4184 = CARTESIAN_POINT('',(2.574712714021,-0.355849644472));
#4185 = CARTESIAN_POINT('',(2.503474119772,-0.355849644472));
#4186 = CARTESIAN_POINT('',(2.461665215726,-0.355849644472));
#4187 = CARTESIAN_POINT('',(2.41919591472,-0.355849644472));
#4188 = CARTESIAN_POINT('',(2.375993997362,-0.355849644472));
#4189 = CARTESIAN_POINT('',(2.331982447418,-0.355849644472));
#4190 = CARTESIAN_POINT('',(2.267623975496,-0.355849644472));
#4191 = CARTESIAN_POINT('',(2.248001093358,-0.355849644472));
#4192 = CARTESIAN_POINT('',(2.228204122055,-0.355849644472));
#4193 = CARTESIAN_POINT('',(2.208226184325,-0.355849644472));
#4194 = CARTESIAN_POINT('',(2.188060208995,-0.355849644472));
#4195 = CARTESIAN_POINT('',(2.158274152798,-0.355849644472));
#4196 = CARTESIAN_POINT('',(2.14884937494,-0.355849644472));
#4197 = CARTESIAN_POINT('',(2.139424597149,-0.355849644472));
#4198 = CARTESIAN_POINT('',(2.129999819276,-0.355849644472));
#4199 = CARTESIAN_POINT('',(2.120575041277,-0.355849644472));
#4200 = CARTESIAN_POINT('',(2.100009442599,-0.355849644472));
#4201 = CARTESIAN_POINT('',(2.090794143179,-0.355849644472));
#4202 = CARTESIAN_POINT('',(2.080482700638,-0.355849644472));
#4203 = CARTESIAN_POINT('',(2.068783899909,-0.355849644472));
#4204 = CARTESIAN_POINT('',(2.057268194222,-0.355849644472));
#4205 = CARTESIAN_POINT('',(2.050236438292,-0.355849644472));
#4206 = ( GEOMETRIC_REPRESENTATION_CONTEXT(2) 
PARAMETRIC_REPRESENTATION_CONTEXT() REPRESENTATION_CONTEXT('2D SPACE',''
  ) );
#4207 = PCURVE('',#2410,#4208);
#4208 = DEFINITIONAL_REPRESENTATION('',(#4209),#4327);
#4209 = B_SPLINE_CURVE_WITH_KNOTS('',6,(#4210,#4211,#4212,#4213,#4214,
    #4215,#4216,#4217,#4218,#4219,#4220,#4221,#4222,#4223,#4224,#4225,
    #4226,#4227,#4228,#4229,#4230,#4231,#4232,#4233,#4234,#4235,#4236,
    #4237,#4238,#4239,#4240,#4241,#4242,#4243,#4244,#4245,#4246,#4247,
    #4248,#4249,#4250,#4251,#4252,#4253,#4254,#4255,#4256,#4257,#4258,
    #4259,#4260,#4261,#4262,#4263,#4264,#4265,#4266,#4267,#4268,#4269,
    #4270,#4271,#4272,#4273,#4274,#4275,#4276,#4277,#4278,#4279,#4280,
    #4281,#4282,#4283,#4284,#4285,#4286,#4287,#4288,#4289,#4290,#4291,
    #4292,#4293,#4294,#4295,#4296,#4297,#4298,#4299,#4300,#4301,#4302,
    #4303,#4304,#4305,#4306,#4307,#4308,#4309,#4310,#4311,#4312,#4313,
    #4314,#4315,#4316,#4317,#4318,#4319,#4320,#4321,#4322,#4323,#4324,
    #4325,#4326),.UNSPECIFIED.,.F.,.F.,(7,5,5,5,5,5,5,5,5,5,5,5,5,5,5,5,
    5,5,5,5,5,5,5,7),(0.,7.030385349682E-02,0.120675869367,
    0.157970423778,0.185055144646,0.250035312129,0.326198177799,
    0.357739732678,0.400423544876,0.45901163775,0.498558335297,
    0.507436590672,0.538788843578,0.596420630918,0.638400997191,
    0.669418384697,0.744298554005,0.819178723313,0.850196110819,
    0.892176477092,0.949808264432,0.974778845095,0.986337165922,1.),
  .UNSPECIFIED.);
#4210 = CARTESIAN_POINT('',(7.828427124746,-5.5));
#4211 = CARTESIAN_POINT('',(7.828427124746,-5.364282713751));
#4212 = CARTESIAN_POINT('',(7.820612240904,-5.227864861758));
#4213 = CARTESIAN_POINT('',(7.804832587142,-5.091414579158));
#4214 = CARTESIAN_POINT('',(7.781027396785,-4.955599300673));
#4215 = CARTESIAN_POINT('',(7.749221666837,-4.821083825756));
#4216 = CARTESIAN_POINT('',(7.681078958348,-4.593553720254));
#4217 = CARTESIAN_POINT('',(7.648582373819,-4.499582658515));
#4218 = CARTESIAN_POINT('',(7.612072591008,-4.406856533534));
#4219 = CARTESIAN_POINT('',(7.571608996601,-4.315610215115));
#4220 = CARTESIAN_POINT('',(7.527270821644,-4.226072107869));
#4221 = CARTESIAN_POINT('',(7.44353461921,-4.073600761297));
#4222 = CARTESIAN_POINT('',(7.405842188325,-4.009794914377));
#4223 = CARTESIAN_POINT('',(7.366119889167,-3.947136384562));
#4224 = CARTESIAN_POINT('',(7.324412995382,-3.885711927784));
#4225 = CARTESIAN_POINT('',(7.280772013987,-3.825605281802));
#4226 = CARTESIAN_POINT('',(7.202194821322,-3.724261104476));
#4227 = CARTESIAN_POINT('',(7.16814620238,-3.682362567167));
#4228 = CARTESIAN_POINT('',(7.133128138082,-3.641232419053));
#4229 = CARTESIAN_POINT('',(7.09716322531,-3.600900492007));
#4230 = CARTESIAN_POINT('',(7.060275348292,-3.561395584989));
#4231 = CARTESIAN_POINT('',(6.931836385298,-3.430018227009));
#4232 = CARTESIAN_POINT('',(6.836013671522,-3.342209418337));
#4233 = CARTESIAN_POINT('',(6.735372095295,-3.259705087059));
#4234 = CARTESIAN_POINT('',(6.630296712761,-3.182849517184));
#4235 = CARTESIAN_POINT('',(6.521206361599,-3.111944866806));
#4236 = CARTESIAN_POINT('',(6.276512547941,-2.971423286888));
#4237 = CARTESIAN_POINT('',(6.139570057539,-2.904124020438));
#4238 = CARTESIAN_POINT('',(5.998456175872,-2.845771483107));
#4239 = CARTESIAN_POINT('',(5.853937351656,-2.796688968903));
#4240 = CARTESIAN_POINT('',(5.706814016613,-2.757103491786));
#4241 = CARTESIAN_POINT('',(5.496256411224,-2.714737757559));
#4242 = CARTESIAN_POINT('',(5.434289237813,-2.70398161324));
#4243 = CARTESIAN_POINT('',(5.37207585734,-2.694885291925));
#4244 = CARTESIAN_POINT('',(5.309675080364,-2.687454784671));
#4245 = CARTESIAN_POINT('',(5.247145972832,-2.681693035571));
#4246 = CARTESIAN_POINT('',(5.099836551604,-2.672060936185));
#4247 = CARTESIAN_POINT('',(5.014998421534,-2.669577699231));
#4248 = CARTESIAN_POINT('',(4.930180824503,-2.670149998298));
#4249 = CARTESIAN_POINT('',(4.84553014522,-2.673767128046));
#4250 = CARTESIAN_POINT('',(4.761191794474,-2.680407910378));
#4251 = CARTESIAN_POINT('',(4.562173770766,-2.703262719813));
#4252 = CARTESIAN_POINT('',(4.447895554962,-2.72212196202));
#4253 = CARTESIAN_POINT('',(4.334851121015,-2.746536401174));
#4254 = CARTESIAN_POINT('',(4.223403146157,-2.776386799772));
#4255 = CARTESIAN_POINT('',(4.113901425562,-2.811516702704));
#4256 = CARTESIAN_POINT('',(3.934310834134,-2.878877876077));
#4257 = CARTESIAN_POINT('',(3.862978131955,-2.908340692184));
#4258 = CARTESIAN_POINT('',(3.792787909524,-2.940061343619));
#4259 = CARTESIAN_POINT('',(3.723838628096,-2.973972843861));
#4260 = CARTESIAN_POINT('',(3.656224066464,-3.010000761827));
#4261 = CARTESIAN_POINT('',(3.575173462137,-3.056608265101));
#4262 = CARTESIAN_POINT('',(3.560328071744,-3.065288618133));
#4263 = CARTESIAN_POINT('',(3.545485270743,-3.074113377111));
#4264 = CARTESIAN_POINT('',(3.530640822087,-3.083087223574));
#4265 = CARTESIAN_POINT('',(3.515798130717,-3.092210424445));
#4266 = CARTESIAN_POINT('',(3.448598678451,-3.134208850103));
#4267 = CARTESIAN_POINT('',(3.396972973881,-3.168382076628));
#4268 = CARTESIAN_POINT('',(3.346150451915,-3.203976907949));
#4269 = CARTESIAN_POINT('',(3.296188642503,-3.240968512386));
#4270 = CARTESIAN_POINT('',(3.247143283479,-3.27932883023));
#4271 = CARTESIAN_POINT('',(3.110696807113,-3.391999062191));
#4272 = CARTESIAN_POINT('',(3.025603113297,-3.469492048314));
#4273 = CARTESIAN_POINT('',(2.944123596093,-3.551309381373));
#4274 = CARTESIAN_POINT('',(2.86656869904,-3.63722513853));
#4275 = CARTESIAN_POINT('',(2.793222952241,-3.726983624861));
#4276 = CARTESIAN_POINT('',(2.674172611633,-3.88827278666));
#4277 = CARTESIAN_POINT('',(2.626370168041,-3.958134733222));
#4278 = CARTESIAN_POINT('',(2.58103714726,-4.029775530667));
#4279 = CARTESIAN_POINT('',(2.538264442792,-4.103079426949));
#4280 = CARTESIAN_POINT('',(2.498134335966,-4.17792460034));
#4281 = CARTESIAN_POINT('',(2.433077107434,-4.310527148021));
#4282 = CARTESIAN_POINT('',(2.406916444542,-4.367642937605));
#4283 = CARTESIAN_POINT('',(2.382268159236,-4.42547906992));
#4284 = CARTESIAN_POINT('',(2.359159130204,-4.483982789603));
#4285 = CARTESIAN_POINT('',(2.33761346285,-4.543100044204));
#4286 = CARTESIAN_POINT('',(2.269463998903,-4.746840068858));
#4287 = CARTESIAN_POINT('',(2.230509887636,-4.894162947677));
#4288 = CARTESIAN_POINT('',(2.201092326013,-5.04395703185));
#4289 = CARTESIAN_POINT('',(2.181412939075,-5.195414693341));
#4290 = CARTESIAN_POINT('',(2.171572875254,-5.34770984155));
#4291 = CARTESIAN_POINT('',(2.171572875254,-5.652290158449));
#4292 = CARTESIAN_POINT('',(2.181412939075,-5.804585306658));
#4293 = CARTESIAN_POINT('',(2.201092326013,-5.95604296815));
#4294 = CARTESIAN_POINT('',(2.230509887635,-6.105837052323));
#4295 = CARTESIAN_POINT('',(2.269463998903,-6.253159931141));
#4296 = CARTESIAN_POINT('',(2.33761346285,-6.456899955796));
#4297 = CARTESIAN_POINT('',(2.359159130204,-6.516017210396));
#4298 = CARTESIAN_POINT('',(2.382268159235,-6.57452093008));
#4299 = CARTESIAN_POINT('',(2.406916444542,-6.632357062394));
#4300 = CARTESIAN_POINT('',(2.433077107433,-6.689472851979));
#4301 = CARTESIAN_POINT('',(2.498134335965,-6.822075399659));
#4302 = CARTESIAN_POINT('',(2.538264442791,-6.896920573051));
#4303 = CARTESIAN_POINT('',(2.58103714726,-6.970224469332));
#4304 = CARTESIAN_POINT('',(2.626370168041,-7.041865266778));
#4305 = CARTESIAN_POINT('',(2.674172611633,-7.111727213339));
#4306 = CARTESIAN_POINT('',(2.79322295224,-7.273016375139));
#4307 = CARTESIAN_POINT('',(2.86656869904,-7.362774861469));
#4308 = CARTESIAN_POINT('',(2.944123596093,-7.448690618626));
#4309 = CARTESIAN_POINT('',(3.025603113297,-7.530507951685));
#4310 = CARTESIAN_POINT('',(3.110696807112,-7.608000937809));
#4311 = CARTESIAN_POINT('',(3.237357745662,-7.712590793896));
#4312 = CARTESIAN_POINT('',(3.276262708344,-7.743359762894));
#4313 = CARTESIAN_POINT('',(3.315755978653,-7.773264554045));
#4314 = CARTESIAN_POINT('',(3.355809589271,-7.802290668088));
#4315 = CARTESIAN_POINT('',(3.396394835516,-7.83042488569));
#4316 = CARTESIAN_POINT('',(3.456500728204,-7.870259599432));
#4317 = CARTESIAN_POINT('',(3.475542341574,-7.882614317939));
#4318 = CARTESIAN_POINT('',(3.494602358823,-7.894721443004));
#4319 = CARTESIAN_POINT('',(3.513676172271,-7.906583100551));
#4320 = CARTESIAN_POINT('',(3.532759323175,-7.918201522388));
#4321 = CARTESIAN_POINT('',(3.57441121324,-7.943028164168));
#4322 = CARTESIAN_POINT('',(3.593074659152,-7.953808941485));
#4323 = CARTESIAN_POINT('',(3.613800577573,-7.965715066104));
#4324 = CARTESIAN_POINT('',(3.638127860364,-7.979240420466));
#4325 = CARTESIAN_POINT('',(3.6622799222,-7.992145070065));
#4326 = CARTESIAN_POINT('',(3.677124344468,-8.));
#4327 = ( GEOMETRIC_REPRESENTATION_CONTEXT(2) 
PARAMETRIC_REPRESENTATION_CONTEXT() REPRESENTATION_CONTEXT('2D SPACE',''
  ) );
#4328 = ORIENTED_EDGE('',*,*,#2596,.T.);
#4329 = ORIENTED_EDGE('',*,*,#3325,.F.);
#4330 = ORIENTED_EDGE('',*,*,#4331,.T.);
#4331 = EDGE_CURVE('',#3326,#3717,#4332,.T.);
#4332 = SURFACE_CURVE('',#4333,(#4378,#4426),.PCURVE_S1.);
#4333 = B_SPLINE_CURVE_WITH_KNOTS('',8,(#4334,#4335,#4336,#4337,#4338,
    #4339,#4340,#4341,#4342,#4343,#4344,#4345,#4346,#4347,#4348,#4349,
    #4350,#4351,#4352,#4353,#4354,#4355,#4356,#4357,#4358,#4359,#4360,
    #4361,#4362,#4363,#4364,#4365,#4366,#4367,#4368,#4369,#4370,#4371,
    #4372,#4373,#4374,#4375,#4376,#4377),.UNSPECIFIED.,.F.,.F.,(9,7,7,7,
    7,7,9),(0.,0.144946575179,0.297154879683,0.462234769464,
    0.653751955167,0.802412023573,1.),.UNSPECIFIED.);
#4334 = CARTESIAN_POINT('',(7.126470443164,-3.635026688033,2.500001));
#4335 = CARTESIAN_POINT('',(7.118268037437,-3.651107505862,2.45256848314
    ));
#4336 = CARTESIAN_POINT('',(7.109557579163,-3.668081865893,
    2.405332792981));
#4337 = CARTESIAN_POINT('',(7.100328925725,-3.685949335272,
    2.358310095438));
#4338 = CARTESIAN_POINT('',(7.090571189712,-3.70470910127,2.311517247362
    ));
#4339 = CARTESIAN_POINT('',(7.08027273892,-3.724359971278,2.264971796549
    ));
#4340 = CARTESIAN_POINT('',(7.069421196346,-3.74490037281,2.21869198173)
  );
#4341 = CARTESIAN_POINT('',(7.058003440195,-3.766328353503,
    2.172696732579));
#4342 = CARTESIAN_POINT('',(7.033406683746,-3.812072686944,
    2.079025514245));
#4343 = CARTESIAN_POINT('',(7.020168194346,-3.836479746412,
    2.031381156519));
#4344 = CARTESIAN_POINT('',(7.006274055105,-3.861860026204,
    1.984095211363));
#4345 = CARTESIAN_POINT('',(6.991707384987,-3.888210015488,
    1.937191648296));
#4346 = CARTESIAN_POINT('',(6.976450545974,-3.915525331976,
    1.890695777532));
#4347 = CARTESIAN_POINT('',(6.960485186546,-3.943800628,1.844634236001)
  );
#4348 = CARTESIAN_POINT('',(6.943792285166,-3.97302949658,1.799034973367
    ));
#4349 = CARTESIAN_POINT('',(6.907437270713,-4.035931015055,
    1.705004940413));
#4350 = CARTESIAN_POINT('',(6.887643750752,-4.069769870879,
    1.656661663361));
#4351 = CARTESIAN_POINT('',(6.86694654383,-4.104711469261,1.60893434799)
  );
#4352 = CARTESIAN_POINT('',(6.845320035881,-4.140744013518,
    1.561862952753));
#4353 = CARTESIAN_POINT('',(6.822738435759,-4.177853041826,
    1.515490320605));
#4354 = CARTESIAN_POINT('',(6.799176122161,-4.216021083046,1.46986204616
    ));
#4355 = CARTESIAN_POINT('',(6.774607990566,-4.255227312554,
    1.425026342842));
#4356 = CARTESIAN_POINT('',(6.719312098081,-4.342108259337,
    1.329996155322));
#4357 = CARTESIAN_POINT('',(6.688230301685,-4.390130082364,
    1.280097263102));
#4358 = CARTESIAN_POINT('',(6.655725289654,-4.439476639525,
    1.231413339609));
#4359 = CARTESIAN_POINT('',(6.621762650886,-4.490100622647,1.18403038898
    ));
#4360 = CARTESIAN_POINT('',(6.58631430714,-4.541941903375,1.138043135921
    ));
#4361 = CARTESIAN_POINT('',(6.549361509282,-4.594925333537,
    1.093553495546));
#4362 = CARTESIAN_POINT('',(6.510899207126,-4.648957895535,
    1.050668690363));
#4363 = CARTESIAN_POINT('',(6.439925923924,-4.746592097751,
    0.977542159907));
#4364 = CARTESIAN_POINT('',(6.408015146366,-4.789813799538,
    0.946625160964));
#4365 = CARTESIAN_POINT('',(6.375214337349,-4.833540685591,
    0.916795067632));
#4366 = CARTESIAN_POINT('',(6.341540783975,-4.877706361863,
    0.888108469137));
#4367 = CARTESIAN_POINT('',(6.307028966254,-4.922225324795,
    0.860627798834));
#4368 = CARTESIAN_POINT('',(6.271735340051,-4.966990623327,
    0.834417639144));
#4369 = CARTESIAN_POINT('',(6.235743120023,-5.011871520906,
    0.809541026494));
#4370 = CARTESIAN_POINT('',(6.150552870108,-5.116308688638,0.7548408707)
  );
#4371 = CARTESIAN_POINT('',(6.100814024238,-5.175948160629,
    0.726023306138));
#4372 = CARTESIAN_POINT('',(6.050310077763,-5.235142913208,
    0.699816489414));
#4373 = CARTESIAN_POINT('',(5.999570218605,-5.293259009152,
    0.676416509137));
#4374 = CARTESIAN_POINT('',(5.949285221522,-5.349548049123,
    0.655955428306));
#4375 = CARTESIAN_POINT('',(5.900336260352,-5.403173096943,
    0.638417331675));
#4376 = CARTESIAN_POINT('',(5.853523662084,-5.453472820032,
    0.623615116702));
#4377 = CARTESIAN_POINT('',(5.809475019311,-5.5,0.611271872759));
#4378 = PCURVE('',#3056,#4379);
#4379 = DEFINITIONAL_REPRESENTATION('',(#4380),#4425);
#4380 = B_SPLINE_CURVE_WITH_KNOTS('',8,(#4381,#4382,#4383,#4384,#4385,
    #4386,#4387,#4388,#4389,#4390,#4391,#4392,#4393,#4394,#4395,#4396,
    #4397,#4398,#4399,#4400,#4401,#4402,#4403,#4404,#4405,#4406,#4407,
    #4408,#4409,#4410,#4411,#4412,#4413,#4414,#4415,#4416,#4417,#4418,
    #4419,#4420,#4421,#4422,#4423,#4424),.UNSPECIFIED.,.F.,.F.,(9,7,7,7,
    7,7,9),(0.,0.144946575179,0.297154879683,0.462234769464,
    0.653751955167,0.802412023573,1.),.UNSPECIFIED.);
#4381 = CARTESIAN_POINT('',(5.535420303866,-0.35584929208));
#4382 = CARTESIAN_POINT('',(5.537621026053,-0.372564122693));
#4383 = CARTESIAN_POINT('',(5.539963596875,-0.389250312222));
#4384 = CARTESIAN_POINT('',(5.542452041594,-0.405913771991));
#4385 = CARTESIAN_POINT('',(5.545091078197,-0.422560355599));
#4386 = CARTESIAN_POINT('',(5.547886117396,-0.439195858915));
#4387 = CARTESIAN_POINT('',(5.55084326263,-0.455826020085));
#4388 = CARTESIAN_POINT('',(5.553969310063,-0.472456519529));
#4389 = CARTESIAN_POINT('',(5.56073963713,-0.506562916218));
#4390 = CARTESIAN_POINT('',(5.56440211392,-0.524039327028));
#4391 = CARTESIAN_POINT('',(5.568268217456,-0.541528821801));
#4392 = CARTESIAN_POINT('',(5.572347993351,-0.559037837877));
#4393 = CARTESIAN_POINT('',(5.576652834868,-0.576572660138));
#4394 = CARTESIAN_POINT('',(5.581195823461,-0.594139440652));
#4395 = CARTESIAN_POINT('',(5.585992069312,-0.611744218313));
#4396 = CARTESIAN_POINT('',(5.596554526821,-0.648534133094));
#4397 = CARTESIAN_POINT('',(5.602368277301,-0.667726701963));
#4398 = CARTESIAN_POINT('',(5.608523132418,-0.686978291029));
#4399 = CARTESIAN_POINT('',(5.615044661877,-0.706296028118));
#4400 = CARTESIAN_POINT('',(5.621962642149,-0.725686410532));
#4401 = CARTESIAN_POINT('',(5.629312522636,-0.745155192644));
#4402 = CARTESIAN_POINT('',(5.637136891832,-0.764707273499));
#4403 = CARTESIAN_POINT('',(5.655174243353,-0.807131101409));
#4404 = CARTESIAN_POINT('',(5.66556867254,-0.830031241699));
#4405 = CARTESIAN_POINT('',(5.6767507486,-0.853054350217));
#4406 = CARTESIAN_POINT('',(5.688818907088,-0.876203206849));
#4407 = CARTESIAN_POINT('',(5.701892082001,-0.899475873545));
#4408 = CARTESIAN_POINT('',(5.716118270862,-0.922864325385));
#4409 = CARTESIAN_POINT('',(5.731689084448,-0.94635186556));
#4410 = CARTESIAN_POINT('',(5.762188961132,-0.988195168556));
#4411 = CARTESIAN_POINT('',(5.776479364918,-1.006519630624));
#4412 = CARTESIAN_POINT('',(5.791852282736,-1.024870489514));
#4413 = CARTESIAN_POINT('',(5.808449341138,-1.043227531731));
#4414 = CARTESIAN_POINT('',(5.826439547349,-1.061560406893));
#4415 = CARTESIAN_POINT('',(5.846025833621,-1.079826483353));
#4416 = CARTESIAN_POINT('',(5.86745160158,-1.09796870381));
#4417 = CARTESIAN_POINT('',(5.922315715642,-1.139764259338));
#4418 = CARTESIAN_POINT('',(5.957446849991,-1.163311980249));
#4419 = CARTESIAN_POINT('',(5.997041582606,-1.186333974032));
#4420 = CARTESIAN_POINT('',(6.041825138345,-1.208530087545));
#4421 = CARTESIAN_POINT('',(6.092525365588,-1.229540394039));
#4422 = CARTESIAN_POINT('',(6.149825295355,-1.248942024367));
#4423 = CARTESIAN_POINT('',(6.213682672813,-1.266435721809));
#4424 = CARTESIAN_POINT('',(6.28318530718,-1.281883322169));
#4425 = ( GEOMETRIC_REPRESENTATION_CONTEXT(2) 
PARAMETRIC_REPRESENTATION_CONTEXT() REPRESENTATION_CONTEXT('2D SPACE',''
  ) );
#4426 = PCURVE('',#643,#4427);
#4427 = DEFINITIONAL_REPRESENTATION('',(#4428),#4473);
#4428 = B_SPLINE_CURVE_WITH_KNOTS('',8,(#4429,#4430,#4431,#4432,#4433,
    #4434,#4435,#4436,#4437,#4438,#4439,#4440,#4441,#4442,#4443,#4444,
    #4445,#4446,#4447,#4448,#4449,#4450,#4451,#4452,#4453,#4454,#4455,
    #4456,#4457,#4458,#4459,#4460,#4461,#4462,#4463,#4464,#4465,#4466,
    #4467,#4468,#4469,#4470,#4471,#4472),.UNSPECIFIED.,.F.,.F.,(9,7,7,7,
    7,7,9),(0.,0.144946575179,0.297154879683,0.462234769464,
    0.653751955167,0.802412023573,1.),.UNSPECIFIED.);
#4429 = CARTESIAN_POINT('',(5.811511082032,-2.500001));
#4430 = CARTESIAN_POINT('',(5.809254590834,-2.45256848314));
#4431 = CARTESIAN_POINT('',(5.806869744086,-2.405332792981));
#4432 = CARTESIAN_POINT('',(5.804356001574,-2.358310095438));
#4433 = CARTESIAN_POINT('',(5.801712809756,-2.311517247362));
#4434 = CARTESIAN_POINT('',(5.798939601757,-2.264971796549));
#4435 = CARTESIAN_POINT('',(5.796035797377,-2.21869198173));
#4436 = CARTESIAN_POINT('',(5.793000803083,-2.172696732579));
#4437 = CARTESIAN_POINT('',(5.78650856677,-2.079025514245));
#4438 = CARTESIAN_POINT('',(5.783037814245,-2.031381156519));
#4439 = CARTESIAN_POINT('',(5.779421047012,-1.984095211363));
#4440 = CARTESIAN_POINT('',(5.775657575969,-1.937191648296));
#4441 = CARTESIAN_POINT('',(5.771746738281,-1.890695777532));
#4442 = CARTESIAN_POINT('',(5.767687905317,-1.844634236001));
#4443 = CARTESIAN_POINT('',(5.763480490601,-1.799034973367));
#4444 = CARTESIAN_POINT('',(5.754399012109,-1.705004940413));
#4445 = CARTESIAN_POINT('',(5.749498741203,-1.656661663361));
#4446 = CARTESIAN_POINT('',(5.744422440322,-1.60893434799));
#4447 = CARTESIAN_POINT('',(5.7391695733,-1.561862952753));
#4448 = CARTESIAN_POINT('',(5.733739822375,-1.515490320605));
#4449 = CARTESIAN_POINT('',(5.728133138047,-1.46986204616));
#4450 = CARTESIAN_POINT('',(5.722349788944,-1.425026342842));
#4451 = CARTESIAN_POINT('',(5.709476649127,-1.329996155322));
#4452 = CARTESIAN_POINT('',(5.70232649376,-1.280097263102));
#4453 = CARTESIAN_POINT('',(5.694940614747,-1.231413339609));
#4454 = CARTESIAN_POINT('',(5.687321046114,-1.18403038898));
#4455 = CARTESIAN_POINT('',(5.679471429534,-1.138043135921));
#4456 = CARTESIAN_POINT('',(5.671397433716,-1.093553495546));
#4457 = CARTESIAN_POINT('',(5.663107350419,-1.050668690363));
#4458 = CARTESIAN_POINT('',(5.648019252683,-0.977542159907));
#4459 = CARTESIAN_POINT('',(5.641303763603,-0.946625160964));
#4460 = CARTESIAN_POINT('',(5.634471352182,-0.916795067632));
#4461 = CARTESIAN_POINT('',(5.627529487956,-0.888108469137));
#4462 = CARTESIAN_POINT('',(5.620488770941,-0.860627798834));
#4463 = CARTESIAN_POINT('',(5.613363544922,-0.834417639144));
#4464 = CARTESIAN_POINT('',(5.606172510735,-0.809541026494));
#4465 = CARTESIAN_POINT('',(5.58932554296,-0.7548408707));
#4466 = CARTESIAN_POINT('',(5.579618824443,-0.726023306138));
#4467 = CARTESIAN_POINT('',(5.569893372413,-0.699816489415));
#4468 = CARTESIAN_POINT('',(5.56025095825,-0.676416509136));
#4469 = CARTESIAN_POINT('',(5.550817248053,-0.655955428307));
#4470 = CARTESIAN_POINT('',(5.54174220228,-0.638417331675));
#4471 = CARTESIAN_POINT('',(5.533153385894,-0.623615116702));
#4472 = CARTESIAN_POINT('',(5.525144541753,-0.611271872759));
#4473 = ( GEOMETRIC_REPRESENTATION_CONTEXT(2) 
PARAMETRIC_REPRESENTATION_CONTEXT() REPRESENTATION_CONTEXT('2D SPACE',''
  ) );
#4474 = ADVANCED_FACE('',(#4475),#2410,.T.);
#4475 = FACE_BOUND('',#4476,.T.);
#4476 = EDGE_LOOP('',(#4477,#4842,#4864,#4865));
#4477 = ORIENTED_EDGE('',*,*,#4478,.T.);
#4478 = EDGE_CURVE('',#1298,#4479,#4481,.T.);
#4479 = VERTEX_POINT('',#4480);
#4480 = CARTESIAN_POINT('',(2.941403032932,7.439633606426,2.5));
#4481 = SURFACE_CURVE('',#4482,(#4600,#4721),.PCURVE_S1.);
#4482 = B_SPLINE_CURVE_WITH_KNOTS('',6,(#4483,#4484,#4485,#4486,#4487,
    #4488,#4489,#4490,#4491,#4492,#4493,#4494,#4495,#4496,#4497,#4498,
    #4499,#4500,#4501,#4502,#4503,#4504,#4505,#4506,#4507,#4508,#4509,
    #4510,#4511,#4512,#4513,#4514,#4515,#4516,#4517,#4518,#4519,#4520,
    #4521,#4522,#4523,#4524,#4525,#4526,#4527,#4528,#4529,#4530,#4531,
    #4532,#4533,#4534,#4535,#4536,#4537,#4538,#4539,#4540,#4541,#4542,
    #4543,#4544,#4545,#4546,#4547,#4548,#4549,#4550,#4551,#4552,#4553,
    #4554,#4555,#4556,#4557,#4558,#4559,#4560,#4561,#4562,#4563,#4564,
    #4565,#4566,#4567,#4568,#4569,#4570,#4571,#4572,#4573,#4574,#4575,
    #4576,#4577,#4578,#4579,#4580,#4581,#4582,#4583,#4584,#4585,#4586,
    #4587,#4588,#4589,#4590,#4591,#4592,#4593,#4594,#4595,#4596,#4597,
    #4598,#4599),.UNSPECIFIED.,.F.,.F.,(7,5,5,5,5,5,5,5,5,5,5,5,5,5,5,5,
    5,5,5,5,5,5,5,7),(0.,7.030385349682E-02,0.120675869367,
    0.157970423778,0.185055144646,0.250035312129,0.326198177799,
    0.357739732678,0.400423544876,0.45901163775,0.498558335297,
    0.507436590672,0.538788843578,0.596420630918,0.638400997191,
    0.669418384697,0.744298554005,0.819178723313,0.850196110819,
    0.892176477092,0.949808264432,0.974778845095,0.986337165922,1.),
  .UNSPECIFIED.);
#4483 = CARTESIAN_POINT('',(7.828427124746,5.5,2.5));
#4484 = CARTESIAN_POINT('',(7.828427124746,5.364282713751,2.5));
#4485 = CARTESIAN_POINT('',(7.820612240904,5.227864861758,2.5));
#4486 = CARTESIAN_POINT('',(7.804832587142,5.091414579158,2.5));
#4487 = CARTESIAN_POINT('',(7.781027396785,4.955599300673,2.5));
#4488 = CARTESIAN_POINT('',(7.749221666837,4.821083825756,2.5));
#4489 = CARTESIAN_POINT('',(7.681078958348,4.593553720254,2.5));
#4490 = CARTESIAN_POINT('',(7.648582373819,4.499582658515,2.5));
#4491 = CARTESIAN_POINT('',(7.612072591008,4.406856533534,2.5));
#4492 = CARTESIAN_POINT('',(7.571608996601,4.315610215115,2.5));
#4493 = CARTESIAN_POINT('',(7.527270821644,4.226072107869,2.5));
#4494 = CARTESIAN_POINT('',(7.44353461921,4.073600761297,2.5));
#4495 = CARTESIAN_POINT('',(7.405842188325,4.009794914377,2.5));
#4496 = CARTESIAN_POINT('',(7.366119889167,3.947136384562,2.5));
#4497 = CARTESIAN_POINT('',(7.324412995382,3.885711927784,2.5));
#4498 = CARTESIAN_POINT('',(7.280772013987,3.825605281802,2.5));
#4499 = CARTESIAN_POINT('',(7.202194821322,3.724261104476,2.5));
#4500 = CARTESIAN_POINT('',(7.16814620238,3.682362567167,2.5));
#4501 = CARTESIAN_POINT('',(7.133128138082,3.641232419053,2.5));
#4502 = CARTESIAN_POINT('',(7.09716322531,3.600900492007,2.5));
#4503 = CARTESIAN_POINT('',(7.060275348292,3.561395584989,2.5));
#4504 = CARTESIAN_POINT('',(6.931836385298,3.430018227009,2.5));
#4505 = CARTESIAN_POINT('',(6.836013671522,3.342209418337,2.5));
#4506 = CARTESIAN_POINT('',(6.735372095295,3.259705087059,2.5));
#4507 = CARTESIAN_POINT('',(6.630296712761,3.182849517184,2.5));
#4508 = CARTESIAN_POINT('',(6.521206361599,3.111944866806,2.5));
#4509 = CARTESIAN_POINT('',(6.276512547941,2.971423286888,2.5));
#4510 = CARTESIAN_POINT('',(6.139570057539,2.904124020438,2.5));
#4511 = CARTESIAN_POINT('',(5.998456175872,2.845771483107,2.5));
#4512 = CARTESIAN_POINT('',(5.853937351657,2.796688968903,2.5));
#4513 = CARTESIAN_POINT('',(5.706814016613,2.757103491786,2.5));
#4514 = CARTESIAN_POINT('',(5.496256411224,2.714737757559,2.5));
#4515 = CARTESIAN_POINT('',(5.434289237813,2.70398161324,2.5));
#4516 = CARTESIAN_POINT('',(5.37207585734,2.694885291925,2.5));
#4517 = CARTESIAN_POINT('',(5.309675080364,2.687454784671,2.5));
#4518 = CARTESIAN_POINT('',(5.247145972832,2.681693035571,2.5));
#4519 = CARTESIAN_POINT('',(5.099836551604,2.672060936185,2.5));
#4520 = CARTESIAN_POINT('',(5.014998421534,2.669577699231,2.5));
#4521 = CARTESIAN_POINT('',(4.930180824503,2.670149998298,2.5));
#4522 = CARTESIAN_POINT('',(4.84553014522,2.673767128046,2.5));
#4523 = CARTESIAN_POINT('',(4.761191794474,2.680407910378,2.5));
#4524 = CARTESIAN_POINT('',(4.562173770766,2.703262719813,2.5));
#4525 = CARTESIAN_POINT('',(4.447895554962,2.72212196202,2.5));
#4526 = CARTESIAN_POINT('',(4.334851121015,2.746536401174,2.5));
#4527 = CARTESIAN_POINT('',(4.223403146157,2.776386799772,2.5));
#4528 = CARTESIAN_POINT('',(4.113901425562,2.811516702704,2.5));
#4529 = CARTESIAN_POINT('',(3.934310834134,2.878877876077,2.5));
#4530 = CARTESIAN_POINT('',(3.862978131955,2.908340692184,2.5));
#4531 = CARTESIAN_POINT('',(3.792787909524,2.940061343619,2.5));
#4532 = CARTESIAN_POINT('',(3.723838628096,2.973972843861,2.5));
#4533 = CARTESIAN_POINT('',(3.656224066464,3.010000761827,2.5));
#4534 = CARTESIAN_POINT('',(3.575173462137,3.056608265101,2.5));
#4535 = CARTESIAN_POINT('',(3.560328071744,3.065288618133,2.5));
#4536 = CARTESIAN_POINT('',(3.545485270743,3.074113377111,2.5));
#4537 = CARTESIAN_POINT('',(3.530640822087,3.083087223574,2.5));
#4538 = CARTESIAN_POINT('',(3.515798130717,3.092210424445,2.5));
#4539 = CARTESIAN_POINT('',(3.448598678451,3.134208850103,2.5));
#4540 = CARTESIAN_POINT('',(3.396972973881,3.168382076628,2.5));
#4541 = CARTESIAN_POINT('',(3.346150451915,3.203976907949,2.5));
#4542 = CARTESIAN_POINT('',(3.296188642503,3.240968512386,2.5));
#4543 = CARTESIAN_POINT('',(3.247143283479,3.27932883023,2.5));
#4544 = CARTESIAN_POINT('',(3.110696807113,3.391999062191,2.5));
#4545 = CARTESIAN_POINT('',(3.025603113297,3.469492048314,2.5));
#4546 = CARTESIAN_POINT('',(2.944123596093,3.551309381373,2.5));
#4547 = CARTESIAN_POINT('',(2.86656869904,3.63722513853,2.5));
#4548 = CARTESIAN_POINT('',(2.793222952241,3.726983624861,2.5));
#4549 = CARTESIAN_POINT('',(2.674172611633,3.88827278666,2.5));
#4550 = CARTESIAN_POINT('',(2.626370168041,3.958134733222,2.5));
#4551 = CARTESIAN_POINT('',(2.58103714726,4.029775530667,2.5));
#4552 = CARTESIAN_POINT('',(2.538264442792,4.103079426949,2.5));
#4553 = CARTESIAN_POINT('',(2.498134335966,4.17792460034,2.5));
#4554 = CARTESIAN_POINT('',(2.433077107434,4.310527148021,2.5));
#4555 = CARTESIAN_POINT('',(2.406916444542,4.367642937605,2.5));
#4556 = CARTESIAN_POINT('',(2.382268159236,4.42547906992,2.5));
#4557 = CARTESIAN_POINT('',(2.359159130204,4.483982789603,2.5));
#4558 = CARTESIAN_POINT('',(2.33761346285,4.543100044204,2.5));
#4559 = CARTESIAN_POINT('',(2.269463998903,4.746840068858,2.5));
#4560 = CARTESIAN_POINT('',(2.230509887636,4.894162947677,2.5));
#4561 = CARTESIAN_POINT('',(2.201092326013,5.04395703185,2.5));
#4562 = CARTESIAN_POINT('',(2.181412939075,5.195414693341,2.5));
#4563 = CARTESIAN_POINT('',(2.171572875254,5.34770984155,2.5));
#4564 = CARTESIAN_POINT('',(2.171572875254,5.652290158449,2.5));
#4565 = CARTESIAN_POINT('',(2.181412939075,5.804585306658,2.5));
#4566 = CARTESIAN_POINT('',(2.201092326013,5.95604296815,2.5));
#4567 = CARTESIAN_POINT('',(2.230509887635,6.105837052323,2.5));
#4568 = CARTESIAN_POINT('',(2.269463998903,6.253159931141,2.5));
#4569 = CARTESIAN_POINT('',(2.33761346285,6.456899955796,2.5));
#4570 = CARTESIAN_POINT('',(2.359159130203,6.516017210396,2.5));
#4571 = CARTESIAN_POINT('',(2.382268159235,6.57452093008,2.5));
#4572 = CARTESIAN_POINT('',(2.406916444542,6.632357062394,2.5));
#4573 = CARTESIAN_POINT('',(2.433077107433,6.689472851979,2.5));
#4574 = CARTESIAN_POINT('',(2.498134335965,6.822075399659,2.5));
#4575 = CARTESIAN_POINT('',(2.538264442791,6.896920573051,2.5));
#4576 = CARTESIAN_POINT('',(2.58103714726,6.970224469332,2.5));
#4577 = CARTESIAN_POINT('',(2.626370168041,7.041865266778,2.5));
#4578 = CARTESIAN_POINT('',(2.674172611633,7.111727213339,2.5));
#4579 = CARTESIAN_POINT('',(2.79322295224,7.273016375139,2.5));
#4580 = CARTESIAN_POINT('',(2.86656869904,7.362774861469,2.5));
#4581 = CARTESIAN_POINT('',(2.944123596093,7.448690618626,2.5));
#4582 = CARTESIAN_POINT('',(3.025603113297,7.530507951685,2.5));
#4583 = CARTESIAN_POINT('',(3.110696807112,7.608000937809,2.5));
#4584 = CARTESIAN_POINT('',(3.237357745662,7.712590793896,2.5));
#4585 = CARTESIAN_POINT('',(3.276262708344,7.743359762894,2.5));
#4586 = CARTESIAN_POINT('',(3.315755978653,7.773264554045,2.5));
#4587 = CARTESIAN_POINT('',(3.355809589271,7.802290668088,2.5));
#4588 = CARTESIAN_POINT('',(3.396394835516,7.83042488569,2.5));
#4589 = CARTESIAN_POINT('',(3.456500728204,7.870259599432,2.5));
#4590 = CARTESIAN_POINT('',(3.475542341574,7.882614317939,2.5));
#4591 = CARTESIAN_POINT('',(3.494602358823,7.894721443004,2.5));
#4592 = CARTESIAN_POINT('',(3.513676172271,7.906583100551,2.5));
#4593 = CARTESIAN_POINT('',(3.532759323175,7.918201522388,2.5));
#4594 = CARTESIAN_POINT('',(3.57441121324,7.943028164167,2.5));
#4595 = CARTESIAN_POINT('',(3.593074659152,7.953808941485,2.5));
#4596 = CARTESIAN_POINT('',(3.613800577573,7.965715066104,2.5));
#4597 = CARTESIAN_POINT('',(3.638127860365,7.979240420466,2.5));
#4598 = CARTESIAN_POINT('',(3.6622799222,7.992145070065,2.5));
#4599 = CARTESIAN_POINT('',(3.677124344468,8.,2.5));
#4600 = PCURVE('',#2410,#4601);
#4601 = DEFINITIONAL_REPRESENTATION('',(#4602),#4720);
#4602 = B_SPLINE_CURVE_WITH_KNOTS('',6,(#4603,#4604,#4605,#4606,#4607,
    #4608,#4609,#4610,#4611,#4612,#4613,#4614,#4615,#4616,#4617,#4618,
    #4619,#4620,#4621,#4622,#4623,#4624,#4625,#4626,#4627,#4628,#4629,
    #4630,#4631,#4632,#4633,#4634,#4635,#4636,#4637,#4638,#4639,#4640,
    #4641,#4642,#4643,#4644,#4645,#4646,#4647,#4648,#4649,#4650,#4651,
    #4652,#4653,#4654,#4655,#4656,#4657,#4658,#4659,#4660,#4661,#4662,
    #4663,#4664,#4665,#4666,#4667,#4668,#4669,#4670,#4671,#4672,#4673,
    #4674,#4675,#4676,#4677,#4678,#4679,#4680,#4681,#4682,#4683,#4684,
    #4685,#4686,#4687,#4688,#4689,#4690,#4691,#4692,#4693,#4694,#4695,
    #4696,#4697,#4698,#4699,#4700,#4701,#4702,#4703,#4704,#4705,#4706,
    #4707,#4708,#4709,#4710,#4711,#4712,#4713,#4714,#4715,#4716,#4717,
    #4718,#4719),.UNSPECIFIED.,.F.,.F.,(7,5,5,5,5,5,5,5,5,5,5,5,5,5,5,5,
    5,5,5,5,5,5,5,7),(0.,7.030385349682E-02,0.120675869367,
    0.157970423778,0.185055144646,0.250035312129,0.326198177799,
    0.357739732678,0.400423544876,0.45901163775,0.498558335297,
    0.507436590672,0.538788843578,0.596420630918,0.638400997191,
    0.669418384697,0.744298554005,0.819178723313,0.850196110819,
    0.892176477092,0.949808264432,0.974778845095,0.986337165922,1.),
  .UNSPECIFIED.);
#4603 = CARTESIAN_POINT('',(7.828427124746,5.5));
#4604 = CARTESIAN_POINT('',(7.828427124746,5.364282713751));
#4605 = CARTESIAN_POINT('',(7.820612240904,5.227864861758));
#4606 = CARTESIAN_POINT('',(7.804832587142,5.091414579158));
#4607 = CARTESIAN_POINT('',(7.781027396785,4.955599300673));
#4608 = CARTESIAN_POINT('',(7.749221666837,4.821083825756));
#4609 = CARTESIAN_POINT('',(7.681078958348,4.593553720254));
#4610 = CARTESIAN_POINT('',(7.648582373819,4.499582658515));
#4611 = CARTESIAN_POINT('',(7.612072591008,4.406856533534));
#4612 = CARTESIAN_POINT('',(7.571608996601,4.315610215115));
#4613 = CARTESIAN_POINT('',(7.527270821644,4.226072107869));
#4614 = CARTESIAN_POINT('',(7.44353461921,4.073600761297));
#4615 = CARTESIAN_POINT('',(7.405842188325,4.009794914377));
#4616 = CARTESIAN_POINT('',(7.366119889167,3.947136384562));
#4617 = CARTESIAN_POINT('',(7.324412995382,3.885711927784));
#4618 = CARTESIAN_POINT('',(7.280772013987,3.825605281802));
#4619 = CARTESIAN_POINT('',(7.202194821322,3.724261104476));
#4620 = CARTESIAN_POINT('',(7.16814620238,3.682362567167));
#4621 = CARTESIAN_POINT('',(7.133128138082,3.641232419053));
#4622 = CARTESIAN_POINT('',(7.09716322531,3.600900492007));
#4623 = CARTESIAN_POINT('',(7.060275348292,3.561395584989));
#4624 = CARTESIAN_POINT('',(6.931836385298,3.430018227009));
#4625 = CARTESIAN_POINT('',(6.836013671522,3.342209418337));
#4626 = CARTESIAN_POINT('',(6.735372095295,3.259705087059));
#4627 = CARTESIAN_POINT('',(6.630296712761,3.182849517184));
#4628 = CARTESIAN_POINT('',(6.521206361599,3.111944866806));
#4629 = CARTESIAN_POINT('',(6.276512547941,2.971423286888));
#4630 = CARTESIAN_POINT('',(6.139570057539,2.904124020438));
#4631 = CARTESIAN_POINT('',(5.998456175872,2.845771483107));
#4632 = CARTESIAN_POINT('',(5.853937351657,2.796688968903));
#4633 = CARTESIAN_POINT('',(5.706814016613,2.757103491786));
#4634 = CARTESIAN_POINT('',(5.496256411224,2.714737757559));
#4635 = CARTESIAN_POINT('',(5.434289237813,2.70398161324));
#4636 = CARTESIAN_POINT('',(5.37207585734,2.694885291925));
#4637 = CARTESIAN_POINT('',(5.309675080364,2.687454784671));
#4638 = CARTESIAN_POINT('',(5.247145972832,2.681693035571));
#4639 = CARTESIAN_POINT('',(5.099836551604,2.672060936185));
#4640 = CARTESIAN_POINT('',(5.014998421534,2.669577699231));
#4641 = CARTESIAN_POINT('',(4.930180824503,2.670149998298));
#4642 = CARTESIAN_POINT('',(4.84553014522,2.673767128046));
#4643 = CARTESIAN_POINT('',(4.761191794474,2.680407910378));
#4644 = CARTESIAN_POINT('',(4.562173770766,2.703262719813));
#4645 = CARTESIAN_POINT('',(4.447895554962,2.72212196202));
#4646 = CARTESIAN_POINT('',(4.334851121015,2.746536401174));
#4647 = CARTESIAN_POINT('',(4.223403146157,2.776386799772));
#4648 = CARTESIAN_POINT('',(4.113901425562,2.811516702704));
#4649 = CARTESIAN_POINT('',(3.934310834134,2.878877876077));
#4650 = CARTESIAN_POINT('',(3.862978131955,2.908340692184));
#4651 = CARTESIAN_POINT('',(3.792787909524,2.940061343619));
#4652 = CARTESIAN_POINT('',(3.723838628096,2.973972843861));
#4653 = CARTESIAN_POINT('',(3.656224066464,3.010000761827));
#4654 = CARTESIAN_POINT('',(3.575173462137,3.056608265101));
#4655 = CARTESIAN_POINT('',(3.560328071744,3.065288618133));
#4656 = CARTESIAN_POINT('',(3.545485270743,3.074113377111));
#4657 = CARTESIAN_POINT('',(3.530640822087,3.083087223574));
#4658 = CARTESIAN_POINT('',(3.515798130717,3.092210424445));
#4659 = CARTESIAN_POINT('',(3.448598678451,3.134208850103));
#4660 = CARTESIAN_POINT('',(3.396972973881,3.168382076628));
#4661 = CARTESIAN_POINT('',(3.346150451915,3.203976907949));
#4662 = CARTESIAN_POINT('',(3.296188642503,3.240968512386));
#4663 = CARTESIAN_POINT('',(3.247143283479,3.27932883023));
#4664 = CARTESIAN_POINT('',(3.110696807113,3.391999062191));
#4665 = CARTESIAN_POINT('',(3.025603113297,3.469492048314));
#4666 = CARTESIAN_POINT('',(2.944123596093,3.551309381373));
#4667 = CARTESIAN_POINT('',(2.86656869904,3.63722513853));
#4668 = CARTESIAN_POINT('',(2.793222952241,3.726983624861));
#4669 = CARTESIAN_POINT('',(2.674172611633,3.88827278666));
#4670 = CARTESIAN_POINT('',(2.626370168041,3.958134733222));
#4671 = CARTESIAN_POINT('',(2.58103714726,4.029775530667));
#4672 = CARTESIAN_POINT('',(2.538264442792,4.103079426949));
#4673 = CARTESIAN_POINT('',(2.498134335966,4.17792460034));
#4674 = CARTESIAN_POINT('',(2.433077107434,4.310527148021));
#4675 = CARTESIAN_POINT('',(2.406916444542,4.367642937605));
#4676 = CARTESIAN_POINT('',(2.382268159236,4.42547906992));
#4677 = CARTESIAN_POINT('',(2.359159130204,4.483982789603));
#4678 = CARTESIAN_POINT('',(2.33761346285,4.543100044204));
#4679 = CARTESIAN_POINT('',(2.269463998903,4.746840068858));
#4680 = CARTESIAN_POINT('',(2.230509887636,4.894162947677));
#4681 = CARTESIAN_POINT('',(2.201092326013,5.04395703185));
#4682 = CARTESIAN_POINT('',(2.181412939075,5.195414693341));
#4683 = CARTESIAN_POINT('',(2.171572875254,5.34770984155));
#4684 = CARTESIAN_POINT('',(2.171572875254,5.652290158449));
#4685 = CARTESIAN_POINT('',(2.181412939075,5.804585306658));
#4686 = CARTESIAN_POINT('',(2.201092326013,5.95604296815));
#4687 = CARTESIAN_POINT('',(2.230509887635,6.105837052323));
#4688 = CARTESIAN_POINT('',(2.269463998903,6.253159931141));
#4689 = CARTESIAN_POINT('',(2.33761346285,6.456899955796));
#4690 = CARTESIAN_POINT('',(2.359159130203,6.516017210396));
#4691 = CARTESIAN_POINT('',(2.382268159235,6.57452093008));
#4692 = CARTESIAN_POINT('',(2.406916444542,6.632357062394));
#4693 = CARTESIAN_POINT('',(2.433077107433,6.689472851979));
#4694 = CARTESIAN_POINT('',(2.498134335965,6.822075399659));
#4695 = CARTESIAN_POINT('',(2.538264442791,6.896920573051));
#4696 = CARTESIAN_POINT('',(2.58103714726,6.970224469332));
#4697 = CARTESIAN_POINT('',(2.626370168041,7.041865266778));
#4698 = CARTESIAN_POINT('',(2.674172611633,7.111727213339));
#4699 = CARTESIAN_POINT('',(2.79322295224,7.273016375139));
#4700 = CARTESIAN_POINT('',(2.86656869904,7.362774861469));
#4701 = CARTESIAN_POINT('',(2.944123596093,7.448690618626));
#4702 = CARTESIAN_POINT('',(3.025603113297,7.530507951685));
#4703 = CARTESIAN_POINT('',(3.110696807112,7.608000937809));
#4704 = CARTESIAN_POINT('',(3.237357745662,7.712590793896));
#4705 = CARTESIAN_POINT('',(3.276262708344,7.743359762894));
#4706 = CARTESIAN_POINT('',(3.315755978653,7.773264554045));
#4707 = CARTESIAN_POINT('',(3.355809589271,7.802290668088));
#4708 = CARTESIAN_POINT('',(3.396394835516,7.83042488569));
#4709 = CARTESIAN_POINT('',(3.456500728204,7.870259599432));
#4710 = CARTESIAN_POINT('',(3.475542341574,7.882614317939));
#4711 = CARTESIAN_POINT('',(3.494602358823,7.894721443004));
#4712 = CARTESIAN_POINT('',(3.513676172271,7.906583100551));
#4713 = CARTESIAN_POINT('',(3.532759323175,7.918201522388));
#4714 = CARTESIAN_POINT('',(3.57441121324,7.943028164167));
#4715 = CARTESIAN_POINT('',(3.593074659152,7.953808941485));
#4716 = CARTESIAN_POINT('',(3.613800577573,7.965715066104));
#4717 = CARTESIAN_POINT('',(3.638127860365,7.979240420466));
#4718 = CARTESIAN_POINT('',(3.6622799222,7.992145070065));
#4719 = CARTESIAN_POINT('',(3.677124344468,8.));
#4720 = ( GEOMETRIC_REPRESENTATION_CONTEXT(2) 
PARAMETRIC_REPRESENTATION_CONTEXT() REPRESENTATION_CONTEXT('2D SPACE',''
  ) );
#4721 = PCURVE('',#1773,#4722);
#4722 = DEFINITIONAL_REPRESENTATION('',(#4723),#4841);
#4723 = B_SPLINE_CURVE_WITH_KNOTS('',6,(#4724,#4725,#4726,#4727,#4728,
    #4729,#4730,#4731,#4732,#4733,#4734,#4735,#4736,#4737,#4738,#4739,
    #4740,#4741,#4742,#4743,#4744,#4745,#4746,#4747,#4748,#4749,#4750,
    #4751,#4752,#4753,#4754,#4755,#4756,#4757,#4758,#4759,#4760,#4761,
    #4762,#4763,#4764,#4765,#4766,#4767,#4768,#4769,#4770,#4771,#4772,
    #4773,#4774,#4775,#4776,#4777,#4778,#4779,#4780,#4781,#4782,#4783,
    #4784,#4785,#4786,#4787,#4788,#4789,#4790,#4791,#4792,#4793,#4794,
    #4795,#4796,#4797,#4798,#4799,#4800,#4801,#4802,#4803,#4804,#4805,
    #4806,#4807,#4808,#4809,#4810,#4811,#4812,#4813,#4814,#4815,#4816,
    #4817,#4818,#4819,#4820,#4821,#4822,#4823,#4824,#4825,#4826,#4827,
    #4828,#4829,#4830,#4831,#4832,#4833,#4834,#4835,#4836,#4837,#4838,
    #4839,#4840),.UNSPECIFIED.,.F.,.F.,(7,5,5,5,5,5,5,5,5,5,5,5,5,5,5,5,
    5,5,5,5,5,5,5,7),(0.,7.030385349682E-02,0.120675869367,
    0.157970423778,0.185055144646,0.250035312129,0.326198177799,
    0.357739732678,0.400423544876,0.45901163775,0.498558335297,
    0.507436590672,0.538788843578,0.596420630918,0.638400997191,
    0.669418384697,0.744298554005,0.819178723313,0.850196110819,
    0.892176477092,0.949808264432,0.974778845095,0.986337165922,1.),
  .UNSPECIFIED.);
#4724 = CARTESIAN_POINT('',(6.28318530718,-0.355849644472));
#4725 = CARTESIAN_POINT('',(6.225163913037,-0.355849644472));
#4726 = CARTESIAN_POINT('',(6.168771984718,-0.355849644472));
#4727 = CARTESIAN_POINT('',(6.113850972762,-0.355849644472));
#4728 = CARTESIAN_POINT('',(6.06024951418,-0.355849644472));
#4729 = CARTESIAN_POINT('',(6.007827421402,-0.355849644472));
#4730 = CARTESIAN_POINT('',(5.919655186113,-0.355849644472));
#4731 = CARTESIAN_POINT('',(5.883391008213,-0.355849644472));
#4732 = CARTESIAN_POINT('',(5.847620144653,-0.355849644472));
#4733 = CARTESIAN_POINT('',(5.812297859865,-0.355849644472));
#4734 = CARTESIAN_POINT('',(5.777381675567,-0.355849644472));
#4735 = CARTESIAN_POINT('',(5.717250932889,-0.355849644472));
#4736 = CARTESIAN_POINT('',(5.691870931403,-0.355849644472));
#4737 = CARTESIAN_POINT('',(5.666674987701,-0.355849644472));
#4738 = CARTESIAN_POINT('',(5.64164720359,-0.355849644472));
#4739 = CARTESIAN_POINT('',(5.61677216128,-0.355849644472));
#4740 = CARTESIAN_POINT('',(5.574069802372,-0.355849644472));
#4741 = CARTESIAN_POINT('',(5.556177337198,-0.355849644472));
#4742 = CARTESIAN_POINT('',(5.538351794771,-0.355849644472));
#4743 = CARTESIAN_POINT('',(5.520587535341,-0.355849644472));
#4744 = CARTESIAN_POINT('',(5.502879012496,-0.355849644472));
#4745 = CARTESIAN_POINT('',(5.442856099942,-0.355849644472));
#4746 = CARTESIAN_POINT('',(5.400780080025,-0.355849644472));
#4747 = CARTESIAN_POINT('',(5.358918849009,-0.355849644472));
#4748 = CARTESIAN_POINT('',(5.317198610408,-0.355849644472));
#4749 = CARTESIAN_POINT('',(5.275546818452,-0.355849644472));
#4750 = CARTESIAN_POINT('',(5.185071592384,-0.355849644472));
#4751 = CARTESIAN_POINT('',(5.136244904347,-0.355849644472));
#4752 = CARTESIAN_POINT('',(5.087301325133,-0.355849644472));
#4753 = CARTESIAN_POINT('',(5.038123470838,-0.355849644472));
#4754 = CARTESIAN_POINT('',(4.988591097188,-0.355849644472));
#4755 = CARTESIAN_POINT('',(4.917873918682,-0.355849644472));
#4756 = CARTESIAN_POINT('',(4.897082417974,-0.355849644472));
#4757 = CARTESIAN_POINT('',(4.876200363423,-0.355849644472));
#4758 = CARTESIAN_POINT('',(4.855218764302,-0.355849644472));
#4759 = CARTESIAN_POINT('',(4.834128425055,-0.355849644472));
#4760 = CARTESIAN_POINT('',(4.784219433536,-0.355849644472));
#4761 = CARTESIAN_POINT('',(4.755302473151,-0.355849644472));
#4762 = CARTESIAN_POINT('',(4.726145826704,-0.355849644472));
#4763 = CARTESIAN_POINT('',(4.69672528076,-0.355849644472));
#4764 = CARTESIAN_POINT('',(4.667015645896,-0.355849644472));
#4765 = CARTESIAN_POINT('',(4.595778388209,-0.355849644472));
#4766 = CARTESIAN_POINT('',(4.553971569786,-0.355849644472));
#4767 = CARTESIAN_POINT('',(4.511502915439,-0.355849644472));
#4768 = CARTESIAN_POINT('',(4.468300244655,-0.355849644472));
#4769 = CARTESIAN_POINT('',(4.424286582396,-0.355849644472));
#4770 = CARTESIAN_POINT('',(4.349068526608,-0.355849644472));
#4771 = CARTESIAN_POINT('',(4.318349970478,-0.355849644472));
#4772 = CARTESIAN_POINT('',(4.287199258687,-0.355849644472));
#4773 = CARTESIAN_POINT('',(4.25559000793,-0.355849644472));
#4774 = CARTESIAN_POINT('',(4.223494683619,-0.355849644472));
#4775 = CARTESIAN_POINT('',(4.183563618136,-0.355849644472));
#4776 = CARTESIAN_POINT('',(4.176226910569,-0.355849644472));
#4777 = CARTESIAN_POINT('',(4.168889447551,-0.355849644472));
#4778 = CARTESIAN_POINT('',(4.161558204332,-0.355849644472));
#4779 = CARTESIAN_POINT('',(4.154232161052,-0.355849644472));
#4780 = CARTESIAN_POINT('',(4.121017986294,-0.355849644472));
#4781 = CARTESIAN_POINT('',(4.095453384569,-0.355849644472));
#4782 = CARTESIAN_POINT('',(4.070193820726,-0.355849644472));
#4783 = CARTESIAN_POINT('',(4.045225102411,-0.355849644472));
#4784 = CARTESIAN_POINT('',(4.020533521753,-0.355849644472));
#4785 = CARTESIAN_POINT('',(3.951202859762,-0.355849644472));
#4786 = CARTESIAN_POINT('',(3.907191309818,-0.355849644472));
#4787 = CARTESIAN_POINT('',(3.86398939246,-0.355849644472));
#4788 = CARTESIAN_POINT('',(3.821520091454,-0.355849644472));
#4789 = CARTESIAN_POINT('',(3.779711187408,-0.355849644472));
#4790 = CARTESIAN_POINT('',(3.708472593159,-0.355849644472));
#4791 = CARTESIAN_POINT('',(3.678764297886,-0.355849644472));
#4792 = CARTESIAN_POINT('',(3.649344204302,-0.355849644472));
#4793 = CARTESIAN_POINT('',(3.620187118889,-0.355849644472));
#4794 = CARTESIAN_POINT('',(3.591268822262,-0.355849644472));
#4795 = CARTESIAN_POINT('',(3.541358907487,-0.355849644472));
#4796 = CARTESIAN_POINT('',(3.520269358983,-0.355849644472));
#4797 = CARTESIAN_POINT('',(3.499288024012,-0.355849644472));
#4798 = CARTESIAN_POINT('',(3.478405706876,-0.355849644472));
#4799 = CARTESIAN_POINT('',(3.457613415817,-0.355849644472));
#4800 = CARTESIAN_POINT('',(3.38690307991,-0.355849644472));
#4801 = CARTESIAN_POINT('',(3.337375564472,-0.355849644472));
#4802 = CARTESIAN_POINT('',(3.288199322906,-0.355849644472));
#4803 = CARTESIAN_POINT('',(3.239254130047,-0.355849644472));
#4804 = CARTESIAN_POINT('',(3.190422582804,-0.355849644472));
#4805 = CARTESIAN_POINT('',(3.092762724376,-0.355849644472));
#4806 = CARTESIAN_POINT('',(3.043931177133,-0.355849644472));
#4807 = CARTESIAN_POINT('',(2.994985984274,-0.355849644472));
#4808 = CARTESIAN_POINT('',(2.945809742707,-0.355849644472));
#4809 = CARTESIAN_POINT('',(2.89628222727,-0.355849644472));
#4810 = CARTESIAN_POINT('',(2.825571891362,-0.355849644472));
#4811 = CARTESIAN_POINT('',(2.804779600304,-0.355849644472));
#4812 = CARTESIAN_POINT('',(2.783897283167,-0.355849644472));
#4813 = CARTESIAN_POINT('',(2.762915948197,-0.355849644472));
#4814 = CARTESIAN_POINT('',(2.741826399693,-0.355849644472));
#4815 = CARTESIAN_POINT('',(2.691916484918,-0.355849644472));
#4816 = CARTESIAN_POINT('',(2.662998188291,-0.355849644472));
#4817 = CARTESIAN_POINT('',(2.633841102878,-0.355849644472));
#4818 = CARTESIAN_POINT('',(2.604421009294,-0.355849644472));
#4819 = CARTESIAN_POINT('',(2.574712714021,-0.355849644472));
#4820 = CARTESIAN_POINT('',(2.503474119772,-0.355849644472));
#4821 = CARTESIAN_POINT('',(2.461665215726,-0.355849644472));
#4822 = CARTESIAN_POINT('',(2.41919591472,-0.355849644472));
#4823 = CARTESIAN_POINT('',(2.375993997362,-0.355849644472));
#4824 = CARTESIAN_POINT('',(2.331982447418,-0.355849644472));
#4825 = CARTESIAN_POINT('',(2.267623975496,-0.355849644472));
#4826 = CARTESIAN_POINT('',(2.248001093358,-0.355849644472));
#4827 = CARTESIAN_POINT('',(2.228204122055,-0.355849644472));
#4828 = CARTESIAN_POINT('',(2.208226184325,-0.355849644472));
#4829 = CARTESIAN_POINT('',(2.188060208995,-0.355849644472));
#4830 = CARTESIAN_POINT('',(2.158274152798,-0.355849644472));
#4831 = CARTESIAN_POINT('',(2.14884937494,-0.355849644472));
#4832 = CARTESIAN_POINT('',(2.139424597149,-0.355849644472));
#4833 = CARTESIAN_POINT('',(2.129999819276,-0.355849644472));
#4834 = CARTESIAN_POINT('',(2.120575041277,-0.355849644472));
#4835 = CARTESIAN_POINT('',(2.100009442599,-0.355849644472));
#4836 = CARTESIAN_POINT('',(2.090794143179,-0.355849644472));
#4837 = CARTESIAN_POINT('',(2.080482700638,-0.355849644472));
#4838 = CARTESIAN_POINT('',(2.068783899909,-0.355849644472));
#4839 = CARTESIAN_POINT('',(2.057268194222,-0.355849644472));
#4840 = CARTESIAN_POINT('',(2.050236438292,-0.355849644472));
#4841 = ( GEOMETRIC_REPRESENTATION_CONTEXT(2) 
PARAMETRIC_REPRESENTATION_CONTEXT() REPRESENTATION_CONTEXT('2D SPACE',''
  ) );
#4842 = ORIENTED_EDGE('',*,*,#4843,.T.);
#4843 = EDGE_CURVE('',#4479,#3749,#4844,.T.);
#4844 = SURFACE_CURVE('',#4845,(#4850,#4857),.PCURVE_S1.);
#4845 = ELLIPSE('',#4846,8.,8.);
#4846 = AXIS2_PLACEMENT_3D('',#4847,#4848,#4849);
#4847 = CARTESIAN_POINT('',(0.,0.,2.5));
#4848 = DIRECTION('',(0.,0.,1.));
#4849 = DIRECTION('',(1.,0.,-0.));
#4850 = PCURVE('',#2410,#4851);
#4851 = DEFINITIONAL_REPRESENTATION('',(#4852),#4856);
#4852 = CIRCLE('',#4853,8.);
#4853 = AXIS2_PLACEMENT_2D('',#4854,#4855);
#4854 = CARTESIAN_POINT('',(5.127900497023E-16,-6.990076196319E-16));
#4855 = DIRECTION('',(1.,0.));
#4856 = ( GEOMETRIC_REPRESENTATION_CONTEXT(2) 
PARAMETRIC_REPRESENTATION_CONTEXT() REPRESENTATION_CONTEXT('2D SPACE',''
  ) );
#4857 = PCURVE('',#643,#4858);
#4858 = DEFINITIONAL_REPRESENTATION('',(#4859),#4863);
#4859 = LINE('',#4860,#4861);
#4860 = CARTESIAN_POINT('',(0.,-2.5));
#4861 = VECTOR('',#4862,1.);
#4862 = DIRECTION('',(1.,0.));
#4863 = ( GEOMETRIC_REPRESENTATION_CONTEXT(2) 
PARAMETRIC_REPRESENTATION_CONTEXT() REPRESENTATION_CONTEXT('2D SPACE',''
  ) );
#4864 = ORIENTED_EDGE('',*,*,#3966,.F.);
#4865 = ORIENTED_EDGE('',*,*,#2046,.T.);
#4866 = ADVANCED_FACE('',(#4867),#1773,.T.);
#4867 = FACE_BOUND('',#4868,.T.);
#4868 = EDGE_LOOP('',(#4869,#4900,#4901,#5117,#5118,#5119,#5484));
#4869 = ORIENTED_EDGE('',*,*,#4870,.T.);
#4870 = EDGE_CURVE('',#4871,#4873,#4875,.T.);
#4871 = VERTEX_POINT('',#4872);
#4872 = CARTESIAN_POINT('',(5.809475019311,5.5,0.611271872759));
#4873 = VERTEX_POINT('',#4874);
#4874 = CARTESIAN_POINT('',(5.,5.5,6.5));
#4875 = SEAM_CURVE('',#4876,(#4882,#4891),.PCURVE_S1.);
#4876 = ( BOUNDED_CURVE() B_SPLINE_CURVE(2,(#4877,#4878,#4879,#4880,
#4881),.UNSPECIFIED.,.F.,.F.) B_SPLINE_CURVE_WITH_KNOTS((3,2,3),(
    4.712388980385,6.28318530718,7.853981633974),
.PIECEWISE_BEZIER_KNOTS.) CURVE() GEOMETRIC_REPRESENTATION_ITEM() 
RATIONAL_B_SPLINE_CURVE((1.,0.707106781187,1.,0.707106781187,1.)) 
REPRESENTATION_ITEM('') );
#4877 = CARTESIAN_POINT('',(5.,5.5,0.5));
#4878 = CARTESIAN_POINT('',(8.,5.5,0.5));
#4879 = CARTESIAN_POINT('',(8.,5.5,3.5));
#4880 = CARTESIAN_POINT('',(8.,5.5,6.5));
#4881 = CARTESIAN_POINT('',(5.,5.5,6.5));
#4882 = PCURVE('',#1773,#4883);
#4883 = DEFINITIONAL_REPRESENTATION('',(#4884),#4890);
#4884 = B_SPLINE_CURVE_WITH_KNOTS('',2,(#4885,#4886,#4887,#4888,#4889),
  .UNSPECIFIED.,.F.,.F.,(3,2,3),(4.712388980385,6.28318530718,
    7.853981633974),.PIECEWISE_BEZIER_KNOTS.);
#4885 = CARTESIAN_POINT('',(6.28318530718,-1.570796326795));
#4886 = CARTESIAN_POINT('',(6.28318530718,-0.785398163397));
#4887 = CARTESIAN_POINT('',(6.28318530718,-2.720481184601E-16));
#4888 = CARTESIAN_POINT('',(6.28318530718,0.785398163397));
#4889 = CARTESIAN_POINT('',(6.28318530718,1.570796326795));
#4890 = ( GEOMETRIC_REPRESENTATION_CONTEXT(2) 
PARAMETRIC_REPRESENTATION_CONTEXT() REPRESENTATION_CONTEXT('2D SPACE',''
  ) );
#4891 = PCURVE('',#1773,#4892);
#4892 = DEFINITIONAL_REPRESENTATION('',(#4893),#4899);
#4893 = B_SPLINE_CURVE_WITH_KNOTS('',2,(#4894,#4895,#4896,#4897,#4898),
  .UNSPECIFIED.,.F.,.F.,(3,2,3),(4.712388980385,6.28318530718,
    7.853981633974),.PIECEWISE_BEZIER_KNOTS.);
#4894 = CARTESIAN_POINT('',(0.,-1.570796326795));
#4895 = CARTESIAN_POINT('',(8.881784197001E-16,-0.785398163397));
#4896 = CARTESIAN_POINT('',(0.,-2.720481184601E-16));
#4897 = CARTESIAN_POINT('',(8.881784197001E-16,0.785398163397));
#4898 = CARTESIAN_POINT('',(0.,1.570796326795));
#4899 = ( GEOMETRIC_REPRESENTATION_CONTEXT(2) 
PARAMETRIC_REPRESENTATION_CONTEXT() REPRESENTATION_CONTEXT('2D SPACE',''
  ) );
#4900 = ORIENTED_EDGE('',*,*,#4870,.F.);
#4901 = ORIENTED_EDGE('',*,*,#4902,.T.);
#4902 = EDGE_CURVE('',#4871,#4479,#4903,.T.);
#4903 = SURFACE_CURVE('',#4904,(#4973,#5045),.PCURVE_S1.);
#4904 = B_SPLINE_CURVE_WITH_KNOTS('',7,(#4905,#4906,#4907,#4908,#4909,
    #4910,#4911,#4912,#4913,#4914,#4915,#4916,#4917,#4918,#4919,#4920,
    #4921,#4922,#4923,#4924,#4925,#4926,#4927,#4928,#4929,#4930,#4931,
    #4932,#4933,#4934,#4935,#4936,#4937,#4938,#4939,#4940,#4941,#4942,
    #4943,#4944,#4945,#4946,#4947,#4948,#4949,#4950,#4951,#4952,#4953,
    #4954,#4955,#4956,#4957,#4958,#4959,#4960,#4961,#4962,#4963,#4964,
    #4965,#4966,#4967,#4968,#4969,#4970,#4971,#4972),.UNSPECIFIED.,.F.,
  .F.,(8,6,6,6,6,6,6,6,6,6,6,8),(0.,0.159012392649,0.253805106063,
    0.353375422407,0.440654340967,0.515211439888,0.522407351538,
    0.617715863773,0.72612658309,0.82254606174,0.912943616456,1.),
  .UNSPECIFIED.);
#4905 = CARTESIAN_POINT('',(5.809475019311,5.5,0.611271872759));
#4906 = CARTESIAN_POINT('',(5.74798851292,5.564946240528,0.594042217092)
  );
#4907 = CARTESIAN_POINT('',(5.688661331486,5.625915101047,0.580767775655
    ));
#4908 = CARTESIAN_POINT('',(5.631906837551,5.682767668439,0.570897843128
    ));
#4909 = CARTESIAN_POINT('',(5.577547434156,5.736014307459,0.563728672674
    ));
#4910 = CARTESIAN_POINT('',(5.524867618804,5.786562983129,0.558761572607
    ));
#4911 = CARTESIAN_POINT('',(5.472938922852,5.835410646255,0.555699105015
    ));
#4912 = CARTESIAN_POINT('',(5.389288151322,5.912476450048,0.553795158275
    ));
#4913 = CARTESIAN_POINT('',(5.357887490821,5.941047484646,0.553748719211
    ));
#4914 = CARTESIAN_POINT('',(5.326067878332,5.969647287232,0.554359246104
    ));
#4915 = CARTESIAN_POINT('',(5.293563280481,5.998504357333,0.555651996626
    ));
#4916 = CARTESIAN_POINT('',(5.2600971143,6.027838016473,0.557687981746)
  );
#4917 = CARTESIAN_POINT('',(5.225395123112,6.057846602378,0.560564902919
    ));
#4918 = CARTESIAN_POINT('',(5.151214142772,6.121069026,0.568461653121));
#4919 = CARTESIAN_POINT('',(5.11157240421,6.154376822094,0.573583207161)
  );
#4920 = CARTESIAN_POINT('',(5.070056868548,6.188740582523,0.579930833955
    ));
#4921 = CARTESIAN_POINT('',(5.026484924554,6.224232878847,0.587689133438
    ));
#4922 = CARTESIAN_POINT('',(4.980797886447,6.260807535365,0.597061762304
    ));
#4923 = CARTESIAN_POINT('',(4.933105922947,6.298281991307,0.608230362546
    ));
#4924 = CARTESIAN_POINT('',(4.840403549273,6.369731739172,0.632733770822
    ));
#4925 = CARTESIAN_POINT('',(4.795770406073,6.403582126245,0.645635881527
    ));
#4926 = CARTESIAN_POINT('',(4.74998704867,6.437719902524,0.660064068396)
  );
#4927 = CARTESIAN_POINT('',(4.703273841547,6.471940290494,0.67605786228)
  );
#4928 = CARTESIAN_POINT('',(4.655864690391,6.506047316618,0.693622615845
    ));
#4929 = CARTESIAN_POINT('',(4.60798710053,6.539869063521,0.712733311348)
  );
#4930 = CARTESIAN_POINT('',(4.518726200268,6.601789022584,0.750954474053
    ));
#4931 = CARTESIAN_POINT('',(4.477407403744,6.630007161321,0.769661531642
    ));
#4932 = CARTESIAN_POINT('',(4.436010582668,6.657835286747,0.789445037057
    ));
#4933 = CARTESIAN_POINT('',(4.394642607857,6.685207332557,0.810274337711
    ));
#4934 = CARTESIAN_POINT('',(4.353396463971,6.712072595483,0.832114099422
    ));
#4935 = CARTESIAN_POINT('',(4.312350834845,6.738394202392,0.854927468506
    ));
#4936 = CARTESIAN_POINT('',(4.267635488724,6.766632028122,0.880971086164
    ));
#4937 = CARTESIAN_POINT('',(4.263702398181,6.769112045158,0.883272020955
    ));
#4938 = CARTESIAN_POINT('',(4.259769864127,6.771587986758,0.885582816706
    ));
#4939 = CARTESIAN_POINT('',(4.255840616456,6.774058139792,0.887901895229
    ));
#4940 = CARTESIAN_POINT('',(4.251912587913,6.776523823943,0.890230463263
    ));
#4941 = CARTESIAN_POINT('',(4.247987039174,6.778984255533,0.892567794246
    ));
#4942 = CARTESIAN_POINT('',(4.192099343875,6.813960742785,0.925990030168
    ));
#4943 = CARTESIAN_POINT('',(4.140532370723,6.845586508247,0.958625982642
    ));
#4944 = CARTESIAN_POINT('',(4.089535463704,6.876240266112,0.992730982441
    ));
#4945 = CARTESIAN_POINT('',(4.039243861099,6.905878425974,1.028213332967
    ));
#4946 = CARTESIAN_POINT('',(3.989760872707,6.93448310962,1.064985145452)
  );
#4947 = CARTESIAN_POINT('',(3.941163428407,6.962054783924,1.10296690025)
  );
#4948 = CARTESIAN_POINT('',(3.839300508991,7.018804887793,1.186595704459
    ));
#4949 = CARTESIAN_POINT('',(3.786319198955,7.047679163847,1.232572351674
    ));
#4950 = CARTESIAN_POINT('',(3.734650748403,7.075243245554,1.279917915586
    ));
#4951 = CARTESIAN_POINT('',(3.684362493263,7.101524865591,1.328533717568
    ));
#4952 = CARTESIAN_POINT('',(3.635506070245,7.126559143789,1.378328132586
    ));
#4953 = CARTESIAN_POINT('',(3.588120441836,7.150385356025,1.42921798476)
  );
#4954 = CARTESIAN_POINT('',(3.501422895304,7.193198830409,1.527299380931
    ));
#4955 = CARTESIAN_POINT('',(3.461799256698,7.212429036279,1.57427561922)
  );
#4956 = CARTESIAN_POINT('',(3.42338382472,7.230764941655,1.622005277238)
  );
#4957 = CARTESIAN_POINT('',(3.38619319678,7.248235843438,1.670438327098)
  );
#4958 = CARTESIAN_POINT('',(3.35024029747,7.264870896064,1.719527940935)
  );
#4959 = CARTESIAN_POINT('',(3.315534919266,7.280698702316,1.769230640743
    ));
#4960 = CARTESIAN_POINT('',(3.250722783639,7.309855263419,1.86664225645)
  );
#4961 = CARTESIAN_POINT('',(3.220464554739,7.323278201649,1.914281268554
    ));
#4962 = CARTESIAN_POINT('',(3.191315616022,7.336038492634,1.962390290572
    ));
#4963 = CARTESIAN_POINT('',(3.163280614747,7.348157940469,2.010937807248
    ));
#4964 = CARTESIAN_POINT('',(3.136362967815,7.359657322217,2.05989400001)
  );
#4965 = CARTESIAN_POINT('',(3.110565023654,7.370556330589,2.109230764968
    ));
#4966 = CARTESIAN_POINT('',(3.06212350023,7.390809370606,2.20677607611)
  );
#4967 = CARTESIAN_POINT('',(3.039398742734,7.400205564532,2.254958644568
    ));
#4968 = CARTESIAN_POINT('',(3.01771520045,7.40907865118,2.303445799298)
  );
#4969 = CARTESIAN_POINT('',(2.997073679898,7.417444119493,2.35221485928)
  );
#4970 = CARTESIAN_POINT('',(2.977474545275,7.425316394582,2.401244099459
    ));
#4971 = CARTESIAN_POINT('',(2.95891771846,7.432708837722,2.450512750743)
  );
#4972 = CARTESIAN_POINT('',(2.941402679008,7.439633746356,2.500001));
#4973 = PCURVE('',#1773,#4974);
#4974 = DEFINITIONAL_REPRESENTATION('',(#4975),#5044);
#4975 = B_SPLINE_CURVE_WITH_KNOTS('',7,(#4976,#4977,#4978,#4979,#4980,
    #4981,#4982,#4983,#4984,#4985,#4986,#4987,#4988,#4989,#4990,#4991,
    #4992,#4993,#4994,#4995,#4996,#4997,#4998,#4999,#5000,#5001,#5002,
    #5003,#5004,#5005,#5006,#5007,#5008,#5009,#5010,#5011,#5012,#5013,
    #5014,#5015,#5016,#5017,#5018,#5019,#5020,#5021,#5022,#5023,#5024,
    #5025,#5026,#5027,#5028,#5029,#5030,#5031,#5032,#5033,#5034,#5035,
    #5036,#5037,#5038,#5039,#5040,#5041,#5042,#5043),.UNSPECIFIED.,.F.,
  .F.,(8,6,6,6,6,6,6,6,6,6,6,8),(0.,0.159012392649,0.253805106063,
    0.353375422407,0.440654340967,0.515211439888,0.522407351538,
    0.617715863773,0.72612658309,0.82254606174,0.912943616456,1.),
  .UNSPECIFIED.);
#4976 = CARTESIAN_POINT('',(0.,-1.281883322169));
#4977 = CARTESIAN_POINT('',(9.701715883175E-02,-1.303446278902));
#4978 = CARTESIAN_POINT('',(0.200043577311,-1.322110182337));
#4979 = CARTESIAN_POINT('',(0.308174001628,-1.337550492485));
#4980 = CARTESIAN_POINT('',(0.420155723804,-1.349662243018));
#4981 = CARTESIAN_POINT('',(0.534576706714,-1.358489085143));
#4982 = CARTESIAN_POINT('',(0.650227132688,-1.364038859223));
#4983 = CARTESIAN_POINT('',(0.835081074045,-1.367507210894));
#4984 = CARTESIAN_POINT('',(0.904153226978,-1.367602031493));
#4985 = CARTESIAN_POINT('',(0.973032290917,-1.366476419656));
#4986 = CARTESIAN_POINT('',(1.041453133894,-1.364095572535));
#4987 = CARTESIAN_POINT('',(1.109106295046,-1.360412192259));
#4988 = CARTESIAN_POINT('',(1.175649951858,-1.355375851641));
#4989 = CARTESIAN_POINT('',(1.309106296743,-1.342198824643));
#4990 = CARTESIAN_POINT('',(1.375885483878,-1.333912595793));
#4991 = CARTESIAN_POINT('',(1.440598852382,-1.324054753514));
#4992 = CARTESIAN_POINT('',(1.502748293573,-1.312614241145));
#4993 = CARTESIAN_POINT('',(1.561912329514,-1.299638794457));
#4994 = CARTESIAN_POINT('',(1.617799143982,-1.28524897796));
#4995 = CARTESIAN_POINT('',(1.716234545585,-1.255943333774));
#4996 = CARTESIAN_POINT('',(1.759597202162,-1.241305879575));
#4997 = CARTESIAN_POINT('',(1.800246528418,-1.225839585754));
#4998 = CARTESIAN_POINT('',(1.838232842502,-1.209680685159));
#4999 = CARTESIAN_POINT('',(1.87369004435,-1.192962110135));
#5000 = CARTESIAN_POINT('',(1.906789346565,-1.175802546443));
#5001 = CARTESIAN_POINT('',(1.964122565725,-1.143356761978));
#5002 = CARTESIAN_POINT('',(1.988949498116,-1.128159811971));
#5003 = CARTESIAN_POINT('',(2.012308404824,-1.112773377127));
#5004 = CARTESIAN_POINT('',(2.034320559016,-1.097247519326));
#5005 = CARTESIAN_POINT('',(2.055100616564,-1.081622738618));
#5006 = CARTESIAN_POINT('',(2.074752569038,-1.065930804169));
#5007 = CARTESIAN_POINT('',(2.095168351447,-1.048677563674));
#5008 = CARTESIAN_POINT('',(2.096956985602,-1.04715864214));
#5009 = CARTESIAN_POINT('',(2.098726284348,-1.045638580114));
#5010 = CARTESIAN_POINT('',(2.100489337848,-1.044118428586));
#5011 = CARTESIAN_POINT('',(2.102235806486,-1.042597388517));
#5012 = CARTESIAN_POINT('',(2.103971491857,-1.041075944017));
#5013 = CARTESIAN_POINT('',(2.128518071926,-1.01939579743));
#5014 = CARTESIAN_POINT('',(2.149196610901,-0.999151866707));
#5015 = CARTESIAN_POINT('',(2.168059129877,-0.978883528972));
#5016 = CARTESIAN_POINT('',(2.185365544911,-0.958633803071));
#5017 = CARTESIAN_POINT('',(2.201321312991,-0.938430705254));
#5018 = CARTESIAN_POINT('',(2.216091883884,-0.918290572525));
#5019 = CARTESIAN_POINT('',(2.245429253695,-0.875393257664));
#5020 = CARTESIAN_POINT('',(2.259686274575,-0.85265997145));
#5021 = CARTESIAN_POINT('',(2.27279066974,-0.830034907135));
#5022 = CARTESIAN_POINT('',(2.284893260449,-0.807523096825));
#5023 = CARTESIAN_POINT('',(2.296112025438,-0.785124020434));
#5024 = CARTESIAN_POINT('',(2.3065434664,-0.762833140575));
#5025 = CARTESIAN_POINT('',(2.324914164972,-0.720905741459));
#5026 = CARTESIAN_POINT('',(2.333001254531,-0.701249113012));
#5027 = CARTESIAN_POINT('',(2.3405830291,-0.681666937774));
#5028 = CARTESIAN_POINT('',(2.34770460287,-0.662152901482));
#5029 = CARTESIAN_POINT('',(2.354403067332,-0.64269984319));
#5030 = CARTESIAN_POINT('',(2.360709567211,-0.623299869138));
#5031 = CARTESIAN_POINT('',(2.372222087101,-0.585797914865));
#5032 = CARTESIAN_POINT('',(2.37747212642,-0.567690746426));
#5033 = CARTESIAN_POINT('',(2.382423627773,-0.549615995845));
#5034 = CARTESIAN_POINT('',(2.387095346502,-0.531566562482));
#5035 = CARTESIAN_POINT('',(2.391503255372,-0.513535178031));
#5036 = CARTESIAN_POINT('',(2.39566114006,-0.49551437404));
#5037 = CARTESIAN_POINT('',(2.403356360651,-0.460144482783));
#5038 = CARTESIAN_POINT('',(2.406911031355,-0.442795261191));
#5039 = CARTESIAN_POINT('',(2.410255734818,-0.425441989086));
#5040 = CARTESIAN_POINT('',(2.413399857542,-0.408077779693));
#5041 = CARTESIAN_POINT('',(2.416351644466,-0.390695655041));
#5042 = CARTESIAN_POINT('',(2.41911819897,-0.373288545959));
#5043 = CARTESIAN_POINT('',(2.421705482872,-0.35584929208));
#5044 = ( GEOMETRIC_REPRESENTATION_CONTEXT(2) 
PARAMETRIC_REPRESENTATION_CONTEXT() REPRESENTATION_CONTEXT('2D SPACE',''
  ) );
#5045 = PCURVE('',#643,#5046);
#5046 = DEFINITIONAL_REPRESENTATION('',(#5047),#5116);
#5047 = B_SPLINE_CURVE_WITH_KNOTS('',7,(#5048,#5049,#5050,#5051,#5052,
    #5053,#5054,#5055,#5056,#5057,#5058,#5059,#5060,#5061,#5062,#5063,
    #5064,#5065,#5066,#5067,#5068,#5069,#5070,#5071,#5072,#5073,#5074,
    #5075,#5076,#5077,#5078,#5079,#5080,#5081,#5082,#5083,#5084,#5085,
    #5086,#5087,#5088,#5089,#5090,#5091,#5092,#5093,#5094,#5095,#5096,
    #5097,#5098,#5099,#5100,#5101,#5102,#5103,#5104,#5105,#5106,#5107,
    #5108,#5109,#5110,#5111,#5112,#5113,#5114,#5115),.UNSPECIFIED.,.F.,
  .F.,(8,6,6,6,6,6,6,6,6,6,6,8),(0.,0.159012392649,0.253805106063,
    0.353375422407,0.440654340967,0.515211439888,0.522407351538,
    0.617715863773,0.72612658309,0.82254606174,0.912943616456,1.),
  .UNSPECIFIED.);
#5048 = CARTESIAN_POINT('',(0.758040765426,-0.611271872759));
#5049 = CARTESIAN_POINT('',(0.769220130225,-0.594042217092));
#5050 = CARTESIAN_POINT('',(0.779852886467,-0.580767775655));
#5051 = CARTESIAN_POINT('',(0.789893202935,-0.570897843129));
#5052 = CARTESIAN_POINT('',(0.799403875771,-0.563728672674));
#5053 = CARTESIAN_POINT('',(0.808529277308,-0.558761572607));
#5054 = CARTESIAN_POINT('',(0.81744041646,-0.555699105015));
#5055 = CARTESIAN_POINT('',(0.831657807709,-0.553795158275));
#5056 = CARTESIAN_POINT('',(0.836964401857,-0.553748719211));
#5057 = CARTESIAN_POINT('',(0.842312192455,-0.554359246104));
#5058 = CARTESIAN_POINT('',(0.847745233097,-0.555651996626));
#5059 = CARTESIAN_POINT('',(0.853307817817,-0.557687981746));
#5060 = CARTESIAN_POINT('',(0.859042355271,-0.560564902919));
#5061 = CARTESIAN_POINT('',(0.871225779393,-0.568461653121));
#5062 = CARTESIAN_POINT('',(0.877697766233,-0.573583207161));
#5063 = CARTESIAN_POINT('',(0.884434040968,-0.579930833955));
#5064 = CARTESIAN_POINT('',(0.891458370338,-0.587689133438));
#5065 = CARTESIAN_POINT('',(0.898773357498,-0.597061762304));
#5066 = CARTESIAN_POINT('',(0.906354723101,-0.608230362546));
#5067 = CARTESIAN_POINT('',(0.920984955367,-0.632733770822));
#5068 = CARTESIAN_POINT('',(0.927986937957,-0.645635881527));
#5069 = CARTESIAN_POINT('',(0.935125247182,-0.660064068396));
#5070 = CARTESIAN_POINT('',(0.942363083094,-0.67605786228));
#5071 = CARTESIAN_POINT('',(0.949663030039,-0.693622615845));
#5072 = CARTESIAN_POINT('',(0.956990124573,-0.712733311348));
#5073 = CARTESIAN_POINT('',(0.970569514774,-0.750954474053));
#5074 = CARTESIAN_POINT('',(0.97682372944,-0.769661531642));
#5075 = CARTESIAN_POINT('',(0.983058570187,-0.789445037057));
#5076 = CARTESIAN_POINT('',(0.989258752453,-0.810274337711));
#5077 = CARTESIAN_POINT('',(0.995411482978,-0.832114099422));
#5078 = CARTESIAN_POINT('',(1.00150637785,-0.854927468506));
#5079 = CARTESIAN_POINT('',(1.008117019107,-0.880971086164));
#5080 = CARTESIAN_POINT('',(1.008698231145,-0.883272020955));
#5081 = CARTESIAN_POINT('',(1.009279112681,-0.885582816706));
#5082 = CARTESIAN_POINT('',(1.009859261174,-0.887901895229));
#5083 = CARTESIAN_POINT('',(1.010438983506,-0.890230463263));
#5084 = CARTESIAN_POINT('',(1.011018094445,-0.892567794246));
#5085 = CARTESIAN_POINT('',(1.01925936743,-0.925990030168));
#5086 = CARTESIAN_POINT('',(1.026820615948,-0.958625982642));
#5087 = CARTESIAN_POINT('',(1.034257745926,-0.992730982441));
#5088 = CARTESIAN_POINT('',(1.041554169807,-1.028213332967));
#5089 = CARTESIAN_POINT('',(1.048698270169,-1.064985145452));
#5090 = CARTESIAN_POINT('',(1.055682317857,-1.10296690025));
#5091 = CARTESIAN_POINT('',(1.07025789066,-1.186595704459));
#5092 = CARTESIAN_POINT('',(1.077799885164,-1.232572351674));
#5093 = CARTESIAN_POINT('',(1.085119575167,-1.279917915586));
#5094 = CARTESIAN_POINT('',(1.092211865615,-1.328533717568));
#5095 = CARTESIAN_POINT('',(1.099073646864,-1.378328132586));
#5096 = CARTESIAN_POINT('',(1.105703291669,-1.42921798476));
#5097 = CARTESIAN_POINT('',(1.117789866197,-1.527299380931));
#5098 = CARTESIAN_POINT('',(1.123295179406,-1.57427561922));
#5099 = CARTESIAN_POINT('',(1.128615881703,-1.622005277238));
#5100 = CARTESIAN_POINT('',(1.133751947684,-1.670438327098));
#5101 = CARTESIAN_POINT('',(1.138703681728,-1.719527940935));
#5102 = CARTESIAN_POINT('',(1.143471648091,-1.769230640743));
#5103 = CARTESIAN_POINT('',(1.152355198532,-1.86664225645));
#5104 = CARTESIAN_POINT('',(1.156492879777,-1.914281268554));
#5105 = CARTESIAN_POINT('',(1.160470253566,-1.962390290572));
#5106 = CARTESIAN_POINT('',(1.164287994725,-2.010937807248));
#5107 = CARTESIAN_POINT('',(1.167946830202,-2.05989400001));
#5108 = CARTESIAN_POINT('',(1.171447525188,-2.109230764968));
#5109 = CARTESIAN_POINT('',(1.178010640423,-2.20677607611));
#5110 = CARTESIAN_POINT('',(1.181084457788,-2.254958644568));
#5111 = CARTESIAN_POINT('',(1.184013024371,-2.303445799298));
#5112 = CARTESIAN_POINT('',(1.186797027913,-2.35221485928));
#5113 = CARTESIAN_POINT('',(1.189437140854,-2.401244099459));
#5114 = CARTESIAN_POINT('',(1.191934020336,-2.450512750743));
#5115 = CARTESIAN_POINT('',(1.194288308201,-2.500001));
#5116 = ( GEOMETRIC_REPRESENTATION_CONTEXT(2) 
PARAMETRIC_REPRESENTATION_CONTEXT() REPRESENTATION_CONTEXT('2D SPACE',''
  ) );
#5117 = ORIENTED_EDGE('',*,*,#4478,.F.);
#5118 = ORIENTED_EDGE('',*,*,#1297,.T.);
#5119 = ORIENTED_EDGE('',*,*,#5120,.F.);
#5120 = EDGE_CURVE('',#5121,#748,#5123,.T.);
#5121 = VERTEX_POINT('',#5122);
#5122 = CARTESIAN_POINT('',(7.126470270236,3.635027027058,2.5));
#5123 = SURFACE_CURVE('',#5124,(#5242,#5363),.PCURVE_S1.);
#5124 = B_SPLINE_CURVE_WITH_KNOTS('',6,(#5125,#5126,#5127,#5128,#5129,
    #5130,#5131,#5132,#5133,#5134,#5135,#5136,#5137,#5138,#5139,#5140,
    #5141,#5142,#5143,#5144,#5145,#5146,#5147,#5148,#5149,#5150,#5151,
    #5152,#5153,#5154,#5155,#5156,#5157,#5158,#5159,#5160,#5161,#5162,
    #5163,#5164,#5165,#5166,#5167,#5168,#5169,#5170,#5171,#5172,#5173,
    #5174,#5175,#5176,#5177,#5178,#5179,#5180,#5181,#5182,#5183,#5184,
    #5185,#5186,#5187,#5188,#5189,#5190,#5191,#5192,#5193,#5194,#5195,
    #5196,#5197,#5198,#5199,#5200,#5201,#5202,#5203,#5204,#5205,#5206,
    #5207,#5208,#5209,#5210,#5211,#5212,#5213,#5214,#5215,#5216,#5217,
    #5218,#5219,#5220,#5221,#5222,#5223,#5224,#5225,#5226,#5227,#5228,
    #5229,#5230,#5231,#5232,#5233,#5234,#5235,#5236,#5237,#5238,#5239,
    #5240,#5241),.UNSPECIFIED.,.F.,.F.,(7,5,5,5,5,5,5,5,5,5,5,5,5,5,5,5,
    5,5,5,5,5,5,5,7),(0.,7.030385349682E-02,0.120675869367,
    0.157970423778,0.185055144646,0.250035312129,0.326198177799,
    0.357739732678,0.400423544876,0.45901163775,0.498558335297,
    0.507436590672,0.538788843578,0.596420630918,0.638400997191,
    0.669418384697,0.744298554005,0.819178723313,0.850196110819,
    0.892176477092,0.949808264432,0.974778845095,0.986337165922,1.),
  .UNSPECIFIED.);
#5125 = CARTESIAN_POINT('',(7.828427124746,5.5,2.5));
#5126 = CARTESIAN_POINT('',(7.828427124746,5.364282713751,2.5));
#5127 = CARTESIAN_POINT('',(7.820612240904,5.227864861758,2.5));
#5128 = CARTESIAN_POINT('',(7.804832587142,5.091414579158,2.5));
#5129 = CARTESIAN_POINT('',(7.781027396785,4.955599300673,2.5));
#5130 = CARTESIAN_POINT('',(7.749221666837,4.821083825756,2.5));
#5131 = CARTESIAN_POINT('',(7.681078958348,4.593553720254,2.5));
#5132 = CARTESIAN_POINT('',(7.648582373819,4.499582658515,2.5));
#5133 = CARTESIAN_POINT('',(7.612072591008,4.406856533534,2.5));
#5134 = CARTESIAN_POINT('',(7.571608996601,4.315610215115,2.5));
#5135 = CARTESIAN_POINT('',(7.527270821644,4.226072107869,2.5));
#5136 = CARTESIAN_POINT('',(7.44353461921,4.073600761297,2.5));
#5137 = CARTESIAN_POINT('',(7.405842188325,4.009794914377,2.5));
#5138 = CARTESIAN_POINT('',(7.366119889167,3.947136384562,2.5));
#5139 = CARTESIAN_POINT('',(7.324412995382,3.885711927784,2.5));
#5140 = CARTESIAN_POINT('',(7.280772013987,3.825605281802,2.5));
#5141 = CARTESIAN_POINT('',(7.202194821322,3.724261104476,2.5));
#5142 = CARTESIAN_POINT('',(7.16814620238,3.682362567167,2.5));
#5143 = CARTESIAN_POINT('',(7.133128138082,3.641232419053,2.5));
#5144 = CARTESIAN_POINT('',(7.09716322531,3.600900492007,2.5));
#5145 = CARTESIAN_POINT('',(7.060275348292,3.561395584989,2.5));
#5146 = CARTESIAN_POINT('',(6.931836385298,3.430018227009,2.5));
#5147 = CARTESIAN_POINT('',(6.836013671522,3.342209418337,2.5));
#5148 = CARTESIAN_POINT('',(6.735372095295,3.259705087059,2.5));
#5149 = CARTESIAN_POINT('',(6.630296712761,3.182849517184,2.5));
#5150 = CARTESIAN_POINT('',(6.521206361599,3.111944866806,2.5));
#5151 = CARTESIAN_POINT('',(6.276512547941,2.971423286888,2.5));
#5152 = CARTESIAN_POINT('',(6.139570057539,2.904124020438,2.5));
#5153 = CARTESIAN_POINT('',(5.998456175872,2.845771483107,2.5));
#5154 = CARTESIAN_POINT('',(5.853937351657,2.796688968903,2.5));
#5155 = CARTESIAN_POINT('',(5.706814016613,2.757103491786,2.5));
#5156 = CARTESIAN_POINT('',(5.496256411224,2.714737757559,2.5));
#5157 = CARTESIAN_POINT('',(5.434289237813,2.70398161324,2.5));
#5158 = CARTESIAN_POINT('',(5.37207585734,2.694885291925,2.5));
#5159 = CARTESIAN_POINT('',(5.309675080364,2.687454784671,2.5));
#5160 = CARTESIAN_POINT('',(5.247145972832,2.681693035571,2.5));
#5161 = CARTESIAN_POINT('',(5.099836551604,2.672060936185,2.5));
#5162 = CARTESIAN_POINT('',(5.014998421534,2.669577699231,2.5));
#5163 = CARTESIAN_POINT('',(4.930180824503,2.670149998298,2.5));
#5164 = CARTESIAN_POINT('',(4.84553014522,2.673767128046,2.5));
#5165 = CARTESIAN_POINT('',(4.761191794474,2.680407910378,2.5));
#5166 = CARTESIAN_POINT('',(4.562173770766,2.703262719813,2.5));
#5167 = CARTESIAN_POINT('',(4.447895554962,2.72212196202,2.5));
#5168 = CARTESIAN_POINT('',(4.334851121015,2.746536401174,2.5));
#5169 = CARTESIAN_POINT('',(4.223403146157,2.776386799772,2.5));
#5170 = CARTESIAN_POINT('',(4.113901425562,2.811516702704,2.5));
#5171 = CARTESIAN_POINT('',(3.934310834134,2.878877876077,2.5));
#5172 = CARTESIAN_POINT('',(3.862978131955,2.908340692184,2.5));
#5173 = CARTESIAN_POINT('',(3.792787909524,2.940061343619,2.5));
#5174 = CARTESIAN_POINT('',(3.723838628096,2.973972843861,2.5));
#5175 = CARTESIAN_POINT('',(3.656224066464,3.010000761827,2.5));
#5176 = CARTESIAN_POINT('',(3.575173462137,3.056608265101,2.5));
#5177 = CARTESIAN_POINT('',(3.560328071744,3.065288618133,2.5));
#5178 = CARTESIAN_POINT('',(3.545485270743,3.074113377111,2.5));
#5179 = CARTESIAN_POINT('',(3.530640822087,3.083087223574,2.5));
#5180 = CARTESIAN_POINT('',(3.515798130717,3.092210424445,2.5));
#5181 = CARTESIAN_POINT('',(3.448598678451,3.134208850103,2.5));
#5182 = CARTESIAN_POINT('',(3.396972973881,3.168382076628,2.5));
#5183 = CARTESIAN_POINT('',(3.346150451915,3.203976907949,2.5));
#5184 = CARTESIAN_POINT('',(3.296188642503,3.240968512386,2.5));
#5185 = CARTESIAN_POINT('',(3.247143283479,3.27932883023,2.5));
#5186 = CARTESIAN_POINT('',(3.110696807113,3.391999062191,2.5));
#5187 = CARTESIAN_POINT('',(3.025603113297,3.469492048314,2.5));
#5188 = CARTESIAN_POINT('',(2.944123596093,3.551309381373,2.5));
#5189 = CARTESIAN_POINT('',(2.86656869904,3.63722513853,2.5));
#5190 = CARTESIAN_POINT('',(2.793222952241,3.726983624861,2.5));
#5191 = CARTESIAN_POINT('',(2.674172611633,3.88827278666,2.5));
#5192 = CARTESIAN_POINT('',(2.626370168041,3.958134733222,2.5));
#5193 = CARTESIAN_POINT('',(2.58103714726,4.029775530667,2.5));
#5194 = CARTESIAN_POINT('',(2.538264442792,4.103079426949,2.5));
#5195 = CARTESIAN_POINT('',(2.498134335966,4.17792460034,2.5));
#5196 = CARTESIAN_POINT('',(2.433077107434,4.310527148021,2.5));
#5197 = CARTESIAN_POINT('',(2.406916444542,4.367642937605,2.5));
#5198 = CARTESIAN_POINT('',(2.382268159236,4.42547906992,2.5));
#5199 = CARTESIAN_POINT('',(2.359159130204,4.483982789603,2.5));
#5200 = CARTESIAN_POINT('',(2.33761346285,4.543100044204,2.5));
#5201 = CARTESIAN_POINT('',(2.269463998903,4.746840068858,2.5));
#5202 = CARTESIAN_POINT('',(2.230509887636,4.894162947677,2.5));
#5203 = CARTESIAN_POINT('',(2.201092326013,5.04395703185,2.5));
#5204 = CARTESIAN_POINT('',(2.181412939075,5.195414693341,2.5));
#5205 = CARTESIAN_POINT('',(2.171572875254,5.34770984155,2.5));
#5206 = CARTESIAN_POINT('',(2.171572875254,5.652290158449,2.5));
#5207 = CARTESIAN_POINT('',(2.181412939075,5.804585306658,2.5));
#5208 = CARTESIAN_POINT('',(2.201092326013,5.95604296815,2.5));
#5209 = CARTESIAN_POINT('',(2.230509887635,6.105837052323,2.5));
#5210 = CARTESIAN_POINT('',(2.269463998903,6.253159931141,2.5));
#5211 = CARTESIAN_POINT('',(2.33761346285,6.456899955796,2.5));
#5212 = CARTESIAN_POINT('',(2.359159130203,6.516017210396,2.5));
#5213 = CARTESIAN_POINT('',(2.382268159235,6.57452093008,2.5));
#5214 = CARTESIAN_POINT('',(2.406916444542,6.632357062394,2.5));
#5215 = CARTESIAN_POINT('',(2.433077107433,6.689472851979,2.5));
#5216 = CARTESIAN_POINT('',(2.498134335965,6.822075399659,2.5));
#5217 = CARTESIAN_POINT('',(2.538264442791,6.896920573051,2.5));
#5218 = CARTESIAN_POINT('',(2.58103714726,6.970224469332,2.5));
#5219 = CARTESIAN_POINT('',(2.626370168041,7.041865266778,2.5));
#5220 = CARTESIAN_POINT('',(2.674172611633,7.111727213339,2.5));
#5221 = CARTESIAN_POINT('',(2.79322295224,7.273016375139,2.5));
#5222 = CARTESIAN_POINT('',(2.86656869904,7.362774861469,2.5));
#5223 = CARTESIAN_POINT('',(2.944123596093,7.448690618626,2.5));
#5224 = CARTESIAN_POINT('',(3.025603113297,7.530507951685,2.5));
#5225 = CARTESIAN_POINT('',(3.110696807112,7.608000937809,2.5));
#5226 = CARTESIAN_POINT('',(3.237357745662,7.712590793896,2.5));
#5227 = CARTESIAN_POINT('',(3.276262708344,7.743359762894,2.5));
#5228 = CARTESIAN_POINT('',(3.315755978653,7.773264554045,2.5));
#5229 = CARTESIAN_POINT('',(3.355809589271,7.802290668088,2.5));
#5230 = CARTESIAN_POINT('',(3.396394835516,7.83042488569,2.5));
#5231 = CARTESIAN_POINT('',(3.456500728204,7.870259599432,2.5));
#5232 = CARTESIAN_POINT('',(3.475542341574,7.882614317939,2.5));
#5233 = CARTESIAN_POINT('',(3.494602358823,7.894721443004,2.5));
#5234 = CARTESIAN_POINT('',(3.513676172271,7.906583100551,2.5));
#5235 = CARTESIAN_POINT('',(3.532759323175,7.918201522388,2.5));
#5236 = CARTESIAN_POINT('',(3.57441121324,7.943028164167,2.5));
#5237 = CARTESIAN_POINT('',(3.593074659152,7.953808941485,2.5));
#5238 = CARTESIAN_POINT('',(3.613800577573,7.965715066104,2.5));
#5239 = CARTESIAN_POINT('',(3.638127860365,7.979240420466,2.5));
#5240 = CARTESIAN_POINT('',(3.6622799222,7.992145070065,2.5));
#5241 = CARTESIAN_POINT('',(3.677124344468,8.,2.5));
#5242 = PCURVE('',#1773,#5243);
#5243 = DEFINITIONAL_REPRESENTATION('',(#5244),#5362);
#5244 = B_SPLINE_CURVE_WITH_KNOTS('',6,(#5245,#5246,#5247,#5248,#5249,
    #5250,#5251,#5252,#5253,#5254,#5255,#5256,#5257,#5258,#5259,#5260,
    #5261,#5262,#5263,#5264,#5265,#5266,#5267,#5268,#5269,#5270,#5271,
    #5272,#5273,#5274,#5275,#5276,#5277,#5278,#5279,#5280,#5281,#5282,
    #5283,#5284,#5285,#5286,#5287,#5288,#5289,#5290,#5291,#5292,#5293,
    #5294,#5295,#5296,#5297,#5298,#5299,#5300,#5301,#5302,#5303,#5304,
    #5305,#5306,#5307,#5308,#5309,#5310,#5311,#5312,#5313,#5314,#5315,
    #5316,#5317,#5318,#5319,#5320,#5321,#5322,#5323,#5324,#5325,#5326,
    #5327,#5328,#5329,#5330,#5331,#5332,#5333,#5334,#5335,#5336,#5337,
    #5338,#5339,#5340,#5341,#5342,#5343,#5344,#5345,#5346,#5347,#5348,
    #5349,#5350,#5351,#5352,#5353,#5354,#5355,#5356,#5357,#5358,#5359,
    #5360,#5361),.UNSPECIFIED.,.F.,.F.,(7,5,5,5,5,5,5,5,5,5,5,5,5,5,5,5,
    5,5,5,5,5,5,5,7),(0.,7.030385349682E-02,0.120675869367,
    0.157970423778,0.185055144646,0.250035312129,0.326198177799,
    0.357739732678,0.400423544876,0.45901163775,0.498558335297,
    0.507436590672,0.538788843578,0.596420630918,0.638400997191,
    0.669418384697,0.744298554005,0.819178723313,0.850196110819,
    0.892176477092,0.949808264432,0.974778845095,0.986337165922,1.),
  .UNSPECIFIED.);
#5245 = CARTESIAN_POINT('',(6.28318530718,-0.355849644472));
#5246 = CARTESIAN_POINT('',(6.225163913037,-0.355849644472));
#5247 = CARTESIAN_POINT('',(6.168771984718,-0.355849644472));
#5248 = CARTESIAN_POINT('',(6.113850972762,-0.355849644472));
#5249 = CARTESIAN_POINT('',(6.06024951418,-0.355849644472));
#5250 = CARTESIAN_POINT('',(6.007827421402,-0.355849644472));
#5251 = CARTESIAN_POINT('',(5.919655186113,-0.355849644472));
#5252 = CARTESIAN_POINT('',(5.883391008213,-0.355849644472));
#5253 = CARTESIAN_POINT('',(5.847620144653,-0.355849644472));
#5254 = CARTESIAN_POINT('',(5.812297859865,-0.355849644472));
#5255 = CARTESIAN_POINT('',(5.777381675567,-0.355849644472));
#5256 = CARTESIAN_POINT('',(5.717250932889,-0.355849644472));
#5257 = CARTESIAN_POINT('',(5.691870931403,-0.355849644472));
#5258 = CARTESIAN_POINT('',(5.666674987701,-0.355849644472));
#5259 = CARTESIAN_POINT('',(5.64164720359,-0.355849644472));
#5260 = CARTESIAN_POINT('',(5.61677216128,-0.355849644472));
#5261 = CARTESIAN_POINT('',(5.574069802372,-0.355849644472));
#5262 = CARTESIAN_POINT('',(5.556177337198,-0.355849644472));
#5263 = CARTESIAN_POINT('',(5.538351794771,-0.355849644472));
#5264 = CARTESIAN_POINT('',(5.520587535341,-0.355849644472));
#5265 = CARTESIAN_POINT('',(5.502879012496,-0.355849644472));
#5266 = CARTESIAN_POINT('',(5.442856099942,-0.355849644472));
#5267 = CARTESIAN_POINT('',(5.400780080025,-0.355849644472));
#5268 = CARTESIAN_POINT('',(5.358918849009,-0.355849644472));
#5269 = CARTESIAN_POINT('',(5.317198610408,-0.355849644472));
#5270 = CARTESIAN_POINT('',(5.275546818452,-0.355849644472));
#5271 = CARTESIAN_POINT('',(5.185071592384,-0.355849644472));
#5272 = CARTESIAN_POINT('',(5.136244904347,-0.355849644472));
#5273 = CARTESIAN_POINT('',(5.087301325133,-0.355849644472));
#5274 = CARTESIAN_POINT('',(5.038123470838,-0.355849644472));
#5275 = CARTESIAN_POINT('',(4.988591097188,-0.355849644472));
#5276 = CARTESIAN_POINT('',(4.917873918682,-0.355849644472));
#5277 = CARTESIAN_POINT('',(4.897082417974,-0.355849644472));
#5278 = CARTESIAN_POINT('',(4.876200363423,-0.355849644472));
#5279 = CARTESIAN_POINT('',(4.855218764302,-0.355849644472));
#5280 = CARTESIAN_POINT('',(4.834128425055,-0.355849644472));
#5281 = CARTESIAN_POINT('',(4.784219433536,-0.355849644472));
#5282 = CARTESIAN_POINT('',(4.755302473151,-0.355849644472));
#5283 = CARTESIAN_POINT('',(4.726145826704,-0.355849644472));
#5284 = CARTESIAN_POINT('',(4.69672528076,-0.355849644472));
#5285 = CARTESIAN_POINT('',(4.667015645896,-0.355849644472));
#5286 = CARTESIAN_POINT('',(4.595778388209,-0.355849644472));
#5287 = CARTESIAN_POINT('',(4.553971569786,-0.355849644472));
#5288 = CARTESIAN_POINT('',(4.511502915439,-0.355849644472));
#5289 = CARTESIAN_POINT('',(4.468300244655,-0.355849644472));
#5290 = CARTESIAN_POINT('',(4.424286582396,-0.355849644472));
#5291 = CARTESIAN_POINT('',(4.349068526608,-0.355849644472));
#5292 = CARTESIAN_POINT('',(4.318349970478,-0.355849644472));
#5293 = CARTESIAN_POINT('',(4.287199258687,-0.355849644472));
#5294 = CARTESIAN_POINT('',(4.25559000793,-0.355849644472));
#5295 = CARTESIAN_POINT('',(4.223494683619,-0.355849644472));
#5296 = CARTESIAN_POINT('',(4.183563618136,-0.355849644472));
#5297 = CARTESIAN_POINT('',(4.176226910569,-0.355849644472));
#5298 = CARTESIAN_POINT('',(4.168889447551,-0.355849644472));
#5299 = CARTESIAN_POINT('',(4.161558204332,-0.355849644472));
#5300 = CARTESIAN_POINT('',(4.154232161052,-0.355849644472));
#5301 = CARTESIAN_POINT('',(4.121017986294,-0.355849644472));
#5302 = CARTESIAN_POINT('',(4.095453384569,-0.355849644472));
#5303 = CARTESIAN_POINT('',(4.070193820726,-0.355849644472));
#5304 = CARTESIAN_POINT('',(4.045225102411,-0.355849644472));
#5305 = CARTESIAN_POINT('',(4.020533521753,-0.355849644472));
#5306 = CARTESIAN_POINT('',(3.951202859762,-0.355849644472));
#5307 = CARTESIAN_POINT('',(3.907191309818,-0.355849644472));
#5308 = CARTESIAN_POINT('',(3.86398939246,-0.355849644472));
#5309 = CARTESIAN_POINT('',(3.821520091454,-0.355849644472));
#5310 = CARTESIAN_POINT('',(3.779711187408,-0.355849644472));
#5311 = CARTESIAN_POINT('',(3.708472593159,-0.355849644472));
#5312 = CARTESIAN_POINT('',(3.678764297886,-0.355849644472));
#5313 = CARTESIAN_POINT('',(3.649344204302,-0.355849644472));
#5314 = CARTESIAN_POINT('',(3.620187118889,-0.355849644472));
#5315 = CARTESIAN_POINT('',(3.591268822262,-0.355849644472));
#5316 = CARTESIAN_POINT('',(3.541358907487,-0.355849644472));
#5317 = CARTESIAN_POINT('',(3.520269358983,-0.355849644472));
#5318 = CARTESIAN_POINT('',(3.499288024012,-0.355849644472));
#5319 = CARTESIAN_POINT('',(3.478405706876,-0.355849644472));
#5320 = CARTESIAN_POINT('',(3.457613415817,-0.355849644472));
#5321 = CARTESIAN_POINT('',(3.38690307991,-0.355849644472));
#5322 = CARTESIAN_POINT('',(3.337375564472,-0.355849644472));
#5323 = CARTESIAN_POINT('',(3.288199322906,-0.355849644472));
#5324 = CARTESIAN_POINT('',(3.239254130047,-0.355849644472));
#5325 = CARTESIAN_POINT('',(3.190422582804,-0.355849644472));
#5326 = CARTESIAN_POINT('',(3.092762724376,-0.355849644472));
#5327 = CARTESIAN_POINT('',(3.043931177133,-0.355849644472));
#5328 = CARTESIAN_POINT('',(2.994985984274,-0.355849644472));
#5329 = CARTESIAN_POINT('',(2.945809742707,-0.355849644472));
#5330 = CARTESIAN_POINT('',(2.89628222727,-0.355849644472));
#5331 = CARTESIAN_POINT('',(2.825571891362,-0.355849644472));
#5332 = CARTESIAN_POINT('',(2.804779600304,-0.355849644472));
#5333 = CARTESIAN_POINT('',(2.783897283167,-0.355849644472));
#5334 = CARTESIAN_POINT('',(2.762915948197,-0.355849644472));
#5335 = CARTESIAN_POINT('',(2.741826399693,-0.355849644472));
#5336 = CARTESIAN_POINT('',(2.691916484918,-0.355849644472));
#5337 = CARTESIAN_POINT('',(2.662998188291,-0.355849644472));
#5338 = CARTESIAN_POINT('',(2.633841102878,-0.355849644472));
#5339 = CARTESIAN_POINT('',(2.604421009294,-0.355849644472));
#5340 = CARTESIAN_POINT('',(2.574712714021,-0.355849644472));
#5341 = CARTESIAN_POINT('',(2.503474119772,-0.355849644472));
#5342 = CARTESIAN_POINT('',(2.461665215726,-0.355849644472));
#5343 = CARTESIAN_POINT('',(2.41919591472,-0.355849644472));
#5344 = CARTESIAN_POINT('',(2.375993997362,-0.355849644472));
#5345 = CARTESIAN_POINT('',(2.331982447418,-0.355849644472));
#5346 = CARTESIAN_POINT('',(2.267623975496,-0.355849644472));
#5347 = CARTESIAN_POINT('',(2.248001093358,-0.355849644472));
#5348 = CARTESIAN_POINT('',(2.228204122055,-0.355849644472));
#5349 = CARTESIAN_POINT('',(2.208226184325,-0.355849644472));
#5350 = CARTESIAN_POINT('',(2.188060208995,-0.355849644472));
#5351 = CARTESIAN_POINT('',(2.158274152798,-0.355849644472));
#5352 = CARTESIAN_POINT('',(2.14884937494,-0.355849644472));
#5353 = CARTESIAN_POINT('',(2.139424597149,-0.355849644472));
#5354 = CARTESIAN_POINT('',(2.129999819276,-0.355849644472));
#5355 = CARTESIAN_POINT('',(2.120575041277,-0.355849644472));
#5356 = CARTESIAN_POINT('',(2.100009442599,-0.355849644472));
#5357 = CARTESIAN_POINT('',(2.090794143179,-0.355849644472));
#5358 = CARTESIAN_POINT('',(2.080482700638,-0.355849644472));
#5359 = CARTESIAN_POINT('',(2.068783899909,-0.355849644472));
#5360 = CARTESIAN_POINT('',(2.057268194222,-0.355849644472));
#5361 = CARTESIAN_POINT('',(2.050236438292,-0.355849644472));
#5362 = ( GEOMETRIC_REPRESENTATION_CONTEXT(2) 
PARAMETRIC_REPRESENTATION_CONTEXT() REPRESENTATION_CONTEXT('2D SPACE',''
  ) );
#5363 = PCURVE('',#1111,#5364);
#5364 = DEFINITIONAL_REPRESENTATION('',(#5365),#5483);
#5365 = B_SPLINE_CURVE_WITH_KNOTS('',6,(#5366,#5367,#5368,#5369,#5370,
    #5371,#5372,#5373,#5374,#5375,#5376,#5377,#5378,#5379,#5380,#5381,
    #5382,#5383,#5384,#5385,#5386,#5387,#5388,#5389,#5390,#5391,#5392,
    #5393,#5394,#5395,#5396,#5397,#5398,#5399,#5400,#5401,#5402,#5403,
    #5404,#5405,#5406,#5407,#5408,#5409,#5410,#5411,#5412,#5413,#5414,
    #5415,#5416,#5417,#5418,#5419,#5420,#5421,#5422,#5423,#5424,#5425,
    #5426,#5427,#5428,#5429,#5430,#5431,#5432,#5433,#5434,#5435,#5436,
    #5437,#5438,#5439,#5440,#5441,#5442,#5443,#5444,#5445,#5446,#5447,
    #5448,#5449,#5450,#5451,#5452,#5453,#5454,#5455,#5456,#5457,#5458,
    #5459,#5460,#5461,#5462,#5463,#5464,#5465,#5466,#5467,#5468,#5469,
    #5470,#5471,#5472,#5473,#5474,#5475,#5476,#5477,#5478,#5479,#5480,
    #5481,#5482),.UNSPECIFIED.,.F.,.F.,(7,5,5,5,5,5,5,5,5,5,5,5,5,5,5,5,
    5,5,5,5,5,5,5,7),(0.,7.030385349682E-02,0.120675869367,
    0.157970423778,0.185055144646,0.250035312129,0.326198177799,
    0.357739732678,0.400423544876,0.45901163775,0.498558335297,
    0.507436590672,0.538788843578,0.596420630918,0.638400997191,
    0.669418384697,0.744298554005,0.819178723313,0.850196110819,
    0.892176477092,0.949808264432,0.974778845095,0.986337165922,1.),
  .UNSPECIFIED.);
#5366 = CARTESIAN_POINT('',(7.828427124746,5.5));
#5367 = CARTESIAN_POINT('',(7.828427124746,5.364282713751));
#5368 = CARTESIAN_POINT('',(7.820612240904,5.227864861758));
#5369 = CARTESIAN_POINT('',(7.804832587142,5.091414579158));
#5370 = CARTESIAN_POINT('',(7.781027396785,4.955599300673));
#5371 = CARTESIAN_POINT('',(7.749221666837,4.821083825756));
#5372 = CARTESIAN_POINT('',(7.681078958348,4.593553720254));
#5373 = CARTESIAN_POINT('',(7.648582373819,4.499582658515));
#5374 = CARTESIAN_POINT('',(7.612072591008,4.406856533534));
#5375 = CARTESIAN_POINT('',(7.571608996601,4.315610215115));
#5376 = CARTESIAN_POINT('',(7.527270821644,4.226072107869));
#5377 = CARTESIAN_POINT('',(7.44353461921,4.073600761297));
#5378 = CARTESIAN_POINT('',(7.405842188325,4.009794914377));
#5379 = CARTESIAN_POINT('',(7.366119889167,3.947136384562));
#5380 = CARTESIAN_POINT('',(7.324412995382,3.885711927784));
#5381 = CARTESIAN_POINT('',(7.280772013987,3.825605281802));
#5382 = CARTESIAN_POINT('',(7.202194821322,3.724261104476));
#5383 = CARTESIAN_POINT('',(7.16814620238,3.682362567167));
#5384 = CARTESIAN_POINT('',(7.133128138082,3.641232419053));
#5385 = CARTESIAN_POINT('',(7.09716322531,3.600900492007));
#5386 = CARTESIAN_POINT('',(7.060275348292,3.561395584989));
#5387 = CARTESIAN_POINT('',(6.931836385298,3.430018227009));
#5388 = CARTESIAN_POINT('',(6.836013671522,3.342209418337));
#5389 = CARTESIAN_POINT('',(6.735372095295,3.259705087059));
#5390 = CARTESIAN_POINT('',(6.630296712761,3.182849517184));
#5391 = CARTESIAN_POINT('',(6.521206361599,3.111944866806));
#5392 = CARTESIAN_POINT('',(6.276512547941,2.971423286888));
#5393 = CARTESIAN_POINT('',(6.139570057539,2.904124020438));
#5394 = CARTESIAN_POINT('',(5.998456175872,2.845771483107));
#5395 = CARTESIAN_POINT('',(5.853937351657,2.796688968903));
#5396 = CARTESIAN_POINT('',(5.706814016613,2.757103491786));
#5397 = CARTESIAN_POINT('',(5.496256411224,2.714737757559));
#5398 = CARTESIAN_POINT('',(5.434289237813,2.70398161324));
#5399 = CARTESIAN_POINT('',(5.37207585734,2.694885291925));
#5400 = CARTESIAN_POINT('',(5.309675080364,2.687454784671));
#5401 = CARTESIAN_POINT('',(5.247145972832,2.681693035571));
#5402 = CARTESIAN_POINT('',(5.099836551604,2.672060936185));
#5403 = CARTESIAN_POINT('',(5.014998421534,2.669577699231));
#5404 = CARTESIAN_POINT('',(4.930180824503,2.670149998298));
#5405 = CARTESIAN_POINT('',(4.84553014522,2.673767128046));
#5406 = CARTESIAN_POINT('',(4.761191794474,2.680407910378));
#5407 = CARTESIAN_POINT('',(4.562173770766,2.703262719813));
#5408 = CARTESIAN_POINT('',(4.447895554962,2.72212196202));
#5409 = CARTESIAN_POINT('',(4.334851121015,2.746536401174));
#5410 = CARTESIAN_POINT('',(4.223403146157,2.776386799772));
#5411 = CARTESIAN_POINT('',(4.113901425562,2.811516702704));
#5412 = CARTESIAN_POINT('',(3.934310834134,2.878877876077));
#5413 = CARTESIAN_POINT('',(3.862978131955,2.908340692184));
#5414 = CARTESIAN_POINT('',(3.792787909524,2.940061343619));
#5415 = CARTESIAN_POINT('',(3.723838628096,2.973972843861));
#5416 = CARTESIAN_POINT('',(3.656224066464,3.010000761827));
#5417 = CARTESIAN_POINT('',(3.575173462137,3.056608265101));
#5418 = CARTESIAN_POINT('',(3.560328071744,3.065288618133));
#5419 = CARTESIAN_POINT('',(3.545485270743,3.074113377111));
#5420 = CARTESIAN_POINT('',(3.530640822087,3.083087223574));
#5421 = CARTESIAN_POINT('',(3.515798130717,3.092210424445));
#5422 = CARTESIAN_POINT('',(3.448598678451,3.134208850103));
#5423 = CARTESIAN_POINT('',(3.396972973881,3.168382076628));
#5424 = CARTESIAN_POINT('',(3.346150451915,3.203976907949));
#5425 = CARTESIAN_POINT('',(3.296188642503,3.240968512386));
#5426 = CARTESIAN_POINT('',(3.247143283479,3.27932883023));
#5427 = CARTESIAN_POINT('',(3.110696807113,3.391999062191));
#5428 = CARTESIAN_POINT('',(3.025603113297,3.469492048314));
#5429 = CARTESIAN_POINT('',(2.944123596093,3.551309381373));
#5430 = CARTESIAN_POINT('',(2.86656869904,3.63722513853));
#5431 = CARTESIAN_POINT('',(2.793222952241,3.726983624861));
#5432 = CARTESIAN_POINT('',(2.674172611633,3.88827278666));
#5433 = CARTESIAN_POINT('',(2.626370168041,3.958134733222));
#5434 = CARTESIAN_POINT('',(2.58103714726,4.029775530667));
#5435 = CARTESIAN_POINT('',(2.538264442792,4.103079426949));
#5436 = CARTESIAN_POINT('',(2.498134335966,4.17792460034));
#5437 = CARTESIAN_POINT('',(2.433077107434,4.310527148021));
#5438 = CARTESIAN_POINT('',(2.406916444542,4.367642937605));
#5439 = CARTESIAN_POINT('',(2.382268159236,4.42547906992));
#5440 = CARTESIAN_POINT('',(2.359159130204,4.483982789603));
#5441 = CARTESIAN_POINT('',(2.33761346285,4.543100044204));
#5442 = CARTESIAN_POINT('',(2.269463998903,4.746840068858));
#5443 = CARTESIAN_POINT('',(2.230509887636,4.894162947677));
#5444 = CARTESIAN_POINT('',(2.201092326013,5.04395703185));
#5445 = CARTESIAN_POINT('',(2.181412939075,5.195414693341));
#5446 = CARTESIAN_POINT('',(2.171572875254,5.34770984155));
#5447 = CARTESIAN_POINT('',(2.171572875254,5.652290158449));
#5448 = CARTESIAN_POINT('',(2.181412939075,5.804585306658));
#5449 = CARTESIAN_POINT('',(2.201092326013,5.95604296815));
#5450 = CARTESIAN_POINT('',(2.230509887635,6.105837052323));
#5451 = CARTESIAN_POINT('',(2.269463998903,6.253159931141));
#5452 = CARTESIAN_POINT('',(2.33761346285,6.456899955796));
#5453 = CARTESIAN_POINT('',(2.359159130203,6.516017210396));
#5454 = CARTESIAN_POINT('',(2.382268159235,6.57452093008));
#5455 = CARTESIAN_POINT('',(2.406916444542,6.632357062394));
#5456 = CARTESIAN_POINT('',(2.433077107433,6.689472851979));
#5457 = CARTESIAN_POINT('',(2.498134335965,6.822075399659));
#5458 = CARTESIAN_POINT('',(2.538264442791,6.896920573051));
#5459 = CARTESIAN_POINT('',(2.58103714726,6.970224469332));
#5460 = CARTESIAN_POINT('',(2.626370168041,7.041865266778));
#5461 = CARTESIAN_POINT('',(2.674172611633,7.111727213339));
#5462 = CARTESIAN_POINT('',(2.79322295224,7.273016375139));
#5463 = CARTESIAN_POINT('',(2.86656869904,7.362774861469));
#5464 = CARTESIAN_POINT('',(2.944123596093,7.448690618626));
#5465 = CARTESIAN_POINT('',(3.025603113297,7.530507951685));
#5466 = CARTESIAN_POINT('',(3.110696807112,7.608000937809));
#5467 = CARTESIAN_POINT('',(3.237357745662,7.712590793896));
#5468 = CARTESIAN_POINT('',(3.276262708344,7.743359762894));
#5469 = CARTESIAN_POINT('',(3.315755978653,7.773264554045));
#5470 = CARTESIAN_POINT('',(3.355809589271,7.802290668088));
#5471 = CARTESIAN_POINT('',(3.396394835516,7.83042488569));
#5472 = CARTESIAN_POINT('',(3.456500728204,7.870259599432));
#5473 = CARTESIAN_POINT('',(3.475542341574,7.882614317939));
#5474 = CARTESIAN_POINT('',(3.494602358823,7.894721443004));
#5475 = CARTESIAN_POINT('',(3.513676172271,7.906583100551));
#5476 = CARTESIAN_POINT('',(3.532759323175,7.918201522388));
#5477 = CARTESIAN_POINT('',(3.57441121324,7.943028164167));
#5478 = CARTESIAN_POINT('',(3.593074659152,7.953808941485));
#5479 = CARTESIAN_POINT('',(3.613800577573,7.965715066104));
#5480 = CARTESIAN_POINT('',(3.638127860365,7.979240420466));
#5481 = CARTESIAN_POINT('',(3.6622799222,7.992145070065));
#5482 = CARTESIAN_POINT('',(3.677124344468,8.));
#5483 = ( GEOMETRIC_REPRESENTATION_CONTEXT(2) 
PARAMETRIC_REPRESENTATION_CONTEXT() REPRESENTATION_CONTEXT('2D SPACE',''
  ) );
#5484 = ORIENTED_EDGE('',*,*,#5485,.T.);
#5485 = EDGE_CURVE('',#5121,#4871,#5486,.T.);
#5486 = SURFACE_CURVE('',#5487,(#5532,#5580),.PCURVE_S1.);
#5487 = B_SPLINE_CURVE_WITH_KNOTS('',8,(#5488,#5489,#5490,#5491,#5492,
    #5493,#5494,#5495,#5496,#5497,#5498,#5499,#5500,#5501,#5502,#5503,
    #5504,#5505,#5506,#5507,#5508,#5509,#5510,#5511,#5512,#5513,#5514,
    #5515,#5516,#5517,#5518,#5519,#5520,#5521,#5522,#5523,#5524,#5525,
    #5526,#5527,#5528,#5529,#5530,#5531),.UNSPECIFIED.,.F.,.F.,(9,7,7,7,
    7,7,9),(0.,0.144791769025,0.296693625435,0.461507438366,
    0.653443233584,0.802370595134,1.),.UNSPECIFIED.);
#5488 = CARTESIAN_POINT('',(7.126470443164,3.635026688033,2.500001));
#5489 = CARTESIAN_POINT('',(7.118276837003,3.651090254311,2.452619368893
    ));
#5490 = CARTESIAN_POINT('',(7.109576267723,3.668045446889,2.40543414201)
  );
#5491 = CARTESIAN_POINT('',(7.100358625378,3.685891834013,2.358461433676
    ));
#5492 = CARTESIAN_POINT('',(7.090613058391,3.704628605821,2.311718046019
    ));
#5493 = CARTESIAN_POINT('',(7.080327973547,3.724254574346,2.265221468965
    ));
#5494 = CARTESIAN_POINT('',(7.069491035997,3.744768173518,2.218989880241
    ));
#5495 = CARTESIAN_POINT('',(7.058089169257,3.766167459158,2.173042145375
    ));
#5496 = CARTESIAN_POINT('',(7.033539625858,3.811826961801,2.079512097702
    ));
#5497 = CARTESIAN_POINT('',(7.020333803389,3.836175851453,2.031960679877
    ));
#5498 = CARTESIAN_POINT('',(7.006475109044,3.861494063723,1.984766038611
    ));
#5499 = CARTESIAN_POINT('',(6.991946769799,3.887778113948,1.937951990742
    ));
#5500 = CARTESIAN_POINT('',(6.976731261225,3.915023654186,1.891543681771
    ));
#5501 = CARTESIAN_POINT('',(6.960810350351,3.943225380387,1.845567572088
    ));
#5502 = CARTESIAN_POINT('',(6.94416513853,3.972376939566,1.800051423189)
  );
#5503 = CARTESIAN_POINT('',(6.907908967972,4.035122774847,1.706169749224
    ));
#5504 = CARTESIAN_POINT('',(6.888166488363,4.068883507505,1.657891727921
    ));
#5505 = CARTESIAN_POINT('',(6.867523706823,4.103743629485,1.61022695532)
  );
#5506 = CARTESIAN_POINT('',(6.84595514116,4.139691435177,1.563215158949)
  );
#5507 = CARTESIAN_POINT('',(6.823435127873,4.176712578683,1.516898927545
    ));
#5508 = CARTESIAN_POINT('',(6.799938164387,4.214789733669,1.471323580062
    ));
#5509 = CARTESIAN_POINT('',(6.775439251284,4.25390225323,1.426537034682)
  );
#5510 = CARTESIAN_POINT('',(6.720188786761,4.340752195856,1.331410284936
    ));
#5511 = CARTESIAN_POINT('',(6.68907404807,4.388846182402,1.281372887331)
  );
#5512 = CARTESIAN_POINT('',(6.656530587704,4.438271672897,1.232553974788
    ));
#5513 = CARTESIAN_POINT('',(6.622523686698,4.488981226333,1.185040006518
    ));
#5514 = CARTESIAN_POINT('',(6.587024967069,4.540914517377,1.138926227344
    ));
#5515 = CARTESIAN_POINT('',(6.550015405545,4.593996121753,1.094315129123
    ));
#5516 = CARTESIAN_POINT('',(6.51148973182,4.648132646807,1.051314557427)
  );
#5517 = CARTESIAN_POINT('',(6.440403945187,4.745944366781,0.978006072902
    ));
#5518 = CARTESIAN_POINT('',(6.408447451675,4.78923702401,0.947019610741)
  );
#5519 = CARTESIAN_POINT('',(6.375597537595,4.833037404392,0.917123341028
    ));
#5520 = CARTESIAN_POINT('',(6.341871458831,4.877278888293,0.888374130186
    ));
#5521 = CARTESIAN_POINT('',(6.307303741878,4.921875650678,0.860834729096
    ));
#5522 = CARTESIAN_POINT('',(6.271951005342,4.966720300796,0.834570055184
    ));
#5523 = CARTESIAN_POINT('',(6.235896781449,5.011681521866,0.809643474499
    ));
#5524 = CARTESIAN_POINT('',(6.150633780568,5.116211644823,0.754887813543
    ));
#5525 = CARTESIAN_POINT('',(6.100883763889,5.175866461938,0.726059395395
    ));
#5526 = CARTESIAN_POINT('',(6.05036749445,5.235077211084,0.699842841371)
  );
#5527 = CARTESIAN_POINT('',(5.999615378253,5.293208426271,0.676434953412
    ));
#5528 = CARTESIAN_POINT('',(5.949318906965,5.349511110573,0.655967566577
    ));
#5529 = CARTESIAN_POINT('',(5.900358244254,5.403149469803,0.63842429435)
  );
#5530 = CARTESIAN_POINT('',(5.853534181508,5.453461708699,0.623618064439
    ));
#5531 = CARTESIAN_POINT('',(5.809475019311,5.5,0.611271872759));
#5532 = PCURVE('',#1773,#5533);
#5533 = DEFINITIONAL_REPRESENTATION('',(#5534),#5579);
#5534 = B_SPLINE_CURVE_WITH_KNOTS('',8,(#5535,#5536,#5537,#5538,#5539,
    #5540,#5541,#5542,#5543,#5544,#5545,#5546,#5547,#5548,#5549,#5550,
    #5551,#5552,#5553,#5554,#5555,#5556,#5557,#5558,#5559,#5560,#5561,
    #5562,#5563,#5564,#5565,#5566,#5567,#5568,#5569,#5570,#5571,#5572,
    #5573,#5574,#5575,#5576,#5577,#5578),.UNSPECIFIED.,.F.,.F.,(9,7,7,7,
    7,7,9),(0.,0.144791769025,0.296693625435,0.461507438366,
    0.653443233584,0.802370595134,1.),.UNSPECIFIED.);
#5535 = CARTESIAN_POINT('',(5.535420303867,-0.35584929209));
#5536 = CARTESIAN_POINT('',(5.537618665112,-0.372546190979));
#5537 = CARTESIAN_POINT('',(5.539958570448,-0.389214510243));
#5538 = CARTESIAN_POINT('',(5.542444032679,-0.405860142196));
#5539 = CARTESIAN_POINT('',(5.545079754123,-0.422488921671));
#5540 = CARTESIAN_POINT('',(5.547871126616,-0.439106626023));
#5541 = CARTESIAN_POINT('',(5.550824231509,-0.455718975124));
#5542 = CARTESIAN_POINT('',(5.553945839669,-0.472331631366));
#5543 = CARTESIAN_POINT('',(5.560702912549,-0.506384832806));
#5544 = CARTESIAN_POINT('',(5.564356163041,-0.523825875234));
#5545 = CARTESIAN_POINT('',(5.568212140297,-0.541279896348));
#5546 = CARTESIAN_POINT('',(5.57228082063,-0.558753295097));
#5547 = CARTESIAN_POINT('',(5.576573515776,-0.576252319495));
#5548 = CARTESIAN_POINT('',(5.581103209344,-0.59378308614));
#5549 = CARTESIAN_POINT('',(5.585884893272,-0.61135159974));
#5550 = CARTESIAN_POINT('',(5.596416261147,-0.648073014847));
#5551 = CARTESIAN_POINT('',(5.602213492832,-0.667233342727));
#5552 = CARTESIAN_POINT('',(5.608350265742,-0.686452368838));
#5553 = CARTESIAN_POINT('',(5.614851965624,-0.705737192561));
#5554 = CARTESIAN_POINT('',(5.621748145721,-0.725094289639));
#5555 = CARTESIAN_POINT('',(5.629073974921,-0.744529401735));
#5556 = CARTESIAN_POINT('',(5.636871685917,-0.76404742599));
#5557 = CARTESIAN_POINT('',(5.654881566686,-0.806483388305));
#5558 = CARTESIAN_POINT('',(5.665279485988,-0.829430473825));
#5559 = CARTESIAN_POINT('',(5.676466499456,-0.852501006605));
#5560 = CARTESIAN_POINT('',(5.688541325565,-0.875697848549));
#5561 = CARTESIAN_POINT('',(5.701623262005,-0.899019129109));
#5562 = CARTESIAN_POINT('',(5.715860805796,-0.922456869983));
#5563 = CARTESIAN_POINT('',(5.731446314555,-0.945994383398));
#5564 = CARTESIAN_POINT('',(5.761975128037,-0.987920476702));
#5565 = CARTESIAN_POINT('',(5.776277217135,-1.006277448706));
#5566 = CARTESIAN_POINT('',(5.791664188024,-1.02466113392));
#5567 = CARTESIAN_POINT('',(5.808278179488,-1.043051284312));
#5568 = CARTESIAN_POINT('',(5.826288868107,-1.061417466173));
#5569 = CARTESIAN_POINT('',(5.845900079052,-1.079716896392));
#5570 = CARTESIAN_POINT('',(5.867356396892,-1.09789227873));
#5571 = CARTESIAN_POINT('',(5.922258633956,-1.139725936143));
#5572 = CARTESIAN_POINT('',(5.957392083594,-1.163280216557));
#5573 = CARTESIAN_POINT('',(5.996990663049,-1.186308898726));
#5574 = CARTESIAN_POINT('',(6.041779613283,-1.208511205531));
#5575 = CARTESIAN_POINT('',(6.092486268775,-1.229527003834));
#5576 = CARTESIAN_POINT('',(6.149795375416,-1.248933801712));
#5577 = CARTESIAN_POINT('',(6.213666074624,-1.266432032709));
#5578 = CARTESIAN_POINT('',(6.28318530718,-1.281883322169));
#5579 = ( GEOMETRIC_REPRESENTATION_CONTEXT(2) 
PARAMETRIC_REPRESENTATION_CONTEXT() REPRESENTATION_CONTEXT('2D SPACE',''
  ) );
#5580 = PCURVE('',#643,#5581);
#5581 = DEFINITIONAL_REPRESENTATION('',(#5582),#5627);
#5582 = B_SPLINE_CURVE_WITH_KNOTS('',8,(#5583,#5584,#5585,#5586,#5587,
    #5588,#5589,#5590,#5591,#5592,#5593,#5594,#5595,#5596,#5597,#5598,
    #5599,#5600,#5601,#5602,#5603,#5604,#5605,#5606,#5607,#5608,#5609,
    #5610,#5611,#5612,#5613,#5614,#5615,#5616,#5617,#5618,#5619,#5620,
    #5621,#5622,#5623,#5624,#5625,#5626),.UNSPECIFIED.,.F.,.F.,(9,7,7,7,
    7,7,9),(0.,0.144791769025,0.296693625435,0.461507438366,
    0.653443233584,0.802370595134,1.),.UNSPECIFIED.);
#5583 = CARTESIAN_POINT('',(0.471674225148,-2.500001));
#5584 = CARTESIAN_POINT('',(0.473928295575,-2.452619368893));
#5585 = CARTESIAN_POINT('',(0.476310446324,-2.40543414201));
#5586 = CARTESIAN_POINT('',(0.478821215845,-2.358461433676));
#5587 = CARTESIAN_POINT('',(0.481461155878,-2.311718046019));
#5588 = CARTESIAN_POINT('',(0.484230831442,-2.265221468965));
#5589 = CARTESIAN_POINT('',(0.487130820844,-2.218989880241));
#5590 = CARTESIAN_POINT('',(0.490161715671,-2.173042145375));
#5591 = CARTESIAN_POINT('',(0.496641817743,-2.079512097702));
#5592 = CARTESIAN_POINT('',(0.500104231989,-2.031960679877));
#5593 = CARTESIAN_POINT('',(0.503712066593,-1.984766038611));
#5594 = CARTESIAN_POINT('',(0.507466006522,-1.937951990742));
#5595 = CARTESIAN_POINT('',(0.51136671082,-1.891543681771));
#5596 = CARTESIAN_POINT('',(0.51541480477,-1.845567572088));
#5597 = CARTESIAN_POINT('',(0.519610872055,-1.800051423189));
#5598 = CARTESIAN_POINT('',(0.528669319208,-1.706169749224));
#5599 = CARTESIAN_POINT('',(0.533557940052,-1.657891727921));
#5600 = CARTESIAN_POINT('',(0.538622012074,-1.61022695532));
#5601 = CARTESIAN_POINT('',(0.543862071149,-1.563215158949));
#5602 = CARTESIAN_POINT('',(0.549278437208,-1.516898927545));
#5603 = CARTESIAN_POINT('',(0.554871165035,-1.471323580062));
#5604 = CARTESIAN_POINT('',(0.560639995057,-1.426537034682));
#5605 = CARTESIAN_POINT('',(0.573506816709,-1.331410284936));
#5606 = CARTESIAN_POINT('',(0.580666781544,-1.281372887331));
#5607 = CARTESIAN_POINT('',(0.588063542486,-1.232553974788));
#5608 = CARTESIAN_POINT('',(0.595695073619,-1.185040006518));
#5609 = CARTESIAN_POINT('',(0.603557735333,-1.138926227344));
#5610 = CARTESIAN_POINT('',(0.611645852417,-1.094315129123));
#5611 = CARTESIAN_POINT('',(0.619951114201,-1.051314557427));
#5612 = CARTESIAN_POINT('',(0.635065429448,-0.978006072902));
#5613 = CARTESIAN_POINT('',(0.641791447361,-0.947019610741));
#5614 = CARTESIAN_POINT('',(0.648634889452,-0.917123341028));
#5615 = CARTESIAN_POINT('',(0.655588267892,-0.888374130186));
#5616 = CARTESIAN_POINT('',(0.662640949515,-0.860834729096));
#5617 = CARTESIAN_POINT('',(0.669778537292,-0.834570055184));
#5618 = CARTESIAN_POINT('',(0.676982251799,-0.809643474499));
#5619 = CARTESIAN_POINT('',(0.693843971539,-0.754887813543));
#5620 = CARTESIAN_POINT('',(0.703553057174,-0.726059395395));
#5621 = CARTESIAN_POINT('',(0.713281029276,-0.699842841371));
#5622 = CARTESIAN_POINT('',(0.722925873755,-0.676434953412));
#5623 = CARTESIAN_POINT('',(0.732361810717,-0.655967566576));
#5624 = CARTESIAN_POINT('',(0.741439070948,-0.63842429435));
#5625 = CARTESIAN_POINT('',(0.750030008663,-0.623618064439));
#5626 = CARTESIAN_POINT('',(0.758040765426,-0.611271872759));
#5627 = ( GEOMETRIC_REPRESENTATION_CONTEXT(2) 
PARAMETRIC_REPRESENTATION_CONTEXT() REPRESENTATION_CONTEXT('2D SPACE',''
  ) );
#5628 = ADVANCED_FACE('',(#5629),#1111,.T.);
#5629 = FACE_BOUND('',#5630,.T.);
#5630 = EDGE_LOOP('',(#5631,#5632,#5633));
#5631 = ORIENTED_EDGE('',*,*,#5120,.T.);
#5632 = ORIENTED_EDGE('',*,*,#747,.T.);
#5633 = ORIENTED_EDGE('',*,*,#5634,.T.);
#5634 = EDGE_CURVE('',#698,#5121,#5635,.T.);
#5635 = SURFACE_CURVE('',#5636,(#5641,#5648),.PCURVE_S1.);
#5636 = ELLIPSE('',#5637,8.,8.);
#5637 = AXIS2_PLACEMENT_3D('',#5638,#5639,#5640);
#5638 = CARTESIAN_POINT('',(0.,0.,2.5));
#5639 = DIRECTION('',(0.,0.,1.));
#5640 = DIRECTION('',(1.,0.,-0.));
#5641 = PCURVE('',#1111,#5642);
#5642 = DEFINITIONAL_REPRESENTATION('',(#5643),#5647);
#5643 = CIRCLE('',#5644,8.);
#5644 = AXIS2_PLACEMENT_2D('',#5645,#5646);
#5645 = CARTESIAN_POINT('',(5.127900497023E-16,-6.990076196319E-16));
#5646 = DIRECTION('',(1.,0.));
#5647 = ( GEOMETRIC_REPRESENTATION_CONTEXT(2) 
PARAMETRIC_REPRESENTATION_CONTEXT() REPRESENTATION_CONTEXT('2D SPACE',''
  ) );
#5648 = PCURVE('',#643,#5649);
#5649 = DEFINITIONAL_REPRESENTATION('',(#5650),#5654);
#5650 = LINE('',#5651,#5652);
#5651 = CARTESIAN_POINT('',(0.,-2.5));
#5652 = VECTOR('',#5653,1.);
#5653 = DIRECTION('',(1.,0.));
#5654 = ( GEOMETRIC_REPRESENTATION_CONTEXT(2) 
PARAMETRIC_REPRESENTATION_CONTEXT() REPRESENTATION_CONTEXT('2D SPACE',''
  ) );
#5655 = ADVANCED_FACE('',(#5656),#643,.F.);
#5656 = FACE_BOUND('',#5657,.F.);
#5657 = EDGE_LOOP('',(#5658,#5687,#5708,#5709,#5710,#5711,#5712,#5713,
    #5714,#5715,#5716,#5717));
#5658 = ORIENTED_EDGE('',*,*,#5659,.F.);
#5659 = EDGE_CURVE('',#5660,#5660,#5662,.T.);
#5660 = VERTEX_POINT('',#5661);
#5661 = CARTESIAN_POINT('',(8.,0.,0.));
#5662 = SURFACE_CURVE('',#5663,(#5668,#5675),.PCURVE_S1.);
#5663 = ELLIPSE('',#5664,8.,8.);
#5664 = AXIS2_PLACEMENT_3D('',#5665,#5666,#5667);
#5665 = CARTESIAN_POINT('',(0.,0.,0.));
#5666 = DIRECTION('',(0.,0.,1.));
#5667 = DIRECTION('',(1.,0.,-0.));
#5668 = PCURVE('',#643,#5669);
#5669 = DEFINITIONAL_REPRESENTATION('',(#5670),#5674);
#5670 = LINE('',#5671,#5672);
#5671 = CARTESIAN_POINT('',(0.,0.));
#5672 = VECTOR('',#5673,1.);
#5673 = DIRECTION('',(1.,0.));
#5674 = ( GEOMETRIC_REPRESENTATION_CONTEXT(2) 
PARAMETRIC_REPRESENTATION_CONTEXT() REPRESENTATION_CONTEXT('2D SPACE',''
  ) );
#5675 = PCURVE('',#5676,#5681);
#5676 = PLANE('',#5677);
#5677 = AXIS2_PLACEMENT_3D('',#5678,#5679,#5680);
#5678 = CARTESIAN_POINT('',(-5.127900497023E-16,6.990076196319E-16,0.));
#5679 = DIRECTION('',(0.,0.,1.));
#5680 = DIRECTION('',(1.,0.,-0.));
#5681 = DEFINITIONAL_REPRESENTATION('',(#5682),#5686);
#5682 = CIRCLE('',#5683,8.);
#5683 = AXIS2_PLACEMENT_2D('',#5684,#5685);
#5684 = CARTESIAN_POINT('',(5.127900497023E-16,-6.990076196319E-16));
#5685 = DIRECTION('',(1.,0.));
#5686 = ( GEOMETRIC_REPRESENTATION_CONTEXT(2) 
PARAMETRIC_REPRESENTATION_CONTEXT() REPRESENTATION_CONTEXT('2D SPACE',''
  ) );
#5687 = ORIENTED_EDGE('',*,*,#5688,.T.);
#5688 = EDGE_CURVE('',#5660,#610,#5689,.T.);
#5689 = SEAM_CURVE('',#5690,(#5694,#5701),.PCURVE_S1.);
#5690 = LINE('',#5691,#5692);
#5691 = CARTESIAN_POINT('',(8.,0.,0.));
#5692 = VECTOR('',#5693,1.);
#5693 = DIRECTION('',(0.,0.,1.));
#5694 = PCURVE('',#643,#5695);
#5695 = DEFINITIONAL_REPRESENTATION('',(#5696),#5700);
#5696 = LINE('',#5697,#5698);
#5697 = CARTESIAN_POINT('',(6.28318530718,0.));
#5698 = VECTOR('',#5699,1.);
#5699 = DIRECTION('',(0.,-1.));
#5700 = ( GEOMETRIC_REPRESENTATION_CONTEXT(2) 
PARAMETRIC_REPRESENTATION_CONTEXT() REPRESENTATION_CONTEXT('2D SPACE',''
  ) );
#5701 = PCURVE('',#643,#5702);
#5702 = DEFINITIONAL_REPRESENTATION('',(#5703),#5707);
#5703 = LINE('',#5704,#5705);
#5704 = CARTESIAN_POINT('',(0.,0.));
#5705 = VECTOR('',#5706,1.);
#5706 = DIRECTION('',(0.,-1.));
#5707 = ( GEOMETRIC_REPRESENTATION_CONTEXT(2) 
PARAMETRIC_REPRESENTATION_CONTEXT() REPRESENTATION_CONTEXT('2D SPACE',''
  ) );
#5708 = ORIENTED_EDGE('',*,*,#697,.T.);
#5709 = ORIENTED_EDGE('',*,*,#5634,.T.);
#5710 = ORIENTED_EDGE('',*,*,#5485,.T.);
#5711 = ORIENTED_EDGE('',*,*,#4902,.T.);
#5712 = ORIENTED_EDGE('',*,*,#4843,.T.);
#5713 = ORIENTED_EDGE('',*,*,#3748,.F.);
#5714 = ORIENTED_EDGE('',*,*,#4331,.F.);
#5715 = ORIENTED_EDGE('',*,*,#3690,.T.);
#5716 = ORIENTED_EDGE('',*,*,#609,.T.);
#5717 = ORIENTED_EDGE('',*,*,#5688,.F.);
#5718 = ADVANCED_FACE('',(#5719),#5676,.F.);
#5719 = FACE_BOUND('',#5720,.F.);
#5720 = EDGE_LOOP('',(#5721));
#5721 = ORIENTED_EDGE('',*,*,#5659,.T.);
#5722 = ( GEOMETRIC_REPRESENTATION_CONTEXT(3) 
GLOBAL_UNCERTAINTY_ASSIGNED_CONTEXT((#5726)) 
GLOBAL_UNIT_ASSIGNED_CONTEXT((#5723,#5724,#5725)) REPRESENTATION_CONTEXT
('Context #1','3D Context with UNIT and UNCERTAINTY') );
#5723 = ( LENGTH_UNIT() NAMED_UNIT(*) SI_UNIT(.MILLI.,.METRE.) );
#5724 = ( NAMED_UNIT(*) PLANE_ANGLE_UNIT() SI_UNIT($,.RADIAN.) );
#5725 = ( NAMED_UNIT(*) SI_UNIT($,.STERADIAN.) SOLID_ANGLE_UNIT() );
#5726 = UNCERTAINTY_MEASURE_WITH_UNIT(LENGTH_MEASURE(5.E-06),#5723,
  'distance_accuracy_value','confusion accuracy');
#5727 = PRODUCT_RELATED_PRODUCT_CATEGORY('part',$,(#7));
ENDSEC;
END-ISO-10303-21;
