734988 +++ exited with 0 +++
734974 --- SIGCHLD {si_signo=SIGCHLD, si_code=CLD_EXITED, si_pid=734988, si_uid=1000, si_status=0, si_utime=0, si_stime=0} ---
734974 socket(AF_INET, SOCK_STREAM|SOCK_CLOEXEC, IPPROTO_IP) = -1 EPERM (不允许的操作)
735013 +++ exited with 0 +++
735005 +++ exited with 0 +++
734974 --- SIGCHLD {si_signo=SIGCHLD, si_code=CLD_EXITED, si_pid=735005, si_uid=1000, si_status=0, si_utime=1, si_stime=0} ---
735165 +++ exited with 0 +++
735161 +++ exited with 0 +++
734974 --- SIGCHLD {si_signo=SIGCHLD, si_code=CLD_EXITED, si_pid=735161, si_uid=1000, si_status=0, si_utime=1, si_stime=0} ---
735285 +++ exited with 0 +++
735282 +++ exited with 0 +++
735253 +++ exited with 0 +++
735249 +++ exited with 0 +++
735248 +++ exited with 0 +++
735181 +++ exited with 0 +++
735178 +++ exited with 0 +++
735175 +++ exited with 0 +++
735286 +++ exited with 0 +++
735172 +++ exited with 0 +++
734974 --- SIGCHLD {si_signo=SIGCHLD, si_code=CLD_EXITED, si_pid=735172, si_uid=1000, si_status=0, si_utime=32, si_stime=10} ---
735302 +++ exited with 0 +++
735367 +++ exited with 0 +++
735455 +++ exited with 0 +++
735368 +++ exited with 0 +++
735303 +++ exited with 0 +++
735369 +++ exited with 0 +++
735294 +++ exited with 0 +++
735293 +++ exited with 0 +++
734974 --- SIGCHLD {si_signo=SIGCHLD, si_code=CLD_EXITED, si_pid=735293, si_uid=1000, si_status=0, si_utime=95, si_stime=9} ---
734974 sendfile(5, 4, [0] => [203278], 8388608) = 203278
734974 sendfile(5, 4, [203278], 8388608) = 0
734974 sendfile(5, 4, [0] => [182268], 8388608) = 182268
734974 sendfile(5, 4, [182268], 8388608) = 0
734974 sendfile(5, 4, [0] => [178612], 8388608) = 178612
734974 sendfile(5, 4, [178612], 8388608) = 0
734974 sendfile(5, 4, [0] => [1087071], 8388608) = 1087071
734974 sendfile(5, 4, [1087071], 8388608) = 0
734974 sendfile(5, 4, [0] => [955201], 8388608) = 955201
734974 sendfile(5, 4, [955201], 8388608) = 0
734974 sendfile(5, 4, [0] => [290446], 8388608) = 290446
734974 sendfile(5, 4, [290446], 8388608) = 0
734974 sendfile(5, 4, [0] => [1067253], 8388608) = 1067253
734974 sendfile(5, 4, [1067253], 8388608) = 0
734974 sendfile(5, 4, [0] => [245983], 8388608) = 245983
734974 sendfile(5, 4, [245983], 8388608) = 0
734974 sendfile(5, 4, [0] => [70361], 8388608) = 70361
734974 sendfile(5, 4, [70361], 8388608) = 0
734974 sendfile(5, 4, [0] => [91041], 8388608) = 91041
734974 sendfile(5, 4, [91041], 8388608) = 0
734974 sendfile(5, 4, [0] => [798339], 8388608) = 798339
734974 sendfile(5, 4, [798339], 8388608) = 0
734974 sendfile(5, 4, [0] => [558786], 8388608) = 558786
734974 sendfile(5, 4, [558786], 8388608) = 0
734974 sendfile(5, 4, [0] => [803316], 8388608) = 803316
734974 sendfile(5, 4, [803316], 8388608) = 0
734974 sendfile(5, 4, [0] => [752680], 8388608) = 752680
734974 sendfile(5, 4, [752680], 8388608) = 0
734974 sendfile(5, 4, [0] => [709], 8388608) = 709
734974 sendfile(5, 4, [709], 8388608)   = 0
734974 sendfile(5, 4, [0] => [357517], 8388608) = 357517
734974 sendfile(5, 4, [357517], 8388608) = 0
734974 sendfile(5, 4, [0] => [1079168], 8388608) = 1079168
734974 sendfile(5, 4, [1079168], 8388608) = 0
734974 sendfile(5, 4, [0] => [1054486], 8388608) = 1054486
734974 sendfile(5, 4, [1054486], 8388608) = 0
734974 sendfile(5, 4, [0] => [392127], 8388608) = 392127
734974 sendfile(5, 4, [392127], 8388608) = 0
734974 sendfile(5, 4, [0] => [1069230], 8388608) = 1069230
734974 sendfile(5, 4, [1069230], 8388608) = 0
734974 sendfile(5, 4, [0] => [117193], 8388608) = 117193
734974 sendfile(5, 4, [117193], 8388608) = 0
734974 sendfile(5, 4, [0] => [176950], 8388608) = 176950
734974 sendfile(5, 4, [176950], 8388608) = 0
734974 sendfile(5, 4, [0] => [619113], 8388608) = 619113
734974 sendfile(5, 4, [619113], 8388608) = 0
734974 sendfile(5, 4, [0] => [648662], 8388608) = 648662
734974 sendfile(5, 4, [648662], 8388608) = 0
734974 sendfile(5, 4, [0] => [574906], 8388608) = 574906
734974 sendfile(5, 4, [574906], 8388608) = 0
734974 sendfile(5, 4, [0] => [47084], 8388608) = 47084
734974 sendfile(5, 4, [47084], 8388608) = 0
734974 sendfile(5, 4, [0] => [493756], 8388608) = 493756
734974 sendfile(5, 4, [493756], 8388608) = 0
734974 sendfile(5, 4, [0] => [332474], 8388608) = 332474
734974 sendfile(5, 4, [332474], 8388608) = 0
734974 sendfile(5, 4, [0] => [1058580], 8388608) = 1058580
734974 sendfile(5, 4, [1058580], 8388608) = 0
734974 sendfile(5, 4, [0] => [1085183], 8388608) = 1085183
734974 sendfile(5, 4, [1085183], 8388608) = 0
734974 sendfile(5, 4, [0] => [66572], 8388608) = 66572
734974 sendfile(5, 4, [66572], 8388608) = 0
734974 sendfile(5, 4, [0] => [246554], 8388608) = 246554
734974 sendfile(5, 4, [246554], 8388608) = 0
734974 sendfile(5, 4, [0] => [1063798], 8388608) = 1063798
734974 sendfile(5, 4, [1063798], 8388608) = 0
734974 sendfile(5, 4, [0] => [1008276], 8388608) = 1008276
734974 sendfile(5, 4, [1008276], 8388608) = 0
734974 sendfile(5, 4, [0] => [1008870], 8388608) = 1008870
734974 sendfile(5, 4, [1008870], 8388608) = 0
734974 sendfile(5, 4, [0] => [807348], 8388608) = 807348
734974 sendfile(5, 4, [807348], 8388608) = 0
734974 sendfile(5, 4, [0] => [626401], 8388608) = 626401
734974 sendfile(5, 4, [626401], 8388608) = 0
734974 sendfile(5, 4, [0] => [618379], 8388608) = 618379
734974 sendfile(5, 4, [618379], 8388608) = 0
734974 sendfile(5, 4, [0] => [803316], 8388608) = 803316
734974 sendfile(5, 4, [803316], 8388608) = 0
734974 sendfile(5, 4, [0] => [290446], 8388608) = 290446
734974 sendfile(5, 4, [290446], 8388608) = 0
734974 sendfile(5, 4, [0] => [626401], 8388608) = 626401
734974 sendfile(5, 4, [626401], 8388608) = 0
734974 sendfile(5, 4, [0] => [1058580], 8388608) = 1058580
734974 sendfile(5, 4, [1058580], 8388608) = 0
734974 sendfile(5, 4, [0] => [392127], 8388608) = 392127
734974 sendfile(5, 4, [392127], 8388608) = 0
734974 sendfile(5, 4, [0] => [807348], 8388608) = 807348
734974 sendfile(5, 4, [807348], 8388608) = 0
734974 sendfile(5, 4, [0] => [246554], 8388608) = 246554
734974 sendfile(5, 4, [246554], 8388608) = 0
734974 sendfile(5, 4, [0] => [1087071], 8388608) = 1087071
734974 sendfile(5, 4, [1087071], 8388608) = 0
734974 sendfile(5, 4, [0] => [955201], 8388608) = 955201
734974 sendfile(5, 4, [955201], 8388608) = 0
734974 sendfile(5, 4, [0] => [752680], 8388608) = 752680
734974 sendfile(5, 4, [752680], 8388608) = 0
734974 sendfile(5, 4, [0] => [47084], 8388608) = 47084
734974 sendfile(5, 4, [47084], 8388608) = 0
734974 sendfile(5, 4, [0] => [245983], 8388608) = 245983
734974 sendfile(5, 4, [245983], 8388608) = 0
734974 sendfile(5, 4, [0] => [619113], 8388608) = 619113
734974 sendfile(5, 4, [619113], 8388608) = 0
734974 sendfile(5, 4, [0] => [182268], 8388608) = 182268
734974 sendfile(5, 4, [182268], 8388608) = 0
734974 sendfile(5, 4, [0] => [798339], 8388608) = 798339
734974 sendfile(5, 4, [798339], 8388608) = 0
734974 sendfile(5, 4, [0] => [1067253], 8388608) = 1067253
734974 sendfile(5, 4, [1067253], 8388608) = 0
734974 sendfile(5, 4, [0] => [117193], 8388608) = 117193
734974 sendfile(5, 4, [117193], 8388608) = 0
734974 sendfile(5, 4, [0] => [709], 8388608) = 709
734974 sendfile(5, 4, [709], 8388608)   = 0
734974 sendfile(5, 4, [0] => [1085183], 8388608) = 1085183
734974 sendfile(5, 4, [1085183], 8388608) = 0
734974 sendfile(5, 4, [0] => [332474], 8388608) = 332474
734974 sendfile(5, 4, [332474], 8388608) = 0
734974 sendfile(5, 4, [0] => [1069230], 8388608) = 1069230
734974 sendfile(5, 4, [1069230], 8388608) = 0
734974 sendfile(5, 4, [0] => [618379], 8388608) = 618379
734974 sendfile(5, 4, [618379], 8388608) = 0
734974 sendfile(5, 4, [0] => [1079168], 8388608) = 1079168
734974 sendfile(5, 4, [1079168], 8388608) = 0
734974 sendfile(5, 4, [0] => [66572], 8388608) = 66572
734974 sendfile(5, 4, [66572], 8388608) = 0
734974 sendfile(5, 4, [0] => [178612], 8388608) = 178612
734974 sendfile(5, 4, [178612], 8388608) = 0
734974 sendfile(5, 4, [0] => [1054486], 8388608) = 1054486
734974 sendfile(5, 4, [1054486], 8388608) = 0
734974 sendfile(5, 4, [0] => [648662], 8388608) = 648662
734974 sendfile(5, 4, [648662], 8388608) = 0
734974 sendfile(5, 4, [0] => [91041], 8388608) = 91041
734974 sendfile(5, 4, [91041], 8388608) = 0
734974 sendfile(5, 4, [0] => [493756], 8388608) = 493756
734974 sendfile(5, 4, [493756], 8388608) = 0
734974 sendfile(5, 4, [0] => [203278], 8388608) = 203278
734974 sendfile(5, 4, [203278], 8388608) = 0
734974 sendfile(5, 4, [0] => [70361], 8388608) = 70361
734974 sendfile(5, 4, [70361], 8388608) = 0
734974 sendfile(5, 4, [0] => [558786], 8388608) = 558786
734974 sendfile(5, 4, [558786], 8388608) = 0
734974 sendfile(5, 4, [0] => [1063798], 8388608) = 1063798
734974 sendfile(5, 4, [1063798], 8388608) = 0
734974 sendfile(5, 4, [0] => [574906], 8388608) = 574906
734974 sendfile(5, 4, [574906], 8388608) = 0
734974 sendfile(5, 4, [0] => [357517], 8388608) = 357517
734974 sendfile(5, 4, [357517], 8388608) = 0
734974 sendfile(5, 4, [0] => [1008276], 8388608) = 1008276
734974 sendfile(5, 4, [1008276], 8388608) = 0
734974 sendfile(5, 4, [0] => [1008870], 8388608) = 1008870
734974 sendfile(5, 4, [1008870], 8388608) = 0
734974 sendfile(5, 4, [0] => [176950], 8388608) = 176950
734974 sendfile(5, 4, [176950], 8388608) = 0
734974 sendfile(5, 4, [0] => [6333], 8388608) = 6333
734974 sendfile(5, 4, [6333], 8388608)  = 0
734974 sendfile(5, 4, [0] => [5404], 8388608) = 5404
734974 sendfile(5, 4, [5404], 8388608)  = 0
734974 sendfile(5, 4, [0] => [1947], 8388608) = 1947
734974 sendfile(5, 4, [1947], 8388608)  = 0
734974 sendfile(5, 4, [0] => [422], 8388608) = 422
734974 sendfile(5, 4, [422], 8388608)   = 0
734974 sendfile(5, 4, [0] => [10039], 8388608) = 10039
734974 sendfile(5, 4, [10039], 8388608) = 0
734974 sendfile(5, 4, [0] => [422], 8388608) = 422
734974 sendfile(5, 4, [422], 8388608)   = 0
734974 sendfile(5, 4, [0] => [3051], 8388608) = 3051
734974 sendfile(5, 4, [3051], 8388608)  = 0
734974 sendfile(5, 4, [0] => [422], 8388608) = 422
734974 sendfile(5, 4, [422], 8388608)   = 0
734974 sendfile(5, 4, [0] => [422], 8388608) = 422
734974 sendfile(5, 4, [422], 8388608)   = 0
734974 sendfile(5, 4, [0] => [422], 8388608) = 422
734974 sendfile(5, 4, [422], 8388608)   = 0
734974 sendfile(5, 4, [0] => [422], 8388608) = 422
734974 sendfile(5, 4, [422], 8388608)   = 0
734974 sendfile(5, 4, [0] => [422], 8388608) = 422
734974 sendfile(5, 4, [422], 8388608)   = 0
734974 sendfile(5, 4, [0] => [422], 8388608) = 422
734974 sendfile(5, 4, [422], 8388608)   = 0
734974 sendfile(5, 4, [0] => [3922], 8388608) = 3922
734974 sendfile(5, 4, [3922], 8388608)  = 0
734974 sendfile(5, 4, [0] => [2366], 8388608) = 2366
734974 sendfile(5, 4, [2366], 8388608)  = 0
734974 sendfile(5, 4, [0] => [422], 8388608) = 422
734974 sendfile(5, 4, [422], 8388608)   = 0
734974 sendfile(5, 4, [0] => [2234], 8388608) = 2234
734974 sendfile(5, 4, [2234], 8388608)  = 0
734974 sendfile(5, 4, [0] => [2737], 8388608) = 2737
734974 sendfile(5, 4, [2737], 8388608)  = 0
734974 sendfile(5, 4, [0] => [422], 8388608) = 422
734974 sendfile(5, 4, [422], 8388608)   = 0
734974 sendfile(5, 4, [0] => [422], 8388608) = 422
734974 sendfile(5, 4, [422], 8388608)   = 0
734974 sendfile(5, 4, [0] => [422], 8388608) = 422
734974 sendfile(5, 4, [422], 8388608)   = 0
734974 sendfile(5, 4, [0] => [2734], 8388608) = 2734
734974 sendfile(5, 4, [2734], 8388608)  = 0
734974 sendfile(5, 4, [0] => [422], 8388608) = 422
734974 sendfile(5, 4, [422], 8388608)   = 0
734974 sendfile(5, 4, [0] => [422], 8388608) = 422
734974 sendfile(5, 4, [422], 8388608)   = 0
734974 sendfile(5, 4, [0] => [422], 8388608) = 422
734974 sendfile(5, 4, [422], 8388608)   = 0
734974 sendfile(5, 4, [0] => [422], 8388608) = 422
734974 sendfile(5, 4, [422], 8388608)   = 0
734974 sendfile(5, 4, [0] => [422], 8388608) = 422
734974 sendfile(5, 4, [422], 8388608)   = 0
734974 sendfile(5, 4, [0] => [3415], 8388608) = 3415
734974 sendfile(5, 4, [3415], 8388608)  = 0
734974 sendfile(5, 4, [0] => [422], 8388608) = 422
734974 sendfile(5, 4, [422], 8388608)   = 0
734974 sendfile(5, 4, [0] => [422], 8388608) = 422
734974 sendfile(5, 4, [422], 8388608)   = 0
734974 sendfile(5, 4, [0] => [422], 8388608) = 422
734974 sendfile(5, 4, [422], 8388608)   = 0
734974 sendfile(5, 4, [0] => [3940], 8388608) = 3940
734974 sendfile(5, 4, [3940], 8388608)  = 0
734974 sendfile(5, 4, [0] => [422], 8388608) = 422
734974 sendfile(5, 4, [422], 8388608)   = 0
734974 sendfile(5, 4, [0] => [422], 8388608) = 422
734974 sendfile(5, 4, [422], 8388608)   = 0
734974 sendfile(5, 4, [0] => [422], 8388608) = 422
734974 sendfile(5, 4, [422], 8388608)   = 0
734974 sendfile(5, 4, [0] => [422], 8388608) = 422
734974 sendfile(5, 4, [422], 8388608)   = 0
734974 sendfile(5, 4, [0] => [422], 8388608) = 422
734974 sendfile(5, 4, [422], 8388608)   = 0
734974 sendfile(5, 4, [0] => [422], 8388608) = 422
734974 sendfile(5, 4, [422], 8388608)   = 0
734974 sendfile(5, 4, [0] => [422], 8388608) = 422
734974 sendfile(5, 4, [422], 8388608)   = 0
734974 sendfile(5, 4, [0] => [3938], 8388608) = 3938
734974 sendfile(5, 4, [3938], 8388608)  = 0
734974 sendfile(5, 4, [0] => [422], 8388608) = 422
734974 sendfile(5, 4, [422], 8388608)   = 0
734974 sendfile(5, 4, [0] => [422], 8388608) = 422
734974 sendfile(5, 4, [422], 8388608)   = 0
734974 sendfile(5, 4, [0] => [3426], 8388608) = 3426
734974 sendfile(5, 4, [3426], 8388608)  = 0
734974 sendfile(5, 4, [0] => [3975], 8388608) = 3975
734974 sendfile(5, 4, [3975], 8388608)  = 0
734974 sendfile(5, 4, [0] => [422], 8388608) = 422
734974 sendfile(5, 4, [422], 8388608)   = 0
734974 sendfile(5, 4, [0] => [422], 8388608) = 422
734974 sendfile(5, 4, [422], 8388608)   = 0
734974 sendfile(5, 4, [0] => [1673], 8388608) = 1673
734974 sendfile(5, 4, [1673], 8388608)  = 0
734974 sendfile(5, 4, [0] => [422], 8388608) = 422
734974 sendfile(5, 4, [422], 8388608)   = 0
734974 sendfile(5, 4, [0] => [422], 8388608) = 422
734974 sendfile(5, 4, [422], 8388608)   = 0
734974 sendfile(5, 4, [0] => [7086], 8388608) = 7086
734974 sendfile(5, 4, [7086], 8388608)  = 0
734974 sendfile(5, 4, [0] => [422], 8388608) = 422
734974 sendfile(5, 4, [422], 8388608)   = 0
734974 sendfile(5, 4, [0] => [422], 8388608) = 422
734974 sendfile(5, 4, [422], 8388608)   = 0
734974 sendfile(5, 4, [0] => [819], 8388608) = 819
734974 sendfile(5, 4, [819], 8388608)   = 0
734974 sendfile(5, 4, [0] => [422], 8388608) = 422
734974 sendfile(5, 4, [422], 8388608)   = 0
734974 sendfile(5, 4, [0] => [422], 8388608) = 422
734974 sendfile(5, 4, [422], 8388608)   = 0
734974 sendfile(5, 4, [0] => [422], 8388608) = 422
734974 sendfile(5, 4, [422], 8388608)   = 0
734974 sendfile(5, 4, [0] => [2373], 8388608) = 2373
734974 sendfile(5, 4, [2373], 8388608)  = 0
734974 sendfile(5, 4, [0] => [3423], 8388608) = 3423
734974 sendfile(5, 4, [3423], 8388608)  = 0
734974 sendfile(5, 4, [0] => [60083], 8388608) = 60083
734974 sendfile(5, 4, [60083], 8388608) = 0
734974 sendfile(5, 4, [0] => [186], 8388608) = 186
734974 sendfile(5, 4, [186], 8388608)   = 0
734974 sendfile(5, 4, [0] => [1644], 8388608) = 1644
734974 sendfile(5, 4, [1644], 8388608)  = 0
734974 sendfile(5, 4, [0] => [30737], 8388608) = 30737
734974 sendfile(5, 4, [30737], 8388608) = 0
734974 sendfile(5, 4, [0] => [203278], 8388608) = 203278
734974 sendfile(5, 4, [203278], 8388608) = 0
734974 sendfile(5, 4, [0] => [182268], 8388608) = 182268
734974 sendfile(5, 4, [182268], 8388608) = 0
734974 sendfile(5, 4, [0] => [178612], 8388608) = 178612
734974 sendfile(5, 4, [178612], 8388608) = 0
734974 sendfile(5, 4, [0] => [1087071], 8388608) = 1087071
734974 sendfile(5, 4, [1087071], 8388608) = 0
734974 sendfile(5, 4, [0] => [955201], 8388608) = 955201
734974 sendfile(5, 4, [955201], 8388608) = 0
734974 sendfile(5, 4, [0] => [290446], 8388608) = 290446
734974 sendfile(5, 4, [290446], 8388608) = 0
734974 sendfile(5, 4, [0] => [1067253], 8388608) = 1067253
734974 sendfile(5, 4, [1067253], 8388608) = 0
734974 sendfile(5, 4, [0] => [245983], 8388608) = 245983
734974 sendfile(5, 4, [245983], 8388608) = 0
734974 sendfile(5, 4, [0] => [70361], 8388608) = 70361
734974 sendfile(5, 4, [70361], 8388608) = 0
734974 sendfile(5, 4, [0] => [91041], 8388608) = 91041
734974 sendfile(5, 4, [91041], 8388608) = 0
734974 sendfile(5, 4, [0] => [798339], 8388608) = 798339
734974 sendfile(5, 4, [798339], 8388608) = 0
734974 sendfile(5, 4, [0] => [558786], 8388608) = 558786
734974 sendfile(5, 4, [558786], 8388608) = 0
734974 sendfile(5, 4, [0] => [803316], 8388608) = 803316
734974 sendfile(5, 4, [803316], 8388608) = 0
734974 sendfile(5, 4, [0] => [752680], 8388608) = 752680
734974 sendfile(5, 4, [752680], 8388608) = 0
734974 sendfile(5, 4, [0] => [709], 8388608) = 709
734974 sendfile(5, 4, [709], 8388608)   = 0
734974 sendfile(5, 4, [0] => [357517], 8388608) = 357517
734974 sendfile(5, 4, [357517], 8388608) = 0
734974 sendfile(5, 4, [0] => [1079168], 8388608) = 1079168
734974 sendfile(5, 4, [1079168], 8388608) = 0
734974 sendfile(5, 4, [0] => [1054486], 8388608) = 1054486
734974 sendfile(5, 4, [1054486], 8388608) = 0
734974 sendfile(5, 4, [0] => [392127], 8388608) = 392127
734974 sendfile(5, 4, [392127], 8388608) = 0
734974 sendfile(5, 4, [0] => [1069230], 8388608) = 1069230
734974 sendfile(5, 4, [1069230], 8388608) = 0
734974 sendfile(5, 4, [0] => [117193], 8388608) = 117193
734974 sendfile(5, 4, [117193], 8388608) = 0
734974 sendfile(5, 4, [0] => [176950], 8388608) = 176950
734974 sendfile(5, 4, [176950], 8388608) = 0
734974 sendfile(5, 4, [0] => [619113], 8388608) = 619113
734974 sendfile(5, 4, [619113], 8388608) = 0
734974 sendfile(5, 4, [0] => [648662], 8388608) = 648662
734974 sendfile(5, 4, [648662], 8388608) = 0
734974 sendfile(5, 4, [0] => [574906], 8388608) = 574906
734974 sendfile(5, 4, [574906], 8388608) = 0
734974 sendfile(5, 4, [0] => [47084], 8388608) = 47084
734974 sendfile(5, 4, [47084], 8388608) = 0
734974 sendfile(5, 4, [0] => [493756], 8388608) = 493756
734974 sendfile(5, 4, [493756], 8388608) = 0
734974 sendfile(5, 4, [0] => [332474], 8388608) = 332474
734974 sendfile(5, 4, [332474], 8388608) = 0
734974 sendfile(5, 4, [0] => [1058580], 8388608) = 1058580
734974 sendfile(5, 4, [1058580], 8388608) = 0
734974 sendfile(5, 4, [0] => [1085183], 8388608) = 1085183
734974 sendfile(5, 4, [1085183], 8388608) = 0
734974 sendfile(5, 4, [0] => [66572], 8388608) = 66572
734974 sendfile(5, 4, [66572], 8388608) = 0
734974 sendfile(5, 4, [0] => [246554], 8388608) = 246554
734974 sendfile(5, 4, [246554], 8388608) = 0
734974 sendfile(5, 4, [0] => [1063798], 8388608) = 1063798
734974 sendfile(5, 4, [1063798], 8388608) = 0
734974 sendfile(5, 4, [0] => [1008276], 8388608) = 1008276
734974 sendfile(5, 4, [1008276], 8388608) = 0
734974 sendfile(5, 4, [0] => [1008870], 8388608) = 1008870
734974 sendfile(5, 4, [1008870], 8388608) = 0
734974 sendfile(5, 4, [0] => [807348], 8388608) = 807348
734974 sendfile(5, 4, [807348], 8388608) = 0
734974 sendfile(5, 4, [0] => [626401], 8388608) = 626401
734974 sendfile(5, 4, [626401], 8388608) = 0
734974 sendfile(5, 4, [0] => [618379], 8388608) = 618379
734974 sendfile(5, 4, [618379], 8388608) = 0
734974 sendfile(5, 4, [0] => [457], 8388608) = 457
734974 sendfile(5, 4, [457], 8388608)   = 0
734974 sendfile(5, 4, [0] => [1425], 8388608) = 1425
734974 sendfile(5, 4, [1425], 8388608)  = 0
734974 sendfile(5, 4, [0] => [689], 8388608) = 689
734974 sendfile(5, 4, [689], 8388608)   = 0
734974 sendfile(5, 4, [0] => [3009], 8388608) = 3009
734974 sendfile(5, 4, [3009], 8388608)  = 0
734974 sendfile(5, 4, [0] => [801], 8388608) = 801
734974 sendfile(5, 4, [801], 8388608)   = 0
734974 sendfile(5, 4, [0] => [50], 8388608) = 50
734974 sendfile(5, 4, [50], 8388608)    = 0
734974 sendfile(5, 4, [0] => [5933], 8388608) = 5933
734974 sendfile(5, 4, [5933], 8388608)  = 0
734974 sendfile(5, 4, [0] => [2759], 8388608) = 2759
734974 sendfile(5, 4, [2759], 8388608)  = 0
734974 sendfile(5, 4, [0] => [142], 8388608) = 142
734974 sendfile(5, 4, [142], 8388608)   = 0
734974 sendfile(5, 4, [0] => [122], 8388608) = 122
734974 sendfile(5, 4, [122], 8388608)   = 0
734974 sendfile(5, 4, [0] => [25], 8388608) = 25
734974 sendfile(5, 4, [25], 8388608)    = 0
734974 sendfile(5, 4, [0] => [99924], 8388608) = 99924
734974 sendfile(5, 4, [99924], 8388608) = 0
734974 sendfile(5, 4, [0] => [533], 8388608) = 533
734974 sendfile(5, 4, [533], 8388608)   = 0
734974 sendfile(5, 4, [0] => [43893], 8388608) = 43893
734974 sendfile(5, 4, [43893], 8388608) = 0
734974 sendfile(5, 4, [0] => [48245], 8388608) = 48245
734974 sendfile(5, 4, [48245], 8388608) = 0
734974 sendfile(5, 4, [0] => [11351], 8388608) = 11351
734974 sendfile(5, 4, [11351], 8388608) = 0
734974 sendfile(5, 4, [0] => [9290], 8388608) = 9290
734974 sendfile(5, 4, [9290], 8388608)  = 0
734974 sendfile(5, 4, [0] => [17540], 8388608) = 17540
734974 sendfile(5, 4, [17540], 8388608) = 0
734974 sendfile(5, 4, [0] => [611], 8388608) = 611
734974 sendfile(5, 4, [611], 8388608)   = 0
734974 sendfile(5, 4, [0] => [235984], 8388608) = 235984
734974 sendfile(5, 4, [235984], 8388608) = 0
734974 sendfile(5, 4, [0] => [248984], 8388608) = 248984
734974 sendfile(5, 4, [248984], 8388608) = 0
734974 sendfile(5, 4, [0] => [235784], 8388608) = 235784
734974 sendfile(5, 4, [235784], 8388608) = 0
734974 sendfile(5, 4, [0] => [248884], 8388608) = 248884
734974 sendfile(5, 4, [248884], 8388608) = 0
734974 sendfile(5, 4, [0] => [69484], 8388608) = 69484
734974 sendfile(5, 4, [69484], 8388608) = 0
734974 sendfile(5, 4, [0] => [121084], 8388608) = 121084
734974 sendfile(5, 4, [121084], 8388608) = 0
734974 sendfile(5, 4, [0] => [1048584], 8388608) = 1048584
734974 sendfile(5, 4, [1048584], 8388608) = 0
734974 sendfile(5, 4, [0] => [942884], 8388608) = 942884
734974 sendfile(5, 4, [942884], 8388608) = 0
734974 sendfile(5, 4, [0] => [570684], 8388608) = 570684
734974 sendfile(5, 4, [570684], 8388608) = 0
734974 sendfile(5, 4, [0] => [996184], 8388608) = 996184
734974 sendfile(5, 4, [996184], 8388608) = 0
734974 sendfile(5, 4, [0] => [995784], 8388608) = 995784
734974 sendfile(5, 4, [995784], 8388608) = 0
734974 sendfile(5, 4, [0] => [1048584], 8388608) = 1048584
734974 sendfile(5, 4, [1048584], 8388608) = 0
734974 sendfile(5, 4, [0] => [495984], 8388608) = 495984
734974 sendfile(5, 4, [495984], 8388608) = 0
734974 sendfile(5, 4, [0] => [336384], 8388608) = 336384
734974 sendfile(5, 4, [336384], 8388608) = 0
734974 sendfile(5, 4, [0] => [1048584], 8388608) = 1048584
734974 sendfile(5, 4, [1048584], 8388608) = 0
734974 sendfile(5, 4, [0] => [612584], 8388608) = 612584
734974 sendfile(5, 4, [612584], 8388608) = 0
734974 sendfile(5, 4, [0] => [738884], 8388608) = 738884
734974 sendfile(5, 4, [738884], 8388608) = 0
734974 sendfile(5, 4, [0] => [93684], 8388608) = 93684
734974 sendfile(5, 4, [93684], 8388608) = 0
734974 sendfile(5, 4, [0] => [549684], 8388608) = 549684
734974 sendfile(5, 4, [549684], 8388608) = 0
734974 sendfile(5, 4, [0] => [180884], 8388608) = 180884
734974 sendfile(5, 4, [180884], 8388608) = 0
734974 sendfile(5, 4, [0] => [73484], 8388608) = 73484
734974 sendfile(5, 4, [73484], 8388608) = 0
734974 sendfile(5, 4, [0] => [356084], 8388608) = 356084
734974 sendfile(5, 4, [356084], 8388608) = 0
734974 sendfile(5, 4, [0] => [49284], 8388608) = 49284
734974 sendfile(5, 4, [49284], 8388608) = 0
734974 sendfile(5, 4, [0] => [1048584], 8388608) = 1048584
734974 sendfile(5, 4, [1048584], 8388608) = 0
734974 sendfile(5, 4, [0] => [1048584], 8388608) = 1048584
734974 sendfile(5, 4, [1048584], 8388608) = 0
734974 sendfile(5, 4, [0] => [641684], 8388608) = 641684
734974 sendfile(5, 4, [641684], 8388608) = 0
734974 sendfile(5, 4, [0] => [1048584], 8388608) = 1048584
734974 sendfile(5, 4, [1048584], 8388608) = 0
734974 sendfile(5, 4, [0] => [612584], 8388608) = 612584
734974 sendfile(5, 4, [612584], 8388608) = 0
734974 sendfile(5, 4, [0] => [115284], 8388608) = 115284
734974 sendfile(5, 4, [115284], 8388608) = 0
734974 sendfile(5, 4, [0] => [1048484], 8388608) = 1048484
734974 sendfile(5, 4, [1048484], 8388608) = 0
734974 sendfile(5, 4, [0] => [1048584], 8388608) = 1048584
734974 sendfile(5, 4, [1048584], 8388608) = 0
734974 sendfile(5, 4, [0] => [1048584], 8388608) = 1048584
734974 sendfile(5, 4, [1048584], 8388608) = 0
734974 sendfile(5, 4, [0] => [393584], 8388608) = 393584
734974 sendfile(5, 4, [393584], 8388608) = 0
734974 sendfile(5, 4, [0] => [789484], 8388608) = 789484
734974 sendfile(5, 4, [789484], 8388608) = 0
734974 sendfile(5, 4, [0] => [794484], 8388608) = 794484
734974 sendfile(5, 4, [794484], 8388608) = 0
734974 sendfile(5, 4, [0] => [684], 8388608) = 684
734974 sendfile(5, 4, [684], 8388608)   = 0
734974 sendfile(5, 4, [0] => [352884], 8388608) = 352884
734974 sendfile(5, 4, [352884], 8388608) = 0
734974 sendfile(5, 4, [0] => [806084], 8388608) = 806084
734974 sendfile(5, 4, [806084], 8388608) = 0
734974 sendfile(5, 4, [0] => [184984], 8388608) = 184984
734974 sendfile(5, 4, [184984], 8388608) = 0
734974 sendfile(5, 4, [0] => [708384], 8388608) = 708384
734974 sendfile(5, 4, [708384], 8388608) = 0
734974 sendfile(5, 4, [0] => [567984], 8388608) = 567984
734974 sendfile(5, 4, [567984], 8388608) = 0
734974 sendfile(5, 4, [0] => [612584], 8388608) = 612584
734974 sendfile(5, 4, [612584], 8388608) = 0
734974 sendfile(5, 4, [0] => [612584], 8388608) = 612584
734974 sendfile(5, 4, [612584], 8388608) = 0
734974 sendfile(5, 4, [0] => [180084], 8388608) = 180084
734974 sendfile(5, 4, [180084], 8388608) = 0
734974 sendfile(5, 4, [0] => [206384], 8388608) = 206384
734974 sendfile(5, 4, [206384], 8388608) = 0
734974 sendfile(5, 4, [0] => [620284], 8388608) = 620284
734974 sendfile(5, 4, [620284], 8388608) = 0
734974 sendfile(5, 4, [0] => [290784], 8388608) = 290784
734974 sendfile(5, 4, [290784], 8388608) = 0
734974 sendfile(5, 4, [0] => [706], 8388608) = 706
734974 sendfile(5, 4, [706], 8388608)   = 0
734974 sendfile(5, 4, [0] => [2006], 8388608) = 2006
734974 sendfile(5, 4, [2006], 8388608)  = 0
734974 sendfile(5, 4, [0] => [2141], 8388608) = 2141
734974 sendfile(5, 4, [2141], 8388608)  = 0
734974 sendfile(5, 4, [0] => [2092], 8388608) = 2092
734974 sendfile(5, 4, [2092], 8388608)  = 0
734974 sendfile(5, 4, [0] => [2235], 8388608) = 2235
734974 sendfile(5, 4, [2235], 8388608)  = 0
734974 sendfile(5, 4, [0] => [1814], 8388608) = 1814
734974 sendfile(5, 4, [1814], 8388608)  = 0
734974 sendfile(5, 4, [0] => [1974], 8388608) = 1974
734974 sendfile(5, 4, [1974], 8388608)  = 0
734974 sendfile(5, 4, [0] => [1780], 8388608) = 1780
734974 sendfile(5, 4, [1780], 8388608)  = 0
734974 sendfile(5, 4, [0] => [32898], 8388608) = 32898
734974 sendfile(5, 4, [32898], 8388608) = 0
734974 sendfile(5, 4, [0] => [34985], 8388608) = 34985
734974 sendfile(5, 4, [34985], 8388608) = 0
734974 sendfile(5, 4, [0] => [35688], 8388608) = 35688
734974 sendfile(5, 4, [35688], 8388608) = 0
734974 sendfile(5, 4, [0] => [37775], 8388608) = 37775
734974 sendfile(5, 4, [37775], 8388608) = 0
734974 sendfile(5, 4, [0] => [32017], 8388608) = 32017
734974 sendfile(5, 4, [32017], 8388608) = 0
734974 sendfile(5, 4, [0] => [34104], 8388608) = 34104
734974 sendfile(5, 4, [34104], 8388608) = 0
734974 sendfile(5, 4, [0] => [2350], 8388608) = 2350
734974 sendfile(5, 4, [2350], 8388608)  = 0
734974 sendfile(5, 4, [0] => [2570], 8388608) = 2570
734974 sendfile(5, 4, [2570], 8388608)  = 0
734974 sendfile(5, 4, [0] => [1238], 8388608) = 1238
734974 sendfile(5, 4, [1238], 8388608)  = 0
734974 sendfile(5, 4, [0] => [2439], 8388608) = 2439
734974 sendfile(5, 4, [2439], 8388608)  = 0
734974 sendfile(5, 4, [0] => [2341], 8388608) = 2341
734974 sendfile(5, 4, [2341], 8388608)  = 0
734974 sendfile(5, 4, [0] => [2562], 8388608) = 2562
734974 sendfile(5, 4, [2562], 8388608)  = 0
734974 sendfile(5, 4, [0] => [357], 8388608) = 357
734974 sendfile(5, 4, [357], 8388608)   = 0
734974 sendfile(5, 4, [0] => [83320], 8388608) = 83320
734974 sendfile(5, 4, [83320], 8388608) = 0
735659 +++ exited with 0 +++
735657 +++ exited with 0 +++
734974 --- SIGCHLD {si_signo=SIGCHLD, si_code=CLD_EXITED, si_pid=735657, si_uid=1000, si_status=0, si_utime=2, si_stime=0} ---
735752 +++ exited with 0 +++
735749 +++ exited with 0 +++
735748 +++ exited with 0 +++
735747 +++ exited with 0 +++
735736 +++ exited with 0 +++
735735 +++ exited with 0 +++
735734 +++ exited with 0 +++
735676 +++ exited with 0 +++
735675 +++ exited with 0 +++
735668 +++ exited with 0 +++
735667 +++ exited with 0 +++
734974 --- SIGCHLD {si_signo=SIGCHLD, si_code=CLD_EXITED, si_pid=735667, si_uid=1000, si_status=0, si_utime=29, si_stime=11} ---
735774 +++ exited with 0 +++
735839 +++ exited with 0 +++
735920 +++ exited with 0 +++
735837 +++ exited with 0 +++
735775 +++ exited with 0 +++
735838 +++ exited with 0 +++
735769 +++ exited with 0 +++
735762 +++ exited with 0 +++
734974 --- SIGCHLD {si_signo=SIGCHLD, si_code=CLD_EXITED, si_pid=735762, si_uid=1000, si_status=0, si_utime=99, si_stime=11} ---
734974 sendfile(5, 4, [0] => [803316], 8388608) = 803316
734974 sendfile(5, 4, [803316], 8388608) = 0
734974 sendfile(5, 4, [0] => [290446], 8388608) = 290446
734974 sendfile(5, 4, [290446], 8388608) = 0
734974 sendfile(5, 4, [0] => [626401], 8388608) = 626401
734974 sendfile(5, 4, [626401], 8388608) = 0
734974 sendfile(5, 4, [0] => [1058580], 8388608) = 1058580
734974 sendfile(5, 4, [1058580], 8388608) = 0
734974 sendfile(5, 4, [0] => [392127], 8388608) = 392127
734974 sendfile(5, 4, [392127], 8388608) = 0
734974 sendfile(5, 4, [0] => [807348], 8388608) = 807348
734974 sendfile(5, 4, [807348], 8388608) = 0
734974 sendfile(5, 4, [0] => [246554], 8388608) = 246554
734974 sendfile(5, 4, [246554], 8388608) = 0
734974 sendfile(5, 4, [0] => [1087071], 8388608) = 1087071
734974 sendfile(5, 4, [1087071], 8388608) = 0
734974 sendfile(5, 4, [0] => [955201], 8388608) = 955201
734974 sendfile(5, 4, [955201], 8388608) = 0
734974 sendfile(5, 4, [0] => [752680], 8388608) = 752680
734974 sendfile(5, 4, [752680], 8388608) = 0
734974 sendfile(5, 4, [0] => [47084], 8388608) = 47084
734974 sendfile(5, 4, [47084], 8388608) = 0
734974 sendfile(5, 4, [0] => [245983], 8388608) = 245983
734974 sendfile(5, 4, [245983], 8388608) = 0
734974 sendfile(5, 4, [0] => [619113], 8388608) = 619113
734974 sendfile(5, 4, [619113], 8388608) = 0
734974 sendfile(5, 4, [0] => [182268], 8388608) = 182268
734974 sendfile(5, 4, [182268], 8388608) = 0
734974 sendfile(5, 4, [0] => [798339], 8388608) = 798339
734974 sendfile(5, 4, [798339], 8388608) = 0
734974 sendfile(5, 4, [0] => [1067253], 8388608) = 1067253
734974 sendfile(5, 4, [1067253], 8388608) = 0
734974 sendfile(5, 4, [0] => [117193], 8388608) = 117193
734974 sendfile(5, 4, [117193], 8388608) = 0
734974 sendfile(5, 4, [0] => [709], 8388608) = 709
734974 sendfile(5, 4, [709], 8388608)   = 0
734974 sendfile(5, 4, [0] => [1085183], 8388608) = 1085183
734974 sendfile(5, 4, [1085183], 8388608) = 0
734974 sendfile(5, 4, [0] => [332474], 8388608) = 332474
734974 sendfile(5, 4, [332474], 8388608) = 0
734974 sendfile(5, 4, [0] => [1069230], 8388608) = 1069230
734974 sendfile(5, 4, [1069230], 8388608) = 0
734974 sendfile(5, 4, [0] => [618379], 8388608) = 618379
734974 sendfile(5, 4, [618379], 8388608) = 0
734974 sendfile(5, 4, [0] => [1079168], 8388608) = 1079168
734974 sendfile(5, 4, [1079168], 8388608) = 0
734974 sendfile(5, 4, [0] => [66572], 8388608) = 66572
734974 sendfile(5, 4, [66572], 8388608) = 0
734974 sendfile(5, 4, [0] => [178612], 8388608) = 178612
734974 sendfile(5, 4, [178612], 8388608) = 0
734974 sendfile(5, 4, [0] => [1054486], 8388608) = 1054486
734974 sendfile(5, 4, [1054486], 8388608) = 0
734974 sendfile(5, 4, [0] => [648662], 8388608) = 648662
734974 sendfile(5, 4, [648662], 8388608) = 0
734974 sendfile(5, 4, [0] => [91041], 8388608) = 91041
734974 sendfile(5, 4, [91041], 8388608) = 0
734974 sendfile(5, 4, [0] => [493756], 8388608) = 493756
734974 sendfile(5, 4, [493756], 8388608) = 0
734974 sendfile(5, 4, [0] => [203278], 8388608) = 203278
734974 sendfile(5, 4, [203278], 8388608) = 0
734974 sendfile(5, 4, [0] => [70361], 8388608) = 70361
734974 sendfile(5, 4, [70361], 8388608) = 0
734974 sendfile(5, 4, [0] => [558786], 8388608) = 558786
734974 sendfile(5, 4, [558786], 8388608) = 0
734974 sendfile(5, 4, [0] => [1063798], 8388608) = 1063798
734974 sendfile(5, 4, [1063798], 8388608) = 0
734974 sendfile(5, 4, [0] => [574906], 8388608) = 574906
734974 sendfile(5, 4, [574906], 8388608) = 0
734974 sendfile(5, 4, [0] => [357517], 8388608) = 357517
734974 sendfile(5, 4, [357517], 8388608) = 0
734974 sendfile(5, 4, [0] => [1008276], 8388608) = 1008276
734974 sendfile(5, 4, [1008276], 8388608) = 0
734974 sendfile(5, 4, [0] => [1008870], 8388608) = 1008870
734974 sendfile(5, 4, [1008870], 8388608) = 0
734974 sendfile(5, 4, [0] => [176950], 8388608) = 176950
734974 sendfile(5, 4, [176950], 8388608) = 0
734974 sendfile(5, 4, [0] => [6333], 8388608) = 6333
734974 sendfile(5, 4, [6333], 8388608)  = 0
734974 sendfile(5, 4, [0] => [5404], 8388608) = 5404
734974 sendfile(5, 4, [5404], 8388608)  = 0
734974 sendfile(5, 4, [0] => [1947], 8388608) = 1947
734974 sendfile(5, 4, [1947], 8388608)  = 0
734974 sendfile(5, 4, [0] => [422], 8388608) = 422
734974 sendfile(5, 4, [422], 8388608)   = 0
734974 sendfile(5, 4, [0] => [10039], 8388608) = 10039
734974 sendfile(5, 4, [10039], 8388608) = 0
734974 sendfile(5, 4, [0] => [422], 8388608) = 422
734974 sendfile(5, 4, [422], 8388608)   = 0
734974 sendfile(5, 4, [0] => [3051], 8388608) = 3051
734974 sendfile(5, 4, [3051], 8388608)  = 0
734974 sendfile(5, 4, [0] => [422], 8388608) = 422
734974 sendfile(5, 4, [422], 8388608)   = 0
734974 sendfile(5, 4, [0] => [422], 8388608) = 422
734974 sendfile(5, 4, [422], 8388608)   = 0
734974 sendfile(5, 4, [0] => [422], 8388608) = 422
734974 sendfile(5, 4, [422], 8388608)   = 0
734974 sendfile(5, 4, [0] => [422], 8388608) = 422
734974 sendfile(5, 4, [422], 8388608)   = 0
734974 sendfile(5, 4, [0] => [422], 8388608) = 422
734974 sendfile(5, 4, [422], 8388608)   = 0
734974 sendfile(5, 4, [0] => [422], 8388608) = 422
734974 sendfile(5, 4, [422], 8388608)   = 0
734974 sendfile(5, 4, [0] => [3922], 8388608) = 3922
734974 sendfile(5, 4, [3922], 8388608)  = 0
734974 sendfile(5, 4, [0] => [2366], 8388608) = 2366
734974 sendfile(5, 4, [2366], 8388608)  = 0
734974 sendfile(5, 4, [0] => [422], 8388608) = 422
734974 sendfile(5, 4, [422], 8388608)   = 0
734974 sendfile(5, 4, [0] => [2234], 8388608) = 2234
734974 sendfile(5, 4, [2234], 8388608)  = 0
734974 sendfile(5, 4, [0] => [2737], 8388608) = 2737
734974 sendfile(5, 4, [2737], 8388608)  = 0
734974 sendfile(5, 4, [0] => [422], 8388608) = 422
734974 sendfile(5, 4, [422], 8388608)   = 0
734974 sendfile(5, 4, [0] => [422], 8388608) = 422
734974 sendfile(5, 4, [422], 8388608)   = 0
734974 sendfile(5, 4, [0] => [422], 8388608) = 422
734974 sendfile(5, 4, [422], 8388608)   = 0
734974 sendfile(5, 4, [0] => [2734], 8388608) = 2734
734974 sendfile(5, 4, [2734], 8388608)  = 0
734974 sendfile(5, 4, [0] => [422], 8388608) = 422
734974 sendfile(5, 4, [422], 8388608)   = 0
734974 sendfile(5, 4, [0] => [422], 8388608) = 422
734974 sendfile(5, 4, [422], 8388608)   = 0
734974 sendfile(5, 4, [0] => [422], 8388608) = 422
734974 sendfile(5, 4, [422], 8388608)   = 0
734974 sendfile(5, 4, [0] => [422], 8388608) = 422
734974 sendfile(5, 4, [422], 8388608)   = 0
734974 sendfile(5, 4, [0] => [422], 8388608) = 422
734974 sendfile(5, 4, [422], 8388608)   = 0
734974 sendfile(5, 4, [0] => [3415], 8388608) = 3415
734974 sendfile(5, 4, [3415], 8388608)  = 0
734974 sendfile(5, 4, [0] => [422], 8388608) = 422
734974 sendfile(5, 4, [422], 8388608)   = 0
734974 sendfile(5, 4, [0] => [422], 8388608) = 422
734974 sendfile(5, 4, [422], 8388608)   = 0
734974 sendfile(5, 4, [0] => [422], 8388608) = 422
734974 sendfile(5, 4, [422], 8388608)   = 0
734974 sendfile(5, 4, [0] => [3940], 8388608) = 3940
734974 sendfile(5, 4, [3940], 8388608)  = 0
734974 sendfile(5, 4, [0] => [422], 8388608) = 422
734974 sendfile(5, 4, [422], 8388608)   = 0
734974 sendfile(5, 4, [0] => [422], 8388608) = 422
734974 sendfile(5, 4, [422], 8388608)   = 0
734974 sendfile(5, 4, [0] => [422], 8388608) = 422
734974 sendfile(5, 4, [422], 8388608)   = 0
734974 sendfile(5, 4, [0] => [422], 8388608) = 422
734974 sendfile(5, 4, [422], 8388608)   = 0
734974 sendfile(5, 4, [0] => [422], 8388608) = 422
734974 sendfile(5, 4, [422], 8388608)   = 0
734974 sendfile(5, 4, [0] => [422], 8388608) = 422
734974 sendfile(5, 4, [422], 8388608)   = 0
734974 sendfile(5, 4, [0] => [422], 8388608) = 422
734974 sendfile(5, 4, [422], 8388608)   = 0
734974 sendfile(5, 4, [0] => [3938], 8388608) = 3938
734974 sendfile(5, 4, [3938], 8388608)  = 0
734974 sendfile(5, 4, [0] => [422], 8388608) = 422
734974 sendfile(5, 4, [422], 8388608)   = 0
734974 sendfile(5, 4, [0] => [422], 8388608) = 422
734974 sendfile(5, 4, [422], 8388608)   = 0
734974 sendfile(5, 4, [0] => [3426], 8388608) = 3426
734974 sendfile(5, 4, [3426], 8388608)  = 0
734974 sendfile(5, 4, [0] => [3975], 8388608) = 3975
734974 sendfile(5, 4, [3975], 8388608)  = 0
734974 sendfile(5, 4, [0] => [422], 8388608) = 422
734974 sendfile(5, 4, [422], 8388608)   = 0
734974 sendfile(5, 4, [0] => [422], 8388608) = 422
734974 sendfile(5, 4, [422], 8388608)   = 0
734974 sendfile(5, 4, [0] => [1673], 8388608) = 1673
734974 sendfile(5, 4, [1673], 8388608)  = 0
734974 sendfile(5, 4, [0] => [422], 8388608) = 422
734974 sendfile(5, 4, [422], 8388608)   = 0
734974 sendfile(5, 4, [0] => [422], 8388608) = 422
734974 sendfile(5, 4, [422], 8388608)   = 0
734974 sendfile(5, 4, [0] => [7086], 8388608) = 7086
734974 sendfile(5, 4, [7086], 8388608)  = 0
734974 sendfile(5, 4, [0] => [422], 8388608) = 422
734974 sendfile(5, 4, [422], 8388608)   = 0
734974 sendfile(5, 4, [0] => [422], 8388608) = 422
734974 sendfile(5, 4, [422], 8388608)   = 0
734974 sendfile(5, 4, [0] => [819], 8388608) = 819
734974 sendfile(5, 4, [819], 8388608)   = 0
734974 sendfile(5, 4, [0] => [422], 8388608) = 422
734974 sendfile(5, 4, [422], 8388608)   = 0
734974 sendfile(5, 4, [0] => [422], 8388608) = 422
734974 sendfile(5, 4, [422], 8388608)   = 0
734974 sendfile(5, 4, [0] => [422], 8388608) = 422
734974 sendfile(5, 4, [422], 8388608)   = 0
734974 sendfile(5, 4, [0] => [2373], 8388608) = 2373
734974 sendfile(5, 4, [2373], 8388608)  = 0
734974 sendfile(5, 4, [0] => [3423], 8388608) = 3423
734974 sendfile(5, 4, [3423], 8388608)  = 0
734974 sendfile(5, 4, [0] => [60083], 8388608) = 60083
734974 sendfile(5, 4, [60083], 8388608) = 0
734974 sendfile(5, 4, [0] => [186], 8388608) = 186
734974 sendfile(5, 4, [186], 8388608)   = 0
734974 sendfile(5, 4, [0] => [1644], 8388608) = 1644
734974 sendfile(5, 4, [1644], 8388608)  = 0
734974 sendfile(5, 4, [0] => [30737], 8388608) = 30737
734974 sendfile(5, 4, [30737], 8388608) = 0
734974 sendfile(5, 4, [0] => [203278], 8388608) = 203278
734974 sendfile(5, 4, [203278], 8388608) = 0
734974 sendfile(5, 4, [0] => [182268], 8388608) = 182268
734974 sendfile(5, 4, [182268], 8388608) = 0
734974 sendfile(5, 4, [0] => [178612], 8388608) = 178612
734974 sendfile(5, 4, [178612], 8388608) = 0
734974 sendfile(5, 4, [0] => [1087071], 8388608) = 1087071
734974 sendfile(5, 4, [1087071], 8388608) = 0
734974 sendfile(5, 4, [0] => [955201], 8388608) = 955201
734974 sendfile(5, 4, [955201], 8388608) = 0
734974 sendfile(5, 4, [0] => [290446], 8388608) = 290446
734974 sendfile(5, 4, [290446], 8388608) = 0
734974 sendfile(5, 4, [0] => [1067253], 8388608) = 1067253
734974 sendfile(5, 4, [1067253], 8388608) = 0
734974 sendfile(5, 4, [0] => [245983], 8388608) = 245983
734974 sendfile(5, 4, [245983], 8388608) = 0
734974 sendfile(5, 4, [0] => [70361], 8388608) = 70361
734974 sendfile(5, 4, [70361], 8388608) = 0
734974 sendfile(5, 4, [0] => [91041], 8388608) = 91041
734974 sendfile(5, 4, [91041], 8388608) = 0
734974 sendfile(5, 4, [0] => [798339], 8388608) = 798339
734974 sendfile(5, 4, [798339], 8388608) = 0
734974 sendfile(5, 4, [0] => [558786], 8388608) = 558786
734974 sendfile(5, 4, [558786], 8388608) = 0
734974 sendfile(5, 4, [0] => [803316], 8388608) = 803316
734974 sendfile(5, 4, [803316], 8388608) = 0
734974 sendfile(5, 4, [0] => [752680], 8388608) = 752680
734974 sendfile(5, 4, [752680], 8388608) = 0
734974 sendfile(5, 4, [0] => [709], 8388608) = 709
734974 sendfile(5, 4, [709], 8388608)   = 0
734974 sendfile(5, 4, [0] => [357517], 8388608) = 357517
734974 sendfile(5, 4, [357517], 8388608) = 0
734974 sendfile(5, 4, [0] => [1079168], 8388608) = 1079168
734974 sendfile(5, 4, [1079168], 8388608) = 0
734974 sendfile(5, 4, [0] => [1054486], 8388608) = 1054486
734974 sendfile(5, 4, [1054486], 8388608) = 0
734974 sendfile(5, 4, [0] => [392127], 8388608) = 392127
734974 sendfile(5, 4, [392127], 8388608) = 0
734974 sendfile(5, 4, [0] => [1069230], 8388608) = 1069230
734974 sendfile(5, 4, [1069230], 8388608) = 0
734974 sendfile(5, 4, [0] => [117193], 8388608) = 117193
734974 sendfile(5, 4, [117193], 8388608) = 0
734974 sendfile(5, 4, [0] => [176950], 8388608) = 176950
734974 sendfile(5, 4, [176950], 8388608) = 0
734974 sendfile(5, 4, [0] => [619113], 8388608) = 619113
734974 sendfile(5, 4, [619113], 8388608) = 0
734974 sendfile(5, 4, [0] => [648662], 8388608) = 648662
734974 sendfile(5, 4, [648662], 8388608) = 0
734974 sendfile(5, 4, [0] => [574906], 8388608) = 574906
734974 sendfile(5, 4, [574906], 8388608) = 0
734974 sendfile(5, 4, [0] => [47084], 8388608) = 47084
734974 sendfile(5, 4, [47084], 8388608) = 0
734974 sendfile(5, 4, [0] => [493756], 8388608) = 493756
734974 sendfile(5, 4, [493756], 8388608) = 0
734974 sendfile(5, 4, [0] => [332474], 8388608) = 332474
734974 sendfile(5, 4, [332474], 8388608) = 0
734974 sendfile(5, 4, [0] => [1058580], 8388608) = 1058580
734974 sendfile(5, 4, [1058580], 8388608) = 0
734974 sendfile(5, 4, [0] => [1085183], 8388608) = 1085183
734974 sendfile(5, 4, [1085183], 8388608) = 0
734974 sendfile(5, 4, [0] => [66572], 8388608) = 66572
734974 sendfile(5, 4, [66572], 8388608) = 0
734974 sendfile(5, 4, [0] => [246554], 8388608) = 246554
734974 sendfile(5, 4, [246554], 8388608) = 0
734974 sendfile(5, 4, [0] => [1063798], 8388608) = 1063798
734974 sendfile(5, 4, [1063798], 8388608) = 0
734974 sendfile(5, 4, [0] => [1008276], 8388608) = 1008276
734974 sendfile(5, 4, [1008276], 8388608) = 0
734974 sendfile(5, 4, [0] => [1008870], 8388608) = 1008870
734974 sendfile(5, 4, [1008870], 8388608) = 0
734974 sendfile(5, 4, [0] => [807348], 8388608) = 807348
734974 sendfile(5, 4, [807348], 8388608) = 0
734974 sendfile(5, 4, [0] => [626401], 8388608) = 626401
734974 sendfile(5, 4, [626401], 8388608) = 0
734974 sendfile(5, 4, [0] => [618379], 8388608) = 618379
734974 sendfile(5, 4, [618379], 8388608) = 0
734974 sendfile(5, 4, [0] => [457], 8388608) = 457
734974 sendfile(5, 4, [457], 8388608)   = 0
734974 sendfile(5, 4, [0] => [1425], 8388608) = 1425
734974 sendfile(5, 4, [1425], 8388608)  = 0
734974 sendfile(5, 4, [0] => [689], 8388608) = 689
734974 sendfile(5, 4, [689], 8388608)   = 0
734974 sendfile(5, 4, [0] => [3009], 8388608) = 3009
734974 sendfile(5, 4, [3009], 8388608)  = 0
734974 sendfile(5, 4, [0] => [801], 8388608) = 801
734974 sendfile(5, 4, [801], 8388608)   = 0
734974 sendfile(5, 4, [0] => [50], 8388608) = 50
734974 sendfile(5, 4, [50], 8388608)    = 0
734974 sendfile(5, 4, [0] => [5933], 8388608) = 5933
734974 sendfile(5, 4, [5933], 8388608)  = 0
734974 sendfile(5, 4, [0] => [2759], 8388608) = 2759
734974 sendfile(5, 4, [2759], 8388608)  = 0
734974 sendfile(5, 4, [0] => [142], 8388608) = 142
734974 sendfile(5, 4, [142], 8388608)   = 0
734974 sendfile(5, 4, [0] => [122], 8388608) = 122
734974 sendfile(5, 4, [122], 8388608)   = 0
734974 sendfile(5, 4, [0] => [25], 8388608) = 25
734974 sendfile(5, 4, [25], 8388608)    = 0
734974 sendfile(5, 4, [0] => [99924], 8388608) = 99924
734974 sendfile(5, 4, [99924], 8388608) = 0
734974 sendfile(5, 4, [0] => [533], 8388608) = 533
734974 sendfile(5, 4, [533], 8388608)   = 0
734974 sendfile(5, 4, [0] => [43893], 8388608) = 43893
734974 sendfile(5, 4, [43893], 8388608) = 0
734974 sendfile(5, 4, [0] => [48245], 8388608) = 48245
734974 sendfile(5, 4, [48245], 8388608) = 0
734974 sendfile(5, 4, [0] => [11351], 8388608) = 11351
734974 sendfile(5, 4, [11351], 8388608) = 0
734974 sendfile(5, 4, [0] => [9290], 8388608) = 9290
734974 sendfile(5, 4, [9290], 8388608)  = 0
734974 sendfile(5, 4, [0] => [17540], 8388608) = 17540
734974 sendfile(5, 4, [17540], 8388608) = 0
734974 sendfile(5, 4, [0] => [611], 8388608) = 611
734974 sendfile(5, 4, [611], 8388608)   = 0
734974 sendfile(5, 4, [0] => [235984], 8388608) = 235984
734974 sendfile(5, 4, [235984], 8388608) = 0
734974 sendfile(5, 4, [0] => [248984], 8388608) = 248984
734974 sendfile(5, 4, [248984], 8388608) = 0
734974 sendfile(5, 4, [0] => [235784], 8388608) = 235784
734974 sendfile(5, 4, [235784], 8388608) = 0
734974 sendfile(5, 4, [0] => [248884], 8388608) = 248884
734974 sendfile(5, 4, [248884], 8388608) = 0
734974 sendfile(5, 4, [0] => [69484], 8388608) = 69484
734974 sendfile(5, 4, [69484], 8388608) = 0
734974 sendfile(5, 4, [0] => [121084], 8388608) = 121084
734974 sendfile(5, 4, [121084], 8388608) = 0
734974 sendfile(5, 4, [0] => [1048584], 8388608) = 1048584
734974 sendfile(5, 4, [1048584], 8388608) = 0
734974 sendfile(5, 4, [0] => [942884], 8388608) = 942884
734974 sendfile(5, 4, [942884], 8388608) = 0
734974 sendfile(5, 4, [0] => [570684], 8388608) = 570684
734974 sendfile(5, 4, [570684], 8388608) = 0
734974 sendfile(5, 4, [0] => [996184], 8388608) = 996184
734974 sendfile(5, 4, [996184], 8388608) = 0
734974 sendfile(5, 4, [0] => [995784], 8388608) = 995784
734974 sendfile(5, 4, [995784], 8388608) = 0
734974 sendfile(5, 4, [0] => [1048584], 8388608) = 1048584
734974 sendfile(5, 4, [1048584], 8388608) = 0
734974 sendfile(5, 4, [0] => [495984], 8388608) = 495984
734974 sendfile(5, 4, [495984], 8388608) = 0
734974 sendfile(5, 4, [0] => [336384], 8388608) = 336384
734974 sendfile(5, 4, [336384], 8388608) = 0
734974 sendfile(5, 4, [0] => [1048584], 8388608) = 1048584
734974 sendfile(5, 4, [1048584], 8388608) = 0
734974 sendfile(5, 4, [0] => [612584], 8388608) = 612584
734974 sendfile(5, 4, [612584], 8388608) = 0
734974 sendfile(5, 4, [0] => [738884], 8388608) = 738884
734974 sendfile(5, 4, [738884], 8388608) = 0
734974 sendfile(5, 4, [0] => [93684], 8388608) = 93684
734974 sendfile(5, 4, [93684], 8388608) = 0
734974 sendfile(5, 4, [0] => [549684], 8388608) = 549684
734974 sendfile(5, 4, [549684], 8388608) = 0
734974 sendfile(5, 4, [0] => [180884], 8388608) = 180884
734974 sendfile(5, 4, [180884], 8388608) = 0
734974 sendfile(5, 4, [0] => [73484], 8388608) = 73484
734974 sendfile(5, 4, [73484], 8388608) = 0
734974 sendfile(5, 4, [0] => [356084], 8388608) = 356084
734974 sendfile(5, 4, [356084], 8388608) = 0
734974 sendfile(5, 4, [0] => [49284], 8388608) = 49284
734974 sendfile(5, 4, [49284], 8388608) = 0
734974 sendfile(5, 4, [0] => [1048584], 8388608) = 1048584
734974 sendfile(5, 4, [1048584], 8388608) = 0
734974 sendfile(5, 4, [0] => [1048584], 8388608) = 1048584
734974 sendfile(5, 4, [1048584], 8388608) = 0
734974 sendfile(5, 4, [0] => [641684], 8388608) = 641684
734974 sendfile(5, 4, [641684], 8388608) = 0
734974 sendfile(5, 4, [0] => [1048584], 8388608) = 1048584
734974 sendfile(5, 4, [1048584], 8388608) = 0
734974 sendfile(5, 4, [0] => [612584], 8388608) = 612584
734974 sendfile(5, 4, [612584], 8388608) = 0
734974 sendfile(5, 4, [0] => [115284], 8388608) = 115284
734974 sendfile(5, 4, [115284], 8388608) = 0
734974 sendfile(5, 4, [0] => [1048484], 8388608) = 1048484
734974 sendfile(5, 4, [1048484], 8388608) = 0
734974 sendfile(5, 4, [0] => [1048584], 8388608) = 1048584
734974 sendfile(5, 4, [1048584], 8388608) = 0
734974 sendfile(5, 4, [0] => [1048584], 8388608) = 1048584
734974 sendfile(5, 4, [1048584], 8388608) = 0
734974 sendfile(5, 4, [0] => [393584], 8388608) = 393584
734974 sendfile(5, 4, [393584], 8388608) = 0
734974 sendfile(5, 4, [0] => [789484], 8388608) = 789484
734974 sendfile(5, 4, [789484], 8388608) = 0
734974 sendfile(5, 4, [0] => [794484], 8388608) = 794484
734974 sendfile(5, 4, [794484], 8388608) = 0
734974 sendfile(5, 4, [0] => [684], 8388608) = 684
734974 sendfile(5, 4, [684], 8388608)   = 0
734974 sendfile(5, 4, [0] => [352884], 8388608) = 352884
734974 sendfile(5, 4, [352884], 8388608) = 0
734974 sendfile(5, 4, [0] => [806084], 8388608) = 806084
734974 sendfile(5, 4, [806084], 8388608) = 0
734974 sendfile(5, 4, [0] => [184984], 8388608) = 184984
734974 sendfile(5, 4, [184984], 8388608) = 0
734974 sendfile(5, 4, [0] => [708384], 8388608) = 708384
734974 sendfile(5, 4, [708384], 8388608) = 0
734974 sendfile(5, 4, [0] => [567984], 8388608) = 567984
734974 sendfile(5, 4, [567984], 8388608) = 0
734974 sendfile(5, 4, [0] => [612584], 8388608) = 612584
734974 sendfile(5, 4, [612584], 8388608) = 0
734974 sendfile(5, 4, [0] => [612584], 8388608) = 612584
734974 sendfile(5, 4, [612584], 8388608) = 0
734974 sendfile(5, 4, [0] => [180084], 8388608) = 180084
734974 sendfile(5, 4, [180084], 8388608) = 0
734974 sendfile(5, 4, [0] => [206384], 8388608) = 206384
734974 sendfile(5, 4, [206384], 8388608) = 0
734974 sendfile(5, 4, [0] => [620284], 8388608) = 620284
734974 sendfile(5, 4, [620284], 8388608) = 0
734974 sendfile(5, 4, [0] => [290784], 8388608) = 290784
734974 sendfile(5, 4, [290784], 8388608) = 0
734974 sendfile(5, 4, [0] => [706], 8388608) = 706
734974 sendfile(5, 4, [706], 8388608)   = 0
734974 sendfile(5, 4, [0] => [2006], 8388608) = 2006
734974 sendfile(5, 4, [2006], 8388608)  = 0
734974 sendfile(5, 4, [0] => [2141], 8388608) = 2141
734974 sendfile(5, 4, [2141], 8388608)  = 0
734974 sendfile(5, 4, [0] => [2092], 8388608) = 2092
734974 sendfile(5, 4, [2092], 8388608)  = 0
734974 sendfile(5, 4, [0] => [2235], 8388608) = 2235
734974 sendfile(5, 4, [2235], 8388608)  = 0
734974 sendfile(5, 4, [0] => [1814], 8388608) = 1814
734974 sendfile(5, 4, [1814], 8388608)  = 0
734974 sendfile(5, 4, [0] => [1974], 8388608) = 1974
734974 sendfile(5, 4, [1974], 8388608)  = 0
734974 sendfile(5, 4, [0] => [1780], 8388608) = 1780
734974 sendfile(5, 4, [1780], 8388608)  = 0
734974 sendfile(5, 4, [0] => [32898], 8388608) = 32898
734974 sendfile(5, 4, [32898], 8388608) = 0
734974 sendfile(5, 4, [0] => [34985], 8388608) = 34985
734974 sendfile(5, 4, [34985], 8388608) = 0
734974 sendfile(5, 4, [0] => [35688], 8388608) = 35688
734974 sendfile(5, 4, [35688], 8388608) = 0
734974 sendfile(5, 4, [0] => [37775], 8388608) = 37775
734974 sendfile(5, 4, [37775], 8388608) = 0
734974 sendfile(5, 4, [0] => [32017], 8388608) = 32017
734974 sendfile(5, 4, [32017], 8388608) = 0
734974 sendfile(5, 4, [0] => [34104], 8388608) = 34104
734974 sendfile(5, 4, [34104], 8388608) = 0
734974 sendfile(5, 4, [0] => [2350], 8388608) = 2350
734974 sendfile(5, 4, [2350], 8388608)  = 0
734974 sendfile(5, 4, [0] => [2570], 8388608) = 2570
734974 sendfile(5, 4, [2570], 8388608)  = 0
734974 sendfile(5, 4, [0] => [1238], 8388608) = 1238
734974 sendfile(5, 4, [1238], 8388608)  = 0
734974 sendfile(5, 4, [0] => [2439], 8388608) = 2439
734974 sendfile(5, 4, [2439], 8388608)  = 0
734974 sendfile(5, 4, [0] => [2341], 8388608) = 2341
734974 sendfile(5, 4, [2341], 8388608)  = 0
734974 sendfile(5, 4, [0] => [2562], 8388608) = 2562
734974 sendfile(5, 4, [2562], 8388608)  = 0
734974 sendfile(5, 4, [0] => [357], 8388608) = 357
734974 sendfile(5, 4, [357], 8388608)   = 0
734974 sendfile(5, 4, [0] => [83320], 8388608) = 83320
734974 sendfile(5, 4, [83320], 8388608) = 0
736232 +++ exited with 0 +++
736226 +++ exited with 0 +++
734974 --- SIGCHLD {si_signo=SIGCHLD, si_code=CLD_EXITED, si_pid=736226, si_uid=1000, si_status=0, si_utime=1, si_stime=0} ---
736332 +++ exited with 0 +++
736331 +++ exited with 0 +++
736330 +++ exited with 0 +++
736329 +++ exited with 0 +++
736328 +++ exited with 0 +++
736326 +++ exited with 0 +++
736325 +++ exited with 0 +++
736324 +++ exited with 0 +++
736323 +++ exited with 0 +++
736322 +++ exited with 0 +++
736316 +++ exited with 0 +++
736315 +++ exited with 0 +++
736283 +++ exited with 0 +++
736282 +++ exited with 0 +++
736281 +++ exited with 0 +++
736244 +++ exited with 0 +++
736243 +++ exited with 0 +++
736235 +++ exited with 0 +++
736321 +++ exited with 0 +++
736320 +++ exited with 0 +++
736327 +++ exited with 0 +++
736333 +++ exited with 0 +++
736234 +++ exited with 0 +++
734974 --- SIGCHLD {si_signo=SIGCHLD, si_code=CLD_EXITED, si_pid=736234, si_uid=1000, si_status=0, si_utime=34, si_stime=12} ---
736356 +++ exited with 0 +++
736521 +++ exited with 0 +++
736427 +++ exited with 0 +++
736426 +++ exited with 0 +++
736424 +++ exited with 0 +++
736357 +++ exited with 0 +++
736425 +++ exited with 0 +++
736353 +++ exited with 0 +++
736352 +++ exited with 0 +++
734974 --- SIGCHLD {si_signo=SIGCHLD, si_code=CLD_EXITED, si_pid=736352, si_uid=1000, si_status=0, si_utime=121, si_stime=10} ---
734974 sendfile(5, 4, [0] => [203278], 8388608) = 203278
734974 sendfile(5, 4, [203278], 8388608) = 0
734974 sendfile(5, 4, [0] => [182268], 8388608) = 182268
734974 sendfile(5, 4, [182268], 8388608) = 0
734974 sendfile(5, 4, [0] => [178612], 8388608) = 178612
734974 sendfile(5, 4, [178612], 8388608) = 0
734974 sendfile(5, 4, [0] => [1087071], 8388608) = 1087071
734974 sendfile(5, 4, [1087071], 8388608) = 0
734974 sendfile(5, 4, [0] => [955201], 8388608) = 955201
734974 sendfile(5, 4, [955201], 8388608) = 0
734974 sendfile(5, 4, [0] => [290446], 8388608) = 290446
734974 sendfile(5, 4, [290446], 8388608) = 0
734974 sendfile(5, 4, [0] => [1067253], 8388608) = 1067253
734974 sendfile(5, 4, [1067253], 8388608) = 0
734974 sendfile(5, 4, [0] => [245983], 8388608) = 245983
734974 sendfile(5, 4, [245983], 8388608) = 0
734974 sendfile(5, 4, [0] => [70361], 8388608) = 70361
734974 sendfile(5, 4, [70361], 8388608) = 0
734974 sendfile(5, 4, [0] => [91041], 8388608) = 91041
734974 sendfile(5, 4, [91041], 8388608) = 0
734974 sendfile(5, 4, [0] => [798339], 8388608) = 798339
734974 sendfile(5, 4, [798339], 8388608) = 0
734974 sendfile(5, 4, [0] => [558786], 8388608) = 558786
734974 sendfile(5, 4, [558786], 8388608) = 0
734974 sendfile(5, 4, [0] => [803316], 8388608) = 803316
734974 sendfile(5, 4, [803316], 8388608) = 0
734974 sendfile(5, 4, [0] => [752680], 8388608) = 752680
734974 sendfile(5, 4, [752680], 8388608) = 0
734974 sendfile(5, 4, [0] => [709], 8388608) = 709
734974 sendfile(5, 4, [709], 8388608)   = 0
734974 sendfile(5, 4, [0] => [357517], 8388608) = 357517
734974 sendfile(5, 4, [357517], 8388608) = 0
734974 sendfile(5, 4, [0] => [1079168], 8388608) = 1079168
734974 sendfile(5, 4, [1079168], 8388608) = 0
734974 sendfile(5, 4, [0] => [1054486], 8388608) = 1054486
734974 sendfile(5, 4, [1054486], 8388608) = 0
734974 sendfile(5, 4, [0] => [392127], 8388608) = 392127
734974 sendfile(5, 4, [392127], 8388608) = 0
734974 sendfile(5, 4, [0] => [1069230], 8388608) = 1069230
734974 sendfile(5, 4, [1069230], 8388608) = 0
734974 sendfile(5, 4, [0] => [117193], 8388608) = 117193
734974 sendfile(5, 4, [117193], 8388608) = 0
734974 sendfile(5, 4, [0] => [176950], 8388608) = 176950
734974 sendfile(5, 4, [176950], 8388608) = 0
734974 sendfile(5, 4, [0] => [619113], 8388608) = 619113
734974 sendfile(5, 4, [619113], 8388608) = 0
734974 sendfile(5, 4, [0] => [648662], 8388608) = 648662
734974 sendfile(5, 4, [648662], 8388608) = 0
734974 sendfile(5, 4, [0] => [574906], 8388608) = 574906
734974 sendfile(5, 4, [574906], 8388608) = 0
734974 sendfile(5, 4, [0] => [47084], 8388608) = 47084
734974 sendfile(5, 4, [47084], 8388608) = 0
734974 sendfile(5, 4, [0] => [493756], 8388608) = 493756
734974 sendfile(5, 4, [493756], 8388608) = 0
734974 sendfile(5, 4, [0] => [332474], 8388608) = 332474
734974 sendfile(5, 4, [332474], 8388608) = 0
734974 sendfile(5, 4, [0] => [1058580], 8388608) = 1058580
734974 sendfile(5, 4, [1058580], 8388608) = 0
734974 sendfile(5, 4, [0] => [1085183], 8388608) = 1085183
734974 sendfile(5, 4, [1085183], 8388608) = 0
734974 sendfile(5, 4, [0] => [66572], 8388608) = 66572
734974 sendfile(5, 4, [66572], 8388608) = 0
734974 sendfile(5, 4, [0] => [246554], 8388608) = 246554
734974 sendfile(5, 4, [246554], 8388608) = 0
734974 sendfile(5, 4, [0] => [1063798], 8388608) = 1063798
734974 sendfile(5, 4, [1063798], 8388608) = 0
734974 sendfile(5, 4, [0] => [1008276], 8388608) = 1008276
734974 sendfile(5, 4, [1008276], 8388608) = 0
734974 sendfile(5, 4, [0] => [1008870], 8388608) = 1008870
734974 sendfile(5, 4, [1008870], 8388608) = 0
734974 sendfile(5, 4, [0] => [807348], 8388608) = 807348
734974 sendfile(5, 4, [807348], 8388608) = 0
734974 sendfile(5, 4, [0] => [626401], 8388608) = 626401
734974 sendfile(5, 4, [626401], 8388608) = 0
734974 sendfile(5, 4, [0] => [618379], 8388608) = 618379
734974 sendfile(5, 4, [618379], 8388608) = 0
734974 sendfile(5, 4, [0] => [803316], 8388608) = 803316
734974 sendfile(5, 4, [803316], 8388608) = 0
734974 sendfile(5, 4, [0] => [290446], 8388608) = 290446
734974 sendfile(5, 4, [290446], 8388608) = 0
734974 sendfile(5, 4, [0] => [626401], 8388608) = 626401
734974 sendfile(5, 4, [626401], 8388608) = 0
734974 sendfile(5, 4, [0] => [1058580], 8388608) = 1058580
734974 sendfile(5, 4, [1058580], 8388608) = 0
734974 sendfile(5, 4, [0] => [392127], 8388608) = 392127
734974 sendfile(5, 4, [392127], 8388608) = 0
734974 sendfile(5, 4, [0] => [807348], 8388608) = 807348
734974 sendfile(5, 4, [807348], 8388608) = 0
734974 sendfile(5, 4, [0] => [246554], 8388608) = 246554
734974 sendfile(5, 4, [246554], 8388608) = 0
734974 sendfile(5, 4, [0] => [1087071], 8388608) = 1087071
734974 sendfile(5, 4, [1087071], 8388608) = 0
734974 sendfile(5, 4, [0] => [955201], 8388608) = 955201
734974 sendfile(5, 4, [955201], 8388608) = 0
734974 sendfile(5, 4, [0] => [752680], 8388608) = 752680
734974 sendfile(5, 4, [752680], 8388608) = 0
734974 sendfile(5, 4, [0] => [47084], 8388608) = 47084
734974 sendfile(5, 4, [47084], 8388608) = 0
734974 sendfile(5, 4, [0] => [245983], 8388608) = 245983
734974 sendfile(5, 4, [245983], 8388608) = 0
734974 sendfile(5, 4, [0] => [619113], 8388608) = 619113
734974 sendfile(5, 4, [619113], 8388608) = 0
734974 sendfile(5, 4, [0] => [182268], 8388608) = 182268
734974 sendfile(5, 4, [182268], 8388608) = 0
734974 sendfile(5, 4, [0] => [798339], 8388608) = 798339
734974 sendfile(5, 4, [798339], 8388608) = 0
734974 sendfile(5, 4, [0] => [1067253], 8388608) = 1067253
734974 sendfile(5, 4, [1067253], 8388608) = 0
734974 sendfile(5, 4, [0] => [117193], 8388608) = 117193
734974 sendfile(5, 4, [117193], 8388608) = 0
734974 sendfile(5, 4, [0] => [709], 8388608) = 709
734974 sendfile(5, 4, [709], 8388608)   = 0
734974 sendfile(5, 4, [0] => [1085183], 8388608) = 1085183
734974 sendfile(5, 4, [1085183], 8388608) = 0
734974 sendfile(5, 4, [0] => [332474], 8388608) = 332474
734974 sendfile(5, 4, [332474], 8388608) = 0
734974 sendfile(5, 4, [0] => [1069230], 8388608) = 1069230
734974 sendfile(5, 4, [1069230], 8388608) = 0
734974 sendfile(5, 4, [0] => [618379], 8388608) = 618379
734974 sendfile(5, 4, [618379], 8388608) = 0
734974 sendfile(5, 4, [0] => [1079168], 8388608) = 1079168
734974 sendfile(5, 4, [1079168], 8388608) = 0
734974 sendfile(5, 4, [0] => [66572], 8388608) = 66572
734974 sendfile(5, 4, [66572], 8388608) = 0
734974 sendfile(5, 4, [0] => [178612], 8388608) = 178612
734974 sendfile(5, 4, [178612], 8388608) = 0
734974 sendfile(5, 4, [0] => [1054486], 8388608) = 1054486
734974 sendfile(5, 4, [1054486], 8388608) = 0
734974 sendfile(5, 4, [0] => [648662], 8388608) = 648662
734974 sendfile(5, 4, [648662], 8388608) = 0
734974 sendfile(5, 4, [0] => [91041], 8388608) = 91041
734974 sendfile(5, 4, [91041], 8388608) = 0
734974 sendfile(5, 4, [0] => [493756], 8388608) = 493756
734974 sendfile(5, 4, [493756], 8388608) = 0
734974 sendfile(5, 4, [0] => [203278], 8388608) = 203278
734974 sendfile(5, 4, [203278], 8388608) = 0
734974 sendfile(5, 4, [0] => [70361], 8388608) = 70361
734974 sendfile(5, 4, [70361], 8388608) = 0
734974 sendfile(5, 4, [0] => [558786], 8388608) = 558786
734974 sendfile(5, 4, [558786], 8388608) = 0
734974 sendfile(5, 4, [0] => [1063798], 8388608) = 1063798
734974 sendfile(5, 4, [1063798], 8388608) = 0
734974 sendfile(5, 4, [0] => [574906], 8388608) = 574906
734974 sendfile(5, 4, [574906], 8388608) = 0
734974 sendfile(5, 4, [0] => [357517], 8388608) = 357517
734974 sendfile(5, 4, [357517], 8388608) = 0
734974 sendfile(5, 4, [0] => [1008276], 8388608) = 1008276
734974 sendfile(5, 4, [1008276], 8388608) = 0
734974 sendfile(5, 4, [0] => [1008870], 8388608) = 1008870
734974 sendfile(5, 4, [1008870], 8388608) = 0
734974 sendfile(5, 4, [0] => [176950], 8388608) = 176950
734974 sendfile(5, 4, [176950], 8388608) = 0
734974 sendfile(5, 4, [0] => [6333], 8388608) = 6333
734974 sendfile(5, 4, [6333], 8388608)  = 0
734974 sendfile(5, 4, [0] => [5404], 8388608) = 5404
734974 sendfile(5, 4, [5404], 8388608)  = 0
734974 sendfile(5, 4, [0] => [1947], 8388608) = 1947
734974 sendfile(5, 4, [1947], 8388608)  = 0
734974 sendfile(5, 4, [0] => [422], 8388608) = 422
734974 sendfile(5, 4, [422], 8388608)   = 0
734974 sendfile(5, 4, [0] => [10039], 8388608) = 10039
734974 sendfile(5, 4, [10039], 8388608) = 0
734974 sendfile(5, 4, [0] => [422], 8388608) = 422
734974 sendfile(5, 4, [422], 8388608)   = 0
734974 sendfile(5, 4, [0] => [3051], 8388608) = 3051
734974 sendfile(5, 4, [3051], 8388608)  = 0
734974 sendfile(5, 4, [0] => [422], 8388608) = 422
734974 sendfile(5, 4, [422], 8388608)   = 0
734974 sendfile(5, 4, [0] => [422], 8388608) = 422
734974 sendfile(5, 4, [422], 8388608)   = 0
734974 sendfile(5, 4, [0] => [422], 8388608) = 422
734974 sendfile(5, 4, [422], 8388608)   = 0
734974 sendfile(5, 4, [0] => [422], 8388608) = 422
734974 sendfile(5, 4, [422], 8388608)   = 0
734974 sendfile(5, 4, [0] => [422], 8388608) = 422
734974 sendfile(5, 4, [422], 8388608)   = 0
734974 sendfile(5, 4, [0] => [422], 8388608) = 422
734974 sendfile(5, 4, [422], 8388608)   = 0
734974 sendfile(5, 4, [0] => [3922], 8388608) = 3922
734974 sendfile(5, 4, [3922], 8388608)  = 0
734974 sendfile(5, 4, [0] => [2366], 8388608) = 2366
734974 sendfile(5, 4, [2366], 8388608)  = 0
734974 sendfile(5, 4, [0] => [422], 8388608) = 422
734974 sendfile(5, 4, [422], 8388608)   = 0
734974 sendfile(5, 4, [0] => [2234], 8388608) = 2234
734974 sendfile(5, 4, [2234], 8388608)  = 0
734974 sendfile(5, 4, [0] => [2737], 8388608) = 2737
734974 sendfile(5, 4, [2737], 8388608)  = 0
734974 sendfile(5, 4, [0] => [422], 8388608) = 422
734974 sendfile(5, 4, [422], 8388608)   = 0
734974 sendfile(5, 4, [0] => [422], 8388608) = 422
734974 sendfile(5, 4, [422], 8388608)   = 0
734974 sendfile(5, 4, [0] => [422], 8388608) = 422
734974 sendfile(5, 4, [422], 8388608)   = 0
734974 sendfile(5, 4, [0] => [2734], 8388608) = 2734
734974 sendfile(5, 4, [2734], 8388608)  = 0
734974 sendfile(5, 4, [0] => [422], 8388608) = 422
734974 sendfile(5, 4, [422], 8388608)   = 0
734974 sendfile(5, 4, [0] => [422], 8388608) = 422
734974 sendfile(5, 4, [422], 8388608)   = 0
734974 sendfile(5, 4, [0] => [422], 8388608) = 422
734974 sendfile(5, 4, [422], 8388608)   = 0
734974 sendfile(5, 4, [0] => [422], 8388608) = 422
734974 sendfile(5, 4, [422], 8388608)   = 0
734974 sendfile(5, 4, [0] => [422], 8388608) = 422
734974 sendfile(5, 4, [422], 8388608)   = 0
734974 sendfile(5, 4, [0] => [3415], 8388608) = 3415
734974 sendfile(5, 4, [3415], 8388608)  = 0
734974 sendfile(5, 4, [0] => [422], 8388608) = 422
734974 sendfile(5, 4, [422], 8388608)   = 0
734974 sendfile(5, 4, [0] => [422], 8388608) = 422
734974 sendfile(5, 4, [422], 8388608)   = 0
734974 sendfile(5, 4, [0] => [422], 8388608) = 422
734974 sendfile(5, 4, [422], 8388608)   = 0
734974 sendfile(5, 4, [0] => [3940], 8388608) = 3940
734974 sendfile(5, 4, [3940], 8388608)  = 0
734974 sendfile(5, 4, [0] => [422], 8388608) = 422
734974 sendfile(5, 4, [422], 8388608)   = 0
734974 sendfile(5, 4, [0] => [422], 8388608) = 422
734974 sendfile(5, 4, [422], 8388608)   = 0
734974 sendfile(5, 4, [0] => [422], 8388608) = 422
734974 sendfile(5, 4, [422], 8388608)   = 0
734974 sendfile(5, 4, [0] => [422], 8388608) = 422
734974 sendfile(5, 4, [422], 8388608)   = 0
734974 sendfile(5, 4, [0] => [422], 8388608) = 422
734974 sendfile(5, 4, [422], 8388608)   = 0
734974 sendfile(5, 4, [0] => [422], 8388608) = 422
734974 sendfile(5, 4, [422], 8388608)   = 0
734974 sendfile(5, 4, [0] => [422], 8388608) = 422
734974 sendfile(5, 4, [422], 8388608)   = 0
734974 sendfile(5, 4, [0] => [3938], 8388608) = 3938
734974 sendfile(5, 4, [3938], 8388608)  = 0
734974 sendfile(5, 4, [0] => [422], 8388608) = 422
734974 sendfile(5, 4, [422], 8388608)   = 0
734974 sendfile(5, 4, [0] => [422], 8388608) = 422
734974 sendfile(5, 4, [422], 8388608)   = 0
734974 sendfile(5, 4, [0] => [3426], 8388608) = 3426
734974 sendfile(5, 4, [3426], 8388608)  = 0
734974 sendfile(5, 4, [0] => [3975], 8388608) = 3975
734974 sendfile(5, 4, [3975], 8388608)  = 0
734974 sendfile(5, 4, [0] => [422], 8388608) = 422
734974 sendfile(5, 4, [422], 8388608)   = 0
734974 sendfile(5, 4, [0] => [422], 8388608) = 422
734974 sendfile(5, 4, [422], 8388608)   = 0
734974 sendfile(5, 4, [0] => [1673], 8388608) = 1673
734974 sendfile(5, 4, [1673], 8388608)  = 0
734974 sendfile(5, 4, [0] => [422], 8388608) = 422
734974 sendfile(5, 4, [422], 8388608)   = 0
734974 sendfile(5, 4, [0] => [422], 8388608) = 422
734974 sendfile(5, 4, [422], 8388608)   = 0
734974 sendfile(5, 4, [0] => [7086], 8388608) = 7086
734974 sendfile(5, 4, [7086], 8388608)  = 0
734974 sendfile(5, 4, [0] => [422], 8388608) = 422
734974 sendfile(5, 4, [422], 8388608)   = 0
734974 sendfile(5, 4, [0] => [422], 8388608) = 422
734974 sendfile(5, 4, [422], 8388608)   = 0
734974 sendfile(5, 4, [0] => [819], 8388608) = 819
734974 sendfile(5, 4, [819], 8388608)   = 0
734974 sendfile(5, 4, [0] => [422], 8388608) = 422
734974 sendfile(5, 4, [422], 8388608)   = 0
734974 sendfile(5, 4, [0] => [422], 8388608) = 422
734974 sendfile(5, 4, [422], 8388608)   = 0
734974 sendfile(5, 4, [0] => [422], 8388608) = 422
734974 sendfile(5, 4, [422], 8388608)   = 0
734974 sendfile(5, 4, [0] => [2373], 8388608) = 2373
734974 sendfile(5, 4, [2373], 8388608)  = 0
734974 sendfile(5, 4, [0] => [3423], 8388608) = 3423
734974 sendfile(5, 4, [3423], 8388608)  = 0
734974 sendfile(5, 4, [0] => [60083], 8388608) = 60083
734974 sendfile(5, 4, [60083], 8388608) = 0
734974 sendfile(5, 4, [0] => [186], 8388608) = 186
734974 sendfile(5, 4, [186], 8388608)   = 0
734974 sendfile(5, 4, [0] => [1644], 8388608) = 1644
734974 sendfile(5, 4, [1644], 8388608)  = 0
734974 sendfile(5, 4, [0] => [30737], 8388608) = 30737
734974 sendfile(5, 4, [30737], 8388608) = 0
734974 sendfile(5, 4, [0] => [203278], 8388608) = 203278
734974 sendfile(5, 4, [203278], 8388608) = 0
734974 sendfile(5, 4, [0] => [182268], 8388608) = 182268
734974 sendfile(5, 4, [182268], 8388608) = 0
734974 sendfile(5, 4, [0] => [178612], 8388608) = 178612
734974 sendfile(5, 4, [178612], 8388608) = 0
734974 sendfile(5, 4, [0] => [1087071], 8388608) = 1087071
734974 sendfile(5, 4, [1087071], 8388608) = 0
734974 sendfile(5, 4, [0] => [955201], 8388608) = 955201
734974 sendfile(5, 4, [955201], 8388608) = 0
734974 sendfile(5, 4, [0] => [290446], 8388608) = 290446
734974 sendfile(5, 4, [290446], 8388608) = 0
734974 sendfile(5, 4, [0] => [1067253], 8388608) = 1067253
734974 sendfile(5, 4, [1067253], 8388608) = 0
734974 sendfile(5, 4, [0] => [245983], 8388608) = 245983
734974 sendfile(5, 4, [245983], 8388608) = 0
734974 sendfile(5, 4, [0] => [70361], 8388608) = 70361
734974 sendfile(5, 4, [70361], 8388608) = 0
734974 sendfile(5, 4, [0] => [91041], 8388608) = 91041
734974 sendfile(5, 4, [91041], 8388608) = 0
734974 sendfile(5, 4, [0] => [798339], 8388608) = 798339
734974 sendfile(5, 4, [798339], 8388608) = 0
734974 sendfile(5, 4, [0] => [558786], 8388608) = 558786
734974 sendfile(5, 4, [558786], 8388608) = 0
734974 sendfile(5, 4, [0] => [803316], 8388608) = 803316
734974 sendfile(5, 4, [803316], 8388608) = 0
734974 sendfile(5, 4, [0] => [752680], 8388608) = 752680
734974 sendfile(5, 4, [752680], 8388608) = 0
734974 sendfile(5, 4, [0] => [709], 8388608) = 709
734974 sendfile(5, 4, [709], 8388608)   = 0
734974 sendfile(5, 4, [0] => [357517], 8388608) = 357517
734974 sendfile(5, 4, [357517], 8388608) = 0
734974 sendfile(5, 4, [0] => [1079168], 8388608) = 1079168
734974 sendfile(5, 4, [1079168], 8388608) = 0
734974 sendfile(5, 4, [0] => [1054486], 8388608) = 1054486
734974 sendfile(5, 4, [1054486], 8388608) = 0
734974 sendfile(5, 4, [0] => [392127], 8388608) = 392127
734974 sendfile(5, 4, [392127], 8388608) = 0
734974 sendfile(5, 4, [0] => [1069230], 8388608) = 1069230
734974 sendfile(5, 4, [1069230], 8388608) = 0
734974 sendfile(5, 4, [0] => [117193], 8388608) = 117193
734974 sendfile(5, 4, [117193], 8388608) = 0
734974 sendfile(5, 4, [0] => [176950], 8388608) = 176950
734974 sendfile(5, 4, [176950], 8388608) = 0
734974 sendfile(5, 4, [0] => [619113], 8388608) = 619113
734974 sendfile(5, 4, [619113], 8388608) = 0
734974 sendfile(5, 4, [0] => [648662], 8388608) = 648662
734974 sendfile(5, 4, [648662], 8388608) = 0
734974 sendfile(5, 4, [0] => [574906], 8388608) = 574906
734974 sendfile(5, 4, [574906], 8388608) = 0
734974 sendfile(5, 4, [0] => [47084], 8388608) = 47084
734974 sendfile(5, 4, [47084], 8388608) = 0
734974 sendfile(5, 4, [0] => [493756], 8388608) = 493756
734974 sendfile(5, 4, [493756], 8388608) = 0
734974 sendfile(5, 4, [0] => [332474], 8388608) = 332474
734974 sendfile(5, 4, [332474], 8388608) = 0
734974 sendfile(5, 4, [0] => [1058580], 8388608) = 1058580
734974 sendfile(5, 4, [1058580], 8388608) = 0
734974 sendfile(5, 4, [0] => [1085183], 8388608) = 1085183
734974 sendfile(5, 4, [1085183], 8388608) = 0
734974 sendfile(5, 4, [0] => [66572], 8388608) = 66572
734974 sendfile(5, 4, [66572], 8388608) = 0
734974 sendfile(5, 4, [0] => [246554], 8388608) = 246554
734974 sendfile(5, 4, [246554], 8388608) = 0
734974 sendfile(5, 4, [0] => [1063798], 8388608) = 1063798
734974 sendfile(5, 4, [1063798], 8388608) = 0
734974 sendfile(5, 4, [0] => [1008276], 8388608) = 1008276
734974 sendfile(5, 4, [1008276], 8388608) = 0
734974 sendfile(5, 4, [0] => [1008870], 8388608) = 1008870
734974 sendfile(5, 4, [1008870], 8388608) = 0
734974 sendfile(5, 4, [0] => [807348], 8388608) = 807348
734974 sendfile(5, 4, [807348], 8388608) = 0
734974 sendfile(5, 4, [0] => [626401], 8388608) = 626401
734974 sendfile(5, 4, [626401], 8388608) = 0
734974 sendfile(5, 4, [0] => [618379], 8388608) = 618379
734974 sendfile(5, 4, [618379], 8388608) = 0
734974 sendfile(5, 4, [0] => [457], 8388608) = 457
734974 sendfile(5, 4, [457], 8388608)   = 0
734974 sendfile(5, 4, [0] => [1425], 8388608) = 1425
734974 sendfile(5, 4, [1425], 8388608)  = 0
734974 sendfile(5, 4, [0] => [689], 8388608) = 689
734974 sendfile(5, 4, [689], 8388608)   = 0
734974 sendfile(5, 4, [0] => [3009], 8388608) = 3009
734974 sendfile(5, 4, [3009], 8388608)  = 0
734974 sendfile(5, 4, [0] => [801], 8388608) = 801
734974 sendfile(5, 4, [801], 8388608)   = 0
734974 sendfile(5, 4, [0] => [50], 8388608) = 50
734974 sendfile(5, 4, [50], 8388608)    = 0
734974 sendfile(5, 4, [0] => [5933], 8388608) = 5933
734974 sendfile(5, 4, [5933], 8388608)  = 0
734974 sendfile(5, 4, [0] => [2759], 8388608) = 2759
734974 sendfile(5, 4, [2759], 8388608)  = 0
734974 sendfile(5, 4, [0] => [142], 8388608) = 142
734974 sendfile(5, 4, [142], 8388608)   = 0
734974 sendfile(5, 4, [0] => [122], 8388608) = 122
734974 sendfile(5, 4, [122], 8388608)   = 0
734974 sendfile(5, 4, [0] => [25], 8388608) = 25
734974 sendfile(5, 4, [25], 8388608)    = 0
734974 sendfile(5, 4, [0] => [99924], 8388608) = 99924
734974 sendfile(5, 4, [99924], 8388608) = 0
734974 sendfile(5, 4, [0] => [533], 8388608) = 533
734974 sendfile(5, 4, [533], 8388608)   = 0
734974 sendfile(5, 4, [0] => [43893], 8388608) = 43893
734974 sendfile(5, 4, [43893], 8388608) = 0
734974 sendfile(5, 4, [0] => [48245], 8388608) = 48245
734974 sendfile(5, 4, [48245], 8388608) = 0
734974 sendfile(5, 4, [0] => [11351], 8388608) = 11351
734974 sendfile(5, 4, [11351], 8388608) = 0
734974 sendfile(5, 4, [0] => [9290], 8388608) = 9290
734974 sendfile(5, 4, [9290], 8388608)  = 0
734974 sendfile(5, 4, [0] => [17540], 8388608) = 17540
734974 sendfile(5, 4, [17540], 8388608) = 0
734974 sendfile(5, 4, [0] => [611], 8388608) = 611
734974 sendfile(5, 4, [611], 8388608)   = 0
734974 sendfile(5, 4, [0] => [235984], 8388608) = 235984
734974 sendfile(5, 4, [235984], 8388608) = 0
734974 sendfile(5, 4, [0] => [248984], 8388608) = 248984
734974 sendfile(5, 4, [248984], 8388608) = 0
734974 sendfile(5, 4, [0] => [235784], 8388608) = 235784
734974 sendfile(5, 4, [235784], 8388608) = 0
734974 sendfile(5, 4, [0] => [248884], 8388608) = 248884
734974 sendfile(5, 4, [248884], 8388608) = 0
734974 sendfile(5, 4, [0] => [69484], 8388608) = 69484
734974 sendfile(5, 4, [69484], 8388608) = 0
734974 sendfile(5, 4, [0] => [121084], 8388608) = 121084
734974 sendfile(5, 4, [121084], 8388608) = 0
734974 sendfile(5, 4, [0] => [1048584], 8388608) = 1048584
734974 sendfile(5, 4, [1048584], 8388608) = 0
734974 sendfile(5, 4, [0] => [942884], 8388608) = 942884
734974 sendfile(5, 4, [942884], 8388608) = 0
734974 sendfile(5, 4, [0] => [570684], 8388608) = 570684
734974 sendfile(5, 4, [570684], 8388608) = 0
734974 sendfile(5, 4, [0] => [996184], 8388608) = 996184
734974 sendfile(5, 4, [996184], 8388608) = 0
734974 sendfile(5, 4, [0] => [995784], 8388608) = 995784
734974 sendfile(5, 4, [995784], 8388608) = 0
734974 sendfile(5, 4, [0] => [1048584], 8388608) = 1048584
734974 sendfile(5, 4, [1048584], 8388608) = 0
734974 sendfile(5, 4, [0] => [495984], 8388608) = 495984
734974 sendfile(5, 4, [495984], 8388608) = 0
734974 sendfile(5, 4, [0] => [336384], 8388608) = 336384
734974 sendfile(5, 4, [336384], 8388608) = 0
734974 sendfile(5, 4, [0] => [1048584], 8388608) = 1048584
734974 sendfile(5, 4, [1048584], 8388608) = 0
734974 sendfile(5, 4, [0] => [612584], 8388608) = 612584
734974 sendfile(5, 4, [612584], 8388608) = 0
734974 sendfile(5, 4, [0] => [738884], 8388608) = 738884
734974 sendfile(5, 4, [738884], 8388608) = 0
734974 sendfile(5, 4, [0] => [93684], 8388608) = 93684
734974 sendfile(5, 4, [93684], 8388608) = 0
734974 sendfile(5, 4, [0] => [549684], 8388608) = 549684
734974 sendfile(5, 4, [549684], 8388608) = 0
734974 sendfile(5, 4, [0] => [180884], 8388608) = 180884
734974 sendfile(5, 4, [180884], 8388608) = 0
734974 sendfile(5, 4, [0] => [73484], 8388608) = 73484
734974 sendfile(5, 4, [73484], 8388608) = 0
734974 sendfile(5, 4, [0] => [356084], 8388608) = 356084
734974 sendfile(5, 4, [356084], 8388608) = 0
734974 sendfile(5, 4, [0] => [49284], 8388608) = 49284
734974 sendfile(5, 4, [49284], 8388608) = 0
734974 sendfile(5, 4, [0] => [1048584], 8388608) = 1048584
734974 sendfile(5, 4, [1048584], 8388608) = 0
734974 sendfile(5, 4, [0] => [1048584], 8388608) = 1048584
734974 sendfile(5, 4, [1048584], 8388608) = 0
734974 sendfile(5, 4, [0] => [641684], 8388608) = 641684
734974 sendfile(5, 4, [641684], 8388608) = 0
734974 sendfile(5, 4, [0] => [1048584], 8388608) = 1048584
734974 sendfile(5, 4, [1048584], 8388608) = 0
734974 sendfile(5, 4, [0] => [612584], 8388608) = 612584
734974 sendfile(5, 4, [612584], 8388608) = 0
734974 sendfile(5, 4, [0] => [115284], 8388608) = 115284
734974 sendfile(5, 4, [115284], 8388608) = 0
734974 sendfile(5, 4, [0] => [1048484], 8388608) = 1048484
734974 sendfile(5, 4, [1048484], 8388608) = 0
734974 sendfile(5, 4, [0] => [1048584], 8388608) = 1048584
734974 sendfile(5, 4, [1048584], 8388608) = 0
734974 sendfile(5, 4, [0] => [1048584], 8388608) = 1048584
734974 sendfile(5, 4, [1048584], 8388608) = 0
734974 sendfile(5, 4, [0] => [393584], 8388608) = 393584
734974 sendfile(5, 4, [393584], 8388608) = 0
734974 sendfile(5, 4, [0] => [789484], 8388608) = 789484
734974 sendfile(5, 4, [789484], 8388608) = 0
734974 sendfile(5, 4, [0] => [794484], 8388608) = 794484
734974 sendfile(5, 4, [794484], 8388608) = 0
734974 sendfile(5, 4, [0] => [684], 8388608) = 684
734974 sendfile(5, 4, [684], 8388608)   = 0
734974 sendfile(5, 4, [0] => [352884], 8388608) = 352884
734974 sendfile(5, 4, [352884], 8388608) = 0
734974 sendfile(5, 4, [0] => [806084], 8388608) = 806084
734974 sendfile(5, 4, [806084], 8388608) = 0
734974 sendfile(5, 4, [0] => [184984], 8388608) = 184984
734974 sendfile(5, 4, [184984], 8388608) = 0
734974 sendfile(5, 4, [0] => [708384], 8388608) = 708384
734974 sendfile(5, 4, [708384], 8388608) = 0
734974 sendfile(5, 4, [0] => [567984], 8388608) = 567984
734974 sendfile(5, 4, [567984], 8388608) = 0
734974 sendfile(5, 4, [0] => [612584], 8388608) = 612584
734974 sendfile(5, 4, [612584], 8388608) = 0
734974 sendfile(5, 4, [0] => [612584], 8388608) = 612584
734974 sendfile(5, 4, [612584], 8388608) = 0
734974 sendfile(5, 4, [0] => [180084], 8388608) = 180084
734974 sendfile(5, 4, [180084], 8388608) = 0
734974 sendfile(5, 4, [0] => [206384], 8388608) = 206384
734974 sendfile(5, 4, [206384], 8388608) = 0
734974 sendfile(5, 4, [0] => [620284], 8388608) = 620284
734974 sendfile(5, 4, [620284], 8388608) = 0
734974 sendfile(5, 4, [0] => [290784], 8388608) = 290784
734974 sendfile(5, 4, [290784], 8388608) = 0
734974 sendfile(5, 4, [0] => [706], 8388608) = 706
734974 sendfile(5, 4, [706], 8388608)   = 0
734974 sendfile(5, 4, [0] => [2006], 8388608) = 2006
734974 sendfile(5, 4, [2006], 8388608)  = 0
734974 sendfile(5, 4, [0] => [2141], 8388608) = 2141
734974 sendfile(5, 4, [2141], 8388608)  = 0
734974 sendfile(5, 4, [0] => [2092], 8388608) = 2092
734974 sendfile(5, 4, [2092], 8388608)  = 0
734974 sendfile(5, 4, [0] => [2235], 8388608) = 2235
734974 sendfile(5, 4, [2235], 8388608)  = 0
734974 sendfile(5, 4, [0] => [1814], 8388608) = 1814
734974 sendfile(5, 4, [1814], 8388608)  = 0
734974 sendfile(5, 4, [0] => [1974], 8388608) = 1974
734974 sendfile(5, 4, [1974], 8388608)  = 0
734974 sendfile(5, 4, [0] => [1780], 8388608) = 1780
734974 sendfile(5, 4, [1780], 8388608)  = 0
734974 sendfile(5, 4, [0] => [32898], 8388608) = 32898
734974 sendfile(5, 4, [32898], 8388608) = 0
734974 sendfile(5, 4, [0] => [34985], 8388608) = 34985
734974 sendfile(5, 4, [34985], 8388608) = 0
734974 sendfile(5, 4, [0] => [35688], 8388608) = 35688
734974 sendfile(5, 4, [35688], 8388608) = 0
734974 sendfile(5, 4, [0] => [37775], 8388608) = 37775
734974 sendfile(5, 4, [37775], 8388608) = 0
734974 sendfile(5, 4, [0] => [32017], 8388608) = 32017
734974 sendfile(5, 4, [32017], 8388608) = 0
734974 sendfile(5, 4, [0] => [34104], 8388608) = 34104
734974 sendfile(5, 4, [34104], 8388608) = 0
734974 sendfile(5, 4, [0] => [2350], 8388608) = 2350
734974 sendfile(5, 4, [2350], 8388608)  = 0
734974 sendfile(5, 4, [0] => [2570], 8388608) = 2570
734974 sendfile(5, 4, [2570], 8388608)  = 0
734974 sendfile(5, 4, [0] => [1238], 8388608) = 1238
734974 sendfile(5, 4, [1238], 8388608)  = 0
734974 sendfile(5, 4, [0] => [2439], 8388608) = 2439
734974 sendfile(5, 4, [2439], 8388608)  = 0
734974 sendfile(5, 4, [0] => [2341], 8388608) = 2341
734974 sendfile(5, 4, [2341], 8388608)  = 0
734974 sendfile(5, 4, [0] => [2562], 8388608) = 2562
734974 sendfile(5, 4, [2562], 8388608)  = 0
734974 sendfile(5, 4, [0] => [357], 8388608) = 357
734974 sendfile(5, 4, [357], 8388608)   = 0
734974 sendfile(5, 4, [0] => [83320], 8388608) = 83320
734974 sendfile(5, 4, [83320], 8388608) = 0
736728 +++ exited with 0 +++
736727 +++ exited with 0 +++
734974 --- SIGCHLD {si_signo=SIGCHLD, si_code=CLD_EXITED, si_pid=736727, si_uid=1000, si_status=0, si_utime=2, si_stime=0} ---
736843 +++ exited with 0 +++
736842 +++ exited with 0 +++
736841 +++ exited with 0 +++
736838 +++ exited with 0 +++
736816 +++ exited with 0 +++
736815 +++ exited with 0 +++
736814 +++ exited with 0 +++
736747 +++ exited with 0 +++
736746 +++ exited with 0 +++
736734 +++ exited with 0 +++
736732 +++ exited with 0 +++
734974 --- SIGCHLD {si_signo=SIGCHLD, si_code=CLD_EXITED, si_pid=736732, si_uid=1000, si_status=0, si_utime=25, si_stime=11} ---
736860 +++ exited with 0 +++
736909 +++ exited with 0 +++
736906 +++ exited with 0 +++
736907 +++ exited with 0 +++
736908 +++ exited with 0 +++
736910 +++ exited with 0 +++
736861 +++ exited with 0 +++
736854 +++ exited with 0 +++
736851 +++ exited with 0 +++
734974 --- SIGCHLD {si_signo=SIGCHLD, si_code=CLD_EXITED, si_pid=736851, si_uid=1000, si_status=0, si_utime=87, si_stime=10} ---
734974 sendfile(5, 4, [0] => [203278], 8388608) = 203278
734974 sendfile(5, 4, [203278], 8388608) = 0
734974 sendfile(5, 4, [0] => [182268], 8388608) = 182268
734974 sendfile(5, 4, [182268], 8388608) = 0
734974 sendfile(5, 4, [0] => [178612], 8388608) = 178612
734974 sendfile(5, 4, [178612], 8388608) = 0
734974 sendfile(5, 4, [0] => [1087071], 8388608) = 1087071
734974 sendfile(5, 4, [1087071], 8388608) = 0
734974 sendfile(5, 4, [0] => [955201], 8388608) = 955201
734974 sendfile(5, 4, [955201], 8388608) = 0
734974 sendfile(5, 4, [0] => [290446], 8388608) = 290446
734974 sendfile(5, 4, [290446], 8388608) = 0
734974 sendfile(5, 4, [0] => [1067253], 8388608) = 1067253
734974 sendfile(5, 4, [1067253], 8388608) = 0
734974 sendfile(5, 4, [0] => [245983], 8388608) = 245983
734974 sendfile(5, 4, [245983], 8388608) = 0
734974 sendfile(5, 4, [0] => [70361], 8388608) = 70361
734974 sendfile(5, 4, [70361], 8388608) = 0
734974 sendfile(5, 4, [0] => [91041], 8388608) = 91041
734974 sendfile(5, 4, [91041], 8388608) = 0
734974 sendfile(5, 4, [0] => [798339], 8388608) = 798339
734974 sendfile(5, 4, [798339], 8388608) = 0
734974 sendfile(5, 4, [0] => [558786], 8388608) = 558786
734974 sendfile(5, 4, [558786], 8388608) = 0
734974 sendfile(5, 4, [0] => [803316], 8388608) = 803316
734974 sendfile(5, 4, [803316], 8388608) = 0
734974 sendfile(5, 4, [0] => [752680], 8388608) = 752680
734974 sendfile(5, 4, [752680], 8388608) = 0
734974 sendfile(5, 4, [0] => [709], 8388608) = 709
734974 sendfile(5, 4, [709], 8388608)   = 0
734974 sendfile(5, 4, [0] => [357517], 8388608) = 357517
734974 sendfile(5, 4, [357517], 8388608) = 0
734974 sendfile(5, 4, [0] => [1079168], 8388608) = 1079168
734974 sendfile(5, 4, [1079168], 8388608) = 0
734974 sendfile(5, 4, [0] => [1054486], 8388608) = 1054486
734974 sendfile(5, 4, [1054486], 8388608) = 0
734974 sendfile(5, 4, [0] => [392127], 8388608) = 392127
734974 sendfile(5, 4, [392127], 8388608) = 0
734974 sendfile(5, 4, [0] => [1069230], 8388608) = 1069230
734974 sendfile(5, 4, [1069230], 8388608) = 0
734974 sendfile(5, 4, [0] => [117193], 8388608) = 117193
734974 sendfile(5, 4, [117193], 8388608) = 0
734974 sendfile(5, 4, [0] => [176950], 8388608) = 176950
734974 sendfile(5, 4, [176950], 8388608) = 0
734974 sendfile(5, 4, [0] => [619113], 8388608) = 619113
734974 sendfile(5, 4, [619113], 8388608) = 0
734974 sendfile(5, 4, [0] => [648662], 8388608) = 648662
734974 sendfile(5, 4, [648662], 8388608) = 0
734974 sendfile(5, 4, [0] => [574906], 8388608) = 574906
734974 sendfile(5, 4, [574906], 8388608) = 0
734974 sendfile(5, 4, [0] => [47084], 8388608) = 47084
734974 sendfile(5, 4, [47084], 8388608) = 0
734974 sendfile(5, 4, [0] => [493756], 8388608) = 493756
734974 sendfile(5, 4, [493756], 8388608) = 0
734974 sendfile(5, 4, [0] => [332474], 8388608) = 332474
734974 sendfile(5, 4, [332474], 8388608) = 0
734974 sendfile(5, 4, [0] => [1058580], 8388608) = 1058580
734974 sendfile(5, 4, [1058580], 8388608) = 0
734974 sendfile(5, 4, [0] => [1085183], 8388608) = 1085183
734974 sendfile(5, 4, [1085183], 8388608) = 0
734974 sendfile(5, 4, [0] => [66572], 8388608) = 66572
734974 sendfile(5, 4, [66572], 8388608) = 0
734974 sendfile(5, 4, [0] => [246554], 8388608) = 246554
734974 sendfile(5, 4, [246554], 8388608) = 0
734974 sendfile(5, 4, [0] => [1063798], 8388608) = 1063798
734974 sendfile(5, 4, [1063798], 8388608) = 0
734974 sendfile(5, 4, [0] => [1008276], 8388608) = 1008276
734974 sendfile(5, 4, [1008276], 8388608) = 0
734974 sendfile(5, 4, [0] => [1008870], 8388608) = 1008870
734974 sendfile(5, 4, [1008870], 8388608) = 0
734974 sendfile(5, 4, [0] => [807348], 8388608) = 807348
734974 sendfile(5, 4, [807348], 8388608) = 0
734974 sendfile(5, 4, [0] => [626401], 8388608) = 626401
734974 sendfile(5, 4, [626401], 8388608) = 0
734974 sendfile(5, 4, [0] => [618379], 8388608) = 618379
734974 sendfile(5, 4, [618379], 8388608) = 0
737045 +++ exited with 0 +++
737043 +++ exited with 0 +++
734974 --- SIGCHLD {si_signo=SIGCHLD, si_code=CLD_EXITED, si_pid=737043, si_uid=1000, si_status=0, si_utime=2, si_stime=1} ---
737117 +++ exited with 0 +++
737111 +++ exited with 0 +++
737110 +++ exited with 0 +++
737109 +++ exited with 0 +++
737101 +++ exited with 0 +++
737098 +++ exited with 0 +++
737095 +++ exited with 0 +++
737055 +++ exited with 0 +++
737053 +++ exited with 0 +++
737050 +++ exited with 0 +++
737048 +++ exited with 0 +++
734974 --- SIGCHLD {si_signo=SIGCHLD, si_code=CLD_EXITED, si_pid=737048, si_uid=1000, si_status=0, si_utime=36, si_stime=11} ---
737127 +++ exited with 0 +++
737149 +++ exited with 0 +++
737148 +++ exited with 0 +++
737150 +++ exited with 0 +++
737128 +++ exited with 0 +++
737147 +++ exited with 0 +++
737126 +++ exited with 0 +++
737125 +++ exited with 0 +++
734974 --- SIGCHLD {si_signo=SIGCHLD, si_code=CLD_EXITED, si_pid=737125, si_uid=1000, si_status=0, si_utime=76, si_stime=11} ---
734974 sendfile(5, 4, [0] => [203278], 8388608) = 203278
734974 sendfile(5, 4, [203278], 8388608) = 0
734974 sendfile(5, 4, [0] => [182268], 8388608) = 182268
734974 sendfile(5, 4, [182268], 8388608) = 0
734974 sendfile(5, 4, [0] => [178612], 8388608) = 178612
734974 sendfile(5, 4, [178612], 8388608) = 0
734974 sendfile(5, 4, [0] => [1087071], 8388608) = 1087071
734974 sendfile(5, 4, [1087071], 8388608) = 0
734974 sendfile(5, 4, [0] => [955201], 8388608) = 955201
734974 sendfile(5, 4, [955201], 8388608) = 0
734974 sendfile(5, 4, [0] => [290446], 8388608) = 290446
734974 sendfile(5, 4, [290446], 8388608) = 0
734974 sendfile(5, 4, [0] => [1067253], 8388608) = 1067253
734974 sendfile(5, 4, [1067253], 8388608) = 0
734974 sendfile(5, 4, [0] => [245983], 8388608) = 245983
734974 sendfile(5, 4, [245983], 8388608) = 0
734974 sendfile(5, 4, [0] => [70361], 8388608) = 70361
734974 sendfile(5, 4, [70361], 8388608) = 0
734974 sendfile(5, 4, [0] => [91041], 8388608) = 91041
734974 sendfile(5, 4, [91041], 8388608) = 0
734974 sendfile(5, 4, [0] => [798339], 8388608) = 798339
734974 sendfile(5, 4, [798339], 8388608) = 0
734974 sendfile(5, 4, [0] => [558786], 8388608) = 558786
734974 sendfile(5, 4, [558786], 8388608) = 0
734974 sendfile(5, 4, [0] => [803316], 8388608) = 803316
734974 sendfile(5, 4, [803316], 8388608) = 0
734974 sendfile(5, 4, [0] => [752680], 8388608) = 752680
734974 sendfile(5, 4, [752680], 8388608) = 0
734974 sendfile(5, 4, [0] => [709], 8388608) = 709
734974 sendfile(5, 4, [709], 8388608)   = 0
734974 sendfile(5, 4, [0] => [357517], 8388608) = 357517
734974 sendfile(5, 4, [357517], 8388608) = 0
734974 sendfile(5, 4, [0] => [1079168], 8388608) = 1079168
734974 sendfile(5, 4, [1079168], 8388608) = 0
734974 sendfile(5, 4, [0] => [1054486], 8388608) = 1054486
734974 sendfile(5, 4, [1054486], 8388608) = 0
734974 sendfile(5, 4, [0] => [392127], 8388608) = 392127
734974 sendfile(5, 4, [392127], 8388608) = 0
734974 sendfile(5, 4, [0] => [1069230], 8388608) = 1069230
734974 sendfile(5, 4, [1069230], 8388608) = 0
734974 sendfile(5, 4, [0] => [117193], 8388608) = 117193
734974 sendfile(5, 4, [117193], 8388608) = 0
734974 sendfile(5, 4, [0] => [176950], 8388608) = 176950
734974 sendfile(5, 4, [176950], 8388608) = 0
734974 sendfile(5, 4, [0] => [619113], 8388608) = 619113
734974 sendfile(5, 4, [619113], 8388608) = 0
734974 sendfile(5, 4, [0] => [648662], 8388608) = 648662
734974 sendfile(5, 4, [648662], 8388608) = 0
734974 sendfile(5, 4, [0] => [574906], 8388608) = 574906
734974 sendfile(5, 4, [574906], 8388608) = 0
734974 sendfile(5, 4, [0] => [47084], 8388608) = 47084
734974 sendfile(5, 4, [47084], 8388608) = 0
734974 sendfile(5, 4, [0] => [493756], 8388608) = 493756
734974 sendfile(5, 4, [493756], 8388608) = 0
734974 sendfile(5, 4, [0] => [332474], 8388608) = 332474
734974 sendfile(5, 4, [332474], 8388608) = 0
734974 sendfile(5, 4, [0] => [1058580], 8388608) = 1058580
734974 sendfile(5, 4, [1058580], 8388608) = 0
734974 sendfile(5, 4, [0] => [1085183], 8388608) = 1085183
734974 sendfile(5, 4, [1085183], 8388608) = 0
734974 sendfile(5, 4, [0] => [66572], 8388608) = 66572
734974 sendfile(5, 4, [66572], 8388608) = 0
734974 sendfile(5, 4, [0] => [246554], 8388608) = 246554
734974 sendfile(5, 4, [246554], 8388608) = 0
734974 sendfile(5, 4, [0] => [1063798], 8388608) = 1063798
734974 sendfile(5, 4, [1063798], 8388608) = 0
734974 sendfile(5, 4, [0] => [1008276], 8388608) = 1008276
734974 sendfile(5, 4, [1008276], 8388608) = 0
734974 sendfile(5, 4, [0] => [1008870], 8388608) = 1008870
734974 sendfile(5, 4, [1008870], 8388608) = 0
734974 sendfile(5, 4, [0] => [807348], 8388608) = 807348
734974 sendfile(5, 4, [807348], 8388608) = 0
734974 sendfile(5, 4, [0] => [626401], 8388608) = 626401
734974 sendfile(5, 4, [626401], 8388608) = 0
734974 sendfile(5, 4, [0] => [618379], 8388608) = 618379
734974 sendfile(5, 4, [618379], 8388608) = 0
737381 +++ exited with 0 +++
737378 +++ exited with 0 +++
734974 --- SIGCHLD {si_signo=SIGCHLD, si_code=CLD_EXITED, si_pid=737378, si_uid=1000, si_status=0, si_utime=1, si_stime=1} ---
737474 +++ exited with 0 +++
737473 +++ exited with 0 +++
737472 +++ exited with 0 +++
737471 +++ exited with 0 +++
737450 +++ exited with 0 +++
737449 +++ exited with 0 +++
737448 +++ exited with 0 +++
737396 +++ exited with 0 +++
737395 +++ exited with 0 +++
737392 +++ exited with 0 +++
737391 +++ exited with 0 +++
734974 --- SIGCHLD {si_signo=SIGCHLD, si_code=CLD_EXITED, si_pid=737391, si_uid=1000, si_status=0, si_utime=27, si_stime=10} ---
737484 +++ exited with 0 +++
737530 +++ exited with 0 +++
737529 +++ exited with 0 +++
737527 +++ exited with 0 +++
737528 +++ exited with 0 +++
737525 +++ exited with 0 +++
737485 +++ exited with 0 +++
737526 +++ exited with 0 +++
737482 +++ exited with 0 +++
737477 +++ exited with 0 +++
734974 --- SIGCHLD {si_signo=SIGCHLD, si_code=CLD_EXITED, si_pid=737477, si_uid=1000, si_status=0, si_utime=48, si_stime=8} ---
734974 sendfile(5, 4, [0] => [772870], 8388608) = 772870
734974 sendfile(5, 4, [772870], 8388608) = 0
734974 sendfile(5, 4, [0] => [218794], 8388608) = 218794
734974 sendfile(5, 4, [218794], 8388608) = 0
734974 sendfile(5, 4, [0] => [219162], 8388608) = 219162
734974 sendfile(5, 4, [219162], 8388608) = 0
734974 sendfile(5, 4, [0] => [127800], 8388608) = 127800
734974 sendfile(5, 4, [127800], 8388608) = 0
734974 sendfile(5, 4, [0] => [282705], 8388608) = 282705
734974 sendfile(5, 4, [282705], 8388608) = 0
734974 sendfile(5, 4, [0] => [210420], 8388608) = 210420
734974 sendfile(5, 4, [210420], 8388608) = 0
734974 sendfile(5, 4, [0] => [75292], 8388608) = 75292
734974 sendfile(5, 4, [75292], 8388608) = 0
734974 sendfile(5, 4, [0] => [127847], 8388608) = 127847
734974 sendfile(5, 4, [127847], 8388608) = 0
734974 sendfile(5, 4, [0] => [281030], 8388608) = 281030
734974 sendfile(5, 4, [281030], 8388608) = 0
734974 sendfile(5, 4, [0] => [211306], 8388608) = 211306
734974 sendfile(5, 4, [211306], 8388608) = 0
734974 sendfile(5, 4, [0] => [74829], 8388608) = 74829
734974 sendfile(5, 4, [74829], 8388608) = 0
734974 sendfile(5, 4, [0] => [171668], 8388608) = 171668
734974 sendfile(5, 4, [171668], 8388608) = 0
734974 sendfile(5, 4, [0] => [75505], 8388608) = 75505
734974 sendfile(5, 4, [75505], 8388608) = 0
734974 sendfile(5, 4, [0] => [275459], 8388608) = 275459
734974 sendfile(5, 4, [275459], 8388608) = 0
734974 sendfile(5, 4, [0] => [931015], 8388608) = 931015
734974 sendfile(5, 4, [931015], 8388608) = 0
734974 sendfile(5, 4, [0] => [140484], 8388608) = 140484
734974 sendfile(5, 4, [140484], 8388608) = 0
734974 sendfile(5, 4, [0] => [52484], 8388608) = 52484
734974 sendfile(5, 4, [52484], 8388608) = 0
734974 sendfile(5, 4, [0] => [6859691], 8388608) = 6859691
734974 sendfile(5, 4, [6859691], 8388608) = 0
734974 sendfile(5, 4, [0] => [3513], 8388608) = 3513
734974 sendfile(5, 4, [3513], 8388608)  = 0
734974 sendfile(5, 4, [0] => [59584], 8388608) = 59584
734974 sendfile(5, 4, [59584], 8388608) = 0
734974 sendfile(5, 4, [0] => [391084], 8388608) = 391084
734974 sendfile(5, 4, [391084], 8388608) = 0
734974 sendfile(5, 4, [0] => [46584], 8388608) = 46584
734974 sendfile(5, 4, [46584], 8388608) = 0
734974 sendfile(5, 4, [0] => [214184], 8388608) = 214184
734974 sendfile(5, 4, [214184], 8388608) = 0
734974 sendfile(5, 4, [0] => [74829], 8388608) = 74829
734974 sendfile(5, 4, [74829], 8388608) = 0
734974 sendfile(5, 4, [0] => [75505], 8388608) = 75505
734974 sendfile(5, 4, [75505], 8388608) = 0
734974 sendfile(5, 4, [0] => [281030], 8388608) = 281030
734974 sendfile(5, 4, [281030], 8388608) = 0
734974 sendfile(5, 4, [0] => [117084], 8388608) = 117084
734974 sendfile(5, 4, [117084], 8388608) = 0
734974 sendfile(5, 4, [0] => [489684], 8388608) = 489684
734974 sendfile(5, 4, [489684], 8388608) = 0
734974 sendfile(5, 4, [0] => [79184], 8388608) = 79184
734974 sendfile(5, 4, [79184], 8388608) = 0
734974 sendfile(5, 4, [0] => [1177484], 8388608) = 1177484
734974 sendfile(5, 4, [1177484], 8388608) = 0
734974 sendfile(5, 4, [0] => [42884], 8388608) = 42884
734974 sendfile(5, 4, [42884], 8388608) = 0
734974 sendfile(5, 4, [0] => [343284], 8388608) = 343284
734974 sendfile(5, 4, [343284], 8388608) = 0
734974 sendfile(5, 4, [0] => [132084], 8388608) = 132084
734974 sendfile(5, 4, [132084], 8388608) = 0
734974 sendfile(5, 4, [0] => [142884], 8388608) = 142884
734974 sendfile(5, 4, [142884], 8388608) = 0
734974 sendfile(5, 4, [0] => [772870], 8388608) = 772870
734974 sendfile(5, 4, [772870], 8388608) = 0
734974 sendfile(5, 4, [0] => [52884], 8388608) = 52884
734974 sendfile(5, 4, [52884], 8388608) = 0
734974 sendfile(5, 4, [0] => [104884], 8388608) = 104884
734974 sendfile(5, 4, [104884], 8388608) = 0
734974 sendfile(5, 4, [0] => [218794], 8388608) = 218794
734974 sendfile(5, 4, [218794], 8388608) = 0
734974 sendfile(5, 4, [0] => [81484], 8388608) = 81484
734974 sendfile(5, 4, [81484], 8388608) = 0
734974 sendfile(5, 4, [0] => [931015], 8388608) = 931015
734974 sendfile(5, 4, [931015], 8388608) = 0
734974 sendfile(5, 4, [0] => [208684], 8388608) = 208684
734974 sendfile(5, 4, [208684], 8388608) = 0
734974 sendfile(5, 4, [0] => [171668], 8388608) = 171668
734974 sendfile(5, 4, [171668], 8388608) = 0
734974 sendfile(5, 4, [0] => [11684], 8388608) = 11684
734974 sendfile(5, 4, [11684], 8388608) = 0
734974 sendfile(5, 4, [0] => [4802348], 8388608) = 4802348
734974 sendfile(5, 4, [4802348], 8388608) = 0
734974 sendfile(5, 4, [0] => [127800], 8388608) = 127800
734974 sendfile(5, 4, [127800], 8388608) = 0
734974 sendfile(5, 4, [0] => [43084], 8388608) = 43084
734974 sendfile(5, 4, [43084], 8388608) = 0
734974 sendfile(5, 4, [0] => [334584], 8388608) = 334584
734974 sendfile(5, 4, [334584], 8388608) = 0
734974 sendfile(5, 4, [0] => [282705], 8388608) = 282705
734974 sendfile(5, 4, [282705], 8388608) = 0
734974 sendfile(5, 4, [0] => [211306], 8388608) = 211306
734974 sendfile(5, 4, [211306], 8388608) = 0
734974 sendfile(5, 4, [0] => [219162], 8388608) = 219162
734974 sendfile(5, 4, [219162], 8388608) = 0
734974 sendfile(5, 4, [0] => [156784], 8388608) = 156784
734974 sendfile(5, 4, [156784], 8388608) = 0
734974 sendfile(5, 4, [0] => [127847], 8388608) = 127847
734974 sendfile(5, 4, [127847], 8388608) = 0
734974 sendfile(5, 4, [0] => [75292], 8388608) = 75292
734974 sendfile(5, 4, [75292], 8388608) = 0
734974 sendfile(5, 4, [0] => [48184], 8388608) = 48184
734974 sendfile(5, 4, [48184], 8388608) = 0
734974 sendfile(5, 4, [0] => [390084], 8388608) = 390084
734974 sendfile(5, 4, [390084], 8388608) = 0
734974 sendfile(5, 4, [0] => [275459], 8388608) = 275459
734974 sendfile(5, 4, [275459], 8388608) = 0
734974 sendfile(5, 4, [0] => [263484], 8388608) = 263484
734974 sendfile(5, 4, [263484], 8388608) = 0
734974 sendfile(5, 4, [0] => [119326], 8388608) = 119326
734974 sendfile(5, 4, [119326], 8388608) = 0
734974 sendfile(5, 4, [0] => [174284], 8388608) = 174284
734974 sendfile(5, 4, [174284], 8388608) = 0
734974 sendfile(5, 4, [0] => [211284], 8388608) = 211284
734974 sendfile(5, 4, [211284], 8388608) = 0
734974 sendfile(5, 4, [0] => [12023], 8388608) = 12023
734974 sendfile(5, 4, [12023], 8388608) = 0
734974 sendfile(5, 4, [0] => [210420], 8388608) = 210420
734974 sendfile(5, 4, [210420], 8388608) = 0
734974 sendfile(5, 4, [0] => [6332], 8388608) = 6332
734974 sendfile(5, 4, [6332], 8388608)  = 0
734974 sendfile(5, 4, [0] => [6062], 8388608) = 6062
734974 sendfile(5, 4, [6062], 8388608)  = 0
734974 sendfile(5, 4, [0] => [1947], 8388608) = 1947
734974 sendfile(5, 4, [1947], 8388608)  = 0
734974 sendfile(5, 4, [0] => [1947], 8388608) = 1947
734974 sendfile(5, 4, [1947], 8388608)  = 0
734974 sendfile(5, 4, [0] => [656], 8388608) = 656
734974 sendfile(5, 4, [656], 8388608)   = 0
734974 sendfile(5, 4, [0] => [422], 8388608) = 422
734974 sendfile(5, 4, [422], 8388608)   = 0
734974 sendfile(5, 4, [0] => [422], 8388608) = 422
734974 sendfile(5, 4, [422], 8388608)   = 0
734974 sendfile(5, 4, [0] => [1731], 8388608) = 1731
734974 sendfile(5, 4, [1731], 8388608)  = 0
734974 sendfile(5, 4, [0] => [1688], 8388608) = 1688
734974 sendfile(5, 4, [1688], 8388608)  = 0
734974 sendfile(5, 4, [0] => [648], 8388608) = 648
734974 sendfile(5, 4, [648], 8388608)   = 0
734974 sendfile(5, 4, [0] => [422], 8388608) = 422
734974 sendfile(5, 4, [422], 8388608)   = 0
734974 sendfile(5, 4, [0] => [636], 8388608) = 636
734974 sendfile(5, 4, [636], 8388608)   = 0
734974 sendfile(5, 4, [0] => [636], 8388608) = 636
734974 sendfile(5, 4, [636], 8388608)   = 0
734974 sendfile(5, 4, [0] => [619], 8388608) = 619
734974 sendfile(5, 4, [619], 8388608)   = 0
734974 sendfile(5, 4, [0] => [422], 8388608) = 422
734974 sendfile(5, 4, [422], 8388608)   = 0
734974 sendfile(5, 4, [0] => [647], 8388608) = 647
734974 sendfile(5, 4, [647], 8388608)   = 0
734974 sendfile(5, 4, [0] => [629], 8388608) = 629
734974 sendfile(5, 4, [629], 8388608)   = 0
734974 sendfile(5, 4, [0] => [630], 8388608) = 630
734974 sendfile(5, 4, [630], 8388608)   = 0
734974 sendfile(5, 4, [0] => [623], 8388608) = 623
734974 sendfile(5, 4, [623], 8388608)   = 0
734974 sendfile(5, 4, [0] => [1743], 8388608) = 1743
734974 sendfile(5, 4, [1743], 8388608)  = 0
734974 sendfile(5, 4, [0] => [630], 8388608) = 630
734974 sendfile(5, 4, [630], 8388608)   = 0
734974 sendfile(5, 4, [0] => [623], 8388608) = 623
734974 sendfile(5, 4, [623], 8388608)   = 0
734974 sendfile(5, 4, [0] => [627], 8388608) = 627
734974 sendfile(5, 4, [627], 8388608)   = 0
734974 sendfile(5, 4, [0] => [629], 8388608) = 629
734974 sendfile(5, 4, [629], 8388608)   = 0
734974 sendfile(5, 4, [0] => [2074], 8388608) = 2074
734974 sendfile(5, 4, [2074], 8388608)  = 0
734974 sendfile(5, 4, [0] => [1734], 8388608) = 1734
734974 sendfile(5, 4, [1734], 8388608)  = 0
734974 sendfile(5, 4, [0] => [422], 8388608) = 422
734974 sendfile(5, 4, [422], 8388608)   = 0
734974 sendfile(5, 4, [0] => [638], 8388608) = 638
734974 sendfile(5, 4, [638], 8388608)   = 0
734974 sendfile(5, 4, [0] => [1753], 8388608) = 1753
734974 sendfile(5, 4, [1753], 8388608)  = 0
734974 sendfile(5, 4, [0] => [1755], 8388608) = 1755
734974 sendfile(5, 4, [1755], 8388608)  = 0
734974 sendfile(5, 4, [0] => [636], 8388608) = 636
734974 sendfile(5, 4, [636], 8388608)   = 0
734974 sendfile(5, 4, [0] => [624], 8388608) = 624
734974 sendfile(5, 4, [624], 8388608)   = 0
734974 sendfile(5, 4, [0] => [422], 8388608) = 422
734974 sendfile(5, 4, [422], 8388608)   = 0
734974 sendfile(5, 4, [0] => [614], 8388608) = 614
734974 sendfile(5, 4, [614], 8388608)   = 0
734974 sendfile(5, 4, [0] => [1742], 8388608) = 1742
734974 sendfile(5, 4, [1742], 8388608)  = 0
734974 sendfile(5, 4, [0] => [422], 8388608) = 422
734974 sendfile(5, 4, [422], 8388608)   = 0
734974 sendfile(5, 4, [0] => [624], 8388608) = 624
734974 sendfile(5, 4, [624], 8388608)   = 0
734974 sendfile(5, 4, [0] => [819], 8388608) = 819
734974 sendfile(5, 4, [819], 8388608)   = 0
734974 sendfile(5, 4, [0] => [1673], 8388608) = 1673
734974 sendfile(5, 4, [1673], 8388608)  = 0
734974 sendfile(5, 4, [0] => [1701], 8388608) = 1701
734974 sendfile(5, 4, [1701], 8388608)  = 0
734974 sendfile(5, 4, [0] => [422], 8388608) = 422
734974 sendfile(5, 4, [422], 8388608)   = 0
734974 sendfile(5, 4, [0] => [624], 8388608) = 624
734974 sendfile(5, 4, [624], 8388608)   = 0
734974 sendfile(5, 4, [0] => [422], 8388608) = 422
734974 sendfile(5, 4, [422], 8388608)   = 0
734974 sendfile(5, 4, [0] => [1673], 8388608) = 1673
734974 sendfile(5, 4, [1673], 8388608)  = 0
734974 sendfile(5, 4, [0] => [637], 8388608) = 637
734974 sendfile(5, 4, [637], 8388608)   = 0
734974 sendfile(5, 4, [0] => [615], 8388608) = 615
734974 sendfile(5, 4, [615], 8388608)   = 0
734974 sendfile(5, 4, [0] => [422], 8388608) = 422
734974 sendfile(5, 4, [422], 8388608)   = 0
734974 sendfile(5, 4, [0] => [658], 8388608) = 658
734974 sendfile(5, 4, [658], 8388608)   = 0
734974 sendfile(5, 4, [0] => [2140], 8388608) = 2140
734974 sendfile(5, 4, [2140], 8388608)  = 0
734974 sendfile(5, 4, [0] => [2139], 8388608) = 2139
734974 sendfile(5, 4, [2139], 8388608)  = 0
734974 sendfile(5, 4, [0] => [422], 8388608) = 422
734974 sendfile(5, 4, [422], 8388608)   = 0
734974 sendfile(5, 4, [0] => [657], 8388608) = 657
734974 sendfile(5, 4, [657], 8388608)   = 0
734974 sendfile(5, 4, [0] => [422], 8388608) = 422
734974 sendfile(5, 4, [422], 8388608)   = 0
734974 sendfile(5, 4, [0] => [422], 8388608) = 422
734974 sendfile(5, 4, [422], 8388608)   = 0
734974 sendfile(5, 4, [0] => [628], 8388608) = 628
734974 sendfile(5, 4, [628], 8388608)   = 0
734974 sendfile(5, 4, [0] => [627], 8388608) = 627
734974 sendfile(5, 4, [627], 8388608)   = 0
734974 sendfile(5, 4, [0] => [631], 8388608) = 631
734974 sendfile(5, 4, [631], 8388608)   = 0
734974 sendfile(5, 4, [0] => [635], 8388608) = 635
734974 sendfile(5, 4, [635], 8388608)   = 0
734974 sendfile(5, 4, [0] => [422], 8388608) = 422
734974 sendfile(5, 4, [422], 8388608)   = 0
734974 sendfile(5, 4, [0] => [632], 8388608) = 632
734974 sendfile(5, 4, [632], 8388608)   = 0
734974 sendfile(5, 4, [0] => [2122], 8388608) = 2122
734974 sendfile(5, 4, [2122], 8388608)  = 0
734974 sendfile(5, 4, [0] => [1726], 8388608) = 1726
734974 sendfile(5, 4, [1726], 8388608)  = 0
734974 sendfile(5, 4, [0] => [819], 8388608) = 819
734974 sendfile(5, 4, [819], 8388608)   = 0
734974 sendfile(5, 4, [0] => [630], 8388608) = 630
734974 sendfile(5, 4, [630], 8388608)   = 0
734974 sendfile(5, 4, [0] => [2132], 8388608) = 2132
734974 sendfile(5, 4, [2132], 8388608)  = 0
734974 sendfile(5, 4, [0] => [656], 8388608) = 656
734974 sendfile(5, 4, [656], 8388608)   = 0
734974 sendfile(5, 4, [0] => [635], 8388608) = 635
734974 sendfile(5, 4, [635], 8388608)   = 0
734974 sendfile(5, 4, [0] => [422], 8388608) = 422
734974 sendfile(5, 4, [422], 8388608)   = 0
734974 sendfile(5, 4, [0] => [653], 8388608) = 653
734974 sendfile(5, 4, [653], 8388608)   = 0
734974 sendfile(5, 4, [0] => [1723], 8388608) = 1723
734974 sendfile(5, 4, [1723], 8388608)  = 0
734974 sendfile(5, 4, [0] => [46206], 8388608) = 46206
734974 sendfile(5, 4, [46206], 8388608) = 0
734974 sendfile(5, 4, [0] => [30032], 8388608) = 30032
734974 sendfile(5, 4, [30032], 8388608) = 0
734974 sendfile(5, 4, [0] => [186], 8388608) = 186
734974 sendfile(5, 4, [186], 8388608)   = 0
734974 sendfile(5, 4, [0] => [4802348], 8388608) = 4802348
734974 sendfile(5, 4, [4802348], 8388608) = 0
734974 sendfile(5, 4, [0] => [6859691], 8388608) = 6859691
734974 sendfile(5, 4, [6859691], 8388608) = 0
734974 sendfile(5, 4, [0] => [12023], 8388608) = 12023
734974 sendfile(5, 4, [12023], 8388608) = 0
734974 sendfile(5, 4, [0] => [119326], 8388608) = 119326
734974 sendfile(5, 4, [119326], 8388608) = 0
734974 sendfile(5, 4, [0] => [3513], 8388608) = 3513
734974 sendfile(5, 4, [3513], 8388608)  = 0
734974 sendfile(5, 4, [0] => [11684], 8388608) = 11684
734974 sendfile(5, 4, [11684], 8388608) = 0
734974 sendfile(5, 4, [0] => [263484], 8388608) = 263484
734974 sendfile(5, 4, [263484], 8388608) = 0
734974 sendfile(5, 4, [0] => [211284], 8388608) = 211284
734974 sendfile(5, 4, [211284], 8388608) = 0
734974 sendfile(5, 4, [0] => [52884], 8388608) = 52884
734974 sendfile(5, 4, [52884], 8388608) = 0
734974 sendfile(5, 4, [0] => [43084], 8388608) = 43084
734974 sendfile(5, 4, [43084], 8388608) = 0
734974 sendfile(5, 4, [0] => [156784], 8388608) = 156784
734974 sendfile(5, 4, [156784], 8388608) = 0
734974 sendfile(5, 4, [0] => [81484], 8388608) = 81484
734974 sendfile(5, 4, [81484], 8388608) = 0
734974 sendfile(5, 4, [0] => [489684], 8388608) = 489684
734974 sendfile(5, 4, [489684], 8388608) = 0
734974 sendfile(5, 4, [0] => [104884], 8388608) = 104884
734974 sendfile(5, 4, [104884], 8388608) = 0
734974 sendfile(5, 4, [0] => [343284], 8388608) = 343284
734974 sendfile(5, 4, [343284], 8388608) = 0
734974 sendfile(5, 4, [0] => [334584], 8388608) = 334584
734974 sendfile(5, 4, [334584], 8388608) = 0
734974 sendfile(5, 4, [0] => [140484], 8388608) = 140484
734974 sendfile(5, 4, [140484], 8388608) = 0
734974 sendfile(5, 4, [0] => [174284], 8388608) = 174284
734974 sendfile(5, 4, [174284], 8388608) = 0
734974 sendfile(5, 4, [0] => [390084], 8388608) = 390084
734974 sendfile(5, 4, [390084], 8388608) = 0
734974 sendfile(5, 4, [0] => [214184], 8388608) = 214184
734974 sendfile(5, 4, [214184], 8388608) = 0
734974 sendfile(5, 4, [0] => [52484], 8388608) = 52484
734974 sendfile(5, 4, [52484], 8388608) = 0
734974 sendfile(5, 4, [0] => [1177484], 8388608) = 1177484
734974 sendfile(5, 4, [1177484], 8388608) = 0
734974 sendfile(5, 4, [0] => [79184], 8388608) = 79184
734974 sendfile(5, 4, [79184], 8388608) = 0
734974 sendfile(5, 4, [0] => [59584], 8388608) = 59584
734974 sendfile(5, 4, [59584], 8388608) = 0
734974 sendfile(5, 4, [0] => [42884], 8388608) = 42884
734974 sendfile(5, 4, [42884], 8388608) = 0
734974 sendfile(5, 4, [0] => [117084], 8388608) = 117084
734974 sendfile(5, 4, [117084], 8388608) = 0
734974 sendfile(5, 4, [0] => [142884], 8388608) = 142884
734974 sendfile(5, 4, [142884], 8388608) = 0
734974 sendfile(5, 4, [0] => [208684], 8388608) = 208684
734974 sendfile(5, 4, [208684], 8388608) = 0
734974 sendfile(5, 4, [0] => [46584], 8388608) = 46584
734974 sendfile(5, 4, [46584], 8388608) = 0
734974 sendfile(5, 4, [0] => [391084], 8388608) = 391084
734974 sendfile(5, 4, [391084], 8388608) = 0
734974 sendfile(5, 4, [0] => [132084], 8388608) = 132084
734974 sendfile(5, 4, [132084], 8388608) = 0
734974 sendfile(5, 4, [0] => [48184], 8388608) = 48184
734974 sendfile(5, 4, [48184], 8388608) = 0
734974 sendfile(5, 4, [0] => [1644], 8388608) = 1644
734974 sendfile(5, 4, [1644], 8388608)  = 0
734974 sendfile(5, 4, [0] => [28509], 8388608) = 28509
734974 sendfile(5, 4, [28509], 8388608) = 0
734974 sendfile(5, 4, [0] => [772870], 8388608) = 772870
734974 sendfile(5, 4, [772870], 8388608) = 0
734974 sendfile(5, 4, [0] => [218794], 8388608) = 218794
734974 sendfile(5, 4, [218794], 8388608) = 0
734974 sendfile(5, 4, [0] => [219162], 8388608) = 219162
734974 sendfile(5, 4, [219162], 8388608) = 0
734974 sendfile(5, 4, [0] => [127800], 8388608) = 127800
734974 sendfile(5, 4, [127800], 8388608) = 0
734974 sendfile(5, 4, [0] => [282705], 8388608) = 282705
734974 sendfile(5, 4, [282705], 8388608) = 0
734974 sendfile(5, 4, [0] => [210420], 8388608) = 210420
734974 sendfile(5, 4, [210420], 8388608) = 0
734974 sendfile(5, 4, [0] => [75292], 8388608) = 75292
734974 sendfile(5, 4, [75292], 8388608) = 0
734974 sendfile(5, 4, [0] => [127847], 8388608) = 127847
734974 sendfile(5, 4, [127847], 8388608) = 0
734974 sendfile(5, 4, [0] => [281030], 8388608) = 281030
734974 sendfile(5, 4, [281030], 8388608) = 0
734974 sendfile(5, 4, [0] => [211306], 8388608) = 211306
734974 sendfile(5, 4, [211306], 8388608) = 0
734974 sendfile(5, 4, [0] => [74829], 8388608) = 74829
734974 sendfile(5, 4, [74829], 8388608) = 0
734974 sendfile(5, 4, [0] => [171668], 8388608) = 171668
734974 sendfile(5, 4, [171668], 8388608) = 0
734974 sendfile(5, 4, [0] => [75505], 8388608) = 75505
734974 sendfile(5, 4, [75505], 8388608) = 0
734974 sendfile(5, 4, [0] => [275459], 8388608) = 275459
734974 sendfile(5, 4, [275459], 8388608) = 0
734974 sendfile(5, 4, [0] => [931015], 8388608) = 931015
734974 sendfile(5, 4, [931015], 8388608) = 0
734974 sendfile(5, 4, [0] => [457], 8388608) = 457
734974 sendfile(5, 4, [457], 8388608)   = 0
734974 sendfile(5, 4, [0] => [1425], 8388608) = 1425
734974 sendfile(5, 4, [1425], 8388608)  = 0
734974 sendfile(5, 4, [0] => [689], 8388608) = 689
734974 sendfile(5, 4, [689], 8388608)   = 0
734974 sendfile(5, 4, [0] => [2955], 8388608) = 2955
734974 sendfile(5, 4, [2955], 8388608)  = 0
734974 sendfile(5, 4, [0] => [801], 8388608) = 801
734974 sendfile(5, 4, [801], 8388608)   = 0
734974 sendfile(5, 4, [0] => [50], 8388608) = 50
734974 sendfile(5, 4, [50], 8388608)    = 0
734974 sendfile(5, 4, [0] => [5933], 8388608) = 5933
734974 sendfile(5, 4, [5933], 8388608)  = 0
734974 sendfile(5, 4, [0] => [2759], 8388608) = 2759
734974 sendfile(5, 4, [2759], 8388608)  = 0
734974 sendfile(5, 4, [0] => [142], 8388608) = 142
734974 sendfile(5, 4, [142], 8388608)   = 0
734974 sendfile(5, 4, [0] => [122], 8388608) = 122
734974 sendfile(5, 4, [122], 8388608)   = 0
734974 sendfile(5, 4, [0] => [25], 8388608) = 25
734974 sendfile(5, 4, [25], 8388608)    = 0
734974 sendfile(5, 4, [0] => [75055], 8388608) = 75055
734974 sendfile(5, 4, [75055], 8388608) = 0
734974 sendfile(5, 4, [0] => [533], 8388608) = 533
734974 sendfile(5, 4, [533], 8388608)   = 0
734974 sendfile(5, 4, [0] => [19195], 8388608) = 19195
734974 sendfile(5, 4, [19195], 8388608) = 0
734974 sendfile(5, 4, [0] => [23651], 8388608) = 23651
734974 sendfile(5, 4, [23651], 8388608) = 0
734974 sendfile(5, 4, [0] => [11351], 8388608) = 11351
734974 sendfile(5, 4, [11351], 8388608) = 0
734974 sendfile(5, 4, [0] => [3479], 8388608) = 3479
734974 sendfile(5, 4, [3479], 8388608)  = 0
734974 sendfile(5, 4, [0] => [5495], 8388608) = 5495
734974 sendfile(5, 4, [5495], 8388608)  = 0
734974 sendfile(5, 4, [0] => [80884], 8388608) = 80884
734974 sendfile(5, 4, [80884], 8388608) = 0
734974 sendfile(5, 4, [0] => [927984], 8388608) = 927984
734974 sendfile(5, 4, [927984], 8388608) = 0
734974 sendfile(5, 4, [0] => [278284], 8388608) = 278284
734974 sendfile(5, 4, [278284], 8388608) = 0
734974 sendfile(5, 4, [0] => [79584], 8388608) = 79584
734974 sendfile(5, 4, [79584], 8388608) = 0
734974 sendfile(5, 4, [0] => [287484], 8388608) = 287484
734974 sendfile(5, 4, [287484], 8388608) = 0
734974 sendfile(5, 4, [0] => [131484], 8388608) = 131484
734974 sendfile(5, 4, [131484], 8388608) = 0
734974 sendfile(5, 4, [0] => [222584], 8388608) = 222584
734974 sendfile(5, 4, [222584], 8388608) = 0
734974 sendfile(5, 4, [0] => [215484], 8388608) = 215484
734974 sendfile(5, 4, [215484], 8388608) = 0
734974 sendfile(5, 4, [0] => [177684], 8388608) = 177684
734974 sendfile(5, 4, [177684], 8388608) = 0
734974 sendfile(5, 4, [0] => [80284], 8388608) = 80284
734974 sendfile(5, 4, [80284], 8388608) = 0
734974 sendfile(5, 4, [0] => [287284], 8388608) = 287284
734974 sendfile(5, 4, [287284], 8388608) = 0
734974 sendfile(5, 4, [0] => [131484], 8388608) = 131484
734974 sendfile(5, 4, [131484], 8388608) = 0
734974 sendfile(5, 4, [0] => [222584], 8388608) = 222584
734974 sendfile(5, 4, [222584], 8388608) = 0
734974 sendfile(5, 4, [0] => [215484], 8388608) = 215484
734974 sendfile(5, 4, [215484], 8388608) = 0
734974 sendfile(5, 4, [0] => [779084], 8388608) = 779084
734974 sendfile(5, 4, [779084], 8388608) = 0
734974 sendfile(5, 4, [0] => [754], 8388608) = 754
734974 sendfile(5, 4, [754], 8388608)   = 0
734974 sendfile(5, 4, [0] => [12619], 8388608) = 12619
734974 sendfile(5, 4, [12619], 8388608) = 0
734974 sendfile(5, 4, [0] => [11610], 8388608) = 11610
734974 sendfile(5, 4, [11610], 8388608) = 0
734974 sendfile(5, 4, [0] => [1901], 8388608) = 1901
734974 sendfile(5, 4, [1901], 8388608)  = 0
734974 sendfile(5, 4, [0] => [1892], 8388608) = 1892
734974 sendfile(5, 4, [1892], 8388608)  = 0
734974 sendfile(5, 4, [0] => [64713], 8388608) = 64713
734974 sendfile(5, 4, [64713], 8388608) = 0
737624 +++ exited with 0 +++
737622 +++ exited with 0 +++
734974 --- SIGCHLD {si_signo=SIGCHLD, si_code=CLD_EXITED, si_pid=737622, si_uid=1000, si_status=0, si_utime=1, si_stime=0} ---
737719 +++ exited with 0 +++
737713 +++ exited with 0 +++
737705 +++ exited with 0 +++
737704 +++ exited with 0 +++
737703 +++ exited with 0 +++
737697 +++ exited with 0 +++
737696 +++ exited with 0 +++
737640 +++ exited with 0 +++
737639 +++ exited with 0 +++
737633 +++ exited with 0 +++
737632 +++ exited with 0 +++
734974 --- SIGCHLD {si_signo=SIGCHLD, si_code=CLD_EXITED, si_pid=737632, si_uid=1000, si_status=0, si_utime=27, si_stime=13} ---
737734 +++ exited with 0 +++
737773 +++ exited with 0 +++
737771 +++ exited with 0 +++
737772 +++ exited with 0 +++
737735 +++ exited with 0 +++
737770 +++ exited with 0 +++
737731 +++ exited with 0 +++
737729 +++ exited with 0 +++
734974 --- SIGCHLD {si_signo=SIGCHLD, si_code=CLD_EXITED, si_pid=737729, si_uid=1000, si_status=0, si_utime=48, si_stime=11} ---
734974 sendfile(5, 4, [0] => [140484], 8388608) = 140484
734974 sendfile(5, 4, [140484], 8388608) = 0
734974 sendfile(5, 4, [0] => [52484], 8388608) = 52484
734974 sendfile(5, 4, [52484], 8388608) = 0
734974 sendfile(5, 4, [0] => [6859691], 8388608) = 6859691
734974 sendfile(5, 4, [6859691], 8388608) = 0
734974 sendfile(5, 4, [0] => [3513], 8388608) = 3513
734974 sendfile(5, 4, [3513], 8388608)  = 0
734974 sendfile(5, 4, [0] => [59584], 8388608) = 59584
734974 sendfile(5, 4, [59584], 8388608) = 0
734974 sendfile(5, 4, [0] => [391084], 8388608) = 391084
734974 sendfile(5, 4, [391084], 8388608) = 0
734974 sendfile(5, 4, [0] => [46584], 8388608) = 46584
734974 sendfile(5, 4, [46584], 8388608) = 0
734974 sendfile(5, 4, [0] => [214184], 8388608) = 214184
734974 sendfile(5, 4, [214184], 8388608) = 0
734974 sendfile(5, 4, [0] => [74829], 8388608) = 74829
734974 sendfile(5, 4, [74829], 8388608) = 0
734974 sendfile(5, 4, [0] => [75505], 8388608) = 75505
734974 sendfile(5, 4, [75505], 8388608) = 0
734974 sendfile(5, 4, [0] => [281030], 8388608) = 281030
734974 sendfile(5, 4, [281030], 8388608) = 0
734974 sendfile(5, 4, [0] => [117084], 8388608) = 117084
734974 sendfile(5, 4, [117084], 8388608) = 0
734974 sendfile(5, 4, [0] => [489684], 8388608) = 489684
734974 sendfile(5, 4, [489684], 8388608) = 0
734974 sendfile(5, 4, [0] => [79184], 8388608) = 79184
734974 sendfile(5, 4, [79184], 8388608) = 0
734974 sendfile(5, 4, [0] => [1177484], 8388608) = 1177484
734974 sendfile(5, 4, [1177484], 8388608) = 0
734974 sendfile(5, 4, [0] => [42884], 8388608) = 42884
734974 sendfile(5, 4, [42884], 8388608) = 0
734974 sendfile(5, 4, [0] => [343284], 8388608) = 343284
734974 sendfile(5, 4, [343284], 8388608) = 0
734974 sendfile(5, 4, [0] => [132084], 8388608) = 132084
734974 sendfile(5, 4, [132084], 8388608) = 0
734974 sendfile(5, 4, [0] => [142884], 8388608) = 142884
734974 sendfile(5, 4, [142884], 8388608) = 0
734974 sendfile(5, 4, [0] => [772870], 8388608) = 772870
734974 sendfile(5, 4, [772870], 8388608) = 0
734974 sendfile(5, 4, [0] => [52884], 8388608) = 52884
734974 sendfile(5, 4, [52884], 8388608) = 0
734974 sendfile(5, 4, [0] => [104884], 8388608) = 104884
734974 sendfile(5, 4, [104884], 8388608) = 0
734974 sendfile(5, 4, [0] => [218794], 8388608) = 218794
734974 sendfile(5, 4, [218794], 8388608) = 0
734974 sendfile(5, 4, [0] => [81484], 8388608) = 81484
734974 sendfile(5, 4, [81484], 8388608) = 0
734974 sendfile(5, 4, [0] => [931015], 8388608) = 931015
734974 sendfile(5, 4, [931015], 8388608) = 0
734974 sendfile(5, 4, [0] => [208684], 8388608) = 208684
734974 sendfile(5, 4, [208684], 8388608) = 0
734974 sendfile(5, 4, [0] => [171668], 8388608) = 171668
734974 sendfile(5, 4, [171668], 8388608) = 0
734974 sendfile(5, 4, [0] => [11684], 8388608) = 11684
734974 sendfile(5, 4, [11684], 8388608) = 0
734974 sendfile(5, 4, [0] => [4802348], 8388608) = 4802348
734974 sendfile(5, 4, [4802348], 8388608) = 0
734974 sendfile(5, 4, [0] => [127800], 8388608) = 127800
734974 sendfile(5, 4, [127800], 8388608) = 0
734974 sendfile(5, 4, [0] => [43084], 8388608) = 43084
734974 sendfile(5, 4, [43084], 8388608) = 0
734974 sendfile(5, 4, [0] => [334584], 8388608) = 334584
734974 sendfile(5, 4, [334584], 8388608) = 0
734974 sendfile(5, 4, [0] => [282705], 8388608) = 282705
734974 sendfile(5, 4, [282705], 8388608) = 0
734974 sendfile(5, 4, [0] => [211306], 8388608) = 211306
734974 sendfile(5, 4, [211306], 8388608) = 0
734974 sendfile(5, 4, [0] => [219162], 8388608) = 219162
734974 sendfile(5, 4, [219162], 8388608) = 0
734974 sendfile(5, 4, [0] => [156784], 8388608) = 156784
734974 sendfile(5, 4, [156784], 8388608) = 0
734974 sendfile(5, 4, [0] => [127847], 8388608) = 127847
734974 sendfile(5, 4, [127847], 8388608) = 0
734974 sendfile(5, 4, [0] => [75292], 8388608) = 75292
734974 sendfile(5, 4, [75292], 8388608) = 0
734974 sendfile(5, 4, [0] => [48184], 8388608) = 48184
734974 sendfile(5, 4, [48184], 8388608) = 0
734974 sendfile(5, 4, [0] => [390084], 8388608) = 390084
734974 sendfile(5, 4, [390084], 8388608) = 0
734974 sendfile(5, 4, [0] => [275459], 8388608) = 275459
734974 sendfile(5, 4, [275459], 8388608) = 0
734974 sendfile(5, 4, [0] => [263484], 8388608) = 263484
734974 sendfile(5, 4, [263484], 8388608) = 0
734974 sendfile(5, 4, [0] => [119326], 8388608) = 119326
734974 sendfile(5, 4, [119326], 8388608) = 0
734974 sendfile(5, 4, [0] => [174284], 8388608) = 174284
734974 sendfile(5, 4, [174284], 8388608) = 0
734974 sendfile(5, 4, [0] => [211284], 8388608) = 211284
734974 sendfile(5, 4, [211284], 8388608) = 0
734974 sendfile(5, 4, [0] => [12023], 8388608) = 12023
734974 sendfile(5, 4, [12023], 8388608) = 0
734974 sendfile(5, 4, [0] => [210420], 8388608) = 210420
734974 sendfile(5, 4, [210420], 8388608) = 0
734974 sendfile(5, 4, [0] => [6332], 8388608) = 6332
734974 sendfile(5, 4, [6332], 8388608)  = 0
734974 sendfile(5, 4, [0] => [6062], 8388608) = 6062
734974 sendfile(5, 4, [6062], 8388608)  = 0
734974 sendfile(5, 4, [0] => [1947], 8388608) = 1947
734974 sendfile(5, 4, [1947], 8388608)  = 0
734974 sendfile(5, 4, [0] => [1947], 8388608) = 1947
734974 sendfile(5, 4, [1947], 8388608)  = 0
734974 sendfile(5, 4, [0] => [656], 8388608) = 656
734974 sendfile(5, 4, [656], 8388608)   = 0
734974 sendfile(5, 4, [0] => [422], 8388608) = 422
734974 sendfile(5, 4, [422], 8388608)   = 0
734974 sendfile(5, 4, [0] => [422], 8388608) = 422
734974 sendfile(5, 4, [422], 8388608)   = 0
734974 sendfile(5, 4, [0] => [1731], 8388608) = 1731
734974 sendfile(5, 4, [1731], 8388608)  = 0
734974 sendfile(5, 4, [0] => [1688], 8388608) = 1688
734974 sendfile(5, 4, [1688], 8388608)  = 0
734974 sendfile(5, 4, [0] => [648], 8388608) = 648
734974 sendfile(5, 4, [648], 8388608)   = 0
734974 sendfile(5, 4, [0] => [422], 8388608) = 422
734974 sendfile(5, 4, [422], 8388608)   = 0
734974 sendfile(5, 4, [0] => [636], 8388608) = 636
734974 sendfile(5, 4, [636], 8388608)   = 0
734974 sendfile(5, 4, [0] => [636], 8388608) = 636
734974 sendfile(5, 4, [636], 8388608)   = 0
734974 sendfile(5, 4, [0] => [619], 8388608) = 619
734974 sendfile(5, 4, [619], 8388608)   = 0
734974 sendfile(5, 4, [0] => [422], 8388608) = 422
734974 sendfile(5, 4, [422], 8388608)   = 0
734974 sendfile(5, 4, [0] => [647], 8388608) = 647
734974 sendfile(5, 4, [647], 8388608)   = 0
734974 sendfile(5, 4, [0] => [629], 8388608) = 629
734974 sendfile(5, 4, [629], 8388608)   = 0
734974 sendfile(5, 4, [0] => [630], 8388608) = 630
734974 sendfile(5, 4, [630], 8388608)   = 0
734974 sendfile(5, 4, [0] => [623], 8388608) = 623
734974 sendfile(5, 4, [623], 8388608)   = 0
734974 sendfile(5, 4, [0] => [1743], 8388608) = 1743
734974 sendfile(5, 4, [1743], 8388608)  = 0
734974 sendfile(5, 4, [0] => [630], 8388608) = 630
734974 sendfile(5, 4, [630], 8388608)   = 0
734974 sendfile(5, 4, [0] => [623], 8388608) = 623
734974 sendfile(5, 4, [623], 8388608)   = 0
734974 sendfile(5, 4, [0] => [627], 8388608) = 627
734974 sendfile(5, 4, [627], 8388608)   = 0
734974 sendfile(5, 4, [0] => [629], 8388608) = 629
734974 sendfile(5, 4, [629], 8388608)   = 0
734974 sendfile(5, 4, [0] => [2074], 8388608) = 2074
734974 sendfile(5, 4, [2074], 8388608)  = 0
734974 sendfile(5, 4, [0] => [1734], 8388608) = 1734
734974 sendfile(5, 4, [1734], 8388608)  = 0
734974 sendfile(5, 4, [0] => [422], 8388608) = 422
734974 sendfile(5, 4, [422], 8388608)   = 0
734974 sendfile(5, 4, [0] => [638], 8388608) = 638
734974 sendfile(5, 4, [638], 8388608)   = 0
734974 sendfile(5, 4, [0] => [1753], 8388608) = 1753
734974 sendfile(5, 4, [1753], 8388608)  = 0
734974 sendfile(5, 4, [0] => [1755], 8388608) = 1755
734974 sendfile(5, 4, [1755], 8388608)  = 0
734974 sendfile(5, 4, [0] => [636], 8388608) = 636
734974 sendfile(5, 4, [636], 8388608)   = 0
734974 sendfile(5, 4, [0] => [624], 8388608) = 624
734974 sendfile(5, 4, [624], 8388608)   = 0
734974 sendfile(5, 4, [0] => [422], 8388608) = 422
734974 sendfile(5, 4, [422], 8388608)   = 0
734974 sendfile(5, 4, [0] => [614], 8388608) = 614
734974 sendfile(5, 4, [614], 8388608)   = 0
734974 sendfile(5, 4, [0] => [1742], 8388608) = 1742
734974 sendfile(5, 4, [1742], 8388608)  = 0
734974 sendfile(5, 4, [0] => [422], 8388608) = 422
734974 sendfile(5, 4, [422], 8388608)   = 0
734974 sendfile(5, 4, [0] => [624], 8388608) = 624
734974 sendfile(5, 4, [624], 8388608)   = 0
734974 sendfile(5, 4, [0] => [819], 8388608) = 819
734974 sendfile(5, 4, [819], 8388608)   = 0
734974 sendfile(5, 4, [0] => [1673], 8388608) = 1673
734974 sendfile(5, 4, [1673], 8388608)  = 0
734974 sendfile(5, 4, [0] => [1701], 8388608) = 1701
734974 sendfile(5, 4, [1701], 8388608)  = 0
734974 sendfile(5, 4, [0] => [422], 8388608) = 422
734974 sendfile(5, 4, [422], 8388608)   = 0
734974 sendfile(5, 4, [0] => [624], 8388608) = 624
734974 sendfile(5, 4, [624], 8388608)   = 0
734974 sendfile(5, 4, [0] => [422], 8388608) = 422
734974 sendfile(5, 4, [422], 8388608)   = 0
734974 sendfile(5, 4, [0] => [1673], 8388608) = 1673
734974 sendfile(5, 4, [1673], 8388608)  = 0
734974 sendfile(5, 4, [0] => [637], 8388608) = 637
734974 sendfile(5, 4, [637], 8388608)   = 0
734974 sendfile(5, 4, [0] => [615], 8388608) = 615
734974 sendfile(5, 4, [615], 8388608)   = 0
734974 sendfile(5, 4, [0] => [422], 8388608) = 422
734974 sendfile(5, 4, [422], 8388608)   = 0
734974 sendfile(5, 4, [0] => [658], 8388608) = 658
734974 sendfile(5, 4, [658], 8388608)   = 0
734974 sendfile(5, 4, [0] => [2140], 8388608) = 2140
734974 sendfile(5, 4, [2140], 8388608)  = 0
734974 sendfile(5, 4, [0] => [2139], 8388608) = 2139
734974 sendfile(5, 4, [2139], 8388608)  = 0
734974 sendfile(5, 4, [0] => [422], 8388608) = 422
734974 sendfile(5, 4, [422], 8388608)   = 0
734974 sendfile(5, 4, [0] => [657], 8388608) = 657
734974 sendfile(5, 4, [657], 8388608)   = 0
734974 sendfile(5, 4, [0] => [422], 8388608) = 422
734974 sendfile(5, 4, [422], 8388608)   = 0
734974 sendfile(5, 4, [0] => [422], 8388608) = 422
734974 sendfile(5, 4, [422], 8388608)   = 0
734974 sendfile(5, 4, [0] => [628], 8388608) = 628
734974 sendfile(5, 4, [628], 8388608)   = 0
734974 sendfile(5, 4, [0] => [627], 8388608) = 627
734974 sendfile(5, 4, [627], 8388608)   = 0
734974 sendfile(5, 4, [0] => [631], 8388608) = 631
734974 sendfile(5, 4, [631], 8388608)   = 0
734974 sendfile(5, 4, [0] => [635], 8388608) = 635
734974 sendfile(5, 4, [635], 8388608)   = 0
734974 sendfile(5, 4, [0] => [422], 8388608) = 422
734974 sendfile(5, 4, [422], 8388608)   = 0
734974 sendfile(5, 4, [0] => [632], 8388608) = 632
734974 sendfile(5, 4, [632], 8388608)   = 0
734974 sendfile(5, 4, [0] => [2122], 8388608) = 2122
734974 sendfile(5, 4, [2122], 8388608)  = 0
734974 sendfile(5, 4, [0] => [1726], 8388608) = 1726
734974 sendfile(5, 4, [1726], 8388608)  = 0
734974 sendfile(5, 4, [0] => [819], 8388608) = 819
734974 sendfile(5, 4, [819], 8388608)   = 0
734974 sendfile(5, 4, [0] => [630], 8388608) = 630
734974 sendfile(5, 4, [630], 8388608)   = 0
734974 sendfile(5, 4, [0] => [2132], 8388608) = 2132
734974 sendfile(5, 4, [2132], 8388608)  = 0
734974 sendfile(5, 4, [0] => [656], 8388608) = 656
734974 sendfile(5, 4, [656], 8388608)   = 0
734974 sendfile(5, 4, [0] => [635], 8388608) = 635
734974 sendfile(5, 4, [635], 8388608)   = 0
734974 sendfile(5, 4, [0] => [422], 8388608) = 422
734974 sendfile(5, 4, [422], 8388608)   = 0
734974 sendfile(5, 4, [0] => [653], 8388608) = 653
734974 sendfile(5, 4, [653], 8388608)   = 0
734974 sendfile(5, 4, [0] => [1723], 8388608) = 1723
734974 sendfile(5, 4, [1723], 8388608)  = 0
734974 sendfile(5, 4, [0] => [46206], 8388608) = 46206
734974 sendfile(5, 4, [46206], 8388608) = 0
734974 sendfile(5, 4, [0] => [30032], 8388608) = 30032
734974 sendfile(5, 4, [30032], 8388608) = 0
734974 sendfile(5, 4, [0] => [186], 8388608) = 186
734974 sendfile(5, 4, [186], 8388608)   = 0
734974 sendfile(5, 4, [0] => [4802348], 8388608) = 4802348
734974 sendfile(5, 4, [4802348], 8388608) = 0
734974 sendfile(5, 4, [0] => [6859691], 8388608) = 6859691
734974 sendfile(5, 4, [6859691], 8388608) = 0
734974 sendfile(5, 4, [0] => [12023], 8388608) = 12023
734974 sendfile(5, 4, [12023], 8388608) = 0
734974 sendfile(5, 4, [0] => [119326], 8388608) = 119326
734974 sendfile(5, 4, [119326], 8388608) = 0
734974 sendfile(5, 4, [0] => [3513], 8388608) = 3513
734974 sendfile(5, 4, [3513], 8388608)  = 0
734974 sendfile(5, 4, [0] => [11684], 8388608) = 11684
734974 sendfile(5, 4, [11684], 8388608) = 0
734974 sendfile(5, 4, [0] => [263484], 8388608) = 263484
734974 sendfile(5, 4, [263484], 8388608) = 0
734974 sendfile(5, 4, [0] => [211284], 8388608) = 211284
734974 sendfile(5, 4, [211284], 8388608) = 0
734974 sendfile(5, 4, [0] => [52884], 8388608) = 52884
734974 sendfile(5, 4, [52884], 8388608) = 0
734974 sendfile(5, 4, [0] => [43084], 8388608) = 43084
734974 sendfile(5, 4, [43084], 8388608) = 0
734974 sendfile(5, 4, [0] => [156784], 8388608) = 156784
734974 sendfile(5, 4, [156784], 8388608) = 0
734974 sendfile(5, 4, [0] => [81484], 8388608) = 81484
734974 sendfile(5, 4, [81484], 8388608) = 0
734974 sendfile(5, 4, [0] => [489684], 8388608) = 489684
734974 sendfile(5, 4, [489684], 8388608) = 0
734974 sendfile(5, 4, [0] => [104884], 8388608) = 104884
734974 sendfile(5, 4, [104884], 8388608) = 0
734974 sendfile(5, 4, [0] => [343284], 8388608) = 343284
734974 sendfile(5, 4, [343284], 8388608) = 0
734974 sendfile(5, 4, [0] => [334584], 8388608) = 334584
734974 sendfile(5, 4, [334584], 8388608) = 0
734974 sendfile(5, 4, [0] => [140484], 8388608) = 140484
734974 sendfile(5, 4, [140484], 8388608) = 0
734974 sendfile(5, 4, [0] => [174284], 8388608) = 174284
734974 sendfile(5, 4, [174284], 8388608) = 0
734974 sendfile(5, 4, [0] => [390084], 8388608) = 390084
734974 sendfile(5, 4, [390084], 8388608) = 0
734974 sendfile(5, 4, [0] => [214184], 8388608) = 214184
734974 sendfile(5, 4, [214184], 8388608) = 0
734974 sendfile(5, 4, [0] => [52484], 8388608) = 52484
734974 sendfile(5, 4, [52484], 8388608) = 0
734974 sendfile(5, 4, [0] => [1177484], 8388608) = 1177484
734974 sendfile(5, 4, [1177484], 8388608) = 0
734974 sendfile(5, 4, [0] => [79184], 8388608) = 79184
734974 sendfile(5, 4, [79184], 8388608) = 0
734974 sendfile(5, 4, [0] => [59584], 8388608) = 59584
734974 sendfile(5, 4, [59584], 8388608) = 0
734974 sendfile(5, 4, [0] => [42884], 8388608) = 42884
734974 sendfile(5, 4, [42884], 8388608) = 0
734974 sendfile(5, 4, [0] => [117084], 8388608) = 117084
734974 sendfile(5, 4, [117084], 8388608) = 0
734974 sendfile(5, 4, [0] => [142884], 8388608) = 142884
734974 sendfile(5, 4, [142884], 8388608) = 0
734974 sendfile(5, 4, [0] => [208684], 8388608) = 208684
734974 sendfile(5, 4, [208684], 8388608) = 0
734974 sendfile(5, 4, [0] => [46584], 8388608) = 46584
734974 sendfile(5, 4, [46584], 8388608) = 0
734974 sendfile(5, 4, [0] => [391084], 8388608) = 391084
734974 sendfile(5, 4, [391084], 8388608) = 0
734974 sendfile(5, 4, [0] => [132084], 8388608) = 132084
734974 sendfile(5, 4, [132084], 8388608) = 0
734974 sendfile(5, 4, [0] => [48184], 8388608) = 48184
734974 sendfile(5, 4, [48184], 8388608) = 0
734974 sendfile(5, 4, [0] => [1644], 8388608) = 1644
734974 sendfile(5, 4, [1644], 8388608)  = 0
734974 sendfile(5, 4, [0] => [28509], 8388608) = 28509
734974 sendfile(5, 4, [28509], 8388608) = 0
734974 sendfile(5, 4, [0] => [772870], 8388608) = 772870
734974 sendfile(5, 4, [772870], 8388608) = 0
734974 sendfile(5, 4, [0] => [218794], 8388608) = 218794
734974 sendfile(5, 4, [218794], 8388608) = 0
734974 sendfile(5, 4, [0] => [219162], 8388608) = 219162
734974 sendfile(5, 4, [219162], 8388608) = 0
734974 sendfile(5, 4, [0] => [127800], 8388608) = 127800
734974 sendfile(5, 4, [127800], 8388608) = 0
734974 sendfile(5, 4, [0] => [282705], 8388608) = 282705
734974 sendfile(5, 4, [282705], 8388608) = 0
734974 sendfile(5, 4, [0] => [210420], 8388608) = 210420
734974 sendfile(5, 4, [210420], 8388608) = 0
734974 sendfile(5, 4, [0] => [75292], 8388608) = 75292
734974 sendfile(5, 4, [75292], 8388608) = 0
734974 sendfile(5, 4, [0] => [127847], 8388608) = 127847
734974 sendfile(5, 4, [127847], 8388608) = 0
734974 sendfile(5, 4, [0] => [281030], 8388608) = 281030
734974 sendfile(5, 4, [281030], 8388608) = 0
734974 sendfile(5, 4, [0] => [211306], 8388608) = 211306
734974 sendfile(5, 4, [211306], 8388608) = 0
734974 sendfile(5, 4, [0] => [74829], 8388608) = 74829
734974 sendfile(5, 4, [74829], 8388608) = 0
734974 sendfile(5, 4, [0] => [171668], 8388608) = 171668
734974 sendfile(5, 4, [171668], 8388608) = 0
734974 sendfile(5, 4, [0] => [75505], 8388608) = 75505
734974 sendfile(5, 4, [75505], 8388608) = 0
734974 sendfile(5, 4, [0] => [275459], 8388608) = 275459
734974 sendfile(5, 4, [275459], 8388608) = 0
734974 sendfile(5, 4, [0] => [931015], 8388608) = 931015
734974 sendfile(5, 4, [931015], 8388608) = 0
734974 sendfile(5, 4, [0] => [457], 8388608) = 457
734974 sendfile(5, 4, [457], 8388608)   = 0
734974 sendfile(5, 4, [0] => [1425], 8388608) = 1425
734974 sendfile(5, 4, [1425], 8388608)  = 0
734974 sendfile(5, 4, [0] => [689], 8388608) = 689
734974 sendfile(5, 4, [689], 8388608)   = 0
734974 sendfile(5, 4, [0] => [2955], 8388608) = 2955
734974 sendfile(5, 4, [2955], 8388608)  = 0
734974 sendfile(5, 4, [0] => [801], 8388608) = 801
734974 sendfile(5, 4, [801], 8388608)   = 0
734974 sendfile(5, 4, [0] => [50], 8388608) = 50
734974 sendfile(5, 4, [50], 8388608)    = 0
734974 sendfile(5, 4, [0] => [5933], 8388608) = 5933
734974 sendfile(5, 4, [5933], 8388608)  = 0
734974 sendfile(5, 4, [0] => [2759], 8388608) = 2759
734974 sendfile(5, 4, [2759], 8388608)  = 0
734974 sendfile(5, 4, [0] => [142], 8388608) = 142
734974 sendfile(5, 4, [142], 8388608)   = 0
734974 sendfile(5, 4, [0] => [122], 8388608) = 122
734974 sendfile(5, 4, [122], 8388608)   = 0
734974 sendfile(5, 4, [0] => [25], 8388608) = 25
734974 sendfile(5, 4, [25], 8388608)    = 0
734974 sendfile(5, 4, [0] => [75055], 8388608) = 75055
734974 sendfile(5, 4, [75055], 8388608) = 0
734974 sendfile(5, 4, [0] => [533], 8388608) = 533
734974 sendfile(5, 4, [533], 8388608)   = 0
734974 sendfile(5, 4, [0] => [19195], 8388608) = 19195
734974 sendfile(5, 4, [19195], 8388608) = 0
734974 sendfile(5, 4, [0] => [23651], 8388608) = 23651
734974 sendfile(5, 4, [23651], 8388608) = 0
734974 sendfile(5, 4, [0] => [11351], 8388608) = 11351
734974 sendfile(5, 4, [11351], 8388608) = 0
734974 sendfile(5, 4, [0] => [3479], 8388608) = 3479
734974 sendfile(5, 4, [3479], 8388608)  = 0
734974 sendfile(5, 4, [0] => [5495], 8388608) = 5495
734974 sendfile(5, 4, [5495], 8388608)  = 0
734974 sendfile(5, 4, [0] => [80884], 8388608) = 80884
734974 sendfile(5, 4, [80884], 8388608) = 0
734974 sendfile(5, 4, [0] => [927984], 8388608) = 927984
734974 sendfile(5, 4, [927984], 8388608) = 0
734974 sendfile(5, 4, [0] => [278284], 8388608) = 278284
734974 sendfile(5, 4, [278284], 8388608) = 0
734974 sendfile(5, 4, [0] => [79584], 8388608) = 79584
734974 sendfile(5, 4, [79584], 8388608) = 0
734974 sendfile(5, 4, [0] => [287484], 8388608) = 287484
734974 sendfile(5, 4, [287484], 8388608) = 0
734974 sendfile(5, 4, [0] => [131484], 8388608) = 131484
734974 sendfile(5, 4, [131484], 8388608) = 0
734974 sendfile(5, 4, [0] => [222584], 8388608) = 222584
734974 sendfile(5, 4, [222584], 8388608) = 0
734974 sendfile(5, 4, [0] => [215484], 8388608) = 215484
734974 sendfile(5, 4, [215484], 8388608) = 0
734974 sendfile(5, 4, [0] => [177684], 8388608) = 177684
734974 sendfile(5, 4, [177684], 8388608) = 0
734974 sendfile(5, 4, [0] => [80284], 8388608) = 80284
734974 sendfile(5, 4, [80284], 8388608) = 0
734974 sendfile(5, 4, [0] => [287284], 8388608) = 287284
734974 sendfile(5, 4, [287284], 8388608) = 0
734974 sendfile(5, 4, [0] => [131484], 8388608) = 131484
734974 sendfile(5, 4, [131484], 8388608) = 0
734974 sendfile(5, 4, [0] => [222584], 8388608) = 222584
734974 sendfile(5, 4, [222584], 8388608) = 0
734974 sendfile(5, 4, [0] => [215484], 8388608) = 215484
734974 sendfile(5, 4, [215484], 8388608) = 0
734974 sendfile(5, 4, [0] => [779084], 8388608) = 779084
734974 sendfile(5, 4, [779084], 8388608) = 0
734974 sendfile(5, 4, [0] => [754], 8388608) = 754
734974 sendfile(5, 4, [754], 8388608)   = 0
734974 sendfile(5, 4, [0] => [12619], 8388608) = 12619
734974 sendfile(5, 4, [12619], 8388608) = 0
734974 sendfile(5, 4, [0] => [11610], 8388608) = 11610
734974 sendfile(5, 4, [11610], 8388608) = 0
734974 sendfile(5, 4, [0] => [1901], 8388608) = 1901
734974 sendfile(5, 4, [1901], 8388608)  = 0
734974 sendfile(5, 4, [0] => [1892], 8388608) = 1892
734974 sendfile(5, 4, [1892], 8388608)  = 0
734974 sendfile(5, 4, [0] => [64713], 8388608) = 64713
734974 sendfile(5, 4, [64713], 8388608) = 0
738071 +++ exited with 0 +++
738070 +++ exited with 0 +++
734974 --- SIGCHLD {si_signo=SIGCHLD, si_code=CLD_EXITED, si_pid=738070, si_uid=1000, si_status=0, si_utime=2, si_stime=0} ---
738151 +++ exited with 0 +++
738150 +++ exited with 0 +++
738149 +++ exited with 0 +++
738148 +++ exited with 0 +++
738147 +++ exited with 0 +++
738146 +++ exited with 0 +++
738127 +++ exited with 0 +++
738126 +++ exited with 0 +++
738124 +++ exited with 0 +++
738084 +++ exited with 0 +++
738083 +++ exited with 0 +++
738076 +++ exited with 0 +++
738074 +++ exited with 0 +++
734974 --- SIGCHLD {si_signo=SIGCHLD, si_code=CLD_EXITED, si_pid=738074, si_uid=1000, si_status=0, si_utime=29, si_stime=9} ---
738166 +++ exited with 0 +++
738217 +++ exited with 0 +++
738216 +++ exited with 0 +++
738218 +++ exited with 0 +++
738219 +++ exited with 0 +++
738214 +++ exited with 0 +++
738215 +++ exited with 0 +++
738167 +++ exited with 0 +++
738159 +++ exited with 0 +++
738158 +++ exited with 0 +++
734974 --- SIGCHLD {si_signo=SIGCHLD, si_code=CLD_EXITED, si_pid=738158, si_uid=1000, si_status=0, si_utime=48, si_stime=13} ---
734974 sendfile(5, 4, [0] => [772870], 8388608) = 772870
734974 sendfile(5, 4, [772870], 8388608) = 0
734974 sendfile(5, 4, [0] => [218794], 8388608) = 218794
734974 sendfile(5, 4, [218794], 8388608) = 0
734974 sendfile(5, 4, [0] => [219162], 8388608) = 219162
734974 sendfile(5, 4, [219162], 8388608) = 0
734974 sendfile(5, 4, [0] => [127800], 8388608) = 127800
734974 sendfile(5, 4, [127800], 8388608) = 0
734974 sendfile(5, 4, [0] => [282705], 8388608) = 282705
734974 sendfile(5, 4, [282705], 8388608) = 0
734974 sendfile(5, 4, [0] => [210420], 8388608) = 210420
734974 sendfile(5, 4, [210420], 8388608) = 0
734974 sendfile(5, 4, [0] => [75292], 8388608) = 75292
734974 sendfile(5, 4, [75292], 8388608) = 0
734974 sendfile(5, 4, [0] => [127847], 8388608) = 127847
734974 sendfile(5, 4, [127847], 8388608) = 0
734974 sendfile(5, 4, [0] => [281030], 8388608) = 281030
734974 sendfile(5, 4, [281030], 8388608) = 0
734974 sendfile(5, 4, [0] => [211306], 8388608) = 211306
734974 sendfile(5, 4, [211306], 8388608) = 0
734974 sendfile(5, 4, [0] => [74829], 8388608) = 74829
734974 sendfile(5, 4, [74829], 8388608) = 0
734974 sendfile(5, 4, [0] => [171668], 8388608) = 171668
734974 sendfile(5, 4, [171668], 8388608) = 0
734974 sendfile(5, 4, [0] => [75505], 8388608) = 75505
734974 sendfile(5, 4, [75505], 8388608) = 0
734974 sendfile(5, 4, [0] => [275459], 8388608) = 275459
734974 sendfile(5, 4, [275459], 8388608) = 0
734974 sendfile(5, 4, [0] => [931015], 8388608) = 931015
734974 sendfile(5, 4, [931015], 8388608) = 0
734974 sendfile(5, 4, [0] => [140484], 8388608) = 140484
734974 sendfile(5, 4, [140484], 8388608) = 0
734974 sendfile(5, 4, [0] => [52484], 8388608) = 52484
734974 sendfile(5, 4, [52484], 8388608) = 0
734974 sendfile(5, 4, [0] => [6859691], 8388608) = 6859691
734974 sendfile(5, 4, [6859691], 8388608) = 0
734974 sendfile(5, 4, [0] => [3513], 8388608) = 3513
734974 sendfile(5, 4, [3513], 8388608)  = 0
734974 sendfile(5, 4, [0] => [59584], 8388608) = 59584
734974 sendfile(5, 4, [59584], 8388608) = 0
734974 sendfile(5, 4, [0] => [391084], 8388608) = 391084
734974 sendfile(5, 4, [391084], 8388608) = 0
734974 sendfile(5, 4, [0] => [46584], 8388608) = 46584
734974 sendfile(5, 4, [46584], 8388608) = 0
734974 sendfile(5, 4, [0] => [214184], 8388608) = 214184
734974 sendfile(5, 4, [214184], 8388608) = 0
734974 sendfile(5, 4, [0] => [74829], 8388608) = 74829
734974 sendfile(5, 4, [74829], 8388608) = 0
734974 sendfile(5, 4, [0] => [75505], 8388608) = 75505
734974 sendfile(5, 4, [75505], 8388608) = 0
734974 sendfile(5, 4, [0] => [281030], 8388608) = 281030
734974 sendfile(5, 4, [281030], 8388608) = 0
734974 sendfile(5, 4, [0] => [117084], 8388608) = 117084
734974 sendfile(5, 4, [117084], 8388608) = 0
734974 sendfile(5, 4, [0] => [489684], 8388608) = 489684
734974 sendfile(5, 4, [489684], 8388608) = 0
734974 sendfile(5, 4, [0] => [79184], 8388608) = 79184
734974 sendfile(5, 4, [79184], 8388608) = 0
734974 sendfile(5, 4, [0] => [1177484], 8388608) = 1177484
734974 sendfile(5, 4, [1177484], 8388608) = 0
734974 sendfile(5, 4, [0] => [42884], 8388608) = 42884
734974 sendfile(5, 4, [42884], 8388608) = 0
734974 sendfile(5, 4, [0] => [343284], 8388608) = 343284
734974 sendfile(5, 4, [343284], 8388608) = 0
734974 sendfile(5, 4, [0] => [132084], 8388608) = 132084
734974 sendfile(5, 4, [132084], 8388608) = 0
734974 sendfile(5, 4, [0] => [142884], 8388608) = 142884
734974 sendfile(5, 4, [142884], 8388608) = 0
734974 sendfile(5, 4, [0] => [772870], 8388608) = 772870
734974 sendfile(5, 4, [772870], 8388608) = 0
734974 sendfile(5, 4, [0] => [52884], 8388608) = 52884
734974 sendfile(5, 4, [52884], 8388608) = 0
734974 sendfile(5, 4, [0] => [104884], 8388608) = 104884
734974 sendfile(5, 4, [104884], 8388608) = 0
734974 sendfile(5, 4, [0] => [218794], 8388608) = 218794
734974 sendfile(5, 4, [218794], 8388608) = 0
734974 sendfile(5, 4, [0] => [81484], 8388608) = 81484
734974 sendfile(5, 4, [81484], 8388608) = 0
734974 sendfile(5, 4, [0] => [931015], 8388608) = 931015
734974 sendfile(5, 4, [931015], 8388608) = 0
734974 sendfile(5, 4, [0] => [208684], 8388608) = 208684
734974 sendfile(5, 4, [208684], 8388608) = 0
734974 sendfile(5, 4, [0] => [171668], 8388608) = 171668
734974 sendfile(5, 4, [171668], 8388608) = 0
734974 sendfile(5, 4, [0] => [11684], 8388608) = 11684
734974 sendfile(5, 4, [11684], 8388608) = 0
734974 sendfile(5, 4, [0] => [4802348], 8388608) = 4802348
734974 sendfile(5, 4, [4802348], 8388608) = 0
734974 sendfile(5, 4, [0] => [127800], 8388608) = 127800
734974 sendfile(5, 4, [127800], 8388608) = 0
734974 sendfile(5, 4, [0] => [43084], 8388608) = 43084
734974 sendfile(5, 4, [43084], 8388608) = 0
734974 sendfile(5, 4, [0] => [334584], 8388608) = 334584
734974 sendfile(5, 4, [334584], 8388608) = 0
734974 sendfile(5, 4, [0] => [282705], 8388608) = 282705
734974 sendfile(5, 4, [282705], 8388608) = 0
734974 sendfile(5, 4, [0] => [211306], 8388608) = 211306
734974 sendfile(5, 4, [211306], 8388608) = 0
734974 sendfile(5, 4, [0] => [219162], 8388608) = 219162
734974 sendfile(5, 4, [219162], 8388608) = 0
734974 sendfile(5, 4, [0] => [156784], 8388608) = 156784
734974 sendfile(5, 4, [156784], 8388608) = 0
734974 sendfile(5, 4, [0] => [127847], 8388608) = 127847
734974 sendfile(5, 4, [127847], 8388608) = 0
734974 sendfile(5, 4, [0] => [75292], 8388608) = 75292
734974 sendfile(5, 4, [75292], 8388608) = 0
734974 sendfile(5, 4, [0] => [48184], 8388608) = 48184
734974 sendfile(5, 4, [48184], 8388608) = 0
734974 sendfile(5, 4, [0] => [390084], 8388608) = 390084
734974 sendfile(5, 4, [390084], 8388608) = 0
734974 sendfile(5, 4, [0] => [275459], 8388608) = 275459
734974 sendfile(5, 4, [275459], 8388608) = 0
734974 sendfile(5, 4, [0] => [263484], 8388608) = 263484
734974 sendfile(5, 4, [263484], 8388608) = 0
734974 sendfile(5, 4, [0] => [119326], 8388608) = 119326
734974 sendfile(5, 4, [119326], 8388608) = 0
734974 sendfile(5, 4, [0] => [174284], 8388608) = 174284
734974 sendfile(5, 4, [174284], 8388608) = 0
734974 sendfile(5, 4, [0] => [211284], 8388608) = 211284
734974 sendfile(5, 4, [211284], 8388608) = 0
734974 sendfile(5, 4, [0] => [12023], 8388608) = 12023
734974 sendfile(5, 4, [12023], 8388608) = 0
734974 sendfile(5, 4, [0] => [210420], 8388608) = 210420
734974 sendfile(5, 4, [210420], 8388608) = 0
734974 sendfile(5, 4, [0] => [6332], 8388608) = 6332
734974 sendfile(5, 4, [6332], 8388608)  = 0
734974 sendfile(5, 4, [0] => [6062], 8388608) = 6062
734974 sendfile(5, 4, [6062], 8388608)  = 0
734974 sendfile(5, 4, [0] => [1947], 8388608) = 1947
734974 sendfile(5, 4, [1947], 8388608)  = 0
734974 sendfile(5, 4, [0] => [1947], 8388608) = 1947
734974 sendfile(5, 4, [1947], 8388608)  = 0
734974 sendfile(5, 4, [0] => [656], 8388608) = 656
734974 sendfile(5, 4, [656], 8388608)   = 0
734974 sendfile(5, 4, [0] => [422], 8388608) = 422
734974 sendfile(5, 4, [422], 8388608)   = 0
734974 sendfile(5, 4, [0] => [422], 8388608) = 422
734974 sendfile(5, 4, [422], 8388608)   = 0
734974 sendfile(5, 4, [0] => [1731], 8388608) = 1731
734974 sendfile(5, 4, [1731], 8388608)  = 0
734974 sendfile(5, 4, [0] => [1688], 8388608) = 1688
734974 sendfile(5, 4, [1688], 8388608)  = 0
734974 sendfile(5, 4, [0] => [648], 8388608) = 648
734974 sendfile(5, 4, [648], 8388608)   = 0
734974 sendfile(5, 4, [0] => [422], 8388608) = 422
734974 sendfile(5, 4, [422], 8388608)   = 0
734974 sendfile(5, 4, [0] => [636], 8388608) = 636
734974 sendfile(5, 4, [636], 8388608)   = 0
734974 sendfile(5, 4, [0] => [636], 8388608) = 636
734974 sendfile(5, 4, [636], 8388608)   = 0
734974 sendfile(5, 4, [0] => [619], 8388608) = 619
734974 sendfile(5, 4, [619], 8388608)   = 0
734974 sendfile(5, 4, [0] => [422], 8388608) = 422
734974 sendfile(5, 4, [422], 8388608)   = 0
734974 sendfile(5, 4, [0] => [647], 8388608) = 647
734974 sendfile(5, 4, [647], 8388608)   = 0
734974 sendfile(5, 4, [0] => [629], 8388608) = 629
734974 sendfile(5, 4, [629], 8388608)   = 0
734974 sendfile(5, 4, [0] => [630], 8388608) = 630
734974 sendfile(5, 4, [630], 8388608)   = 0
734974 sendfile(5, 4, [0] => [623], 8388608) = 623
734974 sendfile(5, 4, [623], 8388608)   = 0
734974 sendfile(5, 4, [0] => [1743], 8388608) = 1743
734974 sendfile(5, 4, [1743], 8388608)  = 0
734974 sendfile(5, 4, [0] => [630], 8388608) = 630
734974 sendfile(5, 4, [630], 8388608)   = 0
734974 sendfile(5, 4, [0] => [623], 8388608) = 623
734974 sendfile(5, 4, [623], 8388608)   = 0
734974 sendfile(5, 4, [0] => [627], 8388608) = 627
734974 sendfile(5, 4, [627], 8388608)   = 0
734974 sendfile(5, 4, [0] => [629], 8388608) = 629
734974 sendfile(5, 4, [629], 8388608)   = 0
734974 sendfile(5, 4, [0] => [2074], 8388608) = 2074
734974 sendfile(5, 4, [2074], 8388608)  = 0
734974 sendfile(5, 4, [0] => [1734], 8388608) = 1734
734974 sendfile(5, 4, [1734], 8388608)  = 0
734974 sendfile(5, 4, [0] => [422], 8388608) = 422
734974 sendfile(5, 4, [422], 8388608)   = 0
734974 sendfile(5, 4, [0] => [638], 8388608) = 638
734974 sendfile(5, 4, [638], 8388608)   = 0
734974 sendfile(5, 4, [0] => [1753], 8388608) = 1753
734974 sendfile(5, 4, [1753], 8388608)  = 0
734974 sendfile(5, 4, [0] => [1755], 8388608) = 1755
734974 sendfile(5, 4, [1755], 8388608)  = 0
734974 sendfile(5, 4, [0] => [636], 8388608) = 636
734974 sendfile(5, 4, [636], 8388608)   = 0
734974 sendfile(5, 4, [0] => [624], 8388608) = 624
734974 sendfile(5, 4, [624], 8388608)   = 0
734974 sendfile(5, 4, [0] => [422], 8388608) = 422
734974 sendfile(5, 4, [422], 8388608)   = 0
734974 sendfile(5, 4, [0] => [614], 8388608) = 614
734974 sendfile(5, 4, [614], 8388608)   = 0
734974 sendfile(5, 4, [0] => [1742], 8388608) = 1742
734974 sendfile(5, 4, [1742], 8388608)  = 0
734974 sendfile(5, 4, [0] => [422], 8388608) = 422
734974 sendfile(5, 4, [422], 8388608)   = 0
734974 sendfile(5, 4, [0] => [624], 8388608) = 624
734974 sendfile(5, 4, [624], 8388608)   = 0
734974 sendfile(5, 4, [0] => [819], 8388608) = 819
734974 sendfile(5, 4, [819], 8388608)   = 0
734974 sendfile(5, 4, [0] => [1673], 8388608) = 1673
734974 sendfile(5, 4, [1673], 8388608)  = 0
734974 sendfile(5, 4, [0] => [1701], 8388608) = 1701
734974 sendfile(5, 4, [1701], 8388608)  = 0
734974 sendfile(5, 4, [0] => [422], 8388608) = 422
734974 sendfile(5, 4, [422], 8388608)   = 0
734974 sendfile(5, 4, [0] => [624], 8388608) = 624
734974 sendfile(5, 4, [624], 8388608)   = 0
734974 sendfile(5, 4, [0] => [422], 8388608) = 422
734974 sendfile(5, 4, [422], 8388608)   = 0
734974 sendfile(5, 4, [0] => [1673], 8388608) = 1673
734974 sendfile(5, 4, [1673], 8388608)  = 0
734974 sendfile(5, 4, [0] => [637], 8388608) = 637
734974 sendfile(5, 4, [637], 8388608)   = 0
734974 sendfile(5, 4, [0] => [615], 8388608) = 615
734974 sendfile(5, 4, [615], 8388608)   = 0
734974 sendfile(5, 4, [0] => [422], 8388608) = 422
734974 sendfile(5, 4, [422], 8388608)   = 0
734974 sendfile(5, 4, [0] => [658], 8388608) = 658
734974 sendfile(5, 4, [658], 8388608)   = 0
734974 sendfile(5, 4, [0] => [2140], 8388608) = 2140
734974 sendfile(5, 4, [2140], 8388608)  = 0
734974 sendfile(5, 4, [0] => [2139], 8388608) = 2139
734974 sendfile(5, 4, [2139], 8388608)  = 0
734974 sendfile(5, 4, [0] => [422], 8388608) = 422
734974 sendfile(5, 4, [422], 8388608)   = 0
734974 sendfile(5, 4, [0] => [657], 8388608) = 657
734974 sendfile(5, 4, [657], 8388608)   = 0
734974 sendfile(5, 4, [0] => [422], 8388608) = 422
734974 sendfile(5, 4, [422], 8388608)   = 0
734974 sendfile(5, 4, [0] => [422], 8388608) = 422
734974 sendfile(5, 4, [422], 8388608)   = 0
734974 sendfile(5, 4, [0] => [628], 8388608) = 628
734974 sendfile(5, 4, [628], 8388608)   = 0
734974 sendfile(5, 4, [0] => [627], 8388608) = 627
734974 sendfile(5, 4, [627], 8388608)   = 0
734974 sendfile(5, 4, [0] => [631], 8388608) = 631
734974 sendfile(5, 4, [631], 8388608)   = 0
734974 sendfile(5, 4, [0] => [635], 8388608) = 635
734974 sendfile(5, 4, [635], 8388608)   = 0
734974 sendfile(5, 4, [0] => [422], 8388608) = 422
734974 sendfile(5, 4, [422], 8388608)   = 0
734974 sendfile(5, 4, [0] => [632], 8388608) = 632
734974 sendfile(5, 4, [632], 8388608)   = 0
734974 sendfile(5, 4, [0] => [2122], 8388608) = 2122
734974 sendfile(5, 4, [2122], 8388608)  = 0
734974 sendfile(5, 4, [0] => [1726], 8388608) = 1726
734974 sendfile(5, 4, [1726], 8388608)  = 0
734974 sendfile(5, 4, [0] => [819], 8388608) = 819
734974 sendfile(5, 4, [819], 8388608)   = 0
734974 sendfile(5, 4, [0] => [630], 8388608) = 630
734974 sendfile(5, 4, [630], 8388608)   = 0
734974 sendfile(5, 4, [0] => [2132], 8388608) = 2132
734974 sendfile(5, 4, [2132], 8388608)  = 0
734974 sendfile(5, 4, [0] => [656], 8388608) = 656
734974 sendfile(5, 4, [656], 8388608)   = 0
734974 sendfile(5, 4, [0] => [635], 8388608) = 635
734974 sendfile(5, 4, [635], 8388608)   = 0
734974 sendfile(5, 4, [0] => [422], 8388608) = 422
734974 sendfile(5, 4, [422], 8388608)   = 0
734974 sendfile(5, 4, [0] => [653], 8388608) = 653
734974 sendfile(5, 4, [653], 8388608)   = 0
734974 sendfile(5, 4, [0] => [1723], 8388608) = 1723
734974 sendfile(5, 4, [1723], 8388608)  = 0
734974 sendfile(5, 4, [0] => [46206], 8388608) = 46206
734974 sendfile(5, 4, [46206], 8388608) = 0
734974 sendfile(5, 4, [0] => [30032], 8388608) = 30032
734974 sendfile(5, 4, [30032], 8388608) = 0
734974 sendfile(5, 4, [0] => [186], 8388608) = 186
734974 sendfile(5, 4, [186], 8388608)   = 0
734974 sendfile(5, 4, [0] => [4802348], 8388608) = 4802348
734974 sendfile(5, 4, [4802348], 8388608) = 0
734974 sendfile(5, 4, [0] => [6859691], 8388608) = 6859691
734974 sendfile(5, 4, [6859691], 8388608) = 0
734974 sendfile(5, 4, [0] => [12023], 8388608) = 12023
734974 sendfile(5, 4, [12023], 8388608) = 0
734974 sendfile(5, 4, [0] => [119326], 8388608) = 119326
734974 sendfile(5, 4, [119326], 8388608) = 0
734974 sendfile(5, 4, [0] => [3513], 8388608) = 3513
734974 sendfile(5, 4, [3513], 8388608)  = 0
734974 sendfile(5, 4, [0] => [11684], 8388608) = 11684
734974 sendfile(5, 4, [11684], 8388608) = 0
734974 sendfile(5, 4, [0] => [263484], 8388608) = 263484
734974 sendfile(5, 4, [263484], 8388608) = 0
734974 sendfile(5, 4, [0] => [211284], 8388608) = 211284
734974 sendfile(5, 4, [211284], 8388608) = 0
734974 sendfile(5, 4, [0] => [52884], 8388608) = 52884
734974 sendfile(5, 4, [52884], 8388608) = 0
734974 sendfile(5, 4, [0] => [43084], 8388608) = 43084
734974 sendfile(5, 4, [43084], 8388608) = 0
734974 sendfile(5, 4, [0] => [156784], 8388608) = 156784
734974 sendfile(5, 4, [156784], 8388608) = 0
734974 sendfile(5, 4, [0] => [81484], 8388608) = 81484
734974 sendfile(5, 4, [81484], 8388608) = 0
734974 sendfile(5, 4, [0] => [489684], 8388608) = 489684
734974 sendfile(5, 4, [489684], 8388608) = 0
734974 sendfile(5, 4, [0] => [104884], 8388608) = 104884
734974 sendfile(5, 4, [104884], 8388608) = 0
734974 sendfile(5, 4, [0] => [343284], 8388608) = 343284
734974 sendfile(5, 4, [343284], 8388608) = 0
734974 sendfile(5, 4, [0] => [334584], 8388608) = 334584
734974 sendfile(5, 4, [334584], 8388608) = 0
734974 sendfile(5, 4, [0] => [140484], 8388608) = 140484
734974 sendfile(5, 4, [140484], 8388608) = 0
734974 sendfile(5, 4, [0] => [174284], 8388608) = 174284
734974 sendfile(5, 4, [174284], 8388608) = 0
734974 sendfile(5, 4, [0] => [390084], 8388608) = 390084
734974 sendfile(5, 4, [390084], 8388608) = 0
734974 sendfile(5, 4, [0] => [214184], 8388608) = 214184
734974 sendfile(5, 4, [214184], 8388608) = 0
734974 sendfile(5, 4, [0] => [52484], 8388608) = 52484
734974 sendfile(5, 4, [52484], 8388608) = 0
734974 sendfile(5, 4, [0] => [1177484], 8388608) = 1177484
734974 sendfile(5, 4, [1177484], 8388608) = 0
734974 sendfile(5, 4, [0] => [79184], 8388608) = 79184
734974 sendfile(5, 4, [79184], 8388608) = 0
734974 sendfile(5, 4, [0] => [59584], 8388608) = 59584
734974 sendfile(5, 4, [59584], 8388608) = 0
734974 sendfile(5, 4, [0] => [42884], 8388608) = 42884
734974 sendfile(5, 4, [42884], 8388608) = 0
734974 sendfile(5, 4, [0] => [117084], 8388608) = 117084
734974 sendfile(5, 4, [117084], 8388608) = 0
734974 sendfile(5, 4, [0] => [142884], 8388608) = 142884
734974 sendfile(5, 4, [142884], 8388608) = 0
734974 sendfile(5, 4, [0] => [208684], 8388608) = 208684
734974 sendfile(5, 4, [208684], 8388608) = 0
734974 sendfile(5, 4, [0] => [46584], 8388608) = 46584
734974 sendfile(5, 4, [46584], 8388608) = 0
734974 sendfile(5, 4, [0] => [391084], 8388608) = 391084
734974 sendfile(5, 4, [391084], 8388608) = 0
734974 sendfile(5, 4, [0] => [132084], 8388608) = 132084
734974 sendfile(5, 4, [132084], 8388608) = 0
734974 sendfile(5, 4, [0] => [48184], 8388608) = 48184
734974 sendfile(5, 4, [48184], 8388608) = 0
734974 sendfile(5, 4, [0] => [1644], 8388608) = 1644
734974 sendfile(5, 4, [1644], 8388608)  = 0
734974 sendfile(5, 4, [0] => [28509], 8388608) = 28509
734974 sendfile(5, 4, [28509], 8388608) = 0
734974 sendfile(5, 4, [0] => [772870], 8388608) = 772870
734974 sendfile(5, 4, [772870], 8388608) = 0
734974 sendfile(5, 4, [0] => [218794], 8388608) = 218794
734974 sendfile(5, 4, [218794], 8388608) = 0
734974 sendfile(5, 4, [0] => [219162], 8388608) = 219162
734974 sendfile(5, 4, [219162], 8388608) = 0
734974 sendfile(5, 4, [0] => [127800], 8388608) = 127800
734974 sendfile(5, 4, [127800], 8388608) = 0
734974 sendfile(5, 4, [0] => [282705], 8388608) = 282705
734974 sendfile(5, 4, [282705], 8388608) = 0
734974 sendfile(5, 4, [0] => [210420], 8388608) = 210420
734974 sendfile(5, 4, [210420], 8388608) = 0
734974 sendfile(5, 4, [0] => [75292], 8388608) = 75292
734974 sendfile(5, 4, [75292], 8388608) = 0
734974 sendfile(5, 4, [0] => [127847], 8388608) = 127847
734974 sendfile(5, 4, [127847], 8388608) = 0
734974 sendfile(5, 4, [0] => [281030], 8388608) = 281030
734974 sendfile(5, 4, [281030], 8388608) = 0
734974 sendfile(5, 4, [0] => [211306], 8388608) = 211306
734974 sendfile(5, 4, [211306], 8388608) = 0
734974 sendfile(5, 4, [0] => [74829], 8388608) = 74829
734974 sendfile(5, 4, [74829], 8388608) = 0
734974 sendfile(5, 4, [0] => [171668], 8388608) = 171668
734974 sendfile(5, 4, [171668], 8388608) = 0
734974 sendfile(5, 4, [0] => [75505], 8388608) = 75505
734974 sendfile(5, 4, [75505], 8388608) = 0
734974 sendfile(5, 4, [0] => [275459], 8388608) = 275459
734974 sendfile(5, 4, [275459], 8388608) = 0
734974 sendfile(5, 4, [0] => [931015], 8388608) = 931015
734974 sendfile(5, 4, [931015], 8388608) = 0
734974 sendfile(5, 4, [0] => [457], 8388608) = 457
734974 sendfile(5, 4, [457], 8388608)   = 0
734974 sendfile(5, 4, [0] => [1425], 8388608) = 1425
734974 sendfile(5, 4, [1425], 8388608)  = 0
734974 sendfile(5, 4, [0] => [689], 8388608) = 689
734974 sendfile(5, 4, [689], 8388608)   = 0
734974 sendfile(5, 4, [0] => [2955], 8388608) = 2955
734974 sendfile(5, 4, [2955], 8388608)  = 0
734974 sendfile(5, 4, [0] => [801], 8388608) = 801
734974 sendfile(5, 4, [801], 8388608)   = 0
734974 sendfile(5, 4, [0] => [50], 8388608) = 50
734974 sendfile(5, 4, [50], 8388608)    = 0
734974 sendfile(5, 4, [0] => [5933], 8388608) = 5933
734974 sendfile(5, 4, [5933], 8388608)  = 0
734974 sendfile(5, 4, [0] => [2759], 8388608) = 2759
734974 sendfile(5, 4, [2759], 8388608)  = 0
734974 sendfile(5, 4, [0] => [142], 8388608) = 142
734974 sendfile(5, 4, [142], 8388608)   = 0
734974 sendfile(5, 4, [0] => [122], 8388608) = 122
734974 sendfile(5, 4, [122], 8388608)   = 0
734974 sendfile(5, 4, [0] => [25], 8388608) = 25
734974 sendfile(5, 4, [25], 8388608)    = 0
734974 sendfile(5, 4, [0] => [75055], 8388608) = 75055
734974 sendfile(5, 4, [75055], 8388608) = 0
734974 sendfile(5, 4, [0] => [533], 8388608) = 533
734974 sendfile(5, 4, [533], 8388608)   = 0
734974 sendfile(5, 4, [0] => [19195], 8388608) = 19195
734974 sendfile(5, 4, [19195], 8388608) = 0
734974 sendfile(5, 4, [0] => [23651], 8388608) = 23651
734974 sendfile(5, 4, [23651], 8388608) = 0
734974 sendfile(5, 4, [0] => [11351], 8388608) = 11351
734974 sendfile(5, 4, [11351], 8388608) = 0
734974 sendfile(5, 4, [0] => [3479], 8388608) = 3479
734974 sendfile(5, 4, [3479], 8388608)  = 0
734974 sendfile(5, 4, [0] => [5495], 8388608) = 5495
734974 sendfile(5, 4, [5495], 8388608)  = 0
734974 sendfile(5, 4, [0] => [80884], 8388608) = 80884
734974 sendfile(5, 4, [80884], 8388608) = 0
734974 sendfile(5, 4, [0] => [927984], 8388608) = 927984
734974 sendfile(5, 4, [927984], 8388608) = 0
734974 sendfile(5, 4, [0] => [278284], 8388608) = 278284
734974 sendfile(5, 4, [278284], 8388608) = 0
734974 sendfile(5, 4, [0] => [79584], 8388608) = 79584
734974 sendfile(5, 4, [79584], 8388608) = 0
734974 sendfile(5, 4, [0] => [287484], 8388608) = 287484
734974 sendfile(5, 4, [287484], 8388608) = 0
734974 sendfile(5, 4, [0] => [131484], 8388608) = 131484
734974 sendfile(5, 4, [131484], 8388608) = 0
734974 sendfile(5, 4, [0] => [222584], 8388608) = 222584
734974 sendfile(5, 4, [222584], 8388608) = 0
734974 sendfile(5, 4, [0] => [215484], 8388608) = 215484
734974 sendfile(5, 4, [215484], 8388608) = 0
734974 sendfile(5, 4, [0] => [177684], 8388608) = 177684
734974 sendfile(5, 4, [177684], 8388608) = 0
734974 sendfile(5, 4, [0] => [80284], 8388608) = 80284
734974 sendfile(5, 4, [80284], 8388608) = 0
734974 sendfile(5, 4, [0] => [287284], 8388608) = 287284
734974 sendfile(5, 4, [287284], 8388608) = 0
734974 sendfile(5, 4, [0] => [131484], 8388608) = 131484
734974 sendfile(5, 4, [131484], 8388608) = 0
734974 sendfile(5, 4, [0] => [222584], 8388608) = 222584
734974 sendfile(5, 4, [222584], 8388608) = 0
734974 sendfile(5, 4, [0] => [215484], 8388608) = 215484
734974 sendfile(5, 4, [215484], 8388608) = 0
734974 sendfile(5, 4, [0] => [779084], 8388608) = 779084
734974 sendfile(5, 4, [779084], 8388608) = 0
734974 sendfile(5, 4, [0] => [754], 8388608) = 754
734974 sendfile(5, 4, [754], 8388608)   = 0
734974 sendfile(5, 4, [0] => [12619], 8388608) = 12619
734974 sendfile(5, 4, [12619], 8388608) = 0
734974 sendfile(5, 4, [0] => [11610], 8388608) = 11610
734974 sendfile(5, 4, [11610], 8388608) = 0
734974 sendfile(5, 4, [0] => [1901], 8388608) = 1901
734974 sendfile(5, 4, [1901], 8388608)  = 0
734974 sendfile(5, 4, [0] => [1892], 8388608) = 1892
734974 sendfile(5, 4, [1892], 8388608)  = 0
734974 sendfile(5, 4, [0] => [64713], 8388608) = 64713
734974 sendfile(5, 4, [64713], 8388608) = 0
738334 +++ exited with 0 +++
738331 +++ exited with 0 +++
734974 --- SIGCHLD {si_signo=SIGCHLD, si_code=CLD_EXITED, si_pid=738331, si_uid=1000, si_status=0, si_utime=1, si_stime=0} ---
738462 +++ exited with 0 +++
738461 +++ exited with 0 +++
738460 +++ exited with 0 +++
738431 +++ exited with 0 +++
738430 +++ exited with 0 +++
738429 +++ exited with 0 +++
738353 +++ exited with 0 +++
738352 +++ exited with 0 +++
738343 +++ exited with 0 +++
738342 +++ exited with 0 +++
734974 --- SIGCHLD {si_signo=SIGCHLD, si_code=CLD_EXITED, si_pid=738342, si_uid=1000, si_status=0, si_utime=28, si_stime=11} ---
738479 +++ exited with 0 +++
738524 +++ exited with 0 +++
738530 +++ exited with 0 +++
738481 +++ exited with 0 +++
738526 +++ exited with 0 +++
738467 +++ exited with 0 +++
738464 +++ exited with 0 +++
734974 --- SIGCHLD {si_signo=SIGCHLD, si_code=CLD_EXITED, si_pid=738464, si_uid=1000, si_status=0, si_utime=38, si_stime=10} ---
734974 sendfile(5, 4, [0] => [772870], 8388608) = 772870
734974 sendfile(5, 4, [772870], 8388608) = 0
734974 sendfile(5, 4, [0] => [218794], 8388608) = 218794
734974 sendfile(5, 4, [218794], 8388608) = 0
734974 sendfile(5, 4, [0] => [219162], 8388608) = 219162
734974 sendfile(5, 4, [219162], 8388608) = 0
734974 sendfile(5, 4, [0] => [127800], 8388608) = 127800
734974 sendfile(5, 4, [127800], 8388608) = 0
734974 sendfile(5, 4, [0] => [282705], 8388608) = 282705
734974 sendfile(5, 4, [282705], 8388608) = 0
734974 sendfile(5, 4, [0] => [210420], 8388608) = 210420
734974 sendfile(5, 4, [210420], 8388608) = 0
734974 sendfile(5, 4, [0] => [75292], 8388608) = 75292
734974 sendfile(5, 4, [75292], 8388608) = 0
734974 sendfile(5, 4, [0] => [127847], 8388608) = 127847
734974 sendfile(5, 4, [127847], 8388608) = 0
734974 sendfile(5, 4, [0] => [281030], 8388608) = 281030
734974 sendfile(5, 4, [281030], 8388608) = 0
734974 sendfile(5, 4, [0] => [211306], 8388608) = 211306
734974 sendfile(5, 4, [211306], 8388608) = 0
734974 sendfile(5, 4, [0] => [74829], 8388608) = 74829
734974 sendfile(5, 4, [74829], 8388608) = 0
734974 sendfile(5, 4, [0] => [171668], 8388608) = 171668
734974 sendfile(5, 4, [171668], 8388608) = 0
734974 sendfile(5, 4, [0] => [75505], 8388608) = 75505
734974 sendfile(5, 4, [75505], 8388608) = 0
734974 sendfile(5, 4, [0] => [275459], 8388608) = 275459
734974 sendfile(5, 4, [275459], 8388608) = 0
734974 sendfile(5, 4, [0] => [931015], 8388608) = 931015
734974 sendfile(5, 4, [931015], 8388608) = 0
738567 +++ exited with 0 +++
738566 +++ exited with 0 +++
734974 --- SIGCHLD {si_signo=SIGCHLD, si_code=CLD_EXITED, si_pid=738566, si_uid=1000, si_status=0, si_utime=1, si_stime=0} ---
738641 +++ exited with 0 +++
738640 +++ exited with 0 +++
738634 +++ exited with 0 +++
738629 +++ exited with 0 +++
738627 +++ exited with 0 +++
738618 +++ exited with 0 +++
738617 +++ exited with 0 +++
738616 +++ exited with 0 +++
738579 +++ exited with 0 +++
738578 +++ exited with 0 +++
738575 +++ exited with 0 +++
738574 +++ exited with 0 +++
734974 --- SIGCHLD {si_signo=SIGCHLD, si_code=CLD_EXITED, si_pid=738574, si_uid=1000, si_status=0, si_utime=28, si_stime=11} ---
738652 +++ exited with 0 +++
738689 +++ exited with 0 +++
738693 +++ exited with 0 +++
738692 +++ exited with 0 +++
738691 +++ exited with 0 +++
738688 +++ exited with 0 +++
738653 +++ exited with 0 +++
738690 +++ exited with 0 +++
738643 +++ exited with 0 +++
738642 +++ exited with 0 +++
734974 --- SIGCHLD {si_signo=SIGCHLD, si_code=CLD_EXITED, si_pid=738642, si_uid=1000, si_status=0, si_utime=42, si_stime=11} ---
734974 sendfile(5, 4, [0] => [772870], 8388608) = 772870
734974 sendfile(5, 4, [772870], 8388608) = 0
734974 sendfile(5, 4, [0] => [218794], 8388608) = 218794
734974 sendfile(5, 4, [218794], 8388608) = 0
734974 sendfile(5, 4, [0] => [219162], 8388608) = 219162
734974 sendfile(5, 4, [219162], 8388608) = 0
734974 sendfile(5, 4, [0] => [127800], 8388608) = 127800
734974 sendfile(5, 4, [127800], 8388608) = 0
734974 sendfile(5, 4, [0] => [282705], 8388608) = 282705
734974 sendfile(5, 4, [282705], 8388608) = 0
734974 sendfile(5, 4, [0] => [210420], 8388608) = 210420
734974 sendfile(5, 4, [210420], 8388608) = 0
734974 sendfile(5, 4, [0] => [75292], 8388608) = 75292
734974 sendfile(5, 4, [75292], 8388608) = 0
734974 sendfile(5, 4, [0] => [127847], 8388608) = 127847
734974 sendfile(5, 4, [127847], 8388608) = 0
734974 sendfile(5, 4, [0] => [281030], 8388608) = 281030
734974 sendfile(5, 4, [281030], 8388608) = 0
734974 sendfile(5, 4, [0] => [211306], 8388608) = 211306
734974 sendfile(5, 4, [211306], 8388608) = 0
734974 sendfile(5, 4, [0] => [74829], 8388608) = 74829
734974 sendfile(5, 4, [74829], 8388608) = 0
734974 sendfile(5, 4, [0] => [171668], 8388608) = 171668
734974 sendfile(5, 4, [171668], 8388608) = 0
734974 sendfile(5, 4, [0] => [75505], 8388608) = 75505
734974 sendfile(5, 4, [75505], 8388608) = 0
734974 sendfile(5, 4, [0] => [275459], 8388608) = 275459
734974 sendfile(5, 4, [275459], 8388608) = 0
734974 sendfile(5, 4, [0] => [931015], 8388608) = 931015
734974 sendfile(5, 4, [931015], 8388608) = 0
738806 +++ exited with 0 +++
738805 +++ exited with 0 +++
734974 --- SIGCHLD {si_signo=SIGCHLD, si_code=CLD_EXITED, si_pid=738805, si_uid=1000, si_status=0, si_utime=2, si_stime=0} ---
738853 +++ exited with 0 +++
738852 +++ exited with 0 +++
738850 +++ exited with 0 +++
738820 +++ exited with 0 +++
738819 +++ exited with 0 +++
738815 +++ exited with 0 +++
738851 +++ exited with 0 +++
738814 +++ exited with 0 +++
734974 --- SIGCHLD {si_signo=SIGCHLD, si_code=CLD_EXITED, si_pid=738814, si_uid=1000, si_status=0, si_utime=32, si_stime=13} ---
738874 +++ exited with 0 +++
738910 +++ exited with 0 +++
738909 +++ exited with 0 +++
738911 +++ exited with 0 +++
738908 +++ exited with 0 +++
738875 +++ exited with 0 +++
738912 +++ exited with 0 +++
738872 +++ exited with 0 +++
738866 +++ exited with 0 +++
734974 --- SIGCHLD {si_signo=SIGCHLD, si_code=CLD_EXITED, si_pid=738866, si_uid=1000, si_status=0, si_utime=88, si_stime=12} ---
734974 sendfile(5, 4, [0] => [489553], 8388608) = 489553
734974 sendfile(5, 4, [489553], 8388608) = 0
734974 sendfile(5, 4, [0] => [203278], 8388608) = 203278
734974 sendfile(5, 4, [203278], 8388608) = 0
734974 sendfile(5, 4, [0] => [182268], 8388608) = 182268
734974 sendfile(5, 4, [182268], 8388608) = 0
734974 sendfile(5, 4, [0] => [178612], 8388608) = 178612
734974 sendfile(5, 4, [178612], 8388608) = 0
734974 sendfile(5, 4, [0] => [1087071], 8388608) = 1087071
734974 sendfile(5, 4, [1087071], 8388608) = 0
734974 sendfile(5, 4, [0] => [955201], 8388608) = 955201
734974 sendfile(5, 4, [955201], 8388608) = 0
734974 sendfile(5, 4, [0] => [290446], 8388608) = 290446
734974 sendfile(5, 4, [290446], 8388608) = 0
734974 sendfile(5, 4, [0] => [1067253], 8388608) = 1067253
734974 sendfile(5, 4, [1067253], 8388608) = 0
734974 sendfile(5, 4, [0] => [245983], 8388608) = 245983
734974 sendfile(5, 4, [245983], 8388608) = 0
734974 sendfile(5, 4, [0] => [70361], 8388608) = 70361
734974 sendfile(5, 4, [70361], 8388608) = 0
734974 sendfile(5, 4, [0] => [91041], 8388608) = 91041
734974 sendfile(5, 4, [91041], 8388608) = 0
734974 sendfile(5, 4, [0] => [798339], 8388608) = 798339
734974 sendfile(5, 4, [798339], 8388608) = 0
734974 sendfile(5, 4, [0] => [558786], 8388608) = 558786
734974 sendfile(5, 4, [558786], 8388608) = 0
734974 sendfile(5, 4, [0] => [803316], 8388608) = 803316
734974 sendfile(5, 4, [803316], 8388608) = 0
734974 sendfile(5, 4, [0] => [752680], 8388608) = 752680
734974 sendfile(5, 4, [752680], 8388608) = 0
734974 sendfile(5, 4, [0] => [709], 8388608) = 709
734974 sendfile(5, 4, [709], 8388608)   = 0
734974 sendfile(5, 4, [0] => [357517], 8388608) = 357517
734974 sendfile(5, 4, [357517], 8388608) = 0
734974 sendfile(5, 4, [0] => [1079168], 8388608) = 1079168
734974 sendfile(5, 4, [1079168], 8388608) = 0
734974 sendfile(5, 4, [0] => [1054486], 8388608) = 1054486
734974 sendfile(5, 4, [1054486], 8388608) = 0
734974 sendfile(5, 4, [0] => [392127], 8388608) = 392127
734974 sendfile(5, 4, [392127], 8388608) = 0
734974 sendfile(5, 4, [0] => [1069230], 8388608) = 1069230
734974 sendfile(5, 4, [1069230], 8388608) = 0
734974 sendfile(5, 4, [0] => [117193], 8388608) = 117193
734974 sendfile(5, 4, [117193], 8388608) = 0
734974 sendfile(5, 4, [0] => [176950], 8388608) = 176950
734974 sendfile(5, 4, [176950], 8388608) = 0
734974 sendfile(5, 4, [0] => [619113], 8388608) = 619113
734974 sendfile(5, 4, [619113], 8388608) = 0
734974 sendfile(5, 4, [0] => [648662], 8388608) = 648662
734974 sendfile(5, 4, [648662], 8388608) = 0
734974 sendfile(5, 4, [0] => [574906], 8388608) = 574906
734974 sendfile(5, 4, [574906], 8388608) = 0
734974 sendfile(5, 4, [0] => [47084], 8388608) = 47084
734974 sendfile(5, 4, [47084], 8388608) = 0
734974 sendfile(5, 4, [0] => [493756], 8388608) = 493756
734974 sendfile(5, 4, [493756], 8388608) = 0
734974 sendfile(5, 4, [0] => [332474], 8388608) = 332474
734974 sendfile(5, 4, [332474], 8388608) = 0
734974 sendfile(5, 4, [0] => [1058580], 8388608) = 1058580
734974 sendfile(5, 4, [1058580], 8388608) = 0
734974 sendfile(5, 4, [0] => [1085183], 8388608) = 1085183
734974 sendfile(5, 4, [1085183], 8388608) = 0
734974 sendfile(5, 4, [0] => [66572], 8388608) = 66572
734974 sendfile(5, 4, [66572], 8388608) = 0
734974 sendfile(5, 4, [0] => [246554], 8388608) = 246554
734974 sendfile(5, 4, [246554], 8388608) = 0
734974 sendfile(5, 4, [0] => [1063798], 8388608) = 1063798
734974 sendfile(5, 4, [1063798], 8388608) = 0
734974 sendfile(5, 4, [0] => [1008276], 8388608) = 1008276
734974 sendfile(5, 4, [1008276], 8388608) = 0
734974 sendfile(5, 4, [0] => [1008870], 8388608) = 1008870
734974 sendfile(5, 4, [1008870], 8388608) = 0
734974 sendfile(5, 4, [0] => [807348], 8388608) = 807348
734974 sendfile(5, 4, [807348], 8388608) = 0
734974 sendfile(5, 4, [0] => [626401], 8388608) = 626401
734974 sendfile(5, 4, [626401], 8388608) = 0
734974 sendfile(5, 4, [0] => [618379], 8388608) = 618379
734974 sendfile(5, 4, [618379], 8388608) = 0
734974 sendfile(5, 4, [0] => [803316], 8388608) = 803316
734974 sendfile(5, 4, [803316], 8388608) = 0
734974 sendfile(5, 4, [0] => [290446], 8388608) = 290446
734974 sendfile(5, 4, [290446], 8388608) = 0
734974 sendfile(5, 4, [0] => [626401], 8388608) = 626401
734974 sendfile(5, 4, [626401], 8388608) = 0
734974 sendfile(5, 4, [0] => [1058580], 8388608) = 1058580
734974 sendfile(5, 4, [1058580], 8388608) = 0
734974 sendfile(5, 4, [0] => [392127], 8388608) = 392127
734974 sendfile(5, 4, [392127], 8388608) = 0
734974 sendfile(5, 4, [0] => [807348], 8388608) = 807348
734974 sendfile(5, 4, [807348], 8388608) = 0
734974 sendfile(5, 4, [0] => [246554], 8388608) = 246554
734974 sendfile(5, 4, [246554], 8388608) = 0
734974 sendfile(5, 4, [0] => [1087071], 8388608) = 1087071
734974 sendfile(5, 4, [1087071], 8388608) = 0
734974 sendfile(5, 4, [0] => [955201], 8388608) = 955201
734974 sendfile(5, 4, [955201], 8388608) = 0
734974 sendfile(5, 4, [0] => [752680], 8388608) = 752680
734974 sendfile(5, 4, [752680], 8388608) = 0
734974 sendfile(5, 4, [0] => [47084], 8388608) = 47084
734974 sendfile(5, 4, [47084], 8388608) = 0
734974 sendfile(5, 4, [0] => [245983], 8388608) = 245983
734974 sendfile(5, 4, [245983], 8388608) = 0
734974 sendfile(5, 4, [0] => [619113], 8388608) = 619113
734974 sendfile(5, 4, [619113], 8388608) = 0
734974 sendfile(5, 4, [0] => [182268], 8388608) = 182268
734974 sendfile(5, 4, [182268], 8388608) = 0
734974 sendfile(5, 4, [0] => [418171], 8388608) = 418171
734974 sendfile(5, 4, [418171], 8388608) = 0
734974 sendfile(5, 4, [0] => [798339], 8388608) = 798339
734974 sendfile(5, 4, [798339], 8388608) = 0
734974 sendfile(5, 4, [0] => [1067253], 8388608) = 1067253
734974 sendfile(5, 4, [1067253], 8388608) = 0
734974 sendfile(5, 4, [0] => [117193], 8388608) = 117193
734974 sendfile(5, 4, [117193], 8388608) = 0
734974 sendfile(5, 4, [0] => [193], 8388608) = 193
734974 sendfile(5, 4, [193], 8388608)   = 0
734974 sendfile(5, 4, [0] => [709], 8388608) = 709
734974 sendfile(5, 4, [709], 8388608)   = 0
734974 sendfile(5, 4, [0] => [1591], 8388608) = 1591
734974 sendfile(5, 4, [1591], 8388608)  = 0
734974 sendfile(5, 4, [0] => [1085183], 8388608) = 1085183
734974 sendfile(5, 4, [1085183], 8388608) = 0
734974 sendfile(5, 4, [0] => [332474], 8388608) = 332474
734974 sendfile(5, 4, [332474], 8388608) = 0
734974 sendfile(5, 4, [0] => [1069230], 8388608) = 1069230
734974 sendfile(5, 4, [1069230], 8388608) = 0
734974 sendfile(5, 4, [0] => [618379], 8388608) = 618379
734974 sendfile(5, 4, [618379], 8388608) = 0
734974 sendfile(5, 4, [0] => [1079168], 8388608) = 1079168
734974 sendfile(5, 4, [1079168], 8388608) = 0
734974 sendfile(5, 4, [0] => [66572], 8388608) = 66572
734974 sendfile(5, 4, [66572], 8388608) = 0
734974 sendfile(5, 4, [0] => [1379], 8388608) = 1379
734974 sendfile(5, 4, [1379], 8388608)  = 0
734974 sendfile(5, 4, [0] => [178612], 8388608) = 178612
734974 sendfile(5, 4, [178612], 8388608) = 0
734974 sendfile(5, 4, [0] => [1054486], 8388608) = 1054486
734974 sendfile(5, 4, [1054486], 8388608) = 0
734974 sendfile(5, 4, [0] => [648662], 8388608) = 648662
734974 sendfile(5, 4, [648662], 8388608) = 0
734974 sendfile(5, 4, [0] => [91041], 8388608) = 91041
734974 sendfile(5, 4, [91041], 8388608) = 0
734974 sendfile(5, 4, [0] => [493756], 8388608) = 493756
734974 sendfile(5, 4, [493756], 8388608) = 0
734974 sendfile(5, 4, [0] => [203278], 8388608) = 203278
734974 sendfile(5, 4, [203278], 8388608) = 0
734974 sendfile(5, 4, [0] => [489553], 8388608) = 489553
734974 sendfile(5, 4, [489553], 8388608) = 0
734974 sendfile(5, 4, [0] => [70361], 8388608) = 70361
734974 sendfile(5, 4, [70361], 8388608) = 0
734974 sendfile(5, 4, [0] => [558786], 8388608) = 558786
734974 sendfile(5, 4, [558786], 8388608) = 0
734974 sendfile(5, 4, [0] => [1063798], 8388608) = 1063798
734974 sendfile(5, 4, [1063798], 8388608) = 0
734974 sendfile(5, 4, [0] => [574906], 8388608) = 574906
734974 sendfile(5, 4, [574906], 8388608) = 0
734974 sendfile(5, 4, [0] => [357517], 8388608) = 357517
734974 sendfile(5, 4, [357517], 8388608) = 0
734974 sendfile(5, 4, [0] => [1008276], 8388608) = 1008276
734974 sendfile(5, 4, [1008276], 8388608) = 0
734974 sendfile(5, 4, [0] => [417034], 8388608) = 417034
734974 sendfile(5, 4, [417034], 8388608) = 0
734974 sendfile(5, 4, [0] => [1008870], 8388608) = 1008870
734974 sendfile(5, 4, [1008870], 8388608) = 0
734974 sendfile(5, 4, [0] => [176950], 8388608) = 176950
734974 sendfile(5, 4, [176950], 8388608) = 0
734974 sendfile(5, 4, [0] => [2188], 8388608) = 2188
734974 sendfile(5, 4, [2188], 8388608)  = 0
734974 sendfile(5, 4, [0] => [5750], 8388608) = 5750
734974 sendfile(5, 4, [5750], 8388608)  = 0
734974 sendfile(5, 4, [0] => [2023], 8388608) = 2023
734974 sendfile(5, 4, [2023], 8388608)  = 0
734974 sendfile(5, 4, [0] => [422], 8388608) = 422
734974 sendfile(5, 4, [422], 8388608)   = 0
734974 sendfile(5, 4, [0] => [10039], 8388608) = 10039
734974 sendfile(5, 4, [10039], 8388608) = 0
734974 sendfile(5, 4, [0] => [422], 8388608) = 422
734974 sendfile(5, 4, [422], 8388608)   = 0
734974 sendfile(5, 4, [0] => [3051], 8388608) = 3051
734974 sendfile(5, 4, [3051], 8388608)  = 0
734974 sendfile(5, 4, [0] => [422], 8388608) = 422
734974 sendfile(5, 4, [422], 8388608)   = 0
734974 sendfile(5, 4, [0] => [422], 8388608) = 422
734974 sendfile(5, 4, [422], 8388608)   = 0
734974 sendfile(5, 4, [0] => [422], 8388608) = 422
734974 sendfile(5, 4, [422], 8388608)   = 0
734974 sendfile(5, 4, [0] => [422], 8388608) = 422
734974 sendfile(5, 4, [422], 8388608)   = 0
734974 sendfile(5, 4, [0] => [422], 8388608) = 422
734974 sendfile(5, 4, [422], 8388608)   = 0
734974 sendfile(5, 4, [0] => [422], 8388608) = 422
734974 sendfile(5, 4, [422], 8388608)   = 0
734974 sendfile(5, 4, [0] => [3922], 8388608) = 3922
734974 sendfile(5, 4, [3922], 8388608)  = 0
734974 sendfile(5, 4, [0] => [2366], 8388608) = 2366
734974 sendfile(5, 4, [2366], 8388608)  = 0
734974 sendfile(5, 4, [0] => [422], 8388608) = 422
734974 sendfile(5, 4, [422], 8388608)   = 0
734974 sendfile(5, 4, [0] => [2234], 8388608) = 2234
734974 sendfile(5, 4, [2234], 8388608)  = 0
734974 sendfile(5, 4, [0] => [2737], 8388608) = 2737
734974 sendfile(5, 4, [2737], 8388608)  = 0
734974 sendfile(5, 4, [0] => [422], 8388608) = 422
734974 sendfile(5, 4, [422], 8388608)   = 0
734974 sendfile(5, 4, [0] => [422], 8388608) = 422
734974 sendfile(5, 4, [422], 8388608)   = 0
734974 sendfile(5, 4, [0] => [422], 8388608) = 422
734974 sendfile(5, 4, [422], 8388608)   = 0
734974 sendfile(5, 4, [0] => [2734], 8388608) = 2734
734974 sendfile(5, 4, [2734], 8388608)  = 0
734974 sendfile(5, 4, [0] => [422], 8388608) = 422
734974 sendfile(5, 4, [422], 8388608)   = 0
734974 sendfile(5, 4, [0] => [422], 8388608) = 422
734974 sendfile(5, 4, [422], 8388608)   = 0
734974 sendfile(5, 4, [0] => [422], 8388608) = 422
734974 sendfile(5, 4, [422], 8388608)   = 0
734974 sendfile(5, 4, [0] => [422], 8388608) = 422
734974 sendfile(5, 4, [422], 8388608)   = 0
734974 sendfile(5, 4, [0] => [852], 8388608) = 852
734974 sendfile(5, 4, [852], 8388608)   = 0
734974 sendfile(5, 4, [0] => [422], 8388608) = 422
734974 sendfile(5, 4, [422], 8388608)   = 0
734974 sendfile(5, 4, [0] => [3415], 8388608) = 3415
734974 sendfile(5, 4, [3415], 8388608)  = 0
734974 sendfile(5, 4, [0] => [422], 8388608) = 422
734974 sendfile(5, 4, [422], 8388608)   = 0
734974 sendfile(5, 4, [0] => [422], 8388608) = 422
734974 sendfile(5, 4, [422], 8388608)   = 0
734974 sendfile(5, 4, [0] => [422], 8388608) = 422
734974 sendfile(5, 4, [422], 8388608)   = 0
734974 sendfile(5, 4, [0] => [422], 8388608) = 422
734974 sendfile(5, 4, [422], 8388608)   = 0
734974 sendfile(5, 4, [0] => [3940], 8388608) = 3940
734974 sendfile(5, 4, [3940], 8388608)  = 0
734974 sendfile(5, 4, [0] => [422], 8388608) = 422
734974 sendfile(5, 4, [422], 8388608)   = 0
734974 sendfile(5, 4, [0] => [422], 8388608) = 422
734974 sendfile(5, 4, [422], 8388608)   = 0
734974 sendfile(5, 4, [0] => [422], 8388608) = 422
734974 sendfile(5, 4, [422], 8388608)   = 0
734974 sendfile(5, 4, [0] => [422], 8388608) = 422
734974 sendfile(5, 4, [422], 8388608)   = 0
734974 sendfile(5, 4, [0] => [422], 8388608) = 422
734974 sendfile(5, 4, [422], 8388608)   = 0
734974 sendfile(5, 4, [0] => [422], 8388608) = 422
734974 sendfile(5, 4, [422], 8388608)   = 0
734974 sendfile(5, 4, [0] => [422], 8388608) = 422
734974 sendfile(5, 4, [422], 8388608)   = 0
734974 sendfile(5, 4, [0] => [3938], 8388608) = 3938
734974 sendfile(5, 4, [3938], 8388608)  = 0
734974 sendfile(5, 4, [0] => [422], 8388608) = 422
734974 sendfile(5, 4, [422], 8388608)   = 0
734974 sendfile(5, 4, [0] => [4660], 8388608) = 4660
734974 sendfile(5, 4, [4660], 8388608)  = 0
734974 sendfile(5, 4, [0] => [422], 8388608) = 422
734974 sendfile(5, 4, [422], 8388608)   = 0
734974 sendfile(5, 4, [0] => [3426], 8388608) = 3426
734974 sendfile(5, 4, [3426], 8388608)  = 0
734974 sendfile(5, 4, [0] => [1793], 8388608) = 1793
734974 sendfile(5, 4, [1793], 8388608)  = 0
734974 sendfile(5, 4, [0] => [3975], 8388608) = 3975
734974 sendfile(5, 4, [3975], 8388608)  = 0
734974 sendfile(5, 4, [0] => [422], 8388608) = 422
734974 sendfile(5, 4, [422], 8388608)   = 0
734974 sendfile(5, 4, [0] => [422], 8388608) = 422
734974 sendfile(5, 4, [422], 8388608)   = 0
734974 sendfile(5, 4, [0] => [422], 8388608) = 422
734974 sendfile(5, 4, [422], 8388608)   = 0
734974 sendfile(5, 4, [0] => [422], 8388608) = 422
734974 sendfile(5, 4, [422], 8388608)   = 0
734974 sendfile(5, 4, [0] => [7086], 8388608) = 7086
734974 sendfile(5, 4, [7086], 8388608)  = 0
734974 sendfile(5, 4, [0] => [1763], 8388608) = 1763
734974 sendfile(5, 4, [1763], 8388608)  = 0
734974 sendfile(5, 4, [0] => [422], 8388608) = 422
734974 sendfile(5, 4, [422], 8388608)   = 0
734974 sendfile(5, 4, [0] => [422], 8388608) = 422
734974 sendfile(5, 4, [422], 8388608)   = 0
734974 sendfile(5, 4, [0] => [422], 8388608) = 422
734974 sendfile(5, 4, [422], 8388608)   = 0
734974 sendfile(5, 4, [0] => [422], 8388608) = 422
734974 sendfile(5, 4, [422], 8388608)   = 0
734974 sendfile(5, 4, [0] => [422], 8388608) = 422
734974 sendfile(5, 4, [422], 8388608)   = 0
734974 sendfile(5, 4, [0] => [2373], 8388608) = 2373
734974 sendfile(5, 4, [2373], 8388608)  = 0
734974 sendfile(5, 4, [0] => [3423], 8388608) = 3423
734974 sendfile(5, 4, [3423], 8388608)  = 0
734974 sendfile(5, 4, [0] => [65521], 8388608) = 65521
734974 sendfile(5, 4, [65521], 8388608) = 0
734974 sendfile(5, 4, [0] => [386], 8388608) = 386
734974 sendfile(5, 4, [386], 8388608)   = 0
734974 sendfile(5, 4, [0], 8388608)     = 0
734974 sendfile(5, 4, [0] => [489553], 8388608) = 489553
734974 sendfile(5, 4, [489553], 8388608) = 0
734974 sendfile(5, 4, [0] => [193], 8388608) = 193
734974 sendfile(5, 4, [193], 8388608)   = 0
734974 sendfile(5, 4, [0] => [418171], 8388608) = 418171
734974 sendfile(5, 4, [418171], 8388608) = 0
734974 sendfile(5, 4, [0] => [417034], 8388608) = 417034
734974 sendfile(5, 4, [417034], 8388608) = 0
734974 sendfile(5, 4, [0] => [1379], 8388608) = 1379
734974 sendfile(5, 4, [1379], 8388608)  = 0
734974 sendfile(5, 4, [0] => [1591], 8388608) = 1591
734974 sendfile(5, 4, [1591], 8388608)  = 0
734974 sendfile(5, 4, [0] => [186], 8388608) = 186
734974 sendfile(5, 4, [186], 8388608)   = 0
734974 sendfile(5, 4, [0] => [98957], 8388608) = 98957
734974 sendfile(5, 4, [98957], 8388608) = 0
734974 sendfile(5, 4, [0] => [1725], 8388608) = 1725
734974 sendfile(5, 4, [1725], 8388608)  = 0
734974 sendfile(5, 4, [0] => [33760], 8388608) = 33760
734974 sendfile(5, 4, [33760], 8388608) = 0
734974 sendfile(5, 4, [0] => [489553], 8388608) = 489553
734974 sendfile(5, 4, [489553], 8388608) = 0
734974 sendfile(5, 4, [0] => [203278], 8388608) = 203278
734974 sendfile(5, 4, [203278], 8388608) = 0
734974 sendfile(5, 4, [0] => [182268], 8388608) = 182268
734974 sendfile(5, 4, [182268], 8388608) = 0
734974 sendfile(5, 4, [0] => [178612], 8388608) = 178612
734974 sendfile(5, 4, [178612], 8388608) = 0
734974 sendfile(5, 4, [0] => [1087071], 8388608) = 1087071
734974 sendfile(5, 4, [1087071], 8388608) = 0
734974 sendfile(5, 4, [0] => [955201], 8388608) = 955201
734974 sendfile(5, 4, [955201], 8388608) = 0
734974 sendfile(5, 4, [0] => [290446], 8388608) = 290446
734974 sendfile(5, 4, [290446], 8388608) = 0
734974 sendfile(5, 4, [0] => [1067253], 8388608) = 1067253
734974 sendfile(5, 4, [1067253], 8388608) = 0
734974 sendfile(5, 4, [0] => [245983], 8388608) = 245983
734974 sendfile(5, 4, [245983], 8388608) = 0
734974 sendfile(5, 4, [0] => [70361], 8388608) = 70361
734974 sendfile(5, 4, [70361], 8388608) = 0
734974 sendfile(5, 4, [0] => [91041], 8388608) = 91041
734974 sendfile(5, 4, [91041], 8388608) = 0
734974 sendfile(5, 4, [0] => [798339], 8388608) = 798339
734974 sendfile(5, 4, [798339], 8388608) = 0
734974 sendfile(5, 4, [0] => [558786], 8388608) = 558786
734974 sendfile(5, 4, [558786], 8388608) = 0
734974 sendfile(5, 4, [0] => [803316], 8388608) = 803316
734974 sendfile(5, 4, [803316], 8388608) = 0
734974 sendfile(5, 4, [0] => [752680], 8388608) = 752680
734974 sendfile(5, 4, [752680], 8388608) = 0
734974 sendfile(5, 4, [0] => [709], 8388608) = 709
734974 sendfile(5, 4, [709], 8388608)   = 0
734974 sendfile(5, 4, [0] => [357517], 8388608) = 357517
734974 sendfile(5, 4, [357517], 8388608) = 0
734974 sendfile(5, 4, [0] => [1079168], 8388608) = 1079168
734974 sendfile(5, 4, [1079168], 8388608) = 0
734974 sendfile(5, 4, [0] => [1054486], 8388608) = 1054486
734974 sendfile(5, 4, [1054486], 8388608) = 0
734974 sendfile(5, 4, [0] => [392127], 8388608) = 392127
734974 sendfile(5, 4, [392127], 8388608) = 0
734974 sendfile(5, 4, [0] => [1069230], 8388608) = 1069230
734974 sendfile(5, 4, [1069230], 8388608) = 0
734974 sendfile(5, 4, [0] => [117193], 8388608) = 117193
734974 sendfile(5, 4, [117193], 8388608) = 0
734974 sendfile(5, 4, [0] => [176950], 8388608) = 176950
734974 sendfile(5, 4, [176950], 8388608) = 0
734974 sendfile(5, 4, [0] => [619113], 8388608) = 619113
734974 sendfile(5, 4, [619113], 8388608) = 0
734974 sendfile(5, 4, [0] => [648662], 8388608) = 648662
734974 sendfile(5, 4, [648662], 8388608) = 0
734974 sendfile(5, 4, [0] => [574906], 8388608) = 574906
734974 sendfile(5, 4, [574906], 8388608) = 0
734974 sendfile(5, 4, [0] => [47084], 8388608) = 47084
734974 sendfile(5, 4, [47084], 8388608) = 0
734974 sendfile(5, 4, [0] => [493756], 8388608) = 493756
734974 sendfile(5, 4, [493756], 8388608) = 0
734974 sendfile(5, 4, [0] => [332474], 8388608) = 332474
734974 sendfile(5, 4, [332474], 8388608) = 0
734974 sendfile(5, 4, [0] => [1058580], 8388608) = 1058580
734974 sendfile(5, 4, [1058580], 8388608) = 0
734974 sendfile(5, 4, [0] => [1085183], 8388608) = 1085183
734974 sendfile(5, 4, [1085183], 8388608) = 0
734974 sendfile(5, 4, [0] => [66572], 8388608) = 66572
734974 sendfile(5, 4, [66572], 8388608) = 0
734974 sendfile(5, 4, [0] => [246554], 8388608) = 246554
734974 sendfile(5, 4, [246554], 8388608) = 0
734974 sendfile(5, 4, [0] => [1063798], 8388608) = 1063798
734974 sendfile(5, 4, [1063798], 8388608) = 0
734974 sendfile(5, 4, [0] => [1008276], 8388608) = 1008276
734974 sendfile(5, 4, [1008276], 8388608) = 0
734974 sendfile(5, 4, [0] => [1008870], 8388608) = 1008870
734974 sendfile(5, 4, [1008870], 8388608) = 0
734974 sendfile(5, 4, [0] => [807348], 8388608) = 807348
734974 sendfile(5, 4, [807348], 8388608) = 0
734974 sendfile(5, 4, [0] => [626401], 8388608) = 626401
734974 sendfile(5, 4, [626401], 8388608) = 0
734974 sendfile(5, 4, [0] => [618379], 8388608) = 618379
734974 sendfile(5, 4, [618379], 8388608) = 0
734974 sendfile(5, 4, [0] => [457], 8388608) = 457
734974 sendfile(5, 4, [457], 8388608)   = 0
734974 sendfile(5, 4, [0] => [4786], 8388608) = 4786
734974 sendfile(5, 4, [4786], 8388608)  = 0
734974 sendfile(5, 4, [0] => [1425], 8388608) = 1425
734974 sendfile(5, 4, [1425], 8388608)  = 0
734974 sendfile(5, 4, [0] => [99924], 8388608) = 99924
734974 sendfile(5, 4, [99924], 8388608) = 0
734974 sendfile(5, 4, [0] => [9961], 8388608) = 9961
734974 sendfile(5, 4, [9961], 8388608)  = 0
734974 sendfile(5, 4, [0] => [689], 8388608) = 689
734974 sendfile(5, 4, [689], 8388608)   = 0
734974 sendfile(5, 4, [0] => [3093], 8388608) = 3093
734974 sendfile(5, 4, [3093], 8388608)  = 0
734974 sendfile(5, 4, [0] => [960], 8388608) = 960
734974 sendfile(5, 4, [960], 8388608)   = 0
734974 sendfile(5, 4, [0] => [50], 8388608) = 50
734974 sendfile(5, 4, [50], 8388608)    = 0
734974 sendfile(5, 4, [0] => [5933], 8388608) = 5933
734974 sendfile(5, 4, [5933], 8388608)  = 0
734974 sendfile(5, 4, [0] => [2759], 8388608) = 2759
734974 sendfile(5, 4, [2759], 8388608)  = 0
734974 sendfile(5, 4, [0] => [142], 8388608) = 142
734974 sendfile(5, 4, [142], 8388608)   = 0
734974 sendfile(5, 4, [0] => [122], 8388608) = 122
734974 sendfile(5, 4, [122], 8388608)   = 0
734974 sendfile(5, 4, [0] => [25], 8388608) = 25
734974 sendfile(5, 4, [25], 8388608)    = 0
734974 sendfile(5, 4, [0] => [1591], 8388608) = 1591
734974 sendfile(5, 4, [1591], 8388608)  = 0
734974 sendfile(5, 4, [0] => [107958], 8388608) = 107958
734974 sendfile(5, 4, [107958], 8388608) = 0
734974 sendfile(5, 4, [0] => [533], 8388608) = 533
734974 sendfile(5, 4, [533], 8388608)   = 0
734974 sendfile(5, 4, [0] => [45113], 8388608) = 45113
734974 sendfile(5, 4, [45113], 8388608) = 0
734974 sendfile(5, 4, [0] => [49475], 8388608) = 49475
734974 sendfile(5, 4, [49475], 8388608) = 0
734974 sendfile(5, 4, [0] => [445], 8388608) = 445
734974 sendfile(5, 4, [445], 8388608)   = 0
734974 sendfile(5, 4, [0] => [11351], 8388608) = 11351
734974 sendfile(5, 4, [11351], 8388608) = 0
734974 sendfile(5, 4, [0] => [9290], 8388608) = 9290
734974 sendfile(5, 4, [9290], 8388608)  = 0
734974 sendfile(5, 4, [0] => [17540], 8388608) = 17540
734974 sendfile(5, 4, [17540], 8388608) = 0
734974 sendfile(5, 4, [0] => [611], 8388608) = 611
734974 sendfile(5, 4, [611], 8388608)   = 0
734974 sendfile(5, 4, [0] => [235984], 8388608) = 235984
734974 sendfile(5, 4, [235984], 8388608) = 0
734974 sendfile(5, 4, [0] => [248984], 8388608) = 248984
734974 sendfile(5, 4, [248984], 8388608) = 0
734974 sendfile(5, 4, [0] => [235784], 8388608) = 235784
734974 sendfile(5, 4, [235784], 8388608) = 0
734974 sendfile(5, 4, [0] => [248884], 8388608) = 248884
734974 sendfile(5, 4, [248884], 8388608) = 0
734974 sendfile(5, 4, [0] => [69484], 8388608) = 69484
734974 sendfile(5, 4, [69484], 8388608) = 0
734974 sendfile(5, 4, [0] => [121084], 8388608) = 121084
734974 sendfile(5, 4, [121084], 8388608) = 0
734974 sendfile(5, 4, [0] => [1048584], 8388608) = 1048584
734974 sendfile(5, 4, [1048584], 8388608) = 0
734974 sendfile(5, 4, [0] => [942884], 8388608) = 942884
734974 sendfile(5, 4, [942884], 8388608) = 0
734974 sendfile(5, 4, [0] => [570684], 8388608) = 570684
734974 sendfile(5, 4, [570684], 8388608) = 0
734974 sendfile(5, 4, [0] => [996184], 8388608) = 996184
734974 sendfile(5, 4, [996184], 8388608) = 0
734974 sendfile(5, 4, [0] => [995784], 8388608) = 995784
734974 sendfile(5, 4, [995784], 8388608) = 0
734974 sendfile(5, 4, [0] => [1048584], 8388608) = 1048584
734974 sendfile(5, 4, [1048584], 8388608) = 0
734974 sendfile(5, 4, [0] => [495984], 8388608) = 495984
734974 sendfile(5, 4, [495984], 8388608) = 0
734974 sendfile(5, 4, [0] => [336384], 8388608) = 336384
734974 sendfile(5, 4, [336384], 8388608) = 0
734974 sendfile(5, 4, [0] => [1048584], 8388608) = 1048584
734974 sendfile(5, 4, [1048584], 8388608) = 0
734974 sendfile(5, 4, [0] => [612584], 8388608) = 612584
734974 sendfile(5, 4, [612584], 8388608) = 0
734974 sendfile(5, 4, [0] => [738884], 8388608) = 738884
734974 sendfile(5, 4, [738884], 8388608) = 0
734974 sendfile(5, 4, [0] => [93684], 8388608) = 93684
734974 sendfile(5, 4, [93684], 8388608) = 0
734974 sendfile(5, 4, [0] => [549684], 8388608) = 549684
734974 sendfile(5, 4, [549684], 8388608) = 0
734974 sendfile(5, 4, [0] => [180884], 8388608) = 180884
734974 sendfile(5, 4, [180884], 8388608) = 0
734974 sendfile(5, 4, [0] => [73484], 8388608) = 73484
734974 sendfile(5, 4, [73484], 8388608) = 0
734974 sendfile(5, 4, [0] => [356084], 8388608) = 356084
734974 sendfile(5, 4, [356084], 8388608) = 0
734974 sendfile(5, 4, [0] => [49284], 8388608) = 49284
734974 sendfile(5, 4, [49284], 8388608) = 0
734974 sendfile(5, 4, [0] => [1048584], 8388608) = 1048584
734974 sendfile(5, 4, [1048584], 8388608) = 0
734974 sendfile(5, 4, [0] => [1048584], 8388608) = 1048584
734974 sendfile(5, 4, [1048584], 8388608) = 0
734974 sendfile(5, 4, [0] => [641684], 8388608) = 641684
734974 sendfile(5, 4, [641684], 8388608) = 0
734974 sendfile(5, 4, [0] => [1048584], 8388608) = 1048584
734974 sendfile(5, 4, [1048584], 8388608) = 0
734974 sendfile(5, 4, [0] => [612584], 8388608) = 612584
734974 sendfile(5, 4, [612584], 8388608) = 0
734974 sendfile(5, 4, [0] => [115284], 8388608) = 115284
734974 sendfile(5, 4, [115284], 8388608) = 0
734974 sendfile(5, 4, [0] => [1048484], 8388608) = 1048484
734974 sendfile(5, 4, [1048484], 8388608) = 0
734974 sendfile(5, 4, [0] => [1048584], 8388608) = 1048584
734974 sendfile(5, 4, [1048584], 8388608) = 0
734974 sendfile(5, 4, [0] => [1048584], 8388608) = 1048584
734974 sendfile(5, 4, [1048584], 8388608) = 0
734974 sendfile(5, 4, [0] => [393584], 8388608) = 393584
734974 sendfile(5, 4, [393584], 8388608) = 0
734974 sendfile(5, 4, [0] => [789484], 8388608) = 789484
734974 sendfile(5, 4, [789484], 8388608) = 0
734974 sendfile(5, 4, [0] => [794484], 8388608) = 794484
734974 sendfile(5, 4, [794484], 8388608) = 0
734974 sendfile(5, 4, [0] => [684], 8388608) = 684
734974 sendfile(5, 4, [684], 8388608)   = 0
734974 sendfile(5, 4, [0] => [352884], 8388608) = 352884
734974 sendfile(5, 4, [352884], 8388608) = 0
734974 sendfile(5, 4, [0] => [806084], 8388608) = 806084
734974 sendfile(5, 4, [806084], 8388608) = 0
734974 sendfile(5, 4, [0] => [184984], 8388608) = 184984
734974 sendfile(5, 4, [184984], 8388608) = 0
734974 sendfile(5, 4, [0] => [708384], 8388608) = 708384
734974 sendfile(5, 4, [708384], 8388608) = 0
734974 sendfile(5, 4, [0] => [567984], 8388608) = 567984
734974 sendfile(5, 4, [567984], 8388608) = 0
734974 sendfile(5, 4, [0] => [612584], 8388608) = 612584
734974 sendfile(5, 4, [612584], 8388608) = 0
734974 sendfile(5, 4, [0] => [612584], 8388608) = 612584
734974 sendfile(5, 4, [612584], 8388608) = 0
734974 sendfile(5, 4, [0] => [180084], 8388608) = 180084
734974 sendfile(5, 4, [180084], 8388608) = 0
734974 sendfile(5, 4, [0] => [206384], 8388608) = 206384
734974 sendfile(5, 4, [206384], 8388608) = 0
734974 sendfile(5, 4, [0] => [620284], 8388608) = 620284
734974 sendfile(5, 4, [620284], 8388608) = 0
734974 sendfile(5, 4, [0] => [290784], 8388608) = 290784
734974 sendfile(5, 4, [290784], 8388608) = 0
734974 sendfile(5, 4, [0] => [706], 8388608) = 706
734974 sendfile(5, 4, [706], 8388608)   = 0
734974 sendfile(5, 4, [0] => [2006], 8388608) = 2006
734974 sendfile(5, 4, [2006], 8388608)  = 0
734974 sendfile(5, 4, [0] => [2141], 8388608) = 2141
734974 sendfile(5, 4, [2141], 8388608)  = 0
734974 sendfile(5, 4, [0] => [2092], 8388608) = 2092
734974 sendfile(5, 4, [2092], 8388608)  = 0
734974 sendfile(5, 4, [0] => [2235], 8388608) = 2235
734974 sendfile(5, 4, [2235], 8388608)  = 0
734974 sendfile(5, 4, [0] => [1814], 8388608) = 1814
734974 sendfile(5, 4, [1814], 8388608)  = 0
734974 sendfile(5, 4, [0] => [1974], 8388608) = 1974
734974 sendfile(5, 4, [1974], 8388608)  = 0
734974 sendfile(5, 4, [0] => [1780], 8388608) = 1780
734974 sendfile(5, 4, [1780], 8388608)  = 0
734974 sendfile(5, 4, [0] => [32898], 8388608) = 32898
734974 sendfile(5, 4, [32898], 8388608) = 0
734974 sendfile(5, 4, [0] => [34985], 8388608) = 34985
734974 sendfile(5, 4, [34985], 8388608) = 0
734974 sendfile(5, 4, [0] => [35688], 8388608) = 35688
734974 sendfile(5, 4, [35688], 8388608) = 0
734974 sendfile(5, 4, [0] => [37775], 8388608) = 37775
734974 sendfile(5, 4, [37775], 8388608) = 0
734974 sendfile(5, 4, [0] => [32017], 8388608) = 32017
734974 sendfile(5, 4, [32017], 8388608) = 0
734974 sendfile(5, 4, [0] => [34104], 8388608) = 34104
734974 sendfile(5, 4, [34104], 8388608) = 0
734974 sendfile(5, 4, [0] => [2350], 8388608) = 2350
734974 sendfile(5, 4, [2350], 8388608)  = 0
734974 sendfile(5, 4, [0] => [2570], 8388608) = 2570
734974 sendfile(5, 4, [2570], 8388608)  = 0
734974 sendfile(5, 4, [0] => [1238], 8388608) = 1238
734974 sendfile(5, 4, [1238], 8388608)  = 0
734974 sendfile(5, 4, [0] => [2439], 8388608) = 2439
734974 sendfile(5, 4, [2439], 8388608)  = 0
734974 sendfile(5, 4, [0] => [2341], 8388608) = 2341
734974 sendfile(5, 4, [2341], 8388608)  = 0
734974 sendfile(5, 4, [0] => [2562], 8388608) = 2562
734974 sendfile(5, 4, [2562], 8388608)  = 0
734974 sendfile(5, 4, [0] => [357], 8388608) = 357
734974 sendfile(5, 4, [357], 8388608)   = 0
734974 sendfile(5, 4, [0] => [88925], 8388608) = 88925
734974 sendfile(5, 4, [88925], 8388608) = 0
734974 sendfile(5, 4, [0] => [1887], 8388608) = 1887
734974 sendfile(5, 4, [1887], 8388608)  = 0
739105 +++ exited with 0 +++
739104 +++ exited with 0 +++
734974 --- SIGCHLD {si_signo=SIGCHLD, si_code=CLD_EXITED, si_pid=739104, si_uid=1000, si_status=0, si_utime=1, si_stime=0} ---
739169 +++ exited with 0 +++
739168 +++ exited with 0 +++
739167 +++ exited with 0 +++
739166 +++ exited with 0 +++
739159 +++ exited with 0 +++
739152 +++ exited with 0 +++
739151 +++ exited with 0 +++
739150 +++ exited with 0 +++
739118 +++ exited with 0 +++
739117 +++ exited with 0 +++
739116 +++ exited with 0 +++
739113 +++ exited with 0 +++
734974 --- SIGCHLD {si_signo=SIGCHLD, si_code=CLD_EXITED, si_pid=739113, si_uid=1000, si_status=0, si_utime=40, si_stime=12} ---
739179 +++ exited with 0 +++
739210 +++ exited with 0 +++
739208 +++ exited with 0 +++
739209 +++ exited with 0 +++
739211 +++ exited with 0 +++
739206 +++ exited with 0 +++
739207 +++ exited with 0 +++
739180 +++ exited with 0 +++
739205 +++ exited with 0 +++
739178 +++ exited with 0 +++
739177 +++ exited with 0 +++
734974 --- SIGCHLD {si_signo=SIGCHLD, si_code=CLD_EXITED, si_pid=739177, si_uid=1000, si_status=0, si_utime=89, si_stime=12} ---
734974 sendfile(5, 4, [0] => [803316], 8388608) = 803316
734974 sendfile(5, 4, [803316], 8388608) = 0
734974 sendfile(5, 4, [0] => [290446], 8388608) = 290446
734974 sendfile(5, 4, [290446], 8388608) = 0
734974 sendfile(5, 4, [0] => [626401], 8388608) = 626401
734974 sendfile(5, 4, [626401], 8388608) = 0
734974 sendfile(5, 4, [0] => [1058580], 8388608) = 1058580
734974 sendfile(5, 4, [1058580], 8388608) = 0
734974 sendfile(5, 4, [0] => [392127], 8388608) = 392127
734974 sendfile(5, 4, [392127], 8388608) = 0
734974 sendfile(5, 4, [0] => [807348], 8388608) = 807348
734974 sendfile(5, 4, [807348], 8388608) = 0
734974 sendfile(5, 4, [0] => [246554], 8388608) = 246554
734974 sendfile(5, 4, [246554], 8388608) = 0
734974 sendfile(5, 4, [0] => [1087071], 8388608) = 1087071
734974 sendfile(5, 4, [1087071], 8388608) = 0
734974 sendfile(5, 4, [0] => [955201], 8388608) = 955201
734974 sendfile(5, 4, [955201], 8388608) = 0
734974 sendfile(5, 4, [0] => [752680], 8388608) = 752680
734974 sendfile(5, 4, [752680], 8388608) = 0
734974 sendfile(5, 4, [0] => [47084], 8388608) = 47084
734974 sendfile(5, 4, [47084], 8388608) = 0
734974 sendfile(5, 4, [0] => [245983], 8388608) = 245983
734974 sendfile(5, 4, [245983], 8388608) = 0
734974 sendfile(5, 4, [0] => [619113], 8388608) = 619113
734974 sendfile(5, 4, [619113], 8388608) = 0
734974 sendfile(5, 4, [0] => [182268], 8388608) = 182268
734974 sendfile(5, 4, [182268], 8388608) = 0
734974 sendfile(5, 4, [0] => [418171], 8388608) = 418171
734974 sendfile(5, 4, [418171], 8388608) = 0
734974 sendfile(5, 4, [0] => [798339], 8388608) = 798339
734974 sendfile(5, 4, [798339], 8388608) = 0
734974 sendfile(5, 4, [0] => [1067253], 8388608) = 1067253
734974 sendfile(5, 4, [1067253], 8388608) = 0
734974 sendfile(5, 4, [0] => [117193], 8388608) = 117193
734974 sendfile(5, 4, [117193], 8388608) = 0
734974 sendfile(5, 4, [0] => [193], 8388608) = 193
734974 sendfile(5, 4, [193], 8388608)   = 0
734974 sendfile(5, 4, [0] => [709], 8388608) = 709
734974 sendfile(5, 4, [709], 8388608)   = 0
734974 sendfile(5, 4, [0] => [1591], 8388608) = 1591
734974 sendfile(5, 4, [1591], 8388608)  = 0
734974 sendfile(5, 4, [0] => [1085183], 8388608) = 1085183
734974 sendfile(5, 4, [1085183], 8388608) = 0
734974 sendfile(5, 4, [0] => [332474], 8388608) = 332474
734974 sendfile(5, 4, [332474], 8388608) = 0
734974 sendfile(5, 4, [0] => [1069230], 8388608) = 1069230
734974 sendfile(5, 4, [1069230], 8388608) = 0
734974 sendfile(5, 4, [0] => [618379], 8388608) = 618379
734974 sendfile(5, 4, [618379], 8388608) = 0
734974 sendfile(5, 4, [0] => [1079168], 8388608) = 1079168
734974 sendfile(5, 4, [1079168], 8388608) = 0
734974 sendfile(5, 4, [0] => [66572], 8388608) = 66572
734974 sendfile(5, 4, [66572], 8388608) = 0
734974 sendfile(5, 4, [0] => [1379], 8388608) = 1379
734974 sendfile(5, 4, [1379], 8388608)  = 0
734974 sendfile(5, 4, [0] => [178612], 8388608) = 178612
734974 sendfile(5, 4, [178612], 8388608) = 0
734974 sendfile(5, 4, [0] => [1054486], 8388608) = 1054486
734974 sendfile(5, 4, [1054486], 8388608) = 0
734974 sendfile(5, 4, [0] => [648662], 8388608) = 648662
734974 sendfile(5, 4, [648662], 8388608) = 0
734974 sendfile(5, 4, [0] => [91041], 8388608) = 91041
734974 sendfile(5, 4, [91041], 8388608) = 0
734974 sendfile(5, 4, [0] => [493756], 8388608) = 493756
734974 sendfile(5, 4, [493756], 8388608) = 0
734974 sendfile(5, 4, [0] => [203278], 8388608) = 203278
734974 sendfile(5, 4, [203278], 8388608) = 0
734974 sendfile(5, 4, [0] => [489553], 8388608) = 489553
734974 sendfile(5, 4, [489553], 8388608) = 0
734974 sendfile(5, 4, [0] => [70361], 8388608) = 70361
734974 sendfile(5, 4, [70361], 8388608) = 0
734974 sendfile(5, 4, [0] => [558786], 8388608) = 558786
734974 sendfile(5, 4, [558786], 8388608) = 0
734974 sendfile(5, 4, [0] => [1063798], 8388608) = 1063798
734974 sendfile(5, 4, [1063798], 8388608) = 0
734974 sendfile(5, 4, [0] => [574906], 8388608) = 574906
734974 sendfile(5, 4, [574906], 8388608) = 0
734974 sendfile(5, 4, [0] => [357517], 8388608) = 357517
734974 sendfile(5, 4, [357517], 8388608) = 0
734974 sendfile(5, 4, [0] => [1008276], 8388608) = 1008276
734974 sendfile(5, 4, [1008276], 8388608) = 0
734974 sendfile(5, 4, [0] => [417034], 8388608) = 417034
734974 sendfile(5, 4, [417034], 8388608) = 0
734974 sendfile(5, 4, [0] => [1008870], 8388608) = 1008870
734974 sendfile(5, 4, [1008870], 8388608) = 0
734974 sendfile(5, 4, [0] => [176950], 8388608) = 176950
734974 sendfile(5, 4, [176950], 8388608) = 0
734974 sendfile(5, 4, [0] => [2188], 8388608) = 2188
734974 sendfile(5, 4, [2188], 8388608)  = 0
734974 sendfile(5, 4, [0] => [5750], 8388608) = 5750
734974 sendfile(5, 4, [5750], 8388608)  = 0
734974 sendfile(5, 4, [0] => [2023], 8388608) = 2023
734974 sendfile(5, 4, [2023], 8388608)  = 0
734974 sendfile(5, 4, [0] => [422], 8388608) = 422
734974 sendfile(5, 4, [422], 8388608)   = 0
734974 sendfile(5, 4, [0] => [10039], 8388608) = 10039
734974 sendfile(5, 4, [10039], 8388608) = 0
734974 sendfile(5, 4, [0] => [422], 8388608) = 422
734974 sendfile(5, 4, [422], 8388608)   = 0
734974 sendfile(5, 4, [0] => [3051], 8388608) = 3051
734974 sendfile(5, 4, [3051], 8388608)  = 0
734974 sendfile(5, 4, [0] => [422], 8388608) = 422
734974 sendfile(5, 4, [422], 8388608)   = 0
734974 sendfile(5, 4, [0] => [422], 8388608) = 422
734974 sendfile(5, 4, [422], 8388608)   = 0
734974 sendfile(5, 4, [0] => [422], 8388608) = 422
734974 sendfile(5, 4, [422], 8388608)   = 0
734974 sendfile(5, 4, [0] => [422], 8388608) = 422
734974 sendfile(5, 4, [422], 8388608)   = 0
734974 sendfile(5, 4, [0] => [422], 8388608) = 422
734974 sendfile(5, 4, [422], 8388608)   = 0
734974 sendfile(5, 4, [0] => [422], 8388608) = 422
734974 sendfile(5, 4, [422], 8388608)   = 0
734974 sendfile(5, 4, [0] => [3922], 8388608) = 3922
734974 sendfile(5, 4, [3922], 8388608)  = 0
734974 sendfile(5, 4, [0] => [2366], 8388608) = 2366
734974 sendfile(5, 4, [2366], 8388608)  = 0
734974 sendfile(5, 4, [0] => [422], 8388608) = 422
734974 sendfile(5, 4, [422], 8388608)   = 0
734974 sendfile(5, 4, [0] => [2234], 8388608) = 2234
734974 sendfile(5, 4, [2234], 8388608)  = 0
734974 sendfile(5, 4, [0] => [2737], 8388608) = 2737
734974 sendfile(5, 4, [2737], 8388608)  = 0
734974 sendfile(5, 4, [0] => [422], 8388608) = 422
734974 sendfile(5, 4, [422], 8388608)   = 0
734974 sendfile(5, 4, [0] => [422], 8388608) = 422
734974 sendfile(5, 4, [422], 8388608)   = 0
734974 sendfile(5, 4, [0] => [422], 8388608) = 422
734974 sendfile(5, 4, [422], 8388608)   = 0
734974 sendfile(5, 4, [0] => [2734], 8388608) = 2734
734974 sendfile(5, 4, [2734], 8388608)  = 0
734974 sendfile(5, 4, [0] => [422], 8388608) = 422
734974 sendfile(5, 4, [422], 8388608)   = 0
734974 sendfile(5, 4, [0] => [422], 8388608) = 422
734974 sendfile(5, 4, [422], 8388608)   = 0
734974 sendfile(5, 4, [0] => [422], 8388608) = 422
734974 sendfile(5, 4, [422], 8388608)   = 0
734974 sendfile(5, 4, [0] => [422], 8388608) = 422
734974 sendfile(5, 4, [422], 8388608)   = 0
734974 sendfile(5, 4, [0] => [852], 8388608) = 852
734974 sendfile(5, 4, [852], 8388608)   = 0
734974 sendfile(5, 4, [0] => [422], 8388608) = 422
734974 sendfile(5, 4, [422], 8388608)   = 0
734974 sendfile(5, 4, [0] => [3415], 8388608) = 3415
734974 sendfile(5, 4, [3415], 8388608)  = 0
734974 sendfile(5, 4, [0] => [422], 8388608) = 422
734974 sendfile(5, 4, [422], 8388608)   = 0
734974 sendfile(5, 4, [0] => [422], 8388608) = 422
734974 sendfile(5, 4, [422], 8388608)   = 0
734974 sendfile(5, 4, [0] => [422], 8388608) = 422
734974 sendfile(5, 4, [422], 8388608)   = 0
734974 sendfile(5, 4, [0] => [422], 8388608) = 422
734974 sendfile(5, 4, [422], 8388608)   = 0
734974 sendfile(5, 4, [0] => [3940], 8388608) = 3940
734974 sendfile(5, 4, [3940], 8388608)  = 0
734974 sendfile(5, 4, [0] => [422], 8388608) = 422
734974 sendfile(5, 4, [422], 8388608)   = 0
734974 sendfile(5, 4, [0] => [422], 8388608) = 422
734974 sendfile(5, 4, [422], 8388608)   = 0
734974 sendfile(5, 4, [0] => [422], 8388608) = 422
734974 sendfile(5, 4, [422], 8388608)   = 0
734974 sendfile(5, 4, [0] => [422], 8388608) = 422
734974 sendfile(5, 4, [422], 8388608)   = 0
734974 sendfile(5, 4, [0] => [422], 8388608) = 422
734974 sendfile(5, 4, [422], 8388608)   = 0
734974 sendfile(5, 4, [0] => [422], 8388608) = 422
734974 sendfile(5, 4, [422], 8388608)   = 0
734974 sendfile(5, 4, [0] => [422], 8388608) = 422
734974 sendfile(5, 4, [422], 8388608)   = 0
734974 sendfile(5, 4, [0] => [3938], 8388608) = 3938
734974 sendfile(5, 4, [3938], 8388608)  = 0
734974 sendfile(5, 4, [0] => [422], 8388608) = 422
734974 sendfile(5, 4, [422], 8388608)   = 0
734974 sendfile(5, 4, [0] => [4660], 8388608) = 4660
734974 sendfile(5, 4, [4660], 8388608)  = 0
734974 sendfile(5, 4, [0] => [422], 8388608) = 422
734974 sendfile(5, 4, [422], 8388608)   = 0
734974 sendfile(5, 4, [0] => [3426], 8388608) = 3426
734974 sendfile(5, 4, [3426], 8388608)  = 0
734974 sendfile(5, 4, [0] => [1793], 8388608) = 1793
734974 sendfile(5, 4, [1793], 8388608)  = 0
734974 sendfile(5, 4, [0] => [3975], 8388608) = 3975
734974 sendfile(5, 4, [3975], 8388608)  = 0
734974 sendfile(5, 4, [0] => [422], 8388608) = 422
734974 sendfile(5, 4, [422], 8388608)   = 0
734974 sendfile(5, 4, [0] => [422], 8388608) = 422
734974 sendfile(5, 4, [422], 8388608)   = 0
734974 sendfile(5, 4, [0] => [422], 8388608) = 422
734974 sendfile(5, 4, [422], 8388608)   = 0
734974 sendfile(5, 4, [0] => [422], 8388608) = 422
734974 sendfile(5, 4, [422], 8388608)   = 0
734974 sendfile(5, 4, [0] => [7086], 8388608) = 7086
734974 sendfile(5, 4, [7086], 8388608)  = 0
734974 sendfile(5, 4, [0] => [1763], 8388608) = 1763
734974 sendfile(5, 4, [1763], 8388608)  = 0
734974 sendfile(5, 4, [0] => [422], 8388608) = 422
734974 sendfile(5, 4, [422], 8388608)   = 0
734974 sendfile(5, 4, [0] => [422], 8388608) = 422
734974 sendfile(5, 4, [422], 8388608)   = 0
734974 sendfile(5, 4, [0] => [422], 8388608) = 422
734974 sendfile(5, 4, [422], 8388608)   = 0
734974 sendfile(5, 4, [0] => [422], 8388608) = 422
734974 sendfile(5, 4, [422], 8388608)   = 0
734974 sendfile(5, 4, [0] => [422], 8388608) = 422
734974 sendfile(5, 4, [422], 8388608)   = 0
734974 sendfile(5, 4, [0] => [2373], 8388608) = 2373
734974 sendfile(5, 4, [2373], 8388608)  = 0
734974 sendfile(5, 4, [0] => [3423], 8388608) = 3423
734974 sendfile(5, 4, [3423], 8388608)  = 0
734974 sendfile(5, 4, [0] => [65521], 8388608) = 65521
734974 sendfile(5, 4, [65521], 8388608) = 0
734974 sendfile(5, 4, [0] => [386], 8388608) = 386
734974 sendfile(5, 4, [386], 8388608)   = 0
734974 sendfile(5, 4, [0], 8388608)     = 0
734974 sendfile(5, 4, [0] => [489553], 8388608) = 489553
734974 sendfile(5, 4, [489553], 8388608) = 0
734974 sendfile(5, 4, [0] => [193], 8388608) = 193
734974 sendfile(5, 4, [193], 8388608)   = 0
734974 sendfile(5, 4, [0] => [418171], 8388608) = 418171
734974 sendfile(5, 4, [418171], 8388608) = 0
734974 sendfile(5, 4, [0] => [417034], 8388608) = 417034
734974 sendfile(5, 4, [417034], 8388608) = 0
734974 sendfile(5, 4, [0] => [1379], 8388608) = 1379
734974 sendfile(5, 4, [1379], 8388608)  = 0
734974 sendfile(5, 4, [0] => [1591], 8388608) = 1591
734974 sendfile(5, 4, [1591], 8388608)  = 0
734974 sendfile(5, 4, [0] => [186], 8388608) = 186
734974 sendfile(5, 4, [186], 8388608)   = 0
734974 sendfile(5, 4, [0] => [98957], 8388608) = 98957
734974 sendfile(5, 4, [98957], 8388608) = 0
734974 sendfile(5, 4, [0] => [1725], 8388608) = 1725
734974 sendfile(5, 4, [1725], 8388608)  = 0
734974 sendfile(5, 4, [0] => [33760], 8388608) = 33760
734974 sendfile(5, 4, [33760], 8388608) = 0
734974 sendfile(5, 4, [0] => [489553], 8388608) = 489553
734974 sendfile(5, 4, [489553], 8388608) = 0
734974 sendfile(5, 4, [0] => [203278], 8388608) = 203278
734974 sendfile(5, 4, [203278], 8388608) = 0
734974 sendfile(5, 4, [0] => [182268], 8388608) = 182268
734974 sendfile(5, 4, [182268], 8388608) = 0
734974 sendfile(5, 4, [0] => [178612], 8388608) = 178612
734974 sendfile(5, 4, [178612], 8388608) = 0
734974 sendfile(5, 4, [0] => [1087071], 8388608) = 1087071
734974 sendfile(5, 4, [1087071], 8388608) = 0
734974 sendfile(5, 4, [0] => [955201], 8388608) = 955201
734974 sendfile(5, 4, [955201], 8388608) = 0
734974 sendfile(5, 4, [0] => [290446], 8388608) = 290446
734974 sendfile(5, 4, [290446], 8388608) = 0
734974 sendfile(5, 4, [0] => [1067253], 8388608) = 1067253
734974 sendfile(5, 4, [1067253], 8388608) = 0
734974 sendfile(5, 4, [0] => [245983], 8388608) = 245983
734974 sendfile(5, 4, [245983], 8388608) = 0
734974 sendfile(5, 4, [0] => [70361], 8388608) = 70361
734974 sendfile(5, 4, [70361], 8388608) = 0
734974 sendfile(5, 4, [0] => [91041], 8388608) = 91041
734974 sendfile(5, 4, [91041], 8388608) = 0
734974 sendfile(5, 4, [0] => [798339], 8388608) = 798339
734974 sendfile(5, 4, [798339], 8388608) = 0
734974 sendfile(5, 4, [0] => [558786], 8388608) = 558786
734974 sendfile(5, 4, [558786], 8388608) = 0
734974 sendfile(5, 4, [0] => [803316], 8388608) = 803316
734974 sendfile(5, 4, [803316], 8388608) = 0
734974 sendfile(5, 4, [0] => [752680], 8388608) = 752680
734974 sendfile(5, 4, [752680], 8388608) = 0
734974 sendfile(5, 4, [0] => [709], 8388608) = 709
734974 sendfile(5, 4, [709], 8388608)   = 0
734974 sendfile(5, 4, [0] => [357517], 8388608) = 357517
734974 sendfile(5, 4, [357517], 8388608) = 0
734974 sendfile(5, 4, [0] => [1079168], 8388608) = 1079168
734974 sendfile(5, 4, [1079168], 8388608) = 0
734974 sendfile(5, 4, [0] => [1054486], 8388608) = 1054486
734974 sendfile(5, 4, [1054486], 8388608) = 0
734974 sendfile(5, 4, [0] => [392127], 8388608) = 392127
734974 sendfile(5, 4, [392127], 8388608) = 0
734974 sendfile(5, 4, [0] => [1069230], 8388608) = 1069230
734974 sendfile(5, 4, [1069230], 8388608) = 0
734974 sendfile(5, 4, [0] => [117193], 8388608) = 117193
734974 sendfile(5, 4, [117193], 8388608) = 0
734974 sendfile(5, 4, [0] => [176950], 8388608) = 176950
734974 sendfile(5, 4, [176950], 8388608) = 0
734974 sendfile(5, 4, [0] => [619113], 8388608) = 619113
734974 sendfile(5, 4, [619113], 8388608) = 0
734974 sendfile(5, 4, [0] => [648662], 8388608) = 648662
734974 sendfile(5, 4, [648662], 8388608) = 0
734974 sendfile(5, 4, [0] => [574906], 8388608) = 574906
734974 sendfile(5, 4, [574906], 8388608) = 0
734974 sendfile(5, 4, [0] => [47084], 8388608) = 47084
734974 sendfile(5, 4, [47084], 8388608) = 0
734974 sendfile(5, 4, [0] => [493756], 8388608) = 493756
734974 sendfile(5, 4, [493756], 8388608) = 0
734974 sendfile(5, 4, [0] => [332474], 8388608) = 332474
734974 sendfile(5, 4, [332474], 8388608) = 0
734974 sendfile(5, 4, [0] => [1058580], 8388608) = 1058580
734974 sendfile(5, 4, [1058580], 8388608) = 0
734974 sendfile(5, 4, [0] => [1085183], 8388608) = 1085183
734974 sendfile(5, 4, [1085183], 8388608) = 0
734974 sendfile(5, 4, [0] => [66572], 8388608) = 66572
734974 sendfile(5, 4, [66572], 8388608) = 0
734974 sendfile(5, 4, [0] => [246554], 8388608) = 246554
734974 sendfile(5, 4, [246554], 8388608) = 0
734974 sendfile(5, 4, [0] => [1063798], 8388608) = 1063798
734974 sendfile(5, 4, [1063798], 8388608) = 0
734974 sendfile(5, 4, [0] => [1008276], 8388608) = 1008276
734974 sendfile(5, 4, [1008276], 8388608) = 0
734974 sendfile(5, 4, [0] => [1008870], 8388608) = 1008870
734974 sendfile(5, 4, [1008870], 8388608) = 0
734974 sendfile(5, 4, [0] => [807348], 8388608) = 807348
734974 sendfile(5, 4, [807348], 8388608) = 0
734974 sendfile(5, 4, [0] => [626401], 8388608) = 626401
734974 sendfile(5, 4, [626401], 8388608) = 0
734974 sendfile(5, 4, [0] => [618379], 8388608) = 618379
734974 sendfile(5, 4, [618379], 8388608) = 0
734974 sendfile(5, 4, [0] => [457], 8388608) = 457
734974 sendfile(5, 4, [457], 8388608)   = 0
734974 sendfile(5, 4, [0] => [4786], 8388608) = 4786
734974 sendfile(5, 4, [4786], 8388608)  = 0
734974 sendfile(5, 4, [0] => [1425], 8388608) = 1425
734974 sendfile(5, 4, [1425], 8388608)  = 0
734974 sendfile(5, 4, [0] => [99924], 8388608) = 99924
734974 sendfile(5, 4, [99924], 8388608) = 0
734974 sendfile(5, 4, [0] => [9961], 8388608) = 9961
734974 sendfile(5, 4, [9961], 8388608)  = 0
734974 sendfile(5, 4, [0] => [689], 8388608) = 689
734974 sendfile(5, 4, [689], 8388608)   = 0
734974 sendfile(5, 4, [0] => [3093], 8388608) = 3093
734974 sendfile(5, 4, [3093], 8388608)  = 0
734974 sendfile(5, 4, [0] => [960], 8388608) = 960
734974 sendfile(5, 4, [960], 8388608)   = 0
734974 sendfile(5, 4, [0] => [50], 8388608) = 50
734974 sendfile(5, 4, [50], 8388608)    = 0
734974 sendfile(5, 4, [0] => [5933], 8388608) = 5933
734974 sendfile(5, 4, [5933], 8388608)  = 0
734974 sendfile(5, 4, [0] => [2759], 8388608) = 2759
734974 sendfile(5, 4, [2759], 8388608)  = 0
734974 sendfile(5, 4, [0] => [142], 8388608) = 142
734974 sendfile(5, 4, [142], 8388608)   = 0
734974 sendfile(5, 4, [0] => [122], 8388608) = 122
734974 sendfile(5, 4, [122], 8388608)   = 0
734974 sendfile(5, 4, [0] => [25], 8388608) = 25
734974 sendfile(5, 4, [25], 8388608)    = 0
734974 sendfile(5, 4, [0] => [1591], 8388608) = 1591
734974 sendfile(5, 4, [1591], 8388608)  = 0
734974 sendfile(5, 4, [0] => [107958], 8388608) = 107958
734974 sendfile(5, 4, [107958], 8388608) = 0
734974 sendfile(5, 4, [0] => [533], 8388608) = 533
734974 sendfile(5, 4, [533], 8388608)   = 0
734974 sendfile(5, 4, [0] => [45113], 8388608) = 45113
734974 sendfile(5, 4, [45113], 8388608) = 0
734974 sendfile(5, 4, [0] => [49475], 8388608) = 49475
734974 sendfile(5, 4, [49475], 8388608) = 0
734974 sendfile(5, 4, [0] => [445], 8388608) = 445
734974 sendfile(5, 4, [445], 8388608)   = 0
734974 sendfile(5, 4, [0] => [11351], 8388608) = 11351
734974 sendfile(5, 4, [11351], 8388608) = 0
734974 sendfile(5, 4, [0] => [9290], 8388608) = 9290
734974 sendfile(5, 4, [9290], 8388608)  = 0
734974 sendfile(5, 4, [0] => [17540], 8388608) = 17540
734974 sendfile(5, 4, [17540], 8388608) = 0
734974 sendfile(5, 4, [0] => [611], 8388608) = 611
734974 sendfile(5, 4, [611], 8388608)   = 0
734974 sendfile(5, 4, [0] => [235984], 8388608) = 235984
734974 sendfile(5, 4, [235984], 8388608) = 0
734974 sendfile(5, 4, [0] => [248984], 8388608) = 248984
734974 sendfile(5, 4, [248984], 8388608) = 0
734974 sendfile(5, 4, [0] => [235784], 8388608) = 235784
734974 sendfile(5, 4, [235784], 8388608) = 0
734974 sendfile(5, 4, [0] => [248884], 8388608) = 248884
734974 sendfile(5, 4, [248884], 8388608) = 0
734974 sendfile(5, 4, [0] => [69484], 8388608) = 69484
734974 sendfile(5, 4, [69484], 8388608) = 0
734974 sendfile(5, 4, [0] => [121084], 8388608) = 121084
734974 sendfile(5, 4, [121084], 8388608) = 0
734974 sendfile(5, 4, [0] => [1048584], 8388608) = 1048584
734974 sendfile(5, 4, [1048584], 8388608) = 0
734974 sendfile(5, 4, [0] => [942884], 8388608) = 942884
734974 sendfile(5, 4, [942884], 8388608) = 0
734974 sendfile(5, 4, [0] => [570684], 8388608) = 570684
734974 sendfile(5, 4, [570684], 8388608) = 0
734974 sendfile(5, 4, [0] => [996184], 8388608) = 996184
734974 sendfile(5, 4, [996184], 8388608) = 0
734974 sendfile(5, 4, [0] => [995784], 8388608) = 995784
734974 sendfile(5, 4, [995784], 8388608) = 0
734974 sendfile(5, 4, [0] => [1048584], 8388608) = 1048584
734974 sendfile(5, 4, [1048584], 8388608) = 0
734974 sendfile(5, 4, [0] => [495984], 8388608) = 495984
734974 sendfile(5, 4, [495984], 8388608) = 0
734974 sendfile(5, 4, [0] => [336384], 8388608) = 336384
734974 sendfile(5, 4, [336384], 8388608) = 0
734974 sendfile(5, 4, [0] => [1048584], 8388608) = 1048584
734974 sendfile(5, 4, [1048584], 8388608) = 0
734974 sendfile(5, 4, [0] => [612584], 8388608) = 612584
734974 sendfile(5, 4, [612584], 8388608) = 0
734974 sendfile(5, 4, [0] => [738884], 8388608) = 738884
734974 sendfile(5, 4, [738884], 8388608) = 0
734974 sendfile(5, 4, [0] => [93684], 8388608) = 93684
734974 sendfile(5, 4, [93684], 8388608) = 0
734974 sendfile(5, 4, [0] => [549684], 8388608) = 549684
734974 sendfile(5, 4, [549684], 8388608) = 0
734974 sendfile(5, 4, [0] => [180884], 8388608) = 180884
734974 sendfile(5, 4, [180884], 8388608) = 0
734974 sendfile(5, 4, [0] => [73484], 8388608) = 73484
734974 sendfile(5, 4, [73484], 8388608) = 0
734974 sendfile(5, 4, [0] => [356084], 8388608) = 356084
734974 sendfile(5, 4, [356084], 8388608) = 0
734974 sendfile(5, 4, [0] => [49284], 8388608) = 49284
734974 sendfile(5, 4, [49284], 8388608) = 0
734974 sendfile(5, 4, [0] => [1048584], 8388608) = 1048584
734974 sendfile(5, 4, [1048584], 8388608) = 0
734974 sendfile(5, 4, [0] => [1048584], 8388608) = 1048584
734974 sendfile(5, 4, [1048584], 8388608) = 0
734974 sendfile(5, 4, [0] => [641684], 8388608) = 641684
734974 sendfile(5, 4, [641684], 8388608) = 0
734974 sendfile(5, 4, [0] => [1048584], 8388608) = 1048584
734974 sendfile(5, 4, [1048584], 8388608) = 0
734974 sendfile(5, 4, [0] => [612584], 8388608) = 612584
734974 sendfile(5, 4, [612584], 8388608) = 0
734974 sendfile(5, 4, [0] => [115284], 8388608) = 115284
734974 sendfile(5, 4, [115284], 8388608) = 0
734974 sendfile(5, 4, [0] => [1048484], 8388608) = 1048484
734974 sendfile(5, 4, [1048484], 8388608) = 0
734974 sendfile(5, 4, [0] => [1048584], 8388608) = 1048584
734974 sendfile(5, 4, [1048584], 8388608) = 0
734974 sendfile(5, 4, [0] => [1048584], 8388608) = 1048584
734974 sendfile(5, 4, [1048584], 8388608) = 0
734974 sendfile(5, 4, [0] => [393584], 8388608) = 393584
734974 sendfile(5, 4, [393584], 8388608) = 0
734974 sendfile(5, 4, [0] => [789484], 8388608) = 789484
734974 sendfile(5, 4, [789484], 8388608) = 0
734974 sendfile(5, 4, [0] => [794484], 8388608) = 794484
734974 sendfile(5, 4, [794484], 8388608) = 0
734974 sendfile(5, 4, [0] => [684], 8388608) = 684
734974 sendfile(5, 4, [684], 8388608)   = 0
734974 sendfile(5, 4, [0] => [352884], 8388608) = 352884
734974 sendfile(5, 4, [352884], 8388608) = 0
734974 sendfile(5, 4, [0] => [806084], 8388608) = 806084
734974 sendfile(5, 4, [806084], 8388608) = 0
734974 sendfile(5, 4, [0] => [184984], 8388608) = 184984
734974 sendfile(5, 4, [184984], 8388608) = 0
734974 sendfile(5, 4, [0] => [708384], 8388608) = 708384
734974 sendfile(5, 4, [708384], 8388608) = 0
734974 sendfile(5, 4, [0] => [567984], 8388608) = 567984
734974 sendfile(5, 4, [567984], 8388608) = 0
734974 sendfile(5, 4, [0] => [612584], 8388608) = 612584
734974 sendfile(5, 4, [612584], 8388608) = 0
734974 sendfile(5, 4, [0] => [612584], 8388608) = 612584
734974 sendfile(5, 4, [612584], 8388608) = 0
734974 sendfile(5, 4, [0] => [180084], 8388608) = 180084
734974 sendfile(5, 4, [180084], 8388608) = 0
734974 sendfile(5, 4, [0] => [206384], 8388608) = 206384
734974 sendfile(5, 4, [206384], 8388608) = 0
734974 sendfile(5, 4, [0] => [620284], 8388608) = 620284
734974 sendfile(5, 4, [620284], 8388608) = 0
734974 sendfile(5, 4, [0] => [290784], 8388608) = 290784
734974 sendfile(5, 4, [290784], 8388608) = 0
734974 sendfile(5, 4, [0] => [706], 8388608) = 706
734974 sendfile(5, 4, [706], 8388608)   = 0
734974 sendfile(5, 4, [0] => [2006], 8388608) = 2006
734974 sendfile(5, 4, [2006], 8388608)  = 0
734974 sendfile(5, 4, [0] => [2141], 8388608) = 2141
734974 sendfile(5, 4, [2141], 8388608)  = 0
734974 sendfile(5, 4, [0] => [2092], 8388608) = 2092
734974 sendfile(5, 4, [2092], 8388608)  = 0
734974 sendfile(5, 4, [0] => [2235], 8388608) = 2235
734974 sendfile(5, 4, [2235], 8388608)  = 0
734974 sendfile(5, 4, [0] => [1814], 8388608) = 1814
734974 sendfile(5, 4, [1814], 8388608)  = 0
734974 sendfile(5, 4, [0] => [1974], 8388608) = 1974
734974 sendfile(5, 4, [1974], 8388608)  = 0
734974 sendfile(5, 4, [0] => [1780], 8388608) = 1780
734974 sendfile(5, 4, [1780], 8388608)  = 0
734974 sendfile(5, 4, [0] => [32898], 8388608) = 32898
734974 sendfile(5, 4, [32898], 8388608) = 0
734974 sendfile(5, 4, [0] => [34985], 8388608) = 34985
734974 sendfile(5, 4, [34985], 8388608) = 0
734974 sendfile(5, 4, [0] => [35688], 8388608) = 35688
734974 sendfile(5, 4, [35688], 8388608) = 0
734974 sendfile(5, 4, [0] => [37775], 8388608) = 37775
734974 sendfile(5, 4, [37775], 8388608) = 0
734974 sendfile(5, 4, [0] => [32017], 8388608) = 32017
734974 sendfile(5, 4, [32017], 8388608) = 0
734974 sendfile(5, 4, [0] => [34104], 8388608) = 34104
734974 sendfile(5, 4, [34104], 8388608) = 0
734974 sendfile(5, 4, [0] => [2350], 8388608) = 2350
734974 sendfile(5, 4, [2350], 8388608)  = 0
734974 sendfile(5, 4, [0] => [2570], 8388608) = 2570
734974 sendfile(5, 4, [2570], 8388608)  = 0
734974 sendfile(5, 4, [0] => [1238], 8388608) = 1238
734974 sendfile(5, 4, [1238], 8388608)  = 0
734974 sendfile(5, 4, [0] => [2439], 8388608) = 2439
734974 sendfile(5, 4, [2439], 8388608)  = 0
734974 sendfile(5, 4, [0] => [2341], 8388608) = 2341
734974 sendfile(5, 4, [2341], 8388608)  = 0
734974 sendfile(5, 4, [0] => [2562], 8388608) = 2562
734974 sendfile(5, 4, [2562], 8388608)  = 0
734974 sendfile(5, 4, [0] => [357], 8388608) = 357
734974 sendfile(5, 4, [357], 8388608)   = 0
734974 sendfile(5, 4, [0] => [88925], 8388608) = 88925
734974 sendfile(5, 4, [88925], 8388608) = 0
734974 sendfile(5, 4, [0] => [1887], 8388608) = 1887
734974 sendfile(5, 4, [1887], 8388608)  = 0
739417 +++ exited with 0 +++
739411 +++ exited with 0 +++
734974 --- SIGCHLD {si_signo=SIGCHLD, si_code=CLD_EXITED, si_pid=739411, si_uid=1000, si_status=0, si_utime=1, si_stime=0} ---
739495 +++ exited with 0 +++
739476 +++ exited with 0 +++
739467 +++ exited with 0 +++
739466 +++ exited with 0 +++
739465 +++ exited with 0 +++
739426 +++ exited with 0 +++
739425 +++ exited with 0 +++
739422 +++ exited with 0 +++
739421 +++ exited with 0 +++
734974 --- SIGCHLD {si_signo=SIGCHLD, si_code=CLD_EXITED, si_pid=739421, si_uid=1000, si_status=0, si_utime=29, si_stime=11} ---
739514 +++ exited with 0 +++
739553 +++ exited with 0 +++
739551 +++ exited with 0 +++
739554 +++ exited with 0 +++
739552 +++ exited with 0 +++
739515 +++ exited with 0 +++
739550 +++ exited with 0 +++
739507 +++ exited with 0 +++
739506 +++ exited with 0 +++
734974 --- SIGCHLD {si_signo=SIGCHLD, si_code=CLD_EXITED, si_pid=739506, si_uid=1000, si_status=0, si_utime=88, si_stime=13} ---
734974 sendfile(5, 4, [0] => [489553], 8388608) = 489553
734974 sendfile(5, 4, [489553], 8388608) = 0
734974 sendfile(5, 4, [0] => [203278], 8388608) = 203278
734974 sendfile(5, 4, [203278], 8388608) = 0
734974 sendfile(5, 4, [0] => [182268], 8388608) = 182268
734974 sendfile(5, 4, [182268], 8388608) = 0
734974 sendfile(5, 4, [0] => [178612], 8388608) = 178612
734974 sendfile(5, 4, [178612], 8388608) = 0
734974 sendfile(5, 4, [0] => [1087071], 8388608) = 1087071
734974 sendfile(5, 4, [1087071], 8388608) = 0
734974 sendfile(5, 4, [0] => [955201], 8388608) = 955201
734974 sendfile(5, 4, [955201], 8388608) = 0
734974 sendfile(5, 4, [0] => [290446], 8388608) = 290446
734974 sendfile(5, 4, [290446], 8388608) = 0
734974 sendfile(5, 4, [0] => [1067253], 8388608) = 1067253
734974 sendfile(5, 4, [1067253], 8388608) = 0
734974 sendfile(5, 4, [0] => [245983], 8388608) = 245983
734974 sendfile(5, 4, [245983], 8388608) = 0
734974 sendfile(5, 4, [0] => [70361], 8388608) = 70361
734974 sendfile(5, 4, [70361], 8388608) = 0
734974 sendfile(5, 4, [0] => [91041], 8388608) = 91041
734974 sendfile(5, 4, [91041], 8388608) = 0
734974 sendfile(5, 4, [0] => [798339], 8388608) = 798339
734974 sendfile(5, 4, [798339], 8388608) = 0
734974 sendfile(5, 4, [0] => [558786], 8388608) = 558786
734974 sendfile(5, 4, [558786], 8388608) = 0
734974 sendfile(5, 4, [0] => [803316], 8388608) = 803316
734974 sendfile(5, 4, [803316], 8388608) = 0
734974 sendfile(5, 4, [0] => [752680], 8388608) = 752680
734974 sendfile(5, 4, [752680], 8388608) = 0
734974 sendfile(5, 4, [0] => [709], 8388608) = 709
734974 sendfile(5, 4, [709], 8388608)   = 0
734974 sendfile(5, 4, [0] => [357517], 8388608) = 357517
734974 sendfile(5, 4, [357517], 8388608) = 0
734974 sendfile(5, 4, [0] => [1079168], 8388608) = 1079168
734974 sendfile(5, 4, [1079168], 8388608) = 0
734974 sendfile(5, 4, [0] => [1054486], 8388608) = 1054486
734974 sendfile(5, 4, [1054486], 8388608) = 0
734974 sendfile(5, 4, [0] => [392127], 8388608) = 392127
734974 sendfile(5, 4, [392127], 8388608) = 0
734974 sendfile(5, 4, [0] => [1069230], 8388608) = 1069230
734974 sendfile(5, 4, [1069230], 8388608) = 0
734974 sendfile(5, 4, [0] => [117193], 8388608) = 117193
734974 sendfile(5, 4, [117193], 8388608) = 0
734974 sendfile(5, 4, [0] => [176950], 8388608) = 176950
734974 sendfile(5, 4, [176950], 8388608) = 0
734974 sendfile(5, 4, [0] => [619113], 8388608) = 619113
734974 sendfile(5, 4, [619113], 8388608) = 0
734974 sendfile(5, 4, [0] => [648662], 8388608) = 648662
734974 sendfile(5, 4, [648662], 8388608) = 0
734974 sendfile(5, 4, [0] => [574906], 8388608) = 574906
734974 sendfile(5, 4, [574906], 8388608) = 0
734974 sendfile(5, 4, [0] => [47084], 8388608) = 47084
734974 sendfile(5, 4, [47084], 8388608) = 0
734974 sendfile(5, 4, [0] => [493756], 8388608) = 493756
734974 sendfile(5, 4, [493756], 8388608) = 0
734974 sendfile(5, 4, [0] => [332474], 8388608) = 332474
734974 sendfile(5, 4, [332474], 8388608) = 0
734974 sendfile(5, 4, [0] => [1058580], 8388608) = 1058580
734974 sendfile(5, 4, [1058580], 8388608) = 0
734974 sendfile(5, 4, [0] => [1085183], 8388608) = 1085183
734974 sendfile(5, 4, [1085183], 8388608) = 0
734974 sendfile(5, 4, [0] => [66572], 8388608) = 66572
734974 sendfile(5, 4, [66572], 8388608) = 0
734974 sendfile(5, 4, [0] => [246554], 8388608) = 246554
734974 sendfile(5, 4, [246554], 8388608) = 0
734974 sendfile(5, 4, [0] => [1063798], 8388608) = 1063798
734974 sendfile(5, 4, [1063798], 8388608) = 0
734974 sendfile(5, 4, [0] => [1008276], 8388608) = 1008276
734974 sendfile(5, 4, [1008276], 8388608) = 0
734974 sendfile(5, 4, [0] => [1008870], 8388608) = 1008870
734974 sendfile(5, 4, [1008870], 8388608) = 0
734974 sendfile(5, 4, [0] => [807348], 8388608) = 807348
734974 sendfile(5, 4, [807348], 8388608) = 0
734974 sendfile(5, 4, [0] => [626401], 8388608) = 626401
734974 sendfile(5, 4, [626401], 8388608) = 0
734974 sendfile(5, 4, [0] => [618379], 8388608) = 618379
734974 sendfile(5, 4, [618379], 8388608) = 0
734974 sendfile(5, 4, [0] => [803316], 8388608) = 803316
734974 sendfile(5, 4, [803316], 8388608) = 0
734974 sendfile(5, 4, [0] => [290446], 8388608) = 290446
734974 sendfile(5, 4, [290446], 8388608) = 0
734974 sendfile(5, 4, [0] => [626401], 8388608) = 626401
734974 sendfile(5, 4, [626401], 8388608) = 0
734974 sendfile(5, 4, [0] => [1058580], 8388608) = 1058580
734974 sendfile(5, 4, [1058580], 8388608) = 0
734974 sendfile(5, 4, [0] => [392127], 8388608) = 392127
734974 sendfile(5, 4, [392127], 8388608) = 0
734974 sendfile(5, 4, [0] => [807348], 8388608) = 807348
734974 sendfile(5, 4, [807348], 8388608) = 0
734974 sendfile(5, 4, [0] => [246554], 8388608) = 246554
734974 sendfile(5, 4, [246554], 8388608) = 0
734974 sendfile(5, 4, [0] => [1087071], 8388608) = 1087071
734974 sendfile(5, 4, [1087071], 8388608) = 0
734974 sendfile(5, 4, [0] => [955201], 8388608) = 955201
734974 sendfile(5, 4, [955201], 8388608) = 0
734974 sendfile(5, 4, [0] => [752680], 8388608) = 752680
734974 sendfile(5, 4, [752680], 8388608) = 0
734974 sendfile(5, 4, [0] => [47084], 8388608) = 47084
734974 sendfile(5, 4, [47084], 8388608) = 0
734974 sendfile(5, 4, [0] => [245983], 8388608) = 245983
734974 sendfile(5, 4, [245983], 8388608) = 0
734974 sendfile(5, 4, [0] => [619113], 8388608) = 619113
734974 sendfile(5, 4, [619113], 8388608) = 0
734974 sendfile(5, 4, [0] => [182268], 8388608) = 182268
734974 sendfile(5, 4, [182268], 8388608) = 0
734974 sendfile(5, 4, [0] => [418171], 8388608) = 418171
734974 sendfile(5, 4, [418171], 8388608) = 0
734974 sendfile(5, 4, [0] => [798339], 8388608) = 798339
734974 sendfile(5, 4, [798339], 8388608) = 0
734974 sendfile(5, 4, [0] => [1067253], 8388608) = 1067253
734974 sendfile(5, 4, [1067253], 8388608) = 0
734974 sendfile(5, 4, [0] => [117193], 8388608) = 117193
734974 sendfile(5, 4, [117193], 8388608) = 0
734974 sendfile(5, 4, [0] => [193], 8388608) = 193
734974 sendfile(5, 4, [193], 8388608)   = 0
734974 sendfile(5, 4, [0] => [709], 8388608) = 709
734974 sendfile(5, 4, [709], 8388608)   = 0
734974 sendfile(5, 4, [0] => [1591], 8388608) = 1591
734974 sendfile(5, 4, [1591], 8388608)  = 0
734974 sendfile(5, 4, [0] => [1085183], 8388608) = 1085183
734974 sendfile(5, 4, [1085183], 8388608) = 0
734974 sendfile(5, 4, [0] => [332474], 8388608) = 332474
734974 sendfile(5, 4, [332474], 8388608) = 0
734974 sendfile(5, 4, [0] => [1069230], 8388608) = 1069230
734974 sendfile(5, 4, [1069230], 8388608) = 0
734974 sendfile(5, 4, [0] => [618379], 8388608) = 618379
734974 sendfile(5, 4, [618379], 8388608) = 0
734974 sendfile(5, 4, [0] => [1079168], 8388608) = 1079168
734974 sendfile(5, 4, [1079168], 8388608) = 0
734974 sendfile(5, 4, [0] => [66572], 8388608) = 66572
734974 sendfile(5, 4, [66572], 8388608) = 0
734974 sendfile(5, 4, [0] => [1379], 8388608) = 1379
734974 sendfile(5, 4, [1379], 8388608)  = 0
734974 sendfile(5, 4, [0] => [178612], 8388608) = 178612
734974 sendfile(5, 4, [178612], 8388608) = 0
734974 sendfile(5, 4, [0] => [1054486], 8388608) = 1054486
734974 sendfile(5, 4, [1054486], 8388608) = 0
734974 sendfile(5, 4, [0] => [648662], 8388608) = 648662
734974 sendfile(5, 4, [648662], 8388608) = 0
734974 sendfile(5, 4, [0] => [91041], 8388608) = 91041
734974 sendfile(5, 4, [91041], 8388608) = 0
734974 sendfile(5, 4, [0] => [493756], 8388608) = 493756
734974 sendfile(5, 4, [493756], 8388608) = 0
734974 sendfile(5, 4, [0] => [203278], 8388608) = 203278
734974 sendfile(5, 4, [203278], 8388608) = 0
734974 sendfile(5, 4, [0] => [489553], 8388608) = 489553
734974 sendfile(5, 4, [489553], 8388608) = 0
734974 sendfile(5, 4, [0] => [70361], 8388608) = 70361
734974 sendfile(5, 4, [70361], 8388608) = 0
734974 sendfile(5, 4, [0] => [558786], 8388608) = 558786
734974 sendfile(5, 4, [558786], 8388608) = 0
734974 sendfile(5, 4, [0] => [1063798], 8388608) = 1063798
734974 sendfile(5, 4, [1063798], 8388608) = 0
734974 sendfile(5, 4, [0] => [574906], 8388608) = 574906
734974 sendfile(5, 4, [574906], 8388608) = 0
734974 sendfile(5, 4, [0] => [357517], 8388608) = 357517
734974 sendfile(5, 4, [357517], 8388608) = 0
734974 sendfile(5, 4, [0] => [1008276], 8388608) = 1008276
734974 sendfile(5, 4, [1008276], 8388608) = 0
734974 sendfile(5, 4, [0] => [417034], 8388608) = 417034
734974 sendfile(5, 4, [417034], 8388608) = 0
734974 sendfile(5, 4, [0] => [1008870], 8388608) = 1008870
734974 sendfile(5, 4, [1008870], 8388608) = 0
734974 sendfile(5, 4, [0] => [176950], 8388608) = 176950
734974 sendfile(5, 4, [176950], 8388608) = 0
734974 sendfile(5, 4, [0] => [2188], 8388608) = 2188
734974 sendfile(5, 4, [2188], 8388608)  = 0
734974 sendfile(5, 4, [0] => [5750], 8388608) = 5750
734974 sendfile(5, 4, [5750], 8388608)  = 0
734974 sendfile(5, 4, [0] => [2023], 8388608) = 2023
734974 sendfile(5, 4, [2023], 8388608)  = 0
734974 sendfile(5, 4, [0] => [422], 8388608) = 422
734974 sendfile(5, 4, [422], 8388608)   = 0
734974 sendfile(5, 4, [0] => [10039], 8388608) = 10039
734974 sendfile(5, 4, [10039], 8388608) = 0
734974 sendfile(5, 4, [0] => [422], 8388608) = 422
734974 sendfile(5, 4, [422], 8388608)   = 0
734974 sendfile(5, 4, [0] => [3051], 8388608) = 3051
734974 sendfile(5, 4, [3051], 8388608)  = 0
734974 sendfile(5, 4, [0] => [422], 8388608) = 422
734974 sendfile(5, 4, [422], 8388608)   = 0
734974 sendfile(5, 4, [0] => [422], 8388608) = 422
734974 sendfile(5, 4, [422], 8388608)   = 0
734974 sendfile(5, 4, [0] => [422], 8388608) = 422
734974 sendfile(5, 4, [422], 8388608)   = 0
734974 sendfile(5, 4, [0] => [422], 8388608) = 422
734974 sendfile(5, 4, [422], 8388608)   = 0
734974 sendfile(5, 4, [0] => [422], 8388608) = 422
734974 sendfile(5, 4, [422], 8388608)   = 0
734974 sendfile(5, 4, [0] => [422], 8388608) = 422
734974 sendfile(5, 4, [422], 8388608)   = 0
734974 sendfile(5, 4, [0] => [3922], 8388608) = 3922
734974 sendfile(5, 4, [3922], 8388608)  = 0
734974 sendfile(5, 4, [0] => [2366], 8388608) = 2366
734974 sendfile(5, 4, [2366], 8388608)  = 0
734974 sendfile(5, 4, [0] => [422], 8388608) = 422
734974 sendfile(5, 4, [422], 8388608)   = 0
734974 sendfile(5, 4, [0] => [2234], 8388608) = 2234
734974 sendfile(5, 4, [2234], 8388608)  = 0
734974 sendfile(5, 4, [0] => [2737], 8388608) = 2737
734974 sendfile(5, 4, [2737], 8388608)  = 0
734974 sendfile(5, 4, [0] => [422], 8388608) = 422
734974 sendfile(5, 4, [422], 8388608)   = 0
734974 sendfile(5, 4, [0] => [422], 8388608) = 422
734974 sendfile(5, 4, [422], 8388608)   = 0
734974 sendfile(5, 4, [0] => [422], 8388608) = 422
734974 sendfile(5, 4, [422], 8388608)   = 0
734974 sendfile(5, 4, [0] => [2734], 8388608) = 2734
734974 sendfile(5, 4, [2734], 8388608)  = 0
734974 sendfile(5, 4, [0] => [422], 8388608) = 422
734974 sendfile(5, 4, [422], 8388608)   = 0
734974 sendfile(5, 4, [0] => [422], 8388608) = 422
734974 sendfile(5, 4, [422], 8388608)   = 0
734974 sendfile(5, 4, [0] => [422], 8388608) = 422
734974 sendfile(5, 4, [422], 8388608)   = 0
734974 sendfile(5, 4, [0] => [422], 8388608) = 422
734974 sendfile(5, 4, [422], 8388608)   = 0
734974 sendfile(5, 4, [0] => [852], 8388608) = 852
734974 sendfile(5, 4, [852], 8388608)   = 0
734974 sendfile(5, 4, [0] => [422], 8388608) = 422
734974 sendfile(5, 4, [422], 8388608)   = 0
734974 sendfile(5, 4, [0] => [3415], 8388608) = 3415
734974 sendfile(5, 4, [3415], 8388608)  = 0
734974 sendfile(5, 4, [0] => [422], 8388608) = 422
734974 sendfile(5, 4, [422], 8388608)   = 0
734974 sendfile(5, 4, [0] => [422], 8388608) = 422
734974 sendfile(5, 4, [422], 8388608)   = 0
734974 sendfile(5, 4, [0] => [422], 8388608) = 422
734974 sendfile(5, 4, [422], 8388608)   = 0
734974 sendfile(5, 4, [0] => [422], 8388608) = 422
734974 sendfile(5, 4, [422], 8388608)   = 0
734974 sendfile(5, 4, [0] => [3940], 8388608) = 3940
734974 sendfile(5, 4, [3940], 8388608)  = 0
734974 sendfile(5, 4, [0] => [422], 8388608) = 422
734974 sendfile(5, 4, [422], 8388608)   = 0
734974 sendfile(5, 4, [0] => [422], 8388608) = 422
734974 sendfile(5, 4, [422], 8388608)   = 0
734974 sendfile(5, 4, [0] => [422], 8388608) = 422
734974 sendfile(5, 4, [422], 8388608)   = 0
734974 sendfile(5, 4, [0] => [422], 8388608) = 422
734974 sendfile(5, 4, [422], 8388608)   = 0
734974 sendfile(5, 4, [0] => [422], 8388608) = 422
734974 sendfile(5, 4, [422], 8388608)   = 0
734974 sendfile(5, 4, [0] => [422], 8388608) = 422
734974 sendfile(5, 4, [422], 8388608)   = 0
734974 sendfile(5, 4, [0] => [422], 8388608) = 422
734974 sendfile(5, 4, [422], 8388608)   = 0
734974 sendfile(5, 4, [0] => [3938], 8388608) = 3938
734974 sendfile(5, 4, [3938], 8388608)  = 0
734974 sendfile(5, 4, [0] => [422], 8388608) = 422
734974 sendfile(5, 4, [422], 8388608)   = 0
734974 sendfile(5, 4, [0] => [4660], 8388608) = 4660
734974 sendfile(5, 4, [4660], 8388608)  = 0
734974 sendfile(5, 4, [0] => [422], 8388608) = 422
734974 sendfile(5, 4, [422], 8388608)   = 0
734974 sendfile(5, 4, [0] => [3426], 8388608) = 3426
734974 sendfile(5, 4, [3426], 8388608)  = 0
734974 sendfile(5, 4, [0] => [1793], 8388608) = 1793
734974 sendfile(5, 4, [1793], 8388608)  = 0
734974 sendfile(5, 4, [0] => [3975], 8388608) = 3975
734974 sendfile(5, 4, [3975], 8388608)  = 0
734974 sendfile(5, 4, [0] => [422], 8388608) = 422
734974 sendfile(5, 4, [422], 8388608)   = 0
734974 sendfile(5, 4, [0] => [422], 8388608) = 422
734974 sendfile(5, 4, [422], 8388608)   = 0
734974 sendfile(5, 4, [0] => [422], 8388608) = 422
734974 sendfile(5, 4, [422], 8388608)   = 0
734974 sendfile(5, 4, [0] => [422], 8388608) = 422
734974 sendfile(5, 4, [422], 8388608)   = 0
734974 sendfile(5, 4, [0] => [7086], 8388608) = 7086
734974 sendfile(5, 4, [7086], 8388608)  = 0
734974 sendfile(5, 4, [0] => [1763], 8388608) = 1763
734974 sendfile(5, 4, [1763], 8388608)  = 0
734974 sendfile(5, 4, [0] => [422], 8388608) = 422
734974 sendfile(5, 4, [422], 8388608)   = 0
734974 sendfile(5, 4, [0] => [422], 8388608) = 422
734974 sendfile(5, 4, [422], 8388608)   = 0
734974 sendfile(5, 4, [0] => [422], 8388608) = 422
734974 sendfile(5, 4, [422], 8388608)   = 0
734974 sendfile(5, 4, [0] => [422], 8388608) = 422
734974 sendfile(5, 4, [422], 8388608)   = 0
734974 sendfile(5, 4, [0] => [422], 8388608) = 422
734974 sendfile(5, 4, [422], 8388608)   = 0
734974 sendfile(5, 4, [0] => [2373], 8388608) = 2373
734974 sendfile(5, 4, [2373], 8388608)  = 0
734974 sendfile(5, 4, [0] => [3423], 8388608) = 3423
734974 sendfile(5, 4, [3423], 8388608)  = 0
734974 sendfile(5, 4, [0] => [65521], 8388608) = 65521
734974 sendfile(5, 4, [65521], 8388608) = 0
734974 sendfile(5, 4, [0] => [386], 8388608) = 386
734974 sendfile(5, 4, [386], 8388608)   = 0
734974 sendfile(5, 4, [0], 8388608)     = 0
734974 sendfile(5, 4, [0] => [489553], 8388608) = 489553
734974 sendfile(5, 4, [489553], 8388608) = 0
734974 sendfile(5, 4, [0] => [193], 8388608) = 193
734974 sendfile(5, 4, [193], 8388608)   = 0
734974 sendfile(5, 4, [0] => [418171], 8388608) = 418171
734974 sendfile(5, 4, [418171], 8388608) = 0
734974 sendfile(5, 4, [0] => [417034], 8388608) = 417034
734974 sendfile(5, 4, [417034], 8388608) = 0
734974 sendfile(5, 4, [0] => [1379], 8388608) = 1379
734974 sendfile(5, 4, [1379], 8388608)  = 0
734974 sendfile(5, 4, [0] => [1591], 8388608) = 1591
734974 sendfile(5, 4, [1591], 8388608)  = 0
734974 sendfile(5, 4, [0] => [186], 8388608) = 186
734974 sendfile(5, 4, [186], 8388608)   = 0
734974 sendfile(5, 4, [0] => [98957], 8388608) = 98957
734974 sendfile(5, 4, [98957], 8388608) = 0
734974 sendfile(5, 4, [0] => [1725], 8388608) = 1725
734974 sendfile(5, 4, [1725], 8388608)  = 0
734974 sendfile(5, 4, [0] => [33760], 8388608) = 33760
734974 sendfile(5, 4, [33760], 8388608) = 0
734974 sendfile(5, 4, [0] => [489553], 8388608) = 489553
734974 sendfile(5, 4, [489553], 8388608) = 0
734974 sendfile(5, 4, [0] => [203278], 8388608) = 203278
734974 sendfile(5, 4, [203278], 8388608) = 0
734974 sendfile(5, 4, [0] => [182268], 8388608) = 182268
734974 sendfile(5, 4, [182268], 8388608) = 0
734974 sendfile(5, 4, [0] => [178612], 8388608) = 178612
734974 sendfile(5, 4, [178612], 8388608) = 0
734974 sendfile(5, 4, [0] => [1087071], 8388608) = 1087071
734974 sendfile(5, 4, [1087071], 8388608) = 0
734974 sendfile(5, 4, [0] => [955201], 8388608) = 955201
734974 sendfile(5, 4, [955201], 8388608) = 0
734974 sendfile(5, 4, [0] => [290446], 8388608) = 290446
734974 sendfile(5, 4, [290446], 8388608) = 0
734974 sendfile(5, 4, [0] => [1067253], 8388608) = 1067253
734974 sendfile(5, 4, [1067253], 8388608) = 0
734974 sendfile(5, 4, [0] => [245983], 8388608) = 245983
734974 sendfile(5, 4, [245983], 8388608) = 0
734974 sendfile(5, 4, [0] => [70361], 8388608) = 70361
734974 sendfile(5, 4, [70361], 8388608) = 0
734974 sendfile(5, 4, [0] => [91041], 8388608) = 91041
734974 sendfile(5, 4, [91041], 8388608) = 0
734974 sendfile(5, 4, [0] => [798339], 8388608) = 798339
734974 sendfile(5, 4, [798339], 8388608) = 0
734974 sendfile(5, 4, [0] => [558786], 8388608) = 558786
734974 sendfile(5, 4, [558786], 8388608) = 0
734974 sendfile(5, 4, [0] => [803316], 8388608) = 803316
734974 sendfile(5, 4, [803316], 8388608) = 0
734974 sendfile(5, 4, [0] => [752680], 8388608) = 752680
734974 sendfile(5, 4, [752680], 8388608) = 0
734974 sendfile(5, 4, [0] => [709], 8388608) = 709
734974 sendfile(5, 4, [709], 8388608)   = 0
734974 sendfile(5, 4, [0] => [357517], 8388608) = 357517
734974 sendfile(5, 4, [357517], 8388608) = 0
734974 sendfile(5, 4, [0] => [1079168], 8388608) = 1079168
734974 sendfile(5, 4, [1079168], 8388608) = 0
734974 sendfile(5, 4, [0] => [1054486], 8388608) = 1054486
734974 sendfile(5, 4, [1054486], 8388608) = 0
734974 sendfile(5, 4, [0] => [392127], 8388608) = 392127
734974 sendfile(5, 4, [392127], 8388608) = 0
734974 sendfile(5, 4, [0] => [1069230], 8388608) = 1069230
734974 sendfile(5, 4, [1069230], 8388608) = 0
734974 sendfile(5, 4, [0] => [117193], 8388608) = 117193
734974 sendfile(5, 4, [117193], 8388608) = 0
734974 sendfile(5, 4, [0] => [176950], 8388608) = 176950
734974 sendfile(5, 4, [176950], 8388608) = 0
734974 sendfile(5, 4, [0] => [619113], 8388608) = 619113
734974 sendfile(5, 4, [619113], 8388608) = 0
734974 sendfile(5, 4, [0] => [648662], 8388608) = 648662
734974 sendfile(5, 4, [648662], 8388608) = 0
734974 sendfile(5, 4, [0] => [574906], 8388608) = 574906
734974 sendfile(5, 4, [574906], 8388608) = 0
734974 sendfile(5, 4, [0] => [47084], 8388608) = 47084
734974 sendfile(5, 4, [47084], 8388608) = 0
734974 sendfile(5, 4, [0] => [493756], 8388608) = 493756
734974 sendfile(5, 4, [493756], 8388608) = 0
734974 sendfile(5, 4, [0] => [332474], 8388608) = 332474
734974 sendfile(5, 4, [332474], 8388608) = 0
734974 sendfile(5, 4, [0] => [1058580], 8388608) = 1058580
734974 sendfile(5, 4, [1058580], 8388608) = 0
734974 sendfile(5, 4, [0] => [1085183], 8388608) = 1085183
734974 sendfile(5, 4, [1085183], 8388608) = 0
734974 sendfile(5, 4, [0] => [66572], 8388608) = 66572
734974 sendfile(5, 4, [66572], 8388608) = 0
734974 sendfile(5, 4, [0] => [246554], 8388608) = 246554
734974 sendfile(5, 4, [246554], 8388608) = 0
734974 sendfile(5, 4, [0] => [1063798], 8388608) = 1063798
734974 sendfile(5, 4, [1063798], 8388608) = 0
734974 sendfile(5, 4, [0] => [1008276], 8388608) = 1008276
734974 sendfile(5, 4, [1008276], 8388608) = 0
734974 sendfile(5, 4, [0] => [1008870], 8388608) = 1008870
734974 sendfile(5, 4, [1008870], 8388608) = 0
734974 sendfile(5, 4, [0] => [807348], 8388608) = 807348
734974 sendfile(5, 4, [807348], 8388608) = 0
734974 sendfile(5, 4, [0] => [626401], 8388608) = 626401
734974 sendfile(5, 4, [626401], 8388608) = 0
734974 sendfile(5, 4, [0] => [618379], 8388608) = 618379
734974 sendfile(5, 4, [618379], 8388608) = 0
734974 sendfile(5, 4, [0] => [457], 8388608) = 457
734974 sendfile(5, 4, [457], 8388608)   = 0
734974 sendfile(5, 4, [0] => [4786], 8388608) = 4786
734974 sendfile(5, 4, [4786], 8388608)  = 0
734974 sendfile(5, 4, [0] => [1425], 8388608) = 1425
734974 sendfile(5, 4, [1425], 8388608)  = 0
734974 sendfile(5, 4, [0] => [99924], 8388608) = 99924
734974 sendfile(5, 4, [99924], 8388608) = 0
734974 sendfile(5, 4, [0] => [9961], 8388608) = 9961
734974 sendfile(5, 4, [9961], 8388608)  = 0
734974 sendfile(5, 4, [0] => [689], 8388608) = 689
734974 sendfile(5, 4, [689], 8388608)   = 0
734974 sendfile(5, 4, [0] => [3093], 8388608) = 3093
734974 sendfile(5, 4, [3093], 8388608)  = 0
734974 sendfile(5, 4, [0] => [960], 8388608) = 960
734974 sendfile(5, 4, [960], 8388608)   = 0
734974 sendfile(5, 4, [0] => [50], 8388608) = 50
734974 sendfile(5, 4, [50], 8388608)    = 0
734974 sendfile(5, 4, [0] => [5933], 8388608) = 5933
734974 sendfile(5, 4, [5933], 8388608)  = 0
734974 sendfile(5, 4, [0] => [2759], 8388608) = 2759
734974 sendfile(5, 4, [2759], 8388608)  = 0
734974 sendfile(5, 4, [0] => [142], 8388608) = 142
734974 sendfile(5, 4, [142], 8388608)   = 0
734974 sendfile(5, 4, [0] => [122], 8388608) = 122
734974 sendfile(5, 4, [122], 8388608)   = 0
734974 sendfile(5, 4, [0] => [25], 8388608) = 25
734974 sendfile(5, 4, [25], 8388608)    = 0
734974 sendfile(5, 4, [0] => [1591], 8388608) = 1591
734974 sendfile(5, 4, [1591], 8388608)  = 0
734974 sendfile(5, 4, [0] => [107958], 8388608) = 107958
734974 sendfile(5, 4, [107958], 8388608) = 0
734974 sendfile(5, 4, [0] => [533], 8388608) = 533
734974 sendfile(5, 4, [533], 8388608)   = 0
734974 sendfile(5, 4, [0] => [45113], 8388608) = 45113
734974 sendfile(5, 4, [45113], 8388608) = 0
734974 sendfile(5, 4, [0] => [49475], 8388608) = 49475
734974 sendfile(5, 4, [49475], 8388608) = 0
734974 sendfile(5, 4, [0] => [445], 8388608) = 445
734974 sendfile(5, 4, [445], 8388608)   = 0
734974 sendfile(5, 4, [0] => [11351], 8388608) = 11351
734974 sendfile(5, 4, [11351], 8388608) = 0
734974 sendfile(5, 4, [0] => [9290], 8388608) = 9290
734974 sendfile(5, 4, [9290], 8388608)  = 0
734974 sendfile(5, 4, [0] => [17540], 8388608) = 17540
734974 sendfile(5, 4, [17540], 8388608) = 0
734974 sendfile(5, 4, [0] => [611], 8388608) = 611
734974 sendfile(5, 4, [611], 8388608)   = 0
734974 sendfile(5, 4, [0] => [235984], 8388608) = 235984
734974 sendfile(5, 4, [235984], 8388608) = 0
734974 sendfile(5, 4, [0] => [248984], 8388608) = 248984
734974 sendfile(5, 4, [248984], 8388608) = 0
734974 sendfile(5, 4, [0] => [235784], 8388608) = 235784
734974 sendfile(5, 4, [235784], 8388608) = 0
734974 sendfile(5, 4, [0] => [248884], 8388608) = 248884
734974 sendfile(5, 4, [248884], 8388608) = 0
734974 sendfile(5, 4, [0] => [69484], 8388608) = 69484
734974 sendfile(5, 4, [69484], 8388608) = 0
734974 sendfile(5, 4, [0] => [121084], 8388608) = 121084
734974 sendfile(5, 4, [121084], 8388608) = 0
734974 sendfile(5, 4, [0] => [1048584], 8388608) = 1048584
734974 sendfile(5, 4, [1048584], 8388608) = 0
734974 sendfile(5, 4, [0] => [942884], 8388608) = 942884
734974 sendfile(5, 4, [942884], 8388608) = 0
734974 sendfile(5, 4, [0] => [570684], 8388608) = 570684
734974 sendfile(5, 4, [570684], 8388608) = 0
734974 sendfile(5, 4, [0] => [996184], 8388608) = 996184
734974 sendfile(5, 4, [996184], 8388608) = 0
734974 sendfile(5, 4, [0] => [995784], 8388608) = 995784
734974 sendfile(5, 4, [995784], 8388608) = 0
734974 sendfile(5, 4, [0] => [1048584], 8388608) = 1048584
734974 sendfile(5, 4, [1048584], 8388608) = 0
734974 sendfile(5, 4, [0] => [495984], 8388608) = 495984
734974 sendfile(5, 4, [495984], 8388608) = 0
734974 sendfile(5, 4, [0] => [336384], 8388608) = 336384
734974 sendfile(5, 4, [336384], 8388608) = 0
734974 sendfile(5, 4, [0] => [1048584], 8388608) = 1048584
734974 sendfile(5, 4, [1048584], 8388608) = 0
734974 sendfile(5, 4, [0] => [612584], 8388608) = 612584
734974 sendfile(5, 4, [612584], 8388608) = 0
734974 sendfile(5, 4, [0] => [738884], 8388608) = 738884
734974 sendfile(5, 4, [738884], 8388608) = 0
734974 sendfile(5, 4, [0] => [93684], 8388608) = 93684
734974 sendfile(5, 4, [93684], 8388608) = 0
734974 sendfile(5, 4, [0] => [549684], 8388608) = 549684
734974 sendfile(5, 4, [549684], 8388608) = 0
734974 sendfile(5, 4, [0] => [180884], 8388608) = 180884
734974 sendfile(5, 4, [180884], 8388608) = 0
734974 sendfile(5, 4, [0] => [73484], 8388608) = 73484
734974 sendfile(5, 4, [73484], 8388608) = 0
734974 sendfile(5, 4, [0] => [356084], 8388608) = 356084
734974 sendfile(5, 4, [356084], 8388608) = 0
734974 sendfile(5, 4, [0] => [49284], 8388608) = 49284
734974 sendfile(5, 4, [49284], 8388608) = 0
734974 sendfile(5, 4, [0] => [1048584], 8388608) = 1048584
734974 sendfile(5, 4, [1048584], 8388608) = 0
734974 sendfile(5, 4, [0] => [1048584], 8388608) = 1048584
734974 sendfile(5, 4, [1048584], 8388608) = 0
734974 sendfile(5, 4, [0] => [641684], 8388608) = 641684
734974 sendfile(5, 4, [641684], 8388608) = 0
734974 sendfile(5, 4, [0] => [1048584], 8388608) = 1048584
734974 sendfile(5, 4, [1048584], 8388608) = 0
734974 sendfile(5, 4, [0] => [612584], 8388608) = 612584
734974 sendfile(5, 4, [612584], 8388608) = 0
734974 sendfile(5, 4, [0] => [115284], 8388608) = 115284
734974 sendfile(5, 4, [115284], 8388608) = 0
734974 sendfile(5, 4, [0] => [1048484], 8388608) = 1048484
734974 sendfile(5, 4, [1048484], 8388608) = 0
734974 sendfile(5, 4, [0] => [1048584], 8388608) = 1048584
734974 sendfile(5, 4, [1048584], 8388608) = 0
734974 sendfile(5, 4, [0] => [1048584], 8388608) = 1048584
734974 sendfile(5, 4, [1048584], 8388608) = 0
734974 sendfile(5, 4, [0] => [393584], 8388608) = 393584
734974 sendfile(5, 4, [393584], 8388608) = 0
734974 sendfile(5, 4, [0] => [789484], 8388608) = 789484
734974 sendfile(5, 4, [789484], 8388608) = 0
734974 sendfile(5, 4, [0] => [794484], 8388608) = 794484
734974 sendfile(5, 4, [794484], 8388608) = 0
734974 sendfile(5, 4, [0] => [684], 8388608) = 684
734974 sendfile(5, 4, [684], 8388608)   = 0
734974 sendfile(5, 4, [0] => [352884], 8388608) = 352884
734974 sendfile(5, 4, [352884], 8388608) = 0
734974 sendfile(5, 4, [0] => [806084], 8388608) = 806084
734974 sendfile(5, 4, [806084], 8388608) = 0
734974 sendfile(5, 4, [0] => [184984], 8388608) = 184984
734974 sendfile(5, 4, [184984], 8388608) = 0
734974 sendfile(5, 4, [0] => [708384], 8388608) = 708384
734974 sendfile(5, 4, [708384], 8388608) = 0
734974 sendfile(5, 4, [0] => [567984], 8388608) = 567984
734974 sendfile(5, 4, [567984], 8388608) = 0
734974 sendfile(5, 4, [0] => [612584], 8388608) = 612584
734974 sendfile(5, 4, [612584], 8388608) = 0
734974 sendfile(5, 4, [0] => [612584], 8388608) = 612584
734974 sendfile(5, 4, [612584], 8388608) = 0
734974 sendfile(5, 4, [0] => [180084], 8388608) = 180084
734974 sendfile(5, 4, [180084], 8388608) = 0
734974 sendfile(5, 4, [0] => [206384], 8388608) = 206384
734974 sendfile(5, 4, [206384], 8388608) = 0
734974 sendfile(5, 4, [0] => [620284], 8388608) = 620284
734974 sendfile(5, 4, [620284], 8388608) = 0
734974 sendfile(5, 4, [0] => [290784], 8388608) = 290784
734974 sendfile(5, 4, [290784], 8388608) = 0
734974 sendfile(5, 4, [0] => [706], 8388608) = 706
734974 sendfile(5, 4, [706], 8388608)   = 0
734974 sendfile(5, 4, [0] => [2006], 8388608) = 2006
734974 sendfile(5, 4, [2006], 8388608)  = 0
734974 sendfile(5, 4, [0] => [2141], 8388608) = 2141
734974 sendfile(5, 4, [2141], 8388608)  = 0
734974 sendfile(5, 4, [0] => [2092], 8388608) = 2092
734974 sendfile(5, 4, [2092], 8388608)  = 0
734974 sendfile(5, 4, [0] => [2235], 8388608) = 2235
734974 sendfile(5, 4, [2235], 8388608)  = 0
734974 sendfile(5, 4, [0] => [1814], 8388608) = 1814
734974 sendfile(5, 4, [1814], 8388608)  = 0
734974 sendfile(5, 4, [0] => [1974], 8388608) = 1974
734974 sendfile(5, 4, [1974], 8388608)  = 0
734974 sendfile(5, 4, [0] => [1780], 8388608) = 1780
734974 sendfile(5, 4, [1780], 8388608)  = 0
734974 sendfile(5, 4, [0] => [32898], 8388608) = 32898
734974 sendfile(5, 4, [32898], 8388608) = 0
734974 sendfile(5, 4, [0] => [34985], 8388608) = 34985
734974 sendfile(5, 4, [34985], 8388608) = 0
734974 sendfile(5, 4, [0] => [35688], 8388608) = 35688
734974 sendfile(5, 4, [35688], 8388608) = 0
734974 sendfile(5, 4, [0] => [37775], 8388608) = 37775
734974 sendfile(5, 4, [37775], 8388608) = 0
734974 sendfile(5, 4, [0] => [32017], 8388608) = 32017
734974 sendfile(5, 4, [32017], 8388608) = 0
734974 sendfile(5, 4, [0] => [34104], 8388608) = 34104
734974 sendfile(5, 4, [34104], 8388608) = 0
734974 sendfile(5, 4, [0] => [2350], 8388608) = 2350
734974 sendfile(5, 4, [2350], 8388608)  = 0
734974 sendfile(5, 4, [0] => [2570], 8388608) = 2570
734974 sendfile(5, 4, [2570], 8388608)  = 0
734974 sendfile(5, 4, [0] => [1238], 8388608) = 1238
734974 sendfile(5, 4, [1238], 8388608)  = 0
734974 sendfile(5, 4, [0] => [2439], 8388608) = 2439
734974 sendfile(5, 4, [2439], 8388608)  = 0
734974 sendfile(5, 4, [0] => [2341], 8388608) = 2341
734974 sendfile(5, 4, [2341], 8388608)  = 0
734974 sendfile(5, 4, [0] => [2562], 8388608) = 2562
734974 sendfile(5, 4, [2562], 8388608)  = 0
734974 sendfile(5, 4, [0] => [357], 8388608) = 357
734974 sendfile(5, 4, [357], 8388608)   = 0
734974 sendfile(5, 4, [0] => [88925], 8388608) = 88925
734974 sendfile(5, 4, [88925], 8388608) = 0
734974 sendfile(5, 4, [0] => [1887], 8388608) = 1887
734974 sendfile(5, 4, [1887], 8388608)  = 0
739690 +++ exited with 0 +++
739689 +++ exited with 0 +++
734974 --- SIGCHLD {si_signo=SIGCHLD, si_code=CLD_EXITED, si_pid=739689, si_uid=1000, si_status=0, si_utime=2, si_stime=0} ---
739792 +++ exited with 0 +++
739794 +++ exited with 0 +++
739793 +++ exited with 0 +++
739783 +++ exited with 0 +++
739749 +++ exited with 0 +++
739748 +++ exited with 0 +++
739747 +++ exited with 0 +++
739700 +++ exited with 0 +++
739699 +++ exited with 0 +++
739692 +++ exited with 0 +++
739691 +++ exited with 0 +++
734974 --- SIGCHLD {si_signo=SIGCHLD, si_code=CLD_EXITED, si_pid=739691, si_uid=1000, si_status=0, si_utime=32, si_stime=12} ---
739813 +++ exited with 0 +++
739877 +++ exited with 0 +++
739876 +++ exited with 0 +++
739878 +++ exited with 0 +++
739879 +++ exited with 0 +++
739814 +++ exited with 0 +++
739807 +++ exited with 0 +++
739804 +++ exited with 0 +++
734974 --- SIGCHLD {si_signo=SIGCHLD, si_code=CLD_EXITED, si_pid=739804, si_uid=1000, si_status=0, si_utime=84, si_stime=15} ---
734974 sendfile(5, 4, [0] => [489553], 8388608) = 489553
734974 sendfile(5, 4, [489553], 8388608) = 0
734974 sendfile(5, 4, [0] => [203278], 8388608) = 203278
734974 sendfile(5, 4, [203278], 8388608) = 0
734974 sendfile(5, 4, [0] => [182268], 8388608) = 182268
734974 sendfile(5, 4, [182268], 8388608) = 0
734974 sendfile(5, 4, [0] => [178612], 8388608) = 178612
734974 sendfile(5, 4, [178612], 8388608) = 0
734974 sendfile(5, 4, [0] => [1087071], 8388608) = 1087071
734974 sendfile(5, 4, [1087071], 8388608) = 0
734974 sendfile(5, 4, [0] => [955201], 8388608) = 955201
734974 sendfile(5, 4, [955201], 8388608) = 0
734974 sendfile(5, 4, [0] => [290446], 8388608) = 290446
734974 sendfile(5, 4, [290446], 8388608) = 0
734974 sendfile(5, 4, [0] => [1067253], 8388608) = 1067253
734974 sendfile(5, 4, [1067253], 8388608) = 0
734974 sendfile(5, 4, [0] => [245983], 8388608) = 245983
734974 sendfile(5, 4, [245983], 8388608) = 0
734974 sendfile(5, 4, [0] => [70361], 8388608) = 70361
734974 sendfile(5, 4, [70361], 8388608) = 0
734974 sendfile(5, 4, [0] => [91041], 8388608) = 91041
734974 sendfile(5, 4, [91041], 8388608) = 0
734974 sendfile(5, 4, [0] => [798339], 8388608) = 798339
734974 sendfile(5, 4, [798339], 8388608) = 0
734974 sendfile(5, 4, [0] => [558786], 8388608) = 558786
734974 sendfile(5, 4, [558786], 8388608) = 0
734974 sendfile(5, 4, [0] => [803316], 8388608) = 803316
734974 sendfile(5, 4, [803316], 8388608) = 0
734974 sendfile(5, 4, [0] => [752680], 8388608) = 752680
734974 sendfile(5, 4, [752680], 8388608) = 0
734974 sendfile(5, 4, [0] => [709], 8388608) = 709
734974 sendfile(5, 4, [709], 8388608)   = 0
734974 sendfile(5, 4, [0] => [357517], 8388608) = 357517
734974 sendfile(5, 4, [357517], 8388608) = 0
734974 sendfile(5, 4, [0] => [1079168], 8388608) = 1079168
734974 sendfile(5, 4, [1079168], 8388608) = 0
734974 sendfile(5, 4, [0] => [1054486], 8388608) = 1054486
734974 sendfile(5, 4, [1054486], 8388608) = 0
734974 sendfile(5, 4, [0] => [392127], 8388608) = 392127
734974 sendfile(5, 4, [392127], 8388608) = 0
734974 sendfile(5, 4, [0] => [1069230], 8388608) = 1069230
734974 sendfile(5, 4, [1069230], 8388608) = 0
734974 sendfile(5, 4, [0] => [117193], 8388608) = 117193
734974 sendfile(5, 4, [117193], 8388608) = 0
734974 sendfile(5, 4, [0] => [176950], 8388608) = 176950
734974 sendfile(5, 4, [176950], 8388608) = 0
734974 sendfile(5, 4, [0] => [619113], 8388608) = 619113
734974 sendfile(5, 4, [619113], 8388608) = 0
734974 sendfile(5, 4, [0] => [648662], 8388608) = 648662
734974 sendfile(5, 4, [648662], 8388608) = 0
734974 sendfile(5, 4, [0] => [574906], 8388608) = 574906
734974 sendfile(5, 4, [574906], 8388608) = 0
734974 sendfile(5, 4, [0] => [47084], 8388608) = 47084
734974 sendfile(5, 4, [47084], 8388608) = 0
734974 sendfile(5, 4, [0] => [493756], 8388608) = 493756
734974 sendfile(5, 4, [493756], 8388608) = 0
734974 sendfile(5, 4, [0] => [332474], 8388608) = 332474
734974 sendfile(5, 4, [332474], 8388608) = 0
734974 sendfile(5, 4, [0] => [1058580], 8388608) = 1058580
734974 sendfile(5, 4, [1058580], 8388608) = 0
734974 sendfile(5, 4, [0] => [1085183], 8388608) = 1085183
734974 sendfile(5, 4, [1085183], 8388608) = 0
734974 sendfile(5, 4, [0] => [66572], 8388608) = 66572
734974 sendfile(5, 4, [66572], 8388608) = 0
734974 sendfile(5, 4, [0] => [246554], 8388608) = 246554
734974 sendfile(5, 4, [246554], 8388608) = 0
734974 sendfile(5, 4, [0] => [1063798], 8388608) = 1063798
734974 sendfile(5, 4, [1063798], 8388608) = 0
734974 sendfile(5, 4, [0] => [1008276], 8388608) = 1008276
734974 sendfile(5, 4, [1008276], 8388608) = 0
734974 sendfile(5, 4, [0] => [1008870], 8388608) = 1008870
734974 sendfile(5, 4, [1008870], 8388608) = 0
734974 sendfile(5, 4, [0] => [807348], 8388608) = 807348
734974 sendfile(5, 4, [807348], 8388608) = 0
734974 sendfile(5, 4, [0] => [626401], 8388608) = 626401
734974 sendfile(5, 4, [626401], 8388608) = 0
734974 sendfile(5, 4, [0] => [618379], 8388608) = 618379
734974 sendfile(5, 4, [618379], 8388608) = 0
740008 +++ exited with 0 +++
740006 +++ exited with 0 +++
734974 --- SIGCHLD {si_signo=SIGCHLD, si_code=CLD_EXITED, si_pid=740006, si_uid=1000, si_status=0, si_utime=1, si_stime=0} ---
740084 +++ exited with 0 +++
740070 +++ exited with 0 +++
740069 +++ exited with 0 +++
740068 +++ exited with 0 +++
740021 +++ exited with 0 +++
740020 +++ exited with 0 +++
740013 +++ exited with 0 +++
740072 +++ exited with 0 +++
740012 +++ exited with 0 +++
734974 --- SIGCHLD {si_signo=SIGCHLD, si_code=CLD_EXITED, si_pid=740012, si_uid=1000, si_status=0, si_utime=29, si_stime=12} ---
740096 +++ exited with 0 +++
740142 +++ exited with 0 +++
740139 +++ exited with 0 +++
740143 +++ exited with 0 +++
740141 +++ exited with 0 +++
740097 +++ exited with 0 +++
740140 +++ exited with 0 +++
740092 +++ exited with 0 +++
740090 +++ exited with 0 +++
734974 --- SIGCHLD {si_signo=SIGCHLD, si_code=CLD_EXITED, si_pid=740090, si_uid=1000, si_status=0, si_utime=78, si_stime=12} ---
734974 sendfile(5, 4, [0] => [489553], 8388608) = 489553
734974 sendfile(5, 4, [489553], 8388608) = 0
734974 sendfile(5, 4, [0] => [203278], 8388608) = 203278
734974 sendfile(5, 4, [203278], 8388608) = 0
734974 sendfile(5, 4, [0] => [182268], 8388608) = 182268
734974 sendfile(5, 4, [182268], 8388608) = 0
734974 sendfile(5, 4, [0] => [178612], 8388608) = 178612
734974 sendfile(5, 4, [178612], 8388608) = 0
734974 sendfile(5, 4, [0] => [1087071], 8388608) = 1087071
734974 sendfile(5, 4, [1087071], 8388608) = 0
734974 sendfile(5, 4, [0] => [955201], 8388608) = 955201
734974 sendfile(5, 4, [955201], 8388608) = 0
734974 sendfile(5, 4, [0] => [290446], 8388608) = 290446
734974 sendfile(5, 4, [290446], 8388608) = 0
734974 sendfile(5, 4, [0] => [1067253], 8388608) = 1067253
734974 sendfile(5, 4, [1067253], 8388608) = 0
734974 sendfile(5, 4, [0] => [245983], 8388608) = 245983
734974 sendfile(5, 4, [245983], 8388608) = 0
734974 sendfile(5, 4, [0] => [70361], 8388608) = 70361
734974 sendfile(5, 4, [70361], 8388608) = 0
734974 sendfile(5, 4, [0] => [91041], 8388608) = 91041
734974 sendfile(5, 4, [91041], 8388608) = 0
734974 sendfile(5, 4, [0] => [798339], 8388608) = 798339
734974 sendfile(5, 4, [798339], 8388608) = 0
734974 sendfile(5, 4, [0] => [558786], 8388608) = 558786
734974 sendfile(5, 4, [558786], 8388608) = 0
734974 sendfile(5, 4, [0] => [803316], 8388608) = 803316
734974 sendfile(5, 4, [803316], 8388608) = 0
734974 sendfile(5, 4, [0] => [752680], 8388608) = 752680
734974 sendfile(5, 4, [752680], 8388608) = 0
734974 sendfile(5, 4, [0] => [709], 8388608) = 709
734974 sendfile(5, 4, [709], 8388608)   = 0
734974 sendfile(5, 4, [0] => [357517], 8388608) = 357517
734974 sendfile(5, 4, [357517], 8388608) = 0
734974 sendfile(5, 4, [0] => [1079168], 8388608) = 1079168
734974 sendfile(5, 4, [1079168], 8388608) = 0
734974 sendfile(5, 4, [0] => [1054486], 8388608) = 1054486
734974 sendfile(5, 4, [1054486], 8388608) = 0
734974 sendfile(5, 4, [0] => [392127], 8388608) = 392127
734974 sendfile(5, 4, [392127], 8388608) = 0
734974 sendfile(5, 4, [0] => [1069230], 8388608) = 1069230
734974 sendfile(5, 4, [1069230], 8388608) = 0
734974 sendfile(5, 4, [0] => [117193], 8388608) = 117193
734974 sendfile(5, 4, [117193], 8388608) = 0
734974 sendfile(5, 4, [0] => [176950], 8388608) = 176950
734974 sendfile(5, 4, [176950], 8388608) = 0
734974 sendfile(5, 4, [0] => [619113], 8388608) = 619113
734974 sendfile(5, 4, [619113], 8388608) = 0
734974 sendfile(5, 4, [0] => [648662], 8388608) = 648662
734974 sendfile(5, 4, [648662], 8388608) = 0
734974 sendfile(5, 4, [0] => [574906], 8388608) = 574906
734974 sendfile(5, 4, [574906], 8388608) = 0
734974 sendfile(5, 4, [0] => [47084], 8388608) = 47084
734974 sendfile(5, 4, [47084], 8388608) = 0
734974 sendfile(5, 4, [0] => [493756], 8388608) = 493756
734974 sendfile(5, 4, [493756], 8388608) = 0
734974 sendfile(5, 4, [0] => [332474], 8388608) = 332474
734974 sendfile(5, 4, [332474], 8388608) = 0
734974 sendfile(5, 4, [0] => [1058580], 8388608) = 1058580
734974 sendfile(5, 4, [1058580], 8388608) = 0
734974 sendfile(5, 4, [0] => [1085183], 8388608) = 1085183
734974 sendfile(5, 4, [1085183], 8388608) = 0
734974 sendfile(5, 4, [0] => [66572], 8388608) = 66572
734974 sendfile(5, 4, [66572], 8388608) = 0
734974 sendfile(5, 4, [0] => [246554], 8388608) = 246554
734974 sendfile(5, 4, [246554], 8388608) = 0
734974 sendfile(5, 4, [0] => [1063798], 8388608) = 1063798
734974 sendfile(5, 4, [1063798], 8388608) = 0
734974 sendfile(5, 4, [0] => [1008276], 8388608) = 1008276
734974 sendfile(5, 4, [1008276], 8388608) = 0
734974 sendfile(5, 4, [0] => [1008870], 8388608) = 1008870
734974 sendfile(5, 4, [1008870], 8388608) = 0
734974 sendfile(5, 4, [0] => [807348], 8388608) = 807348
734974 sendfile(5, 4, [807348], 8388608) = 0
734974 sendfile(5, 4, [0] => [626401], 8388608) = 626401
734974 sendfile(5, 4, [626401], 8388608) = 0
734974 sendfile(5, 4, [0] => [618379], 8388608) = 618379
734974 sendfile(5, 4, [618379], 8388608) = 0
740456 +++ exited with 0 +++
740455 +++ exited with 0 +++
734974 --- SIGCHLD {si_signo=SIGCHLD, si_code=CLD_EXITED, si_pid=740455, si_uid=1000, si_status=0, si_utime=2, si_stime=1} ---
740592 +++ exited with 0 +++
740589 +++ exited with 0 +++
740588 +++ exited with 0 +++
740572 +++ exited with 0 +++
740571 +++ exited with 0 +++
740564 +++ exited with 0 +++
740563 +++ exited with 0 +++
740475 +++ exited with 0 +++
740474 +++ exited with 0 +++
740473 +++ exited with 0 +++
740470 +++ exited with 0 +++
734974 --- SIGCHLD {si_signo=SIGCHLD, si_code=CLD_EXITED, si_pid=740470, si_uid=1000, si_status=0, si_utime=29, si_stime=14} ---
740601 +++ exited with 0 +++
740686 +++ exited with 0 +++
740687 +++ exited with 0 +++
740684 +++ exited with 0 +++
740603 +++ exited with 0 +++
740685 +++ exited with 0 +++
740599 +++ exited with 0 +++
740593 +++ exited with 0 +++
734974 --- SIGCHLD {si_signo=SIGCHLD, si_code=CLD_EXITED, si_pid=740593, si_uid=1000, si_status=0, si_utime=54, si_stime=10} ---
734974 sendfile(5, 4, [0] => [418219], 8388608) = 418219
734974 sendfile(5, 4, [418219], 8388608) = 0
734974 sendfile(5, 4, [0] => [772870], 8388608) = 772870
734974 sendfile(5, 4, [772870], 8388608) = 0
734974 sendfile(5, 4, [0] => [218794], 8388608) = 218794
734974 sendfile(5, 4, [218794], 8388608) = 0
734974 sendfile(5, 4, [0] => [219162], 8388608) = 219162
734974 sendfile(5, 4, [219162], 8388608) = 0
734974 sendfile(5, 4, [0] => [127800], 8388608) = 127800
734974 sendfile(5, 4, [127800], 8388608) = 0
734974 sendfile(5, 4, [0] => [282705], 8388608) = 282705
734974 sendfile(5, 4, [282705], 8388608) = 0
734974 sendfile(5, 4, [0] => [210420], 8388608) = 210420
734974 sendfile(5, 4, [210420], 8388608) = 0
734974 sendfile(5, 4, [0] => [75292], 8388608) = 75292
734974 sendfile(5, 4, [75292], 8388608) = 0
734974 sendfile(5, 4, [0] => [127847], 8388608) = 127847
734974 sendfile(5, 4, [127847], 8388608) = 0
734974 sendfile(5, 4, [0] => [281030], 8388608) = 281030
734974 sendfile(5, 4, [281030], 8388608) = 0
734974 sendfile(5, 4, [0] => [211306], 8388608) = 211306
734974 sendfile(5, 4, [211306], 8388608) = 0
734974 sendfile(5, 4, [0] => [74829], 8388608) = 74829
734974 sendfile(5, 4, [74829], 8388608) = 0
734974 sendfile(5, 4, [0] => [171668], 8388608) = 171668
734974 sendfile(5, 4, [171668], 8388608) = 0
734974 sendfile(5, 4, [0] => [75505], 8388608) = 75505
734974 sendfile(5, 4, [75505], 8388608) = 0
734974 sendfile(5, 4, [0] => [275459], 8388608) = 275459
734974 sendfile(5, 4, [275459], 8388608) = 0
734974 sendfile(5, 4, [0] => [931015], 8388608) = 931015
734974 sendfile(5, 4, [931015], 8388608) = 0
734974 sendfile(5, 4, [0] => [140484], 8388608) = 140484
734974 sendfile(5, 4, [140484], 8388608) = 0
734974 sendfile(5, 4, [0] => [52484], 8388608) = 52484
734974 sendfile(5, 4, [52484], 8388608) = 0
734974 sendfile(5, 4, [0] => [6859691], 8388608) = 6859691
734974 sendfile(5, 4, [6859691], 8388608) = 0
734974 sendfile(5, 4, [0] => [3513], 8388608) = 3513
734974 sendfile(5, 4, [3513], 8388608)  = 0
734974 sendfile(5, 4, [0] => [604649], 8388608) = 604649
734974 sendfile(5, 4, [604649], 8388608) = 0
734974 sendfile(5, 4, [0] => [59584], 8388608) = 59584
734974 sendfile(5, 4, [59584], 8388608) = 0
734974 sendfile(5, 4, [0] => [391084], 8388608) = 391084
734974 sendfile(5, 4, [391084], 8388608) = 0
734974 sendfile(5, 4, [0] => [46584], 8388608) = 46584
734974 sendfile(5, 4, [46584], 8388608) = 0
734974 sendfile(5, 4, [0] => [214184], 8388608) = 214184
734974 sendfile(5, 4, [214184], 8388608) = 0
734974 sendfile(5, 4, [0] => [74829], 8388608) = 74829
734974 sendfile(5, 4, [74829], 8388608) = 0
734974 sendfile(5, 4, [0] => [75505], 8388608) = 75505
734974 sendfile(5, 4, [75505], 8388608) = 0
734974 sendfile(5, 4, [0] => [281030], 8388608) = 281030
734974 sendfile(5, 4, [281030], 8388608) = 0
734974 sendfile(5, 4, [0] => [418219], 8388608) = 418219
734974 sendfile(5, 4, [418219], 8388608) = 0
734974 sendfile(5, 4, [0] => [117084], 8388608) = 117084
734974 sendfile(5, 4, [117084], 8388608) = 0
734974 sendfile(5, 4, [0] => [489684], 8388608) = 489684
734974 sendfile(5, 4, [489684], 8388608) = 0
734974 sendfile(5, 4, [0] => [79184], 8388608) = 79184
734974 sendfile(5, 4, [79184], 8388608) = 0
734974 sendfile(5, 4, [0] => [1177484], 8388608) = 1177484
734974 sendfile(5, 4, [1177484], 8388608) = 0
734974 sendfile(5, 4, [0] => [1354], 8388608) = 1354
734974 sendfile(5, 4, [1354], 8388608)  = 0
734974 sendfile(5, 4, [0] => [42884], 8388608) = 42884
734974 sendfile(5, 4, [42884], 8388608) = 0
734974 sendfile(5, 4, [0] => [343284], 8388608) = 343284
734974 sendfile(5, 4, [343284], 8388608) = 0
734974 sendfile(5, 4, [0] => [132084], 8388608) = 132084
734974 sendfile(5, 4, [132084], 8388608) = 0
734974 sendfile(5, 4, [0] => [142884], 8388608) = 142884
734974 sendfile(5, 4, [142884], 8388608) = 0
734974 sendfile(5, 4, [0] => [772870], 8388608) = 772870
734974 sendfile(5, 4, [772870], 8388608) = 0
734974 sendfile(5, 4, [0] => [52884], 8388608) = 52884
734974 sendfile(5, 4, [52884], 8388608) = 0
734974 sendfile(5, 4, [0] => [104884], 8388608) = 104884
734974 sendfile(5, 4, [104884], 8388608) = 0
734974 sendfile(5, 4, [0] => [193], 8388608) = 193
734974 sendfile(5, 4, [193], 8388608)   = 0
734974 sendfile(5, 4, [0] => [218794], 8388608) = 218794
734974 sendfile(5, 4, [218794], 8388608) = 0
734974 sendfile(5, 4, [0] => [81484], 8388608) = 81484
734974 sendfile(5, 4, [81484], 8388608) = 0
734974 sendfile(5, 4, [0] => [931015], 8388608) = 931015
734974 sendfile(5, 4, [931015], 8388608) = 0
734974 sendfile(5, 4, [0] => [208684], 8388608) = 208684
734974 sendfile(5, 4, [208684], 8388608) = 0
734974 sendfile(5, 4, [0] => [171668], 8388608) = 171668
734974 sendfile(5, 4, [171668], 8388608) = 0
734974 sendfile(5, 4, [0] => [11684], 8388608) = 11684
734974 sendfile(5, 4, [11684], 8388608) = 0
734974 sendfile(5, 4, [0] => [4802348], 8388608) = 4802348
734974 sendfile(5, 4, [4802348], 8388608) = 0
734974 sendfile(5, 4, [0] => [127800], 8388608) = 127800
734974 sendfile(5, 4, [127800], 8388608) = 0
734974 sendfile(5, 4, [0] => [43084], 8388608) = 43084
734974 sendfile(5, 4, [43084], 8388608) = 0
734974 sendfile(5, 4, [0] => [334584], 8388608) = 334584
734974 sendfile(5, 4, [334584], 8388608) = 0
734974 sendfile(5, 4, [0] => [282705], 8388608) = 282705
734974 sendfile(5, 4, [282705], 8388608) = 0
734974 sendfile(5, 4, [0] => [211306], 8388608) = 211306
734974 sendfile(5, 4, [211306], 8388608) = 0
734974 sendfile(5, 4, [0] => [219162], 8388608) = 219162
734974 sendfile(5, 4, [219162], 8388608) = 0
734974 sendfile(5, 4, [0] => [156784], 8388608) = 156784
734974 sendfile(5, 4, [156784], 8388608) = 0
734974 sendfile(5, 4, [0] => [127847], 8388608) = 127847
734974 sendfile(5, 4, [127847], 8388608) = 0
734974 sendfile(5, 4, [0] => [75292], 8388608) = 75292
734974 sendfile(5, 4, [75292], 8388608) = 0
734974 sendfile(5, 4, [0] => [48184], 8388608) = 48184
734974 sendfile(5, 4, [48184], 8388608) = 0
734974 sendfile(5, 4, [0] => [390084], 8388608) = 390084
734974 sendfile(5, 4, [390084], 8388608) = 0
734974 sendfile(5, 4, [0] => [275459], 8388608) = 275459
734974 sendfile(5, 4, [275459], 8388608) = 0
734974 sendfile(5, 4, [0] => [263484], 8388608) = 263484
734974 sendfile(5, 4, [263484], 8388608) = 0
734974 sendfile(5, 4, [0] => [2002], 8388608) = 2002
734974 sendfile(5, 4, [2002], 8388608)  = 0
734974 sendfile(5, 4, [0] => [119326], 8388608) = 119326
734974 sendfile(5, 4, [119326], 8388608) = 0
734974 sendfile(5, 4, [0] => [343584], 8388608) = 343584
734974 sendfile(5, 4, [343584], 8388608) = 0
734974 sendfile(5, 4, [0] => [174284], 8388608) = 174284
734974 sendfile(5, 4, [174284], 8388608) = 0
734974 sendfile(5, 4, [0] => [211284], 8388608) = 211284
734974 sendfile(5, 4, [211284], 8388608) = 0
734974 sendfile(5, 4, [0] => [12023], 8388608) = 12023
734974 sendfile(5, 4, [12023], 8388608) = 0
734974 sendfile(5, 4, [0] => [210420], 8388608) = 210420
734974 sendfile(5, 4, [210420], 8388608) = 0
734974 sendfile(5, 4, [0] => [2188], 8388608) = 2188
734974 sendfile(5, 4, [2188], 8388608)  = 0
734974 sendfile(5, 4, [0] => [6423], 8388608) = 6423
734974 sendfile(5, 4, [6423], 8388608)  = 0
734974 sendfile(5, 4, [0] => [2023], 8388608) = 2023
734974 sendfile(5, 4, [2023], 8388608)  = 0
734974 sendfile(5, 4, [0] => [5150], 8388608) = 5150
734974 sendfile(5, 4, [5150], 8388608)  = 0
734974 sendfile(5, 4, [0] => [656], 8388608) = 656
734974 sendfile(5, 4, [656], 8388608)   = 0
734974 sendfile(5, 4, [0] => [422], 8388608) = 422
734974 sendfile(5, 4, [422], 8388608)   = 0
734974 sendfile(5, 4, [0] => [422], 8388608) = 422
734974 sendfile(5, 4, [422], 8388608)   = 0
734974 sendfile(5, 4, [0] => [1731], 8388608) = 1731
734974 sendfile(5, 4, [1731], 8388608)  = 0
734974 sendfile(5, 4, [0] => [1688], 8388608) = 1688
734974 sendfile(5, 4, [1688], 8388608)  = 0
734974 sendfile(5, 4, [0] => [648], 8388608) = 648
734974 sendfile(5, 4, [648], 8388608)   = 0
734974 sendfile(5, 4, [0] => [422], 8388608) = 422
734974 sendfile(5, 4, [422], 8388608)   = 0
734974 sendfile(5, 4, [0] => [636], 8388608) = 636
734974 sendfile(5, 4, [636], 8388608)   = 0
734974 sendfile(5, 4, [0] => [636], 8388608) = 636
734974 sendfile(5, 4, [636], 8388608)   = 0
734974 sendfile(5, 4, [0] => [619], 8388608) = 619
734974 sendfile(5, 4, [619], 8388608)   = 0
734974 sendfile(5, 4, [0] => [422], 8388608) = 422
734974 sendfile(5, 4, [422], 8388608)   = 0
734974 sendfile(5, 4, [0] => [647], 8388608) = 647
734974 sendfile(5, 4, [647], 8388608)   = 0
734974 sendfile(5, 4, [0] => [629], 8388608) = 629
734974 sendfile(5, 4, [629], 8388608)   = 0
734974 sendfile(5, 4, [0] => [630], 8388608) = 630
734974 sendfile(5, 4, [630], 8388608)   = 0
734974 sendfile(5, 4, [0] => [623], 8388608) = 623
734974 sendfile(5, 4, [623], 8388608)   = 0
734974 sendfile(5, 4, [0] => [1743], 8388608) = 1743
734974 sendfile(5, 4, [1743], 8388608)  = 0
734974 sendfile(5, 4, [0] => [630], 8388608) = 630
734974 sendfile(5, 4, [630], 8388608)   = 0
734974 sendfile(5, 4, [0] => [623], 8388608) = 623
734974 sendfile(5, 4, [623], 8388608)   = 0
734974 sendfile(5, 4, [0] => [1828], 8388608) = 1828
734974 sendfile(5, 4, [1828], 8388608)  = 0
734974 sendfile(5, 4, [0] => [627], 8388608) = 627
734974 sendfile(5, 4, [627], 8388608)   = 0
734974 sendfile(5, 4, [0] => [629], 8388608) = 629
734974 sendfile(5, 4, [629], 8388608)   = 0
734974 sendfile(5, 4, [0] => [2074], 8388608) = 2074
734974 sendfile(5, 4, [2074], 8388608)  = 0
734974 sendfile(5, 4, [0] => [1734], 8388608) = 1734
734974 sendfile(5, 4, [1734], 8388608)  = 0
734974 sendfile(5, 4, [0] => [422], 8388608) = 422
734974 sendfile(5, 4, [422], 8388608)   = 0
734974 sendfile(5, 4, [0] => [638], 8388608) = 638
734974 sendfile(5, 4, [638], 8388608)   = 0
734974 sendfile(5, 4, [0] => [1753], 8388608) = 1753
734974 sendfile(5, 4, [1753], 8388608)  = 0
734974 sendfile(5, 4, [0] => [1755], 8388608) = 1755
734974 sendfile(5, 4, [1755], 8388608)  = 0
734974 sendfile(5, 4, [0] => [636], 8388608) = 636
734974 sendfile(5, 4, [636], 8388608)   = 0
734974 sendfile(5, 4, [0] => [624], 8388608) = 624
734974 sendfile(5, 4, [624], 8388608)   = 0
734974 sendfile(5, 4, [0] => [422], 8388608) = 422
734974 sendfile(5, 4, [422], 8388608)   = 0
734974 sendfile(5, 4, [0] => [614], 8388608) = 614
734974 sendfile(5, 4, [614], 8388608)   = 0
734974 sendfile(5, 4, [0] => [1742], 8388608) = 1742
734974 sendfile(5, 4, [1742], 8388608)  = 0
734974 sendfile(5, 4, [0] => [422], 8388608) = 422
734974 sendfile(5, 4, [422], 8388608)   = 0
734974 sendfile(5, 4, [0] => [624], 8388608) = 624
734974 sendfile(5, 4, [624], 8388608)   = 0
734974 sendfile(5, 4, [0] => [1701], 8388608) = 1701
734974 sendfile(5, 4, [1701], 8388608)  = 0
734974 sendfile(5, 4, [0] => [422], 8388608) = 422
734974 sendfile(5, 4, [422], 8388608)   = 0
734974 sendfile(5, 4, [0] => [624], 8388608) = 624
734974 sendfile(5, 4, [624], 8388608)   = 0
734974 sendfile(5, 4, [0] => [422], 8388608) = 422
734974 sendfile(5, 4, [422], 8388608)   = 0
734974 sendfile(5, 4, [0] => [637], 8388608) = 637
734974 sendfile(5, 4, [637], 8388608)   = 0
734974 sendfile(5, 4, [0] => [615], 8388608) = 615
734974 sendfile(5, 4, [615], 8388608)   = 0
734974 sendfile(5, 4, [0] => [422], 8388608) = 422
734974 sendfile(5, 4, [422], 8388608)   = 0
734974 sendfile(5, 4, [0] => [658], 8388608) = 658
734974 sendfile(5, 4, [658], 8388608)   = 0
734974 sendfile(5, 4, [0] => [2140], 8388608) = 2140
734974 sendfile(5, 4, [2140], 8388608)  = 0
734974 sendfile(5, 4, [0] => [2139], 8388608) = 2139
734974 sendfile(5, 4, [2139], 8388608)  = 0
734974 sendfile(5, 4, [0] => [422], 8388608) = 422
734974 sendfile(5, 4, [422], 8388608)   = 0
734974 sendfile(5, 4, [0] => [657], 8388608) = 657
734974 sendfile(5, 4, [657], 8388608)   = 0
734974 sendfile(5, 4, [0] => [422], 8388608) = 422
734974 sendfile(5, 4, [422], 8388608)   = 0
734974 sendfile(5, 4, [0] => [422], 8388608) = 422
734974 sendfile(5, 4, [422], 8388608)   = 0
734974 sendfile(5, 4, [0] => [628], 8388608) = 628
734974 sendfile(5, 4, [628], 8388608)   = 0
734974 sendfile(5, 4, [0] => [627], 8388608) = 627
734974 sendfile(5, 4, [627], 8388608)   = 0
734974 sendfile(5, 4, [0] => [631], 8388608) = 631
734974 sendfile(5, 4, [631], 8388608)   = 0
734974 sendfile(5, 4, [0] => [1763], 8388608) = 1763
734974 sendfile(5, 4, [1763], 8388608)  = 0
734974 sendfile(5, 4, [0] => [635], 8388608) = 635
734974 sendfile(5, 4, [635], 8388608)   = 0
734974 sendfile(5, 4, [0] => [422], 8388608) = 422
734974 sendfile(5, 4, [422], 8388608)   = 0
734974 sendfile(5, 4, [0] => [632], 8388608) = 632
734974 sendfile(5, 4, [632], 8388608)   = 0
734974 sendfile(5, 4, [0] => [2122], 8388608) = 2122
734974 sendfile(5, 4, [2122], 8388608)  = 0
734974 sendfile(5, 4, [0] => [852], 8388608) = 852
734974 sendfile(5, 4, [852], 8388608)   = 0
734974 sendfile(5, 4, [0] => [1726], 8388608) = 1726
734974 sendfile(5, 4, [1726], 8388608)  = 0
734974 sendfile(5, 4, [0] => [630], 8388608) = 630
734974 sendfile(5, 4, [630], 8388608)   = 0
734974 sendfile(5, 4, [0] => [2132], 8388608) = 2132
734974 sendfile(5, 4, [2132], 8388608)  = 0
734974 sendfile(5, 4, [0] => [422], 8388608) = 422
734974 sendfile(5, 4, [422], 8388608)   = 0
734974 sendfile(5, 4, [0] => [656], 8388608) = 656
734974 sendfile(5, 4, [656], 8388608)   = 0
734974 sendfile(5, 4, [0] => [635], 8388608) = 635
734974 sendfile(5, 4, [635], 8388608)   = 0
734974 sendfile(5, 4, [0] => [422], 8388608) = 422
734974 sendfile(5, 4, [422], 8388608)   = 0
734974 sendfile(5, 4, [0] => [653], 8388608) = 653
734974 sendfile(5, 4, [653], 8388608)   = 0
734974 sendfile(5, 4, [0] => [1723], 8388608) = 1723
734974 sendfile(5, 4, [1723], 8388608)  = 0
734974 sendfile(5, 4, [0] => [52144], 8388608) = 52144
734974 sendfile(5, 4, [52144], 8388608) = 0
734974 sendfile(5, 4, [0] => [386], 8388608) = 386
734974 sendfile(5, 4, [386], 8388608)   = 0
734974 sendfile(5, 4, [0], 8388608)     = 0
734974 sendfile(5, 4, [0] => [418219], 8388608) = 418219
734974 sendfile(5, 4, [418219], 8388608) = 0
734974 sendfile(5, 4, [0] => [193], 8388608) = 193
734974 sendfile(5, 4, [193], 8388608)   = 0
734974 sendfile(5, 4, [0] => [604649], 8388608) = 604649
734974 sendfile(5, 4, [604649], 8388608) = 0
734974 sendfile(5, 4, [0] => [343584], 8388608) = 343584
734974 sendfile(5, 4, [343584], 8388608) = 0
734974 sendfile(5, 4, [0] => [1354], 8388608) = 1354
734974 sendfile(5, 4, [1354], 8388608)  = 0
734974 sendfile(5, 4, [0] => [2002], 8388608) = 2002
734974 sendfile(5, 4, [2002], 8388608)  = 0
734974 sendfile(5, 4, [0] => [186], 8388608) = 186
734974 sendfile(5, 4, [186], 8388608)   = 0
734974 sendfile(5, 4, [0] => [4802348], 8388608) = 4802348
734974 sendfile(5, 4, [4802348], 8388608) = 0
734974 sendfile(5, 4, [0] => [6859691], 8388608) = 6859691
734974 sendfile(5, 4, [6859691], 8388608) = 0
734974 sendfile(5, 4, [0] => [12023], 8388608) = 12023
734974 sendfile(5, 4, [12023], 8388608) = 0
734974 sendfile(5, 4, [0] => [119326], 8388608) = 119326
734974 sendfile(5, 4, [119326], 8388608) = 0
734974 sendfile(5, 4, [0] => [3513], 8388608) = 3513
734974 sendfile(5, 4, [3513], 8388608)  = 0
734974 sendfile(5, 4, [0] => [11684], 8388608) = 11684
734974 sendfile(5, 4, [11684], 8388608) = 0
734974 sendfile(5, 4, [0] => [263484], 8388608) = 263484
734974 sendfile(5, 4, [263484], 8388608) = 0
734974 sendfile(5, 4, [0] => [211284], 8388608) = 211284
734974 sendfile(5, 4, [211284], 8388608) = 0
734974 sendfile(5, 4, [0] => [52884], 8388608) = 52884
734974 sendfile(5, 4, [52884], 8388608) = 0
734974 sendfile(5, 4, [0] => [43084], 8388608) = 43084
734974 sendfile(5, 4, [43084], 8388608) = 0
734974 sendfile(5, 4, [0] => [156784], 8388608) = 156784
734974 sendfile(5, 4, [156784], 8388608) = 0
734974 sendfile(5, 4, [0] => [81484], 8388608) = 81484
734974 sendfile(5, 4, [81484], 8388608) = 0
734974 sendfile(5, 4, [0] => [489684], 8388608) = 489684
734974 sendfile(5, 4, [489684], 8388608) = 0
734974 sendfile(5, 4, [0] => [104884], 8388608) = 104884
734974 sendfile(5, 4, [104884], 8388608) = 0
734974 sendfile(5, 4, [0] => [343284], 8388608) = 343284
734974 sendfile(5, 4, [343284], 8388608) = 0
734974 sendfile(5, 4, [0] => [334584], 8388608) = 334584
734974 sendfile(5, 4, [334584], 8388608) = 0
734974 sendfile(5, 4, [0] => [140484], 8388608) = 140484
734974 sendfile(5, 4, [140484], 8388608) = 0
734974 sendfile(5, 4, [0] => [174284], 8388608) = 174284
734974 sendfile(5, 4, [174284], 8388608) = 0
734974 sendfile(5, 4, [0] => [390084], 8388608) = 390084
734974 sendfile(5, 4, [390084], 8388608) = 0
734974 sendfile(5, 4, [0] => [214184], 8388608) = 214184
734974 sendfile(5, 4, [214184], 8388608) = 0
734974 sendfile(5, 4, [0] => [52484], 8388608) = 52484
734974 sendfile(5, 4, [52484], 8388608) = 0
734974 sendfile(5, 4, [0] => [1177484], 8388608) = 1177484
734974 sendfile(5, 4, [1177484], 8388608) = 0
734974 sendfile(5, 4, [0] => [79184], 8388608) = 79184
734974 sendfile(5, 4, [79184], 8388608) = 0
734974 sendfile(5, 4, [0] => [59584], 8388608) = 59584
734974 sendfile(5, 4, [59584], 8388608) = 0
734974 sendfile(5, 4, [0] => [42884], 8388608) = 42884
734974 sendfile(5, 4, [42884], 8388608) = 0
734974 sendfile(5, 4, [0] => [117084], 8388608) = 117084
734974 sendfile(5, 4, [117084], 8388608) = 0
734974 sendfile(5, 4, [0] => [142884], 8388608) = 142884
734974 sendfile(5, 4, [142884], 8388608) = 0
734974 sendfile(5, 4, [0] => [208684], 8388608) = 208684
734974 sendfile(5, 4, [208684], 8388608) = 0
734974 sendfile(5, 4, [0] => [46584], 8388608) = 46584
734974 sendfile(5, 4, [46584], 8388608) = 0
734974 sendfile(5, 4, [0] => [391084], 8388608) = 391084
734974 sendfile(5, 4, [391084], 8388608) = 0
734974 sendfile(5, 4, [0] => [132084], 8388608) = 132084
734974 sendfile(5, 4, [132084], 8388608) = 0
734974 sendfile(5, 4, [0] => [48184], 8388608) = 48184
734974 sendfile(5, 4, [48184], 8388608) = 0
734974 sendfile(5, 4, [0] => [95110], 8388608) = 95110
734974 sendfile(5, 4, [95110], 8388608) = 0
734974 sendfile(5, 4, [0] => [1725], 8388608) = 1725
734974 sendfile(5, 4, [1725], 8388608)  = 0
734974 sendfile(5, 4, [0] => [30910], 8388608) = 30910
734974 sendfile(5, 4, [30910], 8388608) = 0
734974 sendfile(5, 4, [0] => [418219], 8388608) = 418219
734974 sendfile(5, 4, [418219], 8388608) = 0
734974 sendfile(5, 4, [0] => [772870], 8388608) = 772870
734974 sendfile(5, 4, [772870], 8388608) = 0
734974 sendfile(5, 4, [0] => [218794], 8388608) = 218794
734974 sendfile(5, 4, [218794], 8388608) = 0
734974 sendfile(5, 4, [0] => [219162], 8388608) = 219162
734974 sendfile(5, 4, [219162], 8388608) = 0
734974 sendfile(5, 4, [0] => [127800], 8388608) = 127800
734974 sendfile(5, 4, [127800], 8388608) = 0
734974 sendfile(5, 4, [0] => [282705], 8388608) = 282705
734974 sendfile(5, 4, [282705], 8388608) = 0
734974 sendfile(5, 4, [0] => [210420], 8388608) = 210420
734974 sendfile(5, 4, [210420], 8388608) = 0
734974 sendfile(5, 4, [0] => [75292], 8388608) = 75292
734974 sendfile(5, 4, [75292], 8388608) = 0
734974 sendfile(5, 4, [0] => [127847], 8388608) = 127847
734974 sendfile(5, 4, [127847], 8388608) = 0
734974 sendfile(5, 4, [0] => [281030], 8388608) = 281030
734974 sendfile(5, 4, [281030], 8388608) = 0
734974 sendfile(5, 4, [0] => [211306], 8388608) = 211306
734974 sendfile(5, 4, [211306], 8388608) = 0
734974 sendfile(5, 4, [0] => [74829], 8388608) = 74829
734974 sendfile(5, 4, [74829], 8388608) = 0
734974 sendfile(5, 4, [0] => [171668], 8388608) = 171668
734974 sendfile(5, 4, [171668], 8388608) = 0
734974 sendfile(5, 4, [0] => [75505], 8388608) = 75505
734974 sendfile(5, 4, [75505], 8388608) = 0
734974 sendfile(5, 4, [0] => [275459], 8388608) = 275459
734974 sendfile(5, 4, [275459], 8388608) = 0
734974 sendfile(5, 4, [0] => [931015], 8388608) = 931015
734974 sendfile(5, 4, [931015], 8388608) = 0
734974 sendfile(5, 4, [0] => [457], 8388608) = 457
734974 sendfile(5, 4, [457], 8388608)   = 0
734974 sendfile(5, 4, [0] => [4784], 8388608) = 4784
734974 sendfile(5, 4, [4784], 8388608)  = 0
734974 sendfile(5, 4, [0] => [1425], 8388608) = 1425
734974 sendfile(5, 4, [1425], 8388608)  = 0
734974 sendfile(5, 4, [0] => [75055], 8388608) = 75055
734974 sendfile(5, 4, [75055], 8388608) = 0
734974 sendfile(5, 4, [0] => [9727], 8388608) = 9727
734974 sendfile(5, 4, [9727], 8388608)  = 0
734974 sendfile(5, 4, [0] => [689], 8388608) = 689
734974 sendfile(5, 4, [689], 8388608)   = 0
734974 sendfile(5, 4, [0] => [3046], 8388608) = 3046
734974 sendfile(5, 4, [3046], 8388608)  = 0
734974 sendfile(5, 4, [0] => [960], 8388608) = 960
734974 sendfile(5, 4, [960], 8388608)   = 0
734974 sendfile(5, 4, [0] => [50], 8388608) = 50
734974 sendfile(5, 4, [50], 8388608)    = 0
734974 sendfile(5, 4, [0] => [5933], 8388608) = 5933
734974 sendfile(5, 4, [5933], 8388608)  = 0
734974 sendfile(5, 4, [0] => [2759], 8388608) = 2759
734974 sendfile(5, 4, [2759], 8388608)  = 0
734974 sendfile(5, 4, [0] => [142], 8388608) = 142
734974 sendfile(5, 4, [142], 8388608)   = 0
734974 sendfile(5, 4, [0] => [122], 8388608) = 122
734974 sendfile(5, 4, [122], 8388608)   = 0
734974 sendfile(5, 4, [0] => [25], 8388608) = 25
734974 sendfile(5, 4, [25], 8388608)    = 0
734974 sendfile(5, 4, [0] => [2002], 8388608) = 2002
734974 sendfile(5, 4, [2002], 8388608)  = 0
734974 sendfile(5, 4, [0] => [83589], 8388608) = 83589
734974 sendfile(5, 4, [83589], 8388608) = 0
734974 sendfile(5, 4, [0] => [533], 8388608) = 533
734974 sendfile(5, 4, [533], 8388608)   = 0
734974 sendfile(5, 4, [0] => [20457], 8388608) = 20457
734974 sendfile(5, 4, [20457], 8388608) = 0
734974 sendfile(5, 4, [0] => [24911], 8388608) = 24911
734974 sendfile(5, 4, [24911], 8388608) = 0
734974 sendfile(5, 4, [0] => [446], 8388608) = 446
734974 sendfile(5, 4, [446], 8388608)   = 0
734974 sendfile(5, 4, [0] => [11351], 8388608) = 11351
734974 sendfile(5, 4, [11351], 8388608) = 0
734974 sendfile(5, 4, [0] => [3479], 8388608) = 3479
734974 sendfile(5, 4, [3479], 8388608)  = 0
734974 sendfile(5, 4, [0] => [5495], 8388608) = 5495
734974 sendfile(5, 4, [5495], 8388608)  = 0
734974 sendfile(5, 4, [0] => [80884], 8388608) = 80884
734974 sendfile(5, 4, [80884], 8388608) = 0
734974 sendfile(5, 4, [0] => [927984], 8388608) = 927984
734974 sendfile(5, 4, [927984], 8388608) = 0
734974 sendfile(5, 4, [0] => [278284], 8388608) = 278284
734974 sendfile(5, 4, [278284], 8388608) = 0
734974 sendfile(5, 4, [0] => [79584], 8388608) = 79584
734974 sendfile(5, 4, [79584], 8388608) = 0
734974 sendfile(5, 4, [0] => [287484], 8388608) = 287484
734974 sendfile(5, 4, [287484], 8388608) = 0
734974 sendfile(5, 4, [0] => [131484], 8388608) = 131484
734974 sendfile(5, 4, [131484], 8388608) = 0
734974 sendfile(5, 4, [0] => [222584], 8388608) = 222584
734974 sendfile(5, 4, [222584], 8388608) = 0
734974 sendfile(5, 4, [0] => [215484], 8388608) = 215484
734974 sendfile(5, 4, [215484], 8388608) = 0
734974 sendfile(5, 4, [0] => [177684], 8388608) = 177684
734974 sendfile(5, 4, [177684], 8388608) = 0
734974 sendfile(5, 4, [0] => [80284], 8388608) = 80284
734974 sendfile(5, 4, [80284], 8388608) = 0
734974 sendfile(5, 4, [0] => [287284], 8388608) = 287284
734974 sendfile(5, 4, [287284], 8388608) = 0
734974 sendfile(5, 4, [0] => [131484], 8388608) = 131484
734974 sendfile(5, 4, [131484], 8388608) = 0
734974 sendfile(5, 4, [0] => [222584], 8388608) = 222584
734974 sendfile(5, 4, [222584], 8388608) = 0
734974 sendfile(5, 4, [0] => [215484], 8388608) = 215484
734974 sendfile(5, 4, [215484], 8388608) = 0
734974 sendfile(5, 4, [0] => [779084], 8388608) = 779084
734974 sendfile(5, 4, [779084], 8388608) = 0
734974 sendfile(5, 4, [0] => [754], 8388608) = 754
734974 sendfile(5, 4, [754], 8388608)   = 0
734974 sendfile(5, 4, [0] => [12619], 8388608) = 12619
734974 sendfile(5, 4, [12619], 8388608) = 0
734974 sendfile(5, 4, [0] => [11610], 8388608) = 11610
734974 sendfile(5, 4, [11610], 8388608) = 0
734974 sendfile(5, 4, [0] => [1901], 8388608) = 1901
734974 sendfile(5, 4, [1901], 8388608)  = 0
734974 sendfile(5, 4, [0] => [1892], 8388608) = 1892
734974 sendfile(5, 4, [1892], 8388608)  = 0
734974 sendfile(5, 4, [0] => [82926], 8388608) = 82926
734974 sendfile(5, 4, [82926], 8388608) = 0
734974 sendfile(5, 4, [0] => [1901], 8388608) = 1901
734974 sendfile(5, 4, [1901], 8388608)  = 0
740832 +++ exited with 0 +++
740829 +++ exited with 0 +++
734974 --- SIGCHLD {si_signo=SIGCHLD, si_code=CLD_EXITED, si_pid=740829, si_uid=1000, si_status=0, si_utime=1, si_stime=0} ---
740943 +++ exited with 0 +++
740942 +++ exited with 0 +++
740939 +++ exited with 0 +++
740915 +++ exited with 0 +++
740914 +++ exited with 0 +++
740911 +++ exited with 0 +++
740910 +++ exited with 0 +++
740852 +++ exited with 0 +++
740851 +++ exited with 0 +++
740841 +++ exited with 0 +++
740840 +++ exited with 0 +++
734974 --- SIGCHLD {si_signo=SIGCHLD, si_code=CLD_EXITED, si_pid=740840, si_uid=1000, si_status=0, si_utime=27, si_stime=13} ---
740961 +++ exited with 0 +++
740998 +++ exited with 0 +++
740996 +++ exited with 0 +++
740999 +++ exited with 0 +++
740997 +++ exited with 0 +++
740995 +++ exited with 0 +++
740963 +++ exited with 0 +++
740960 +++ exited with 0 +++
740952 +++ exited with 0 +++
734974 --- SIGCHLD {si_signo=SIGCHLD, si_code=CLD_EXITED, si_pid=740952, si_uid=1000, si_status=0, si_utime=51, si_stime=13} ---
734974 sendfile(5, 4, [0] => [140484], 8388608) = 140484
734974 sendfile(5, 4, [140484], 8388608) = 0
734974 sendfile(5, 4, [0] => [52484], 8388608) = 52484
734974 sendfile(5, 4, [52484], 8388608) = 0
734974 sendfile(5, 4, [0] => [6859691], 8388608) = 6859691
734974 sendfile(5, 4, [6859691], 8388608) = 0
734974 sendfile(5, 4, [0] => [3513], 8388608) = 3513
734974 sendfile(5, 4, [3513], 8388608)  = 0
734974 sendfile(5, 4, [0] => [604649], 8388608) = 604649
734974 sendfile(5, 4, [604649], 8388608) = 0
734974 sendfile(5, 4, [0] => [59584], 8388608) = 59584
734974 sendfile(5, 4, [59584], 8388608) = 0
734974 sendfile(5, 4, [0] => [391084], 8388608) = 391084
734974 sendfile(5, 4, [391084], 8388608) = 0
734974 sendfile(5, 4, [0] => [46584], 8388608) = 46584
734974 sendfile(5, 4, [46584], 8388608) = 0
734974 sendfile(5, 4, [0] => [214184], 8388608) = 214184
734974 sendfile(5, 4, [214184], 8388608) = 0
734974 sendfile(5, 4, [0] => [74829], 8388608) = 74829
734974 sendfile(5, 4, [74829], 8388608) = 0
734974 sendfile(5, 4, [0] => [75505], 8388608) = 75505
734974 sendfile(5, 4, [75505], 8388608) = 0
734974 sendfile(5, 4, [0] => [281030], 8388608) = 281030
734974 sendfile(5, 4, [281030], 8388608) = 0
734974 sendfile(5, 4, [0] => [418219], 8388608) = 418219
734974 sendfile(5, 4, [418219], 8388608) = 0
734974 sendfile(5, 4, [0] => [117084], 8388608) = 117084
734974 sendfile(5, 4, [117084], 8388608) = 0
734974 sendfile(5, 4, [0] => [489684], 8388608) = 489684
734974 sendfile(5, 4, [489684], 8388608) = 0
734974 sendfile(5, 4, [0] => [79184], 8388608) = 79184
734974 sendfile(5, 4, [79184], 8388608) = 0
734974 sendfile(5, 4, [0] => [1177484], 8388608) = 1177484
734974 sendfile(5, 4, [1177484], 8388608) = 0
734974 sendfile(5, 4, [0] => [1354], 8388608) = 1354
734974 sendfile(5, 4, [1354], 8388608)  = 0
734974 sendfile(5, 4, [0] => [42884], 8388608) = 42884
734974 sendfile(5, 4, [42884], 8388608) = 0
734974 sendfile(5, 4, [0] => [343284], 8388608) = 343284
734974 sendfile(5, 4, [343284], 8388608) = 0
734974 sendfile(5, 4, [0] => [132084], 8388608) = 132084
734974 sendfile(5, 4, [132084], 8388608) = 0
734974 sendfile(5, 4, [0] => [142884], 8388608) = 142884
734974 sendfile(5, 4, [142884], 8388608) = 0
734974 sendfile(5, 4, [0] => [772870], 8388608) = 772870
734974 sendfile(5, 4, [772870], 8388608) = 0
734974 sendfile(5, 4, [0] => [52884], 8388608) = 52884
734974 sendfile(5, 4, [52884], 8388608) = 0
734974 sendfile(5, 4, [0] => [104884], 8388608) = 104884
734974 sendfile(5, 4, [104884], 8388608) = 0
734974 sendfile(5, 4, [0] => [193], 8388608) = 193
734974 sendfile(5, 4, [193], 8388608)   = 0
734974 sendfile(5, 4, [0] => [218794], 8388608) = 218794
734974 sendfile(5, 4, [218794], 8388608) = 0
734974 sendfile(5, 4, [0] => [81484], 8388608) = 81484
734974 sendfile(5, 4, [81484], 8388608) = 0
734974 sendfile(5, 4, [0] => [931015], 8388608) = 931015
734974 sendfile(5, 4, [931015], 8388608) = 0
734974 sendfile(5, 4, [0] => [208684], 8388608) = 208684
734974 sendfile(5, 4, [208684], 8388608) = 0
734974 sendfile(5, 4, [0] => [171668], 8388608) = 171668
734974 sendfile(5, 4, [171668], 8388608) = 0
734974 sendfile(5, 4, [0] => [11684], 8388608) = 11684
734974 sendfile(5, 4, [11684], 8388608) = 0
734974 sendfile(5, 4, [0] => [4802348], 8388608) = 4802348
734974 sendfile(5, 4, [4802348], 8388608) = 0
734974 sendfile(5, 4, [0] => [127800], 8388608) = 127800
734974 sendfile(5, 4, [127800], 8388608) = 0
734974 sendfile(5, 4, [0] => [43084], 8388608) = 43084
734974 sendfile(5, 4, [43084], 8388608) = 0
734974 sendfile(5, 4, [0] => [334584], 8388608) = 334584
734974 sendfile(5, 4, [334584], 8388608) = 0
734974 sendfile(5, 4, [0] => [282705], 8388608) = 282705
734974 sendfile(5, 4, [282705], 8388608) = 0
734974 sendfile(5, 4, [0] => [211306], 8388608) = 211306
734974 sendfile(5, 4, [211306], 8388608) = 0
734974 sendfile(5, 4, [0] => [219162], 8388608) = 219162
734974 sendfile(5, 4, [219162], 8388608) = 0
734974 sendfile(5, 4, [0] => [156784], 8388608) = 156784
734974 sendfile(5, 4, [156784], 8388608) = 0
734974 sendfile(5, 4, [0] => [127847], 8388608) = 127847
734974 sendfile(5, 4, [127847], 8388608) = 0
734974 sendfile(5, 4, [0] => [75292], 8388608) = 75292
734974 sendfile(5, 4, [75292], 8388608) = 0
734974 sendfile(5, 4, [0] => [48184], 8388608) = 48184
734974 sendfile(5, 4, [48184], 8388608) = 0
734974 sendfile(5, 4, [0] => [390084], 8388608) = 390084
734974 sendfile(5, 4, [390084], 8388608) = 0
734974 sendfile(5, 4, [0] => [275459], 8388608) = 275459
734974 sendfile(5, 4, [275459], 8388608) = 0
734974 sendfile(5, 4, [0] => [263484], 8388608) = 263484
734974 sendfile(5, 4, [263484], 8388608) = 0
734974 sendfile(5, 4, [0] => [2002], 8388608) = 2002
734974 sendfile(5, 4, [2002], 8388608)  = 0
734974 sendfile(5, 4, [0] => [119326], 8388608) = 119326
734974 sendfile(5, 4, [119326], 8388608) = 0
734974 sendfile(5, 4, [0] => [343584], 8388608) = 343584
734974 sendfile(5, 4, [343584], 8388608) = 0
734974 sendfile(5, 4, [0] => [174284], 8388608) = 174284
734974 sendfile(5, 4, [174284], 8388608) = 0
734974 sendfile(5, 4, [0] => [211284], 8388608) = 211284
734974 sendfile(5, 4, [211284], 8388608) = 0
734974 sendfile(5, 4, [0] => [12023], 8388608) = 12023
734974 sendfile(5, 4, [12023], 8388608) = 0
734974 sendfile(5, 4, [0] => [210420], 8388608) = 210420
734974 sendfile(5, 4, [210420], 8388608) = 0
734974 sendfile(5, 4, [0] => [2188], 8388608) = 2188
734974 sendfile(5, 4, [2188], 8388608)  = 0
734974 sendfile(5, 4, [0] => [6423], 8388608) = 6423
734974 sendfile(5, 4, [6423], 8388608)  = 0
734974 sendfile(5, 4, [0] => [2023], 8388608) = 2023
734974 sendfile(5, 4, [2023], 8388608)  = 0
734974 sendfile(5, 4, [0] => [5150], 8388608) = 5150
734974 sendfile(5, 4, [5150], 8388608)  = 0
734974 sendfile(5, 4, [0] => [656], 8388608) = 656
734974 sendfile(5, 4, [656], 8388608)   = 0
734974 sendfile(5, 4, [0] => [422], 8388608) = 422
734974 sendfile(5, 4, [422], 8388608)   = 0
734974 sendfile(5, 4, [0] => [422], 8388608) = 422
734974 sendfile(5, 4, [422], 8388608)   = 0
734974 sendfile(5, 4, [0] => [1731], 8388608) = 1731
734974 sendfile(5, 4, [1731], 8388608)  = 0
734974 sendfile(5, 4, [0] => [1688], 8388608) = 1688
734974 sendfile(5, 4, [1688], 8388608)  = 0
734974 sendfile(5, 4, [0] => [648], 8388608) = 648
734974 sendfile(5, 4, [648], 8388608)   = 0
734974 sendfile(5, 4, [0] => [422], 8388608) = 422
734974 sendfile(5, 4, [422], 8388608)   = 0
734974 sendfile(5, 4, [0] => [636], 8388608) = 636
734974 sendfile(5, 4, [636], 8388608)   = 0
734974 sendfile(5, 4, [0] => [636], 8388608) = 636
734974 sendfile(5, 4, [636], 8388608)   = 0
734974 sendfile(5, 4, [0] => [619], 8388608) = 619
734974 sendfile(5, 4, [619], 8388608)   = 0
734974 sendfile(5, 4, [0] => [422], 8388608) = 422
734974 sendfile(5, 4, [422], 8388608)   = 0
734974 sendfile(5, 4, [0] => [647], 8388608) = 647
734974 sendfile(5, 4, [647], 8388608)   = 0
734974 sendfile(5, 4, [0] => [629], 8388608) = 629
734974 sendfile(5, 4, [629], 8388608)   = 0
734974 sendfile(5, 4, [0] => [630], 8388608) = 630
734974 sendfile(5, 4, [630], 8388608)   = 0
734974 sendfile(5, 4, [0] => [623], 8388608) = 623
734974 sendfile(5, 4, [623], 8388608)   = 0
734974 sendfile(5, 4, [0] => [1743], 8388608) = 1743
734974 sendfile(5, 4, [1743], 8388608)  = 0
734974 sendfile(5, 4, [0] => [630], 8388608) = 630
734974 sendfile(5, 4, [630], 8388608)   = 0
734974 sendfile(5, 4, [0] => [623], 8388608) = 623
734974 sendfile(5, 4, [623], 8388608)   = 0
734974 sendfile(5, 4, [0] => [1828], 8388608) = 1828
734974 sendfile(5, 4, [1828], 8388608)  = 0
734974 sendfile(5, 4, [0] => [627], 8388608) = 627
734974 sendfile(5, 4, [627], 8388608)   = 0
734974 sendfile(5, 4, [0] => [629], 8388608) = 629
734974 sendfile(5, 4, [629], 8388608)   = 0
734974 sendfile(5, 4, [0] => [2074], 8388608) = 2074
734974 sendfile(5, 4, [2074], 8388608)  = 0
734974 sendfile(5, 4, [0] => [1734], 8388608) = 1734
734974 sendfile(5, 4, [1734], 8388608)  = 0
734974 sendfile(5, 4, [0] => [422], 8388608) = 422
734974 sendfile(5, 4, [422], 8388608)   = 0
734974 sendfile(5, 4, [0] => [638], 8388608) = 638
734974 sendfile(5, 4, [638], 8388608)   = 0
734974 sendfile(5, 4, [0] => [1753], 8388608) = 1753
734974 sendfile(5, 4, [1753], 8388608)  = 0
734974 sendfile(5, 4, [0] => [1755], 8388608) = 1755
734974 sendfile(5, 4, [1755], 8388608)  = 0
734974 sendfile(5, 4, [0] => [636], 8388608) = 636
734974 sendfile(5, 4, [636], 8388608)   = 0
734974 sendfile(5, 4, [0] => [624], 8388608) = 624
734974 sendfile(5, 4, [624], 8388608)   = 0
734974 sendfile(5, 4, [0] => [422], 8388608) = 422
734974 sendfile(5, 4, [422], 8388608)   = 0
734974 sendfile(5, 4, [0] => [614], 8388608) = 614
734974 sendfile(5, 4, [614], 8388608)   = 0
734974 sendfile(5, 4, [0] => [1742], 8388608) = 1742
734974 sendfile(5, 4, [1742], 8388608)  = 0
734974 sendfile(5, 4, [0] => [422], 8388608) = 422
734974 sendfile(5, 4, [422], 8388608)   = 0
734974 sendfile(5, 4, [0] => [624], 8388608) = 624
734974 sendfile(5, 4, [624], 8388608)   = 0
734974 sendfile(5, 4, [0] => [1701], 8388608) = 1701
734974 sendfile(5, 4, [1701], 8388608)  = 0
734974 sendfile(5, 4, [0] => [422], 8388608) = 422
734974 sendfile(5, 4, [422], 8388608)   = 0
734974 sendfile(5, 4, [0] => [624], 8388608) = 624
734974 sendfile(5, 4, [624], 8388608)   = 0
734974 sendfile(5, 4, [0] => [422], 8388608) = 422
734974 sendfile(5, 4, [422], 8388608)   = 0
734974 sendfile(5, 4, [0] => [637], 8388608) = 637
734974 sendfile(5, 4, [637], 8388608)   = 0
734974 sendfile(5, 4, [0] => [615], 8388608) = 615
734974 sendfile(5, 4, [615], 8388608)   = 0
734974 sendfile(5, 4, [0] => [422], 8388608) = 422
734974 sendfile(5, 4, [422], 8388608)   = 0
734974 sendfile(5, 4, [0] => [658], 8388608) = 658
734974 sendfile(5, 4, [658], 8388608)   = 0
734974 sendfile(5, 4, [0] => [2140], 8388608) = 2140
734974 sendfile(5, 4, [2140], 8388608)  = 0
734974 sendfile(5, 4, [0] => [2139], 8388608) = 2139
734974 sendfile(5, 4, [2139], 8388608)  = 0
734974 sendfile(5, 4, [0] => [422], 8388608) = 422
734974 sendfile(5, 4, [422], 8388608)   = 0
734974 sendfile(5, 4, [0] => [657], 8388608) = 657
734974 sendfile(5, 4, [657], 8388608)   = 0
734974 sendfile(5, 4, [0] => [422], 8388608) = 422
734974 sendfile(5, 4, [422], 8388608)   = 0
734974 sendfile(5, 4, [0] => [422], 8388608) = 422
734974 sendfile(5, 4, [422], 8388608)   = 0
734974 sendfile(5, 4, [0] => [628], 8388608) = 628
734974 sendfile(5, 4, [628], 8388608)   = 0
734974 sendfile(5, 4, [0] => [627], 8388608) = 627
734974 sendfile(5, 4, [627], 8388608)   = 0
734974 sendfile(5, 4, [0] => [631], 8388608) = 631
734974 sendfile(5, 4, [631], 8388608)   = 0
734974 sendfile(5, 4, [0] => [1763], 8388608) = 1763
734974 sendfile(5, 4, [1763], 8388608)  = 0
734974 sendfile(5, 4, [0] => [635], 8388608) = 635
734974 sendfile(5, 4, [635], 8388608)   = 0
734974 sendfile(5, 4, [0] => [422], 8388608) = 422
734974 sendfile(5, 4, [422], 8388608)   = 0
734974 sendfile(5, 4, [0] => [632], 8388608) = 632
734974 sendfile(5, 4, [632], 8388608)   = 0
734974 sendfile(5, 4, [0] => [2122], 8388608) = 2122
734974 sendfile(5, 4, [2122], 8388608)  = 0
734974 sendfile(5, 4, [0] => [852], 8388608) = 852
734974 sendfile(5, 4, [852], 8388608)   = 0
734974 sendfile(5, 4, [0] => [1726], 8388608) = 1726
734974 sendfile(5, 4, [1726], 8388608)  = 0
734974 sendfile(5, 4, [0] => [630], 8388608) = 630
734974 sendfile(5, 4, [630], 8388608)   = 0
734974 sendfile(5, 4, [0] => [2132], 8388608) = 2132
734974 sendfile(5, 4, [2132], 8388608)  = 0
734974 sendfile(5, 4, [0] => [422], 8388608) = 422
734974 sendfile(5, 4, [422], 8388608)   = 0
734974 sendfile(5, 4, [0] => [656], 8388608) = 656
734974 sendfile(5, 4, [656], 8388608)   = 0
734974 sendfile(5, 4, [0] => [635], 8388608) = 635
734974 sendfile(5, 4, [635], 8388608)   = 0
734974 sendfile(5, 4, [0] => [422], 8388608) = 422
734974 sendfile(5, 4, [422], 8388608)   = 0
734974 sendfile(5, 4, [0] => [653], 8388608) = 653
734974 sendfile(5, 4, [653], 8388608)   = 0
734974 sendfile(5, 4, [0] => [1723], 8388608) = 1723
734974 sendfile(5, 4, [1723], 8388608)  = 0
734974 sendfile(5, 4, [0] => [52144], 8388608) = 52144
734974 sendfile(5, 4, [52144], 8388608) = 0
734974 sendfile(5, 4, [0] => [386], 8388608) = 386
734974 sendfile(5, 4, [386], 8388608)   = 0
734974 sendfile(5, 4, [0], 8388608)     = 0
734974 sendfile(5, 4, [0] => [418219], 8388608) = 418219
734974 sendfile(5, 4, [418219], 8388608) = 0
734974 sendfile(5, 4, [0] => [193], 8388608) = 193
734974 sendfile(5, 4, [193], 8388608)   = 0
734974 sendfile(5, 4, [0] => [604649], 8388608) = 604649
734974 sendfile(5, 4, [604649], 8388608) = 0
734974 sendfile(5, 4, [0] => [343584], 8388608) = 343584
734974 sendfile(5, 4, [343584], 8388608) = 0
734974 sendfile(5, 4, [0] => [1354], 8388608) = 1354
734974 sendfile(5, 4, [1354], 8388608)  = 0
734974 sendfile(5, 4, [0] => [2002], 8388608) = 2002
734974 sendfile(5, 4, [2002], 8388608)  = 0
734974 sendfile(5, 4, [0] => [186], 8388608) = 186
734974 sendfile(5, 4, [186], 8388608)   = 0
734974 sendfile(5, 4, [0] => [4802348], 8388608) = 4802348
734974 sendfile(5, 4, [4802348], 8388608) = 0
734974 sendfile(5, 4, [0] => [6859691], 8388608) = 6859691
734974 sendfile(5, 4, [6859691], 8388608) = 0
734974 sendfile(5, 4, [0] => [12023], 8388608) = 12023
734974 sendfile(5, 4, [12023], 8388608) = 0
734974 sendfile(5, 4, [0] => [119326], 8388608) = 119326
734974 sendfile(5, 4, [119326], 8388608) = 0
734974 sendfile(5, 4, [0] => [3513], 8388608) = 3513
734974 sendfile(5, 4, [3513], 8388608)  = 0
734974 sendfile(5, 4, [0] => [11684], 8388608) = 11684
734974 sendfile(5, 4, [11684], 8388608) = 0
734974 sendfile(5, 4, [0] => [263484], 8388608) = 263484
734974 sendfile(5, 4, [263484], 8388608) = 0
734974 sendfile(5, 4, [0] => [211284], 8388608) = 211284
734974 sendfile(5, 4, [211284], 8388608) = 0
734974 sendfile(5, 4, [0] => [52884], 8388608) = 52884
734974 sendfile(5, 4, [52884], 8388608) = 0
734974 sendfile(5, 4, [0] => [43084], 8388608) = 43084
734974 sendfile(5, 4, [43084], 8388608) = 0
734974 sendfile(5, 4, [0] => [156784], 8388608) = 156784
734974 sendfile(5, 4, [156784], 8388608) = 0
734974 sendfile(5, 4, [0] => [81484], 8388608) = 81484
734974 sendfile(5, 4, [81484], 8388608) = 0
734974 sendfile(5, 4, [0] => [489684], 8388608) = 489684
734974 sendfile(5, 4, [489684], 8388608) = 0
734974 sendfile(5, 4, [0] => [104884], 8388608) = 104884
734974 sendfile(5, 4, [104884], 8388608) = 0
734974 sendfile(5, 4, [0] => [343284], 8388608) = 343284
734974 sendfile(5, 4, [343284], 8388608) = 0
734974 sendfile(5, 4, [0] => [334584], 8388608) = 334584
734974 sendfile(5, 4, [334584], 8388608) = 0
734974 sendfile(5, 4, [0] => [140484], 8388608) = 140484
734974 sendfile(5, 4, [140484], 8388608) = 0
734974 sendfile(5, 4, [0] => [174284], 8388608) = 174284
734974 sendfile(5, 4, [174284], 8388608) = 0
734974 sendfile(5, 4, [0] => [390084], 8388608) = 390084
734974 sendfile(5, 4, [390084], 8388608) = 0
734974 sendfile(5, 4, [0] => [214184], 8388608) = 214184
734974 sendfile(5, 4, [214184], 8388608) = 0
734974 sendfile(5, 4, [0] => [52484], 8388608) = 52484
734974 sendfile(5, 4, [52484], 8388608) = 0
734974 sendfile(5, 4, [0] => [1177484], 8388608) = 1177484
734974 sendfile(5, 4, [1177484], 8388608) = 0
734974 sendfile(5, 4, [0] => [79184], 8388608) = 79184
734974 sendfile(5, 4, [79184], 8388608) = 0
734974 sendfile(5, 4, [0] => [59584], 8388608) = 59584
734974 sendfile(5, 4, [59584], 8388608) = 0
734974 sendfile(5, 4, [0] => [42884], 8388608) = 42884
734974 sendfile(5, 4, [42884], 8388608) = 0
734974 sendfile(5, 4, [0] => [117084], 8388608) = 117084
734974 sendfile(5, 4, [117084], 8388608) = 0
734974 sendfile(5, 4, [0] => [142884], 8388608) = 142884
734974 sendfile(5, 4, [142884], 8388608) = 0
734974 sendfile(5, 4, [0] => [208684], 8388608) = 208684
734974 sendfile(5, 4, [208684], 8388608) = 0
734974 sendfile(5, 4, [0] => [46584], 8388608) = 46584
734974 sendfile(5, 4, [46584], 8388608) = 0
734974 sendfile(5, 4, [0] => [391084], 8388608) = 391084
734974 sendfile(5, 4, [391084], 8388608) = 0
734974 sendfile(5, 4, [0] => [132084], 8388608) = 132084
734974 sendfile(5, 4, [132084], 8388608) = 0
734974 sendfile(5, 4, [0] => [48184], 8388608) = 48184
734974 sendfile(5, 4, [48184], 8388608) = 0
734974 sendfile(5, 4, [0] => [95110], 8388608) = 95110
734974 sendfile(5, 4, [95110], 8388608) = 0
734974 sendfile(5, 4, [0] => [1725], 8388608) = 1725
734974 sendfile(5, 4, [1725], 8388608)  = 0
734974 sendfile(5, 4, [0] => [30910], 8388608) = 30910
734974 sendfile(5, 4, [30910], 8388608) = 0
734974 sendfile(5, 4, [0] => [418219], 8388608) = 418219
734974 sendfile(5, 4, [418219], 8388608) = 0
734974 sendfile(5, 4, [0] => [772870], 8388608) = 772870
734974 sendfile(5, 4, [772870], 8388608) = 0
734974 sendfile(5, 4, [0] => [218794], 8388608) = 218794
734974 sendfile(5, 4, [218794], 8388608) = 0
734974 sendfile(5, 4, [0] => [219162], 8388608) = 219162
734974 sendfile(5, 4, [219162], 8388608) = 0
734974 sendfile(5, 4, [0] => [127800], 8388608) = 127800
734974 sendfile(5, 4, [127800], 8388608) = 0
734974 sendfile(5, 4, [0] => [282705], 8388608) = 282705
734974 sendfile(5, 4, [282705], 8388608) = 0
734974 sendfile(5, 4, [0] => [210420], 8388608) = 210420
734974 sendfile(5, 4, [210420], 8388608) = 0
734974 sendfile(5, 4, [0] => [75292], 8388608) = 75292
734974 sendfile(5, 4, [75292], 8388608) = 0
734974 sendfile(5, 4, [0] => [127847], 8388608) = 127847
734974 sendfile(5, 4, [127847], 8388608) = 0
734974 sendfile(5, 4, [0] => [281030], 8388608) = 281030
734974 sendfile(5, 4, [281030], 8388608) = 0
734974 sendfile(5, 4, [0] => [211306], 8388608) = 211306
734974 sendfile(5, 4, [211306], 8388608) = 0
734974 sendfile(5, 4, [0] => [74829], 8388608) = 74829
734974 sendfile(5, 4, [74829], 8388608) = 0
734974 sendfile(5, 4, [0] => [171668], 8388608) = 171668
734974 sendfile(5, 4, [171668], 8388608) = 0
734974 sendfile(5, 4, [0] => [75505], 8388608) = 75505
734974 sendfile(5, 4, [75505], 8388608) = 0
734974 sendfile(5, 4, [0] => [275459], 8388608) = 275459
734974 sendfile(5, 4, [275459], 8388608) = 0
734974 sendfile(5, 4, [0] => [931015], 8388608) = 931015
734974 sendfile(5, 4, [931015], 8388608) = 0
734974 sendfile(5, 4, [0] => [457], 8388608) = 457
734974 sendfile(5, 4, [457], 8388608)   = 0
734974 sendfile(5, 4, [0] => [4784], 8388608) = 4784
734974 sendfile(5, 4, [4784], 8388608)  = 0
734974 sendfile(5, 4, [0] => [1425], 8388608) = 1425
734974 sendfile(5, 4, [1425], 8388608)  = 0
734974 sendfile(5, 4, [0] => [75055], 8388608) = 75055
734974 sendfile(5, 4, [75055], 8388608) = 0
734974 sendfile(5, 4, [0] => [9727], 8388608) = 9727
734974 sendfile(5, 4, [9727], 8388608)  = 0
734974 sendfile(5, 4, [0] => [689], 8388608) = 689
734974 sendfile(5, 4, [689], 8388608)   = 0
734974 sendfile(5, 4, [0] => [3046], 8388608) = 3046
734974 sendfile(5, 4, [3046], 8388608)  = 0
734974 sendfile(5, 4, [0] => [960], 8388608) = 960
734974 sendfile(5, 4, [960], 8388608)   = 0
734974 sendfile(5, 4, [0] => [50], 8388608) = 50
734974 sendfile(5, 4, [50], 8388608)    = 0
734974 sendfile(5, 4, [0] => [5933], 8388608) = 5933
734974 sendfile(5, 4, [5933], 8388608)  = 0
734974 sendfile(5, 4, [0] => [2759], 8388608) = 2759
734974 sendfile(5, 4, [2759], 8388608)  = 0
734974 sendfile(5, 4, [0] => [142], 8388608) = 142
734974 sendfile(5, 4, [142], 8388608)   = 0
734974 sendfile(5, 4, [0] => [122], 8388608) = 122
734974 sendfile(5, 4, [122], 8388608)   = 0
734974 sendfile(5, 4, [0] => [25], 8388608) = 25
734974 sendfile(5, 4, [25], 8388608)    = 0
734974 sendfile(5, 4, [0] => [2002], 8388608) = 2002
734974 sendfile(5, 4, [2002], 8388608)  = 0
734974 sendfile(5, 4, [0] => [83589], 8388608) = 83589
734974 sendfile(5, 4, [83589], 8388608) = 0
734974 sendfile(5, 4, [0] => [533], 8388608) = 533
734974 sendfile(5, 4, [533], 8388608)   = 0
734974 sendfile(5, 4, [0] => [20457], 8388608) = 20457
734974 sendfile(5, 4, [20457], 8388608) = 0
734974 sendfile(5, 4, [0] => [24911], 8388608) = 24911
734974 sendfile(5, 4, [24911], 8388608) = 0
734974 sendfile(5, 4, [0] => [446], 8388608) = 446
734974 sendfile(5, 4, [446], 8388608)   = 0
734974 sendfile(5, 4, [0] => [11351], 8388608) = 11351
734974 sendfile(5, 4, [11351], 8388608) = 0
734974 sendfile(5, 4, [0] => [3479], 8388608) = 3479
734974 sendfile(5, 4, [3479], 8388608)  = 0
734974 sendfile(5, 4, [0] => [5495], 8388608) = 5495
734974 sendfile(5, 4, [5495], 8388608)  = 0
734974 sendfile(5, 4, [0] => [80884], 8388608) = 80884
734974 sendfile(5, 4, [80884], 8388608) = 0
734974 sendfile(5, 4, [0] => [927984], 8388608) = 927984
734974 sendfile(5, 4, [927984], 8388608) = 0
734974 sendfile(5, 4, [0] => [278284], 8388608) = 278284
734974 sendfile(5, 4, [278284], 8388608) = 0
734974 sendfile(5, 4, [0] => [79584], 8388608) = 79584
734974 sendfile(5, 4, [79584], 8388608) = 0
734974 sendfile(5, 4, [0] => [287484], 8388608) = 287484
734974 sendfile(5, 4, [287484], 8388608) = 0
734974 sendfile(5, 4, [0] => [131484], 8388608) = 131484
734974 sendfile(5, 4, [131484], 8388608) = 0
734974 sendfile(5, 4, [0] => [222584], 8388608) = 222584
734974 sendfile(5, 4, [222584], 8388608) = 0
734974 sendfile(5, 4, [0] => [215484], 8388608) = 215484
734974 sendfile(5, 4, [215484], 8388608) = 0
734974 sendfile(5, 4, [0] => [177684], 8388608) = 177684
734974 sendfile(5, 4, [177684], 8388608) = 0
734974 sendfile(5, 4, [0] => [80284], 8388608) = 80284
734974 sendfile(5, 4, [80284], 8388608) = 0
734974 sendfile(5, 4, [0] => [287284], 8388608) = 287284
734974 sendfile(5, 4, [287284], 8388608) = 0
734974 sendfile(5, 4, [0] => [131484], 8388608) = 131484
734974 sendfile(5, 4, [131484], 8388608) = 0
734974 sendfile(5, 4, [0] => [222584], 8388608) = 222584
734974 sendfile(5, 4, [222584], 8388608) = 0
734974 sendfile(5, 4, [0] => [215484], 8388608) = 215484
734974 sendfile(5, 4, [215484], 8388608) = 0
734974 sendfile(5, 4, [0] => [779084], 8388608) = 779084
734974 sendfile(5, 4, [779084], 8388608) = 0
734974 sendfile(5, 4, [0] => [754], 8388608) = 754
734974 sendfile(5, 4, [754], 8388608)   = 0
734974 sendfile(5, 4, [0] => [12619], 8388608) = 12619
734974 sendfile(5, 4, [12619], 8388608) = 0
734974 sendfile(5, 4, [0] => [11610], 8388608) = 11610
734974 sendfile(5, 4, [11610], 8388608) = 0
734974 sendfile(5, 4, [0] => [1901], 8388608) = 1901
734974 sendfile(5, 4, [1901], 8388608)  = 0
734974 sendfile(5, 4, [0] => [1892], 8388608) = 1892
734974 sendfile(5, 4, [1892], 8388608)  = 0
734974 sendfile(5, 4, [0] => [82926], 8388608) = 82926
734974 sendfile(5, 4, [82926], 8388608) = 0
734974 sendfile(5, 4, [0] => [1901], 8388608) = 1901
734974 sendfile(5, 4, [1901], 8388608)  = 0
741220 +++ exited with 0 +++
741219 +++ exited with 0 +++
734974 --- SIGCHLD {si_signo=SIGCHLD, si_code=CLD_EXITED, si_pid=741219, si_uid=1000, si_status=0, si_utime=1, si_stime=0} ---
741329 +++ exited with 0 +++
741325 +++ exited with 0 +++
741324 +++ exited with 0 +++
741323 +++ exited with 0 +++
741314 +++ exited with 0 +++
741313 +++ exited with 0 +++
741310 +++ exited with 0 +++
741309 +++ exited with 0 +++
741231 +++ exited with 0 +++
741230 +++ exited with 0 +++
741227 +++ exited with 0 +++
741221 +++ exited with 0 +++
734974 --- SIGCHLD {si_signo=SIGCHLD, si_code=CLD_EXITED, si_pid=741221, si_uid=1000, si_status=0, si_utime=32, si_stime=11} ---
741349 +++ exited with 0 +++
741395 +++ exited with 0 +++
741397 +++ exited with 0 +++
741398 +++ exited with 0 +++
741350 +++ exited with 0 +++
741396 +++ exited with 0 +++
741346 +++ exited with 0 +++
741341 +++ exited with 0 +++
734974 --- SIGCHLD {si_signo=SIGCHLD, si_code=CLD_EXITED, si_pid=741341, si_uid=1000, si_status=0, si_utime=56, si_stime=11} ---
734974 sendfile(5, 4, [0] => [418219], 8388608) = 418219
734974 sendfile(5, 4, [418219], 8388608) = 0
734974 sendfile(5, 4, [0] => [772870], 8388608) = 772870
734974 sendfile(5, 4, [772870], 8388608) = 0
734974 sendfile(5, 4, [0] => [218794], 8388608) = 218794
734974 sendfile(5, 4, [218794], 8388608) = 0
734974 sendfile(5, 4, [0] => [219162], 8388608) = 219162
734974 sendfile(5, 4, [219162], 8388608) = 0
734974 sendfile(5, 4, [0] => [127800], 8388608) = 127800
734974 sendfile(5, 4, [127800], 8388608) = 0
734974 sendfile(5, 4, [0] => [282705], 8388608) = 282705
734974 sendfile(5, 4, [282705], 8388608) = 0
734974 sendfile(5, 4, [0] => [210420], 8388608) = 210420
734974 sendfile(5, 4, [210420], 8388608) = 0
734974 sendfile(5, 4, [0] => [75292], 8388608) = 75292
734974 sendfile(5, 4, [75292], 8388608) = 0
734974 sendfile(5, 4, [0] => [127847], 8388608) = 127847
734974 sendfile(5, 4, [127847], 8388608) = 0
734974 sendfile(5, 4, [0] => [281030], 8388608) = 281030
734974 sendfile(5, 4, [281030], 8388608) = 0
734974 sendfile(5, 4, [0] => [211306], 8388608) = 211306
734974 sendfile(5, 4, [211306], 8388608) = 0
734974 sendfile(5, 4, [0] => [74829], 8388608) = 74829
734974 sendfile(5, 4, [74829], 8388608) = 0
734974 sendfile(5, 4, [0] => [171668], 8388608) = 171668
734974 sendfile(5, 4, [171668], 8388608) = 0
734974 sendfile(5, 4, [0] => [75505], 8388608) = 75505
734974 sendfile(5, 4, [75505], 8388608) = 0
734974 sendfile(5, 4, [0] => [275459], 8388608) = 275459
734974 sendfile(5, 4, [275459], 8388608) = 0
734974 sendfile(5, 4, [0] => [931015], 8388608) = 931015
734974 sendfile(5, 4, [931015], 8388608) = 0
734974 sendfile(5, 4, [0] => [140484], 8388608) = 140484
734974 sendfile(5, 4, [140484], 8388608) = 0
734974 sendfile(5, 4, [0] => [52484], 8388608) = 52484
734974 sendfile(5, 4, [52484], 8388608) = 0
734974 sendfile(5, 4, [0] => [6859691], 8388608) = 6859691
734974 sendfile(5, 4, [6859691], 8388608) = 0
734974 sendfile(5, 4, [0] => [3513], 8388608) = 3513
734974 sendfile(5, 4, [3513], 8388608)  = 0
734974 sendfile(5, 4, [0] => [604649], 8388608) = 604649
734974 sendfile(5, 4, [604649], 8388608) = 0
734974 sendfile(5, 4, [0] => [59584], 8388608) = 59584
734974 sendfile(5, 4, [59584], 8388608) = 0
734974 sendfile(5, 4, [0] => [391084], 8388608) = 391084
734974 sendfile(5, 4, [391084], 8388608) = 0
734974 sendfile(5, 4, [0] => [46584], 8388608) = 46584
734974 sendfile(5, 4, [46584], 8388608) = 0
734974 sendfile(5, 4, [0] => [214184], 8388608) = 214184
734974 sendfile(5, 4, [214184], 8388608) = 0
734974 sendfile(5, 4, [0] => [74829], 8388608) = 74829
734974 sendfile(5, 4, [74829], 8388608) = 0
734974 sendfile(5, 4, [0] => [75505], 8388608) = 75505
734974 sendfile(5, 4, [75505], 8388608) = 0
734974 sendfile(5, 4, [0] => [281030], 8388608) = 281030
734974 sendfile(5, 4, [281030], 8388608) = 0
734974 sendfile(5, 4, [0] => [418219], 8388608) = 418219
734974 sendfile(5, 4, [418219], 8388608) = 0
734974 sendfile(5, 4, [0] => [117084], 8388608) = 117084
734974 sendfile(5, 4, [117084], 8388608) = 0
734974 sendfile(5, 4, [0] => [489684], 8388608) = 489684
734974 sendfile(5, 4, [489684], 8388608) = 0
734974 sendfile(5, 4, [0] => [79184], 8388608) = 79184
734974 sendfile(5, 4, [79184], 8388608) = 0
734974 sendfile(5, 4, [0] => [1177484], 8388608) = 1177484
734974 sendfile(5, 4, [1177484], 8388608) = 0
734974 sendfile(5, 4, [0] => [1354], 8388608) = 1354
734974 sendfile(5, 4, [1354], 8388608)  = 0
734974 sendfile(5, 4, [0] => [42884], 8388608) = 42884
734974 sendfile(5, 4, [42884], 8388608) = 0
734974 sendfile(5, 4, [0] => [343284], 8388608) = 343284
734974 sendfile(5, 4, [343284], 8388608) = 0
734974 sendfile(5, 4, [0] => [132084], 8388608) = 132084
734974 sendfile(5, 4, [132084], 8388608) = 0
734974 sendfile(5, 4, [0] => [142884], 8388608) = 142884
734974 sendfile(5, 4, [142884], 8388608) = 0
734974 sendfile(5, 4, [0] => [772870], 8388608) = 772870
734974 sendfile(5, 4, [772870], 8388608) = 0
734974 sendfile(5, 4, [0] => [52884], 8388608) = 52884
734974 sendfile(5, 4, [52884], 8388608) = 0
734974 sendfile(5, 4, [0] => [104884], 8388608) = 104884
734974 sendfile(5, 4, [104884], 8388608) = 0
734974 sendfile(5, 4, [0] => [193], 8388608) = 193
734974 sendfile(5, 4, [193], 8388608)   = 0
734974 sendfile(5, 4, [0] => [218794], 8388608) = 218794
734974 sendfile(5, 4, [218794], 8388608) = 0
734974 sendfile(5, 4, [0] => [81484], 8388608) = 81484
734974 sendfile(5, 4, [81484], 8388608) = 0
734974 sendfile(5, 4, [0] => [931015], 8388608) = 931015
734974 sendfile(5, 4, [931015], 8388608) = 0
734974 sendfile(5, 4, [0] => [208684], 8388608) = 208684
734974 sendfile(5, 4, [208684], 8388608) = 0
734974 sendfile(5, 4, [0] => [171668], 8388608) = 171668
734974 sendfile(5, 4, [171668], 8388608) = 0
734974 sendfile(5, 4, [0] => [11684], 8388608) = 11684
734974 sendfile(5, 4, [11684], 8388608) = 0
734974 sendfile(5, 4, [0] => [4802348], 8388608) = 4802348
734974 sendfile(5, 4, [4802348], 8388608) = 0
734974 sendfile(5, 4, [0] => [127800], 8388608) = 127800
734974 sendfile(5, 4, [127800], 8388608) = 0
734974 sendfile(5, 4, [0] => [43084], 8388608) = 43084
734974 sendfile(5, 4, [43084], 8388608) = 0
734974 sendfile(5, 4, [0] => [334584], 8388608) = 334584
734974 sendfile(5, 4, [334584], 8388608) = 0
734974 sendfile(5, 4, [0] => [282705], 8388608) = 282705
734974 sendfile(5, 4, [282705], 8388608) = 0
734974 sendfile(5, 4, [0] => [211306], 8388608) = 211306
734974 sendfile(5, 4, [211306], 8388608) = 0
734974 sendfile(5, 4, [0] => [219162], 8388608) = 219162
734974 sendfile(5, 4, [219162], 8388608) = 0
734974 sendfile(5, 4, [0] => [156784], 8388608) = 156784
734974 sendfile(5, 4, [156784], 8388608) = 0
734974 sendfile(5, 4, [0] => [127847], 8388608) = 127847
734974 sendfile(5, 4, [127847], 8388608) = 0
734974 sendfile(5, 4, [0] => [75292], 8388608) = 75292
734974 sendfile(5, 4, [75292], 8388608) = 0
734974 sendfile(5, 4, [0] => [48184], 8388608) = 48184
734974 sendfile(5, 4, [48184], 8388608) = 0
734974 sendfile(5, 4, [0] => [390084], 8388608) = 390084
734974 sendfile(5, 4, [390084], 8388608) = 0
734974 sendfile(5, 4, [0] => [275459], 8388608) = 275459
734974 sendfile(5, 4, [275459], 8388608) = 0
734974 sendfile(5, 4, [0] => [263484], 8388608) = 263484
734974 sendfile(5, 4, [263484], 8388608) = 0
734974 sendfile(5, 4, [0] => [2002], 8388608) = 2002
734974 sendfile(5, 4, [2002], 8388608)  = 0
734974 sendfile(5, 4, [0] => [119326], 8388608) = 119326
734974 sendfile(5, 4, [119326], 8388608) = 0
734974 sendfile(5, 4, [0] => [343584], 8388608) = 343584
734974 sendfile(5, 4, [343584], 8388608) = 0
734974 sendfile(5, 4, [0] => [174284], 8388608) = 174284
734974 sendfile(5, 4, [174284], 8388608) = 0
734974 sendfile(5, 4, [0] => [211284], 8388608) = 211284
734974 sendfile(5, 4, [211284], 8388608) = 0
734974 sendfile(5, 4, [0] => [12023], 8388608) = 12023
734974 sendfile(5, 4, [12023], 8388608) = 0
734974 sendfile(5, 4, [0] => [210420], 8388608) = 210420
734974 sendfile(5, 4, [210420], 8388608) = 0
734974 sendfile(5, 4, [0] => [2188], 8388608) = 2188
734974 sendfile(5, 4, [2188], 8388608)  = 0
734974 sendfile(5, 4, [0] => [6423], 8388608) = 6423
734974 sendfile(5, 4, [6423], 8388608)  = 0
734974 sendfile(5, 4, [0] => [2023], 8388608) = 2023
734974 sendfile(5, 4, [2023], 8388608)  = 0
734974 sendfile(5, 4, [0] => [5150], 8388608) = 5150
734974 sendfile(5, 4, [5150], 8388608)  = 0
734974 sendfile(5, 4, [0] => [656], 8388608) = 656
734974 sendfile(5, 4, [656], 8388608)   = 0
734974 sendfile(5, 4, [0] => [422], 8388608) = 422
734974 sendfile(5, 4, [422], 8388608)   = 0
734974 sendfile(5, 4, [0] => [422], 8388608) = 422
734974 sendfile(5, 4, [422], 8388608)   = 0
734974 sendfile(5, 4, [0] => [1731], 8388608) = 1731
734974 sendfile(5, 4, [1731], 8388608)  = 0
734974 sendfile(5, 4, [0] => [1688], 8388608) = 1688
734974 sendfile(5, 4, [1688], 8388608)  = 0
734974 sendfile(5, 4, [0] => [648], 8388608) = 648
734974 sendfile(5, 4, [648], 8388608)   = 0
734974 sendfile(5, 4, [0] => [422], 8388608) = 422
734974 sendfile(5, 4, [422], 8388608)   = 0
734974 sendfile(5, 4, [0] => [636], 8388608) = 636
734974 sendfile(5, 4, [636], 8388608)   = 0
734974 sendfile(5, 4, [0] => [636], 8388608) = 636
734974 sendfile(5, 4, [636], 8388608)   = 0
734974 sendfile(5, 4, [0] => [619], 8388608) = 619
734974 sendfile(5, 4, [619], 8388608)   = 0
734974 sendfile(5, 4, [0] => [422], 8388608) = 422
734974 sendfile(5, 4, [422], 8388608)   = 0
734974 sendfile(5, 4, [0] => [647], 8388608) = 647
734974 sendfile(5, 4, [647], 8388608)   = 0
734974 sendfile(5, 4, [0] => [629], 8388608) = 629
734974 sendfile(5, 4, [629], 8388608)   = 0
734974 sendfile(5, 4, [0] => [630], 8388608) = 630
734974 sendfile(5, 4, [630], 8388608)   = 0
734974 sendfile(5, 4, [0] => [623], 8388608) = 623
734974 sendfile(5, 4, [623], 8388608)   = 0
734974 sendfile(5, 4, [0] => [1743], 8388608) = 1743
734974 sendfile(5, 4, [1743], 8388608)  = 0
734974 sendfile(5, 4, [0] => [630], 8388608) = 630
734974 sendfile(5, 4, [630], 8388608)   = 0
734974 sendfile(5, 4, [0] => [623], 8388608) = 623
734974 sendfile(5, 4, [623], 8388608)   = 0
734974 sendfile(5, 4, [0] => [1828], 8388608) = 1828
734974 sendfile(5, 4, [1828], 8388608)  = 0
734974 sendfile(5, 4, [0] => [627], 8388608) = 627
734974 sendfile(5, 4, [627], 8388608)   = 0
734974 sendfile(5, 4, [0] => [629], 8388608) = 629
734974 sendfile(5, 4, [629], 8388608)   = 0
734974 sendfile(5, 4, [0] => [2074], 8388608) = 2074
734974 sendfile(5, 4, [2074], 8388608)  = 0
734974 sendfile(5, 4, [0] => [1734], 8388608) = 1734
734974 sendfile(5, 4, [1734], 8388608)  = 0
734974 sendfile(5, 4, [0] => [422], 8388608) = 422
734974 sendfile(5, 4, [422], 8388608)   = 0
734974 sendfile(5, 4, [0] => [638], 8388608) = 638
734974 sendfile(5, 4, [638], 8388608)   = 0
734974 sendfile(5, 4, [0] => [1753], 8388608) = 1753
734974 sendfile(5, 4, [1753], 8388608)  = 0
734974 sendfile(5, 4, [0] => [1755], 8388608) = 1755
734974 sendfile(5, 4, [1755], 8388608)  = 0
734974 sendfile(5, 4, [0] => [636], 8388608) = 636
734974 sendfile(5, 4, [636], 8388608)   = 0
734974 sendfile(5, 4, [0] => [624], 8388608) = 624
734974 sendfile(5, 4, [624], 8388608)   = 0
734974 sendfile(5, 4, [0] => [422], 8388608) = 422
734974 sendfile(5, 4, [422], 8388608)   = 0
734974 sendfile(5, 4, [0] => [614], 8388608) = 614
734974 sendfile(5, 4, [614], 8388608)   = 0
734974 sendfile(5, 4, [0] => [1742], 8388608) = 1742
734974 sendfile(5, 4, [1742], 8388608)  = 0
734974 sendfile(5, 4, [0] => [422], 8388608) = 422
734974 sendfile(5, 4, [422], 8388608)   = 0
734974 sendfile(5, 4, [0] => [624], 8388608) = 624
734974 sendfile(5, 4, [624], 8388608)   = 0
734974 sendfile(5, 4, [0] => [1701], 8388608) = 1701
734974 sendfile(5, 4, [1701], 8388608)  = 0
734974 sendfile(5, 4, [0] => [422], 8388608) = 422
734974 sendfile(5, 4, [422], 8388608)   = 0
734974 sendfile(5, 4, [0] => [624], 8388608) = 624
734974 sendfile(5, 4, [624], 8388608)   = 0
734974 sendfile(5, 4, [0] => [422], 8388608) = 422
734974 sendfile(5, 4, [422], 8388608)   = 0
734974 sendfile(5, 4, [0] => [637], 8388608) = 637
734974 sendfile(5, 4, [637], 8388608)   = 0
734974 sendfile(5, 4, [0] => [615], 8388608) = 615
734974 sendfile(5, 4, [615], 8388608)   = 0
734974 sendfile(5, 4, [0] => [422], 8388608) = 422
734974 sendfile(5, 4, [422], 8388608)   = 0
734974 sendfile(5, 4, [0] => [658], 8388608) = 658
734974 sendfile(5, 4, [658], 8388608)   = 0
734974 sendfile(5, 4, [0] => [2140], 8388608) = 2140
734974 sendfile(5, 4, [2140], 8388608)  = 0
734974 sendfile(5, 4, [0] => [2139], 8388608) = 2139
734974 sendfile(5, 4, [2139], 8388608)  = 0
734974 sendfile(5, 4, [0] => [422], 8388608) = 422
734974 sendfile(5, 4, [422], 8388608)   = 0
734974 sendfile(5, 4, [0] => [657], 8388608) = 657
734974 sendfile(5, 4, [657], 8388608)   = 0
734974 sendfile(5, 4, [0] => [422], 8388608) = 422
734974 sendfile(5, 4, [422], 8388608)   = 0
734974 sendfile(5, 4, [0] => [422], 8388608) = 422
734974 sendfile(5, 4, [422], 8388608)   = 0
734974 sendfile(5, 4, [0] => [628], 8388608) = 628
734974 sendfile(5, 4, [628], 8388608)   = 0
734974 sendfile(5, 4, [0] => [627], 8388608) = 627
734974 sendfile(5, 4, [627], 8388608)   = 0
734974 sendfile(5, 4, [0] => [631], 8388608) = 631
734974 sendfile(5, 4, [631], 8388608)   = 0
734974 sendfile(5, 4, [0] => [1763], 8388608) = 1763
734974 sendfile(5, 4, [1763], 8388608)  = 0
734974 sendfile(5, 4, [0] => [635], 8388608) = 635
734974 sendfile(5, 4, [635], 8388608)   = 0
734974 sendfile(5, 4, [0] => [422], 8388608) = 422
734974 sendfile(5, 4, [422], 8388608)   = 0
734974 sendfile(5, 4, [0] => [632], 8388608) = 632
734974 sendfile(5, 4, [632], 8388608)   = 0
734974 sendfile(5, 4, [0] => [2122], 8388608) = 2122
734974 sendfile(5, 4, [2122], 8388608)  = 0
734974 sendfile(5, 4, [0] => [852], 8388608) = 852
734974 sendfile(5, 4, [852], 8388608)   = 0
734974 sendfile(5, 4, [0] => [1726], 8388608) = 1726
734974 sendfile(5, 4, [1726], 8388608)  = 0
734974 sendfile(5, 4, [0] => [630], 8388608) = 630
734974 sendfile(5, 4, [630], 8388608)   = 0
734974 sendfile(5, 4, [0] => [2132], 8388608) = 2132
734974 sendfile(5, 4, [2132], 8388608)  = 0
734974 sendfile(5, 4, [0] => [422], 8388608) = 422
734974 sendfile(5, 4, [422], 8388608)   = 0
734974 sendfile(5, 4, [0] => [656], 8388608) = 656
734974 sendfile(5, 4, [656], 8388608)   = 0
734974 sendfile(5, 4, [0] => [635], 8388608) = 635
734974 sendfile(5, 4, [635], 8388608)   = 0
734974 sendfile(5, 4, [0] => [422], 8388608) = 422
734974 sendfile(5, 4, [422], 8388608)   = 0
734974 sendfile(5, 4, [0] => [653], 8388608) = 653
734974 sendfile(5, 4, [653], 8388608)   = 0
734974 sendfile(5, 4, [0] => [1723], 8388608) = 1723
734974 sendfile(5, 4, [1723], 8388608)  = 0
734974 sendfile(5, 4, [0] => [52144], 8388608) = 52144
734974 sendfile(5, 4, [52144], 8388608) = 0
734974 sendfile(5, 4, [0] => [386], 8388608) = 386
734974 sendfile(5, 4, [386], 8388608)   = 0
734974 sendfile(5, 4, [0], 8388608)     = 0
734974 sendfile(5, 4, [0] => [418219], 8388608) = 418219
734974 sendfile(5, 4, [418219], 8388608) = 0
734974 sendfile(5, 4, [0] => [193], 8388608) = 193
734974 sendfile(5, 4, [193], 8388608)   = 0
734974 sendfile(5, 4, [0] => [604649], 8388608) = 604649
734974 sendfile(5, 4, [604649], 8388608) = 0
734974 sendfile(5, 4, [0] => [343584], 8388608) = 343584
734974 sendfile(5, 4, [343584], 8388608) = 0
734974 sendfile(5, 4, [0] => [1354], 8388608) = 1354
734974 sendfile(5, 4, [1354], 8388608)  = 0
734974 sendfile(5, 4, [0] => [2002], 8388608) = 2002
734974 sendfile(5, 4, [2002], 8388608)  = 0
734974 sendfile(5, 4, [0] => [186], 8388608) = 186
734974 sendfile(5, 4, [186], 8388608)   = 0
734974 sendfile(5, 4, [0] => [4802348], 8388608) = 4802348
734974 sendfile(5, 4, [4802348], 8388608) = 0
734974 sendfile(5, 4, [0] => [6859691], 8388608) = 6859691
734974 sendfile(5, 4, [6859691], 8388608) = 0
734974 sendfile(5, 4, [0] => [12023], 8388608) = 12023
734974 sendfile(5, 4, [12023], 8388608) = 0
734974 sendfile(5, 4, [0] => [119326], 8388608) = 119326
734974 sendfile(5, 4, [119326], 8388608) = 0
734974 sendfile(5, 4, [0] => [3513], 8388608) = 3513
734974 sendfile(5, 4, [3513], 8388608)  = 0
734974 sendfile(5, 4, [0] => [11684], 8388608) = 11684
734974 sendfile(5, 4, [11684], 8388608) = 0
734974 sendfile(5, 4, [0] => [263484], 8388608) = 263484
734974 sendfile(5, 4, [263484], 8388608) = 0
734974 sendfile(5, 4, [0] => [211284], 8388608) = 211284
734974 sendfile(5, 4, [211284], 8388608) = 0
734974 sendfile(5, 4, [0] => [52884], 8388608) = 52884
734974 sendfile(5, 4, [52884], 8388608) = 0
734974 sendfile(5, 4, [0] => [43084], 8388608) = 43084
734974 sendfile(5, 4, [43084], 8388608) = 0
734974 sendfile(5, 4, [0] => [156784], 8388608) = 156784
734974 sendfile(5, 4, [156784], 8388608) = 0
734974 sendfile(5, 4, [0] => [81484], 8388608) = 81484
734974 sendfile(5, 4, [81484], 8388608) = 0
734974 sendfile(5, 4, [0] => [489684], 8388608) = 489684
734974 sendfile(5, 4, [489684], 8388608) = 0
734974 sendfile(5, 4, [0] => [104884], 8388608) = 104884
734974 sendfile(5, 4, [104884], 8388608) = 0
734974 sendfile(5, 4, [0] => [343284], 8388608) = 343284
734974 sendfile(5, 4, [343284], 8388608) = 0
734974 sendfile(5, 4, [0] => [334584], 8388608) = 334584
734974 sendfile(5, 4, [334584], 8388608) = 0
734974 sendfile(5, 4, [0] => [140484], 8388608) = 140484
734974 sendfile(5, 4, [140484], 8388608) = 0
734974 sendfile(5, 4, [0] => [174284], 8388608) = 174284
734974 sendfile(5, 4, [174284], 8388608) = 0
734974 sendfile(5, 4, [0] => [390084], 8388608) = 390084
734974 sendfile(5, 4, [390084], 8388608) = 0
734974 sendfile(5, 4, [0] => [214184], 8388608) = 214184
734974 sendfile(5, 4, [214184], 8388608) = 0
734974 sendfile(5, 4, [0] => [52484], 8388608) = 52484
734974 sendfile(5, 4, [52484], 8388608) = 0
734974 sendfile(5, 4, [0] => [1177484], 8388608) = 1177484
734974 sendfile(5, 4, [1177484], 8388608) = 0
734974 sendfile(5, 4, [0] => [79184], 8388608) = 79184
734974 sendfile(5, 4, [79184], 8388608) = 0
734974 sendfile(5, 4, [0] => [59584], 8388608) = 59584
734974 sendfile(5, 4, [59584], 8388608) = 0
734974 sendfile(5, 4, [0] => [42884], 8388608) = 42884
734974 sendfile(5, 4, [42884], 8388608) = 0
734974 sendfile(5, 4, [0] => [117084], 8388608) = 117084
734974 sendfile(5, 4, [117084], 8388608) = 0
734974 sendfile(5, 4, [0] => [142884], 8388608) = 142884
734974 sendfile(5, 4, [142884], 8388608) = 0
734974 sendfile(5, 4, [0] => [208684], 8388608) = 208684
734974 sendfile(5, 4, [208684], 8388608) = 0
734974 sendfile(5, 4, [0] => [46584], 8388608) = 46584
734974 sendfile(5, 4, [46584], 8388608) = 0
734974 sendfile(5, 4, [0] => [391084], 8388608) = 391084
734974 sendfile(5, 4, [391084], 8388608) = 0
734974 sendfile(5, 4, [0] => [132084], 8388608) = 132084
734974 sendfile(5, 4, [132084], 8388608) = 0
734974 sendfile(5, 4, [0] => [48184], 8388608) = 48184
734974 sendfile(5, 4, [48184], 8388608) = 0
734974 sendfile(5, 4, [0] => [95110], 8388608) = 95110
734974 sendfile(5, 4, [95110], 8388608) = 0
734974 sendfile(5, 4, [0] => [1725], 8388608) = 1725
734974 sendfile(5, 4, [1725], 8388608)  = 0
734974 sendfile(5, 4, [0] => [30910], 8388608) = 30910
734974 sendfile(5, 4, [30910], 8388608) = 0
734974 sendfile(5, 4, [0] => [418219], 8388608) = 418219
734974 sendfile(5, 4, [418219], 8388608) = 0
734974 sendfile(5, 4, [0] => [772870], 8388608) = 772870
734974 sendfile(5, 4, [772870], 8388608) = 0
734974 sendfile(5, 4, [0] => [218794], 8388608) = 218794
734974 sendfile(5, 4, [218794], 8388608) = 0
734974 sendfile(5, 4, [0] => [219162], 8388608) = 219162
734974 sendfile(5, 4, [219162], 8388608) = 0
734974 sendfile(5, 4, [0] => [127800], 8388608) = 127800
734974 sendfile(5, 4, [127800], 8388608) = 0
734974 sendfile(5, 4, [0] => [282705], 8388608) = 282705
734974 sendfile(5, 4, [282705], 8388608) = 0
734974 sendfile(5, 4, [0] => [210420], 8388608) = 210420
734974 sendfile(5, 4, [210420], 8388608) = 0
734974 sendfile(5, 4, [0] => [75292], 8388608) = 75292
734974 sendfile(5, 4, [75292], 8388608) = 0
734974 sendfile(5, 4, [0] => [127847], 8388608) = 127847
734974 sendfile(5, 4, [127847], 8388608) = 0
734974 sendfile(5, 4, [0] => [281030], 8388608) = 281030
734974 sendfile(5, 4, [281030], 8388608) = 0
734974 sendfile(5, 4, [0] => [211306], 8388608) = 211306
734974 sendfile(5, 4, [211306], 8388608) = 0
734974 sendfile(5, 4, [0] => [74829], 8388608) = 74829
734974 sendfile(5, 4, [74829], 8388608) = 0
734974 sendfile(5, 4, [0] => [171668], 8388608) = 171668
734974 sendfile(5, 4, [171668], 8388608) = 0
734974 sendfile(5, 4, [0] => [75505], 8388608) = 75505
734974 sendfile(5, 4, [75505], 8388608) = 0
734974 sendfile(5, 4, [0] => [275459], 8388608) = 275459
734974 sendfile(5, 4, [275459], 8388608) = 0
734974 sendfile(5, 4, [0] => [931015], 8388608) = 931015
734974 sendfile(5, 4, [931015], 8388608) = 0
734974 sendfile(5, 4, [0] => [457], 8388608) = 457
734974 sendfile(5, 4, [457], 8388608)   = 0
734974 sendfile(5, 4, [0] => [4784], 8388608) = 4784
734974 sendfile(5, 4, [4784], 8388608)  = 0
734974 sendfile(5, 4, [0] => [1425], 8388608) = 1425
734974 sendfile(5, 4, [1425], 8388608)  = 0
734974 sendfile(5, 4, [0] => [75055], 8388608) = 75055
734974 sendfile(5, 4, [75055], 8388608) = 0
734974 sendfile(5, 4, [0] => [9727], 8388608) = 9727
734974 sendfile(5, 4, [9727], 8388608)  = 0
734974 sendfile(5, 4, [0] => [689], 8388608) = 689
734974 sendfile(5, 4, [689], 8388608)   = 0
734974 sendfile(5, 4, [0] => [3046], 8388608) = 3046
734974 sendfile(5, 4, [3046], 8388608)  = 0
734974 sendfile(5, 4, [0] => [960], 8388608) = 960
734974 sendfile(5, 4, [960], 8388608)   = 0
734974 sendfile(5, 4, [0] => [50], 8388608) = 50
734974 sendfile(5, 4, [50], 8388608)    = 0
734974 sendfile(5, 4, [0] => [5933], 8388608) = 5933
734974 sendfile(5, 4, [5933], 8388608)  = 0
734974 sendfile(5, 4, [0] => [2759], 8388608) = 2759
734974 sendfile(5, 4, [2759], 8388608)  = 0
734974 sendfile(5, 4, [0] => [142], 8388608) = 142
734974 sendfile(5, 4, [142], 8388608)   = 0
734974 sendfile(5, 4, [0] => [122], 8388608) = 122
734974 sendfile(5, 4, [122], 8388608)   = 0
734974 sendfile(5, 4, [0] => [25], 8388608) = 25
734974 sendfile(5, 4, [25], 8388608)    = 0
734974 sendfile(5, 4, [0] => [2002], 8388608) = 2002
734974 sendfile(5, 4, [2002], 8388608)  = 0
734974 sendfile(5, 4, [0] => [83589], 8388608) = 83589
734974 sendfile(5, 4, [83589], 8388608) = 0
734974 sendfile(5, 4, [0] => [533], 8388608) = 533
734974 sendfile(5, 4, [533], 8388608)   = 0
734974 sendfile(5, 4, [0] => [20457], 8388608) = 20457
734974 sendfile(5, 4, [20457], 8388608) = 0
734974 sendfile(5, 4, [0] => [24911], 8388608) = 24911
734974 sendfile(5, 4, [24911], 8388608) = 0
734974 sendfile(5, 4, [0] => [446], 8388608) = 446
734974 sendfile(5, 4, [446], 8388608)   = 0
734974 sendfile(5, 4, [0] => [11351], 8388608) = 11351
734974 sendfile(5, 4, [11351], 8388608) = 0
734974 sendfile(5, 4, [0] => [3479], 8388608) = 3479
734974 sendfile(5, 4, [3479], 8388608)  = 0
734974 sendfile(5, 4, [0] => [5495], 8388608) = 5495
734974 sendfile(5, 4, [5495], 8388608)  = 0
734974 sendfile(5, 4, [0] => [80884], 8388608) = 80884
734974 sendfile(5, 4, [80884], 8388608) = 0
734974 sendfile(5, 4, [0] => [927984], 8388608) = 927984
734974 sendfile(5, 4, [927984], 8388608) = 0
734974 sendfile(5, 4, [0] => [278284], 8388608) = 278284
734974 sendfile(5, 4, [278284], 8388608) = 0
734974 sendfile(5, 4, [0] => [79584], 8388608) = 79584
734974 sendfile(5, 4, [79584], 8388608) = 0
734974 sendfile(5, 4, [0] => [287484], 8388608) = 287484
734974 sendfile(5, 4, [287484], 8388608) = 0
734974 sendfile(5, 4, [0] => [131484], 8388608) = 131484
734974 sendfile(5, 4, [131484], 8388608) = 0
734974 sendfile(5, 4, [0] => [222584], 8388608) = 222584
734974 sendfile(5, 4, [222584], 8388608) = 0
734974 sendfile(5, 4, [0] => [215484], 8388608) = 215484
734974 sendfile(5, 4, [215484], 8388608) = 0
734974 sendfile(5, 4, [0] => [177684], 8388608) = 177684
734974 sendfile(5, 4, [177684], 8388608) = 0
734974 sendfile(5, 4, [0] => [80284], 8388608) = 80284
734974 sendfile(5, 4, [80284], 8388608) = 0
734974 sendfile(5, 4, [0] => [287284], 8388608) = 287284
734974 sendfile(5, 4, [287284], 8388608) = 0
734974 sendfile(5, 4, [0] => [131484], 8388608) = 131484
734974 sendfile(5, 4, [131484], 8388608) = 0
734974 sendfile(5, 4, [0] => [222584], 8388608) = 222584
734974 sendfile(5, 4, [222584], 8388608) = 0
734974 sendfile(5, 4, [0] => [215484], 8388608) = 215484
734974 sendfile(5, 4, [215484], 8388608) = 0
734974 sendfile(5, 4, [0] => [779084], 8388608) = 779084
734974 sendfile(5, 4, [779084], 8388608) = 0
734974 sendfile(5, 4, [0] => [754], 8388608) = 754
734974 sendfile(5, 4, [754], 8388608)   = 0
734974 sendfile(5, 4, [0] => [12619], 8388608) = 12619
734974 sendfile(5, 4, [12619], 8388608) = 0
734974 sendfile(5, 4, [0] => [11610], 8388608) = 11610
734974 sendfile(5, 4, [11610], 8388608) = 0
734974 sendfile(5, 4, [0] => [1901], 8388608) = 1901
734974 sendfile(5, 4, [1901], 8388608)  = 0
734974 sendfile(5, 4, [0] => [1892], 8388608) = 1892
734974 sendfile(5, 4, [1892], 8388608)  = 0
734974 sendfile(5, 4, [0] => [82926], 8388608) = 82926
734974 sendfile(5, 4, [82926], 8388608) = 0
734974 sendfile(5, 4, [0] => [1901], 8388608) = 1901
734974 sendfile(5, 4, [1901], 8388608)  = 0
741523 +++ exited with 0 +++
741517 +++ exited with 0 +++
734974 --- SIGCHLD {si_signo=SIGCHLD, si_code=CLD_EXITED, si_pid=741517, si_uid=1000, si_status=0, si_utime=2, si_stime=0} ---
741638 +++ exited with 0 +++
741637 +++ exited with 0 +++
741625 +++ exited with 0 +++
741624 +++ exited with 0 +++
741623 +++ exited with 0 +++
741612 +++ exited with 0 +++
741611 +++ exited with 0 +++
741610 +++ exited with 0 +++
741545 +++ exited with 0 +++
741543 +++ exited with 0 +++
741531 +++ exited with 0 +++
741528 +++ exited with 0 +++
734974 --- SIGCHLD {si_signo=SIGCHLD, si_code=CLD_EXITED, si_pid=741528, si_uid=1000, si_status=0, si_utime=27, si_stime=10} ---
741642 +++ exited with 0 +++
741686 +++ exited with 0 +++
741684 +++ exited with 0 +++
741688 +++ exited with 0 +++
741685 +++ exited with 0 +++
741643 +++ exited with 0 +++
741641 +++ exited with 0 +++
741640 +++ exited with 0 +++
734974 --- SIGCHLD {si_signo=SIGCHLD, si_code=CLD_EXITED, si_pid=741640, si_uid=1000, si_status=0, si_utime=47, si_stime=12} ---
734974 sendfile(5, 4, [0] => [418219], 8388608) = 418219
734974 sendfile(5, 4, [418219], 8388608) = 0
734974 sendfile(5, 4, [0] => [772870], 8388608) = 772870
734974 sendfile(5, 4, [772870], 8388608) = 0
734974 sendfile(5, 4, [0] => [218794], 8388608) = 218794
734974 sendfile(5, 4, [218794], 8388608) = 0
734974 sendfile(5, 4, [0] => [219162], 8388608) = 219162
734974 sendfile(5, 4, [219162], 8388608) = 0
734974 sendfile(5, 4, [0] => [127800], 8388608) = 127800
734974 sendfile(5, 4, [127800], 8388608) = 0
734974 sendfile(5, 4, [0] => [282705], 8388608) = 282705
734974 sendfile(5, 4, [282705], 8388608) = 0
734974 sendfile(5, 4, [0] => [210420], 8388608) = 210420
734974 sendfile(5, 4, [210420], 8388608) = 0
734974 sendfile(5, 4, [0] => [75292], 8388608) = 75292
734974 sendfile(5, 4, [75292], 8388608) = 0
734974 sendfile(5, 4, [0] => [127847], 8388608) = 127847
734974 sendfile(5, 4, [127847], 8388608) = 0
734974 sendfile(5, 4, [0] => [281030], 8388608) = 281030
734974 sendfile(5, 4, [281030], 8388608) = 0
734974 sendfile(5, 4, [0] => [211306], 8388608) = 211306
734974 sendfile(5, 4, [211306], 8388608) = 0
734974 sendfile(5, 4, [0] => [74829], 8388608) = 74829
734974 sendfile(5, 4, [74829], 8388608) = 0
734974 sendfile(5, 4, [0] => [171668], 8388608) = 171668
734974 sendfile(5, 4, [171668], 8388608) = 0
734974 sendfile(5, 4, [0] => [75505], 8388608) = 75505
734974 sendfile(5, 4, [75505], 8388608) = 0
734974 sendfile(5, 4, [0] => [275459], 8388608) = 275459
734974 sendfile(5, 4, [275459], 8388608) = 0
734974 sendfile(5, 4, [0] => [931015], 8388608) = 931015
734974 sendfile(5, 4, [931015], 8388608) = 0
741769 +++ exited with 0 +++
741765 +++ exited with 0 +++
734974 --- SIGCHLD {si_signo=SIGCHLD, si_code=CLD_EXITED, si_pid=741765, si_uid=1000, si_status=0, si_utime=2, si_stime=0} ---
741858 +++ exited with 0 +++
741857 +++ exited with 0 +++
741856 +++ exited with 0 +++
741855 +++ exited with 0 +++
741839 +++ exited with 0 +++
741838 +++ exited with 0 +++
741837 +++ exited with 0 +++
741788 +++ exited with 0 +++
741787 +++ exited with 0 +++
741780 +++ exited with 0 +++
741777 +++ exited with 0 +++
734974 --- SIGCHLD {si_signo=SIGCHLD, si_code=CLD_EXITED, si_pid=741777, si_uid=1000, si_status=0, si_utime=34, si_stime=13} ---
741868 +++ exited with 0 +++
741896 +++ exited with 0 +++
741895 +++ exited with 0 +++
741897 +++ exited with 0 +++
741869 +++ exited with 0 +++
741894 +++ exited with 0 +++
741866 +++ exited with 0 +++
741865 +++ exited with 0 +++
734974 --- SIGCHLD {si_signo=SIGCHLD, si_code=CLD_EXITED, si_pid=741865, si_uid=1000, si_status=0, si_utime=46, si_stime=9} ---
734974 sendfile(5, 4, [0] => [418219], 8388608) = 418219
734974 sendfile(5, 4, [418219], 8388608) = 0
734974 sendfile(5, 4, [0] => [772870], 8388608) = 772870
734974 sendfile(5, 4, [772870], 8388608) = 0
734974 sendfile(5, 4, [0] => [218794], 8388608) = 218794
734974 sendfile(5, 4, [218794], 8388608) = 0
734974 sendfile(5, 4, [0] => [219162], 8388608) = 219162
734974 sendfile(5, 4, [219162], 8388608) = 0
734974 sendfile(5, 4, [0] => [127800], 8388608) = 127800
734974 sendfile(5, 4, [127800], 8388608) = 0
734974 sendfile(5, 4, [0] => [282705], 8388608) = 282705
734974 sendfile(5, 4, [282705], 8388608) = 0
734974 sendfile(5, 4, [0] => [210420], 8388608) = 210420
734974 sendfile(5, 4, [210420], 8388608) = 0
734974 sendfile(5, 4, [0] => [75292], 8388608) = 75292
734974 sendfile(5, 4, [75292], 8388608) = 0
734974 sendfile(5, 4, [0] => [127847], 8388608) = 127847
734974 sendfile(5, 4, [127847], 8388608) = 0
734974 sendfile(5, 4, [0] => [281030], 8388608) = 281030
734974 sendfile(5, 4, [281030], 8388608) = 0
734974 sendfile(5, 4, [0] => [211306], 8388608) = 211306
734974 sendfile(5, 4, [211306], 8388608) = 0
734974 sendfile(5, 4, [0] => [74829], 8388608) = 74829
734974 sendfile(5, 4, [74829], 8388608) = 0
734974 sendfile(5, 4, [0] => [171668], 8388608) = 171668
734974 sendfile(5, 4, [171668], 8388608) = 0
734974 sendfile(5, 4, [0] => [75505], 8388608) = 75505
734974 sendfile(5, 4, [75505], 8388608) = 0
734974 sendfile(5, 4, [0] => [275459], 8388608) = 275459
734974 sendfile(5, 4, [275459], 8388608) = 0
734974 sendfile(5, 4, [0] => [931015], 8388608) = 931015
734974 sendfile(5, 4, [931015], 8388608) = 0
734974 +++ exited with 0 +++
